season,week,celebrity_name,partner,celebrity_industry,industry_category,home_state,home_country,age,age_group,judge_total,judge_mean,judge_count,p_survive_next,vote_share_hat,total_votes_hat,votes_hat,placement,elimination_week,judge_pctile,momentum
1,1,Joey McIntyre,Ashly DelGrosso,Singer/Rapper,Entertainment,Massachusetts,United States,32,26-35,20.0,6.666666666666667,3,0.9999991637370497,0.17705999469816194,800000.0,141647.99575852955,3,,0.6,1.0
1,1,John O'Hurley,Charlotte Jorgensen,Actor/Actress,Entertainment,Maine,United States,50,46-55,20.0,6.666666666666667,3,0.9999991637370497,0.17705999248014395,800000.0,141647.99398411516,2,,0.6,1.0
1,1,Rachel Hunter,Jonathan Roberts,Model,Model,Unknown,New Zealand,35,26-35,20.0,6.666666666666667,3,0.9999991637370497,0.17705999220132007,800000.0,141647.99376105604,4,4.0,0.6,1.0
1,1,Trista Sutter,Louis van Amstel,TV Personality,Media,Indiana,United States,32,26-35,18.0,6.0,3,0.99999916330391,0.16547754197017248,800000.0,132382.03357613797,6,2.0,0.2,1.0
1,1,Evander Holyfield,Edyta Sliwinska,Athlete,Sports,Alabama,United States,42,36-45,18.0,6.0,3,0.9999991637370497,0.16547754140212967,800000.0,132382.03312170375,5,3.0,0.2,1.0
1,1,Kelly Monaco,Alec Mazo,Actor/Actress,Entertainment,Pennsylvania,United States,29,26-35,13.0,4.333333333333333,3,0.9999991669692279,0.1378649372480718,800000.0,110291.94979845744,1,,0.0,1.0
1,2,Joey McIntyre,Ashly DelGrosso,Singer/Rapper,Entertainment,Massachusetts,United States,32,26-35,21.0,7.0,3,0.9999990193294004,0.21725099182561072,919999.9760000048,199870.9072655391,3,,0.6,1.0
1,2,Rachel Hunter,Jonathan Roberts,Model,Model,Unknown,New Zealand,35,26-35,24.0,8.0,3,0.9999991637370497,0.1900946189789249,919999.9760000048,174887.04489834097,4,4.0,0.8,4.0
1,2,John O'Hurley,Charlotte Jorgensen,Actor/Actress,Entertainment,Maine,United States,50,46-55,26.0,8.666666666666666,3,0.9999991637370497,0.1754719565429562,919999.9760000048,161434.1958081936,2,,1.0,6.0
1,2,Evander Holyfield,Edyta Sliwinska,Athlete,Sports,Alabama,United States,42,36-45,14.0,4.666666666666667,3,0.9999991633488149,0.16293823998972634,919999.9760000048,149903.17688003124,5,3.0,0.0,-4.0
1,2,Kelly Monaco,Alec Mazo,Actor/Actress,Entertainment,Pennsylvania,United States,29,26-35,17.0,5.666666666666667,3,0.9999991637370497,0.1341844346241161,919999.9760000048,123449.67663376103,1,,0.2,4.0
1,2,Trista Sutter,Louis van Amstel,TV Personality,Media,Indiana,United States,32,26-35,19.0,6.333333333333333,3,5.081075519401064e-06,0.12005975803866581,919999.9760000048,110454.97451413893,6,2.0,0.4,1.0
1,3,John O'Hurley,Charlotte Jorgensen,Actor/Actress,Entertainment,Maine,United States,50,46-55,24.0,8.0,3,0.9999990282700219,0.25233173906072554,1039999.9520000096,262424.9965112335,2,,0.75,2.0
1,3,Rachel Hunter,Jonathan Roberts,Model,Model,Unknown,New Zealand,35,26-35,26.0,8.666666666666666,3,0.9999991663956861,0.23292160603336715,1039999.9520000096,242238.459094467,4,4.0,1.0,3.0
1,3,Evander Holyfield,Edyta Sliwinska,Athlete,Sports,Alabama,United States,42,36-45,13.0,4.333333333333333,3,4.861731787735564e-06,0.23292159707484456,1039999.9520000096,242238.4497776039,5,3.0,0.0,-2.5
1,3,Kelly Monaco,Alec Mazo,Actor/Actress,Entertainment,Pennsylvania,United States,29,26-35,21.0,7.0,3,0.9999991637370497,0.14418956431928626,1039999.9520000096,149957.13997096,1,,0.25,4.0
1,3,Joey McIntyre,Ashly DelGrosso,Singer/Rapper,Entertainment,Massachusetts,United States,32,26-35,22.0,7.333333333333333,3,0.9999990193294004,0.13763549351177648,1039999.9520000096,143140.90664574518,3,,0.5,1.0
1,4,Rachel Hunter,Jonathan Roberts,Model,Model,Unknown,New Zealand,35,26-35,25.0,8.333333333333334,3,8.936924149481445e-06,0.37023224412996514,1159999.9280000143,429469.3765340433,4,4.0,0.6666666666666666,0.5
1,4,Joey McIntyre,Ashly DelGrosso,Singer/Rapper,Entertainment,Massachusetts,United States,32,26-35,20.0,6.666666666666667,3,0.9999985117487804,0.23139515026727678,1159999.9280000143,268418.35764959356,3,,0.0,-0.5
1,4,John O'Hurley,Charlotte Jorgensen,Actor/Actress,Entertainment,Maine,United States,50,46-55,21.0,7.0,3,0.9999991659604541,0.2203763341125882,1159999.9280000143,255636.5317035094,2,,0.3333333333333333,-2.5
1,4,Kelly Monaco,Alec Mazo,Actor/Actress,Entertainment,Pennsylvania,United States,29,26-35,26.0,8.666666666666666,3,0.9999989504922587,0.1779962714901698,1159999.9280000143,206475.66211286795,1,,1.0,4.5
1,5,John O'Hurley,Charlotte Jorgensen,Actor/Actress,Entertainment,Maine,United States,50,46-55,27.0,9.0,3,0.9999989554114297,0.3615414624042781,1279999.9040000192,462773.0371695025,2,,1.0,1.5
1,5,Kelly Monaco,Alec Mazo,Actor/Actress,Entertainment,Pennsylvania,United States,29,26-35,23.5,7.833333333333333,3,0.9999987766632521,0.32445590893248927,1279999.9040000192,415303.53228582523,1,,0.5,1.25
1,5,Joey McIntyre,Ashly DelGrosso,Singer/Rapper,Entertainment,Massachusetts,United States,32,26-35,22.5,7.5,3,0.9999989554114297,0.3140026286632326,1279999.9040000192,401923.3345446914,3,,0.0,0.25
1,6,Kelly Monaco,Alec Mazo,Actor/Actress,Entertainment,Pennsylvania,United States,29,26-35,27.5,9.166666666666666,3,0.9999989586113522,0.5038226113288508,1399999.880000024,705351.5954016899,1,,1.0,0.75
1,6,John O'Hurley,Charlotte Jorgensen,Actor/Actress,Entertainment,Maine,United States,50,46-55,27.0,9.0,3,0.9999989665093173,0.4961773886711492,1399999.880000024,694648.2845983342,2,,0.0,3.0
2,1,Master P,Ashly DelGrosso,Singer/Rapper,Entertainment,Louisiana,United States,35,26-35,12.0,4.0,3,0.9999991669692279,0.1542808917128581,800000.0,123424.71337028648,7,4.0,0.0,1.0
2,1,Kenny Mayne,Andrea Hale,Sports Broadcaster,Media,Washington,United States,46,46-55,13.0,4.333333333333333,3,4.861731787735564e-06,0.14241313172477363,800000.0,113930.5053798189,10,1.0,0.1111111111111111,1.0
2,1,George Hamilton,Edyta Sliwinska,Actor/Actress,Entertainment,Tennessee,United States,66,>55,18.0,6.0,3,0.9999991637370497,0.10285393066562545,800000.0,82283.14453250036,5,6.0,0.2222222222222222,1.0
2,1,Lisa Rinna,Louis van Amstel,Actor/Actress,Entertainment,California,United States,42,36-45,19.0,6.333333333333333,3,0.9999991637370497,0.09744056617866434,800000.0,77952.45294293147,4,7.0,0.3333333333333333,1.0
2,1,Tia Carrere,Maksim Chmerkoskiy,Actor/Actress,Entertainment,Hawaii,United States,39,36-45,20.0,6.666666666666667,3,0.9999991637370497,0.09256853811333253,800000.0,74054.83049066602,6,5.0,0.4444444444444444,1.0
2,1,Jerry Rice,Anna Trebunskaya,Athlete,Sports,Mississippi,United States,43,36-45,21.0,7.0,3,0.9999991637370497,0.08816051269879409,800000.0,70528.41015903527,2,,0.5555555555555556,1.0
2,1,Stacy Keibler,Tony Dovolani,Athlete,Sports,Maryland,United States,26,26-35,22.0,7.333333333333333,3,0.9999991637370497,0.08415321684918053,800000.0,67322.57347934443,3,,0.6666666666666666,1.0
2,1,Giselle Fernandez,Jonathan Roberts,News Anchor,Media,Unknown,Mexico,44,36-45,23.0,7.666666666666667,3,0.99999916330391,0.08049438149307858,800000.0,64395.505194462865,8,3.0,0.7777777777777778,1.0
2,1,Tatum O'Neal,Nick Kosovich,Actor/Actress,Entertainment,California,United States,42,36-45,23.0,7.666666666666667,3,0.9999991637370497,0.08049438149307858,800000.0,64395.505194462865,9,2.0,0.7777777777777778,1.0
2,1,Drew Lachey,Cheryl Burke,Singer/Rapper,Entertainment,Ohio,United States,29,26-35,24.0,8.0,3,0.9999991637370497,0.07714044907061415,800000.0,61712.35925649132,1,,1.0,1.0
2,2,Tatum O'Neal,Nick Kosovich,Actor/Actress,Entertainment,California,United States,42,36-45,17.0,5.666666666666667,3,4.861731787735564e-06,0.17305106043134927,885714.2734693895,153273.79426305994,9,2.0,0.125,-6.0
2,2,Tia Carrere,Maksim Chmerkoskiy,Actor/Actress,Entertainment,Hawaii,United States,39,36-45,22.0,7.333333333333333,3,0.9999991637370497,0.13372127575739648,885714.2734693895,118438.84260486231,6,5.0,0.375,2.0
2,2,Jerry Rice,Anna Trebunskaya,Athlete,Sports,Mississippi,United States,43,36-45,23.0,7.666666666666667,3,0.9999991637370497,0.12790730749898654,885714.2734693895,113289.32793289066,2,,0.625,2.0
2,2,Giselle Fernandez,Jonathan Roberts,News Anchor,Media,Unknown,Mexico,44,36-45,24.0,8.0,3,0.9999989648714463,0.12257783657525673,885714.2734693895,108568.93946570308,8,3.0,0.75,1.0
2,2,Drew Lachey,Cheryl Burke,Singer/Rapper,Entertainment,Ohio,United States,29,26-35,27.0,9.0,3,0.9999991637370497,0.1089580774602193,885714.2734693895,96505.72441629959,1,,0.875,3.0
2,2,Stacy Keibler,Tony Dovolani,Athlete,Sports,Maryland,United States,26,26-35,29.0,9.666666666666666,3,0.9999991637370497,0.1014437275496645,885714.2734693895,89850.1574446778,3,,1.0,7.0
2,2,Master P,Ashly DelGrosso,Singer/Rapper,Entertainment,Louisiana,United States,35,26-35,16.0,5.333333333333333,3,0.9999991669692279,0.09193337551616397,885714.2734693895,81426.70290288773,7,4.0,0.0,4.0
2,2,Lisa Rinna,Louis van Amstel,Actor/Actress,Entertainment,California,United States,42,36-45,20.0,6.666666666666667,3,0.9999990193294004,0.07354670133226489,885714.2734693895,65141.36313657718,4,7.0,0.25,1.0
2,2,George Hamilton,Edyta Sliwinska,Actor/Actress,Entertainment,Tennessee,United States,66,>55,22.0,7.333333333333333,3,0.9999991637370497,0.06686063787869824,885714.2734693895,59219.421302431154,5,6.0,0.375,4.0
2,3,Jerry Rice,Anna Trebunskaya,Athlete,Sports,Mississippi,United States,43,36-45,19.0,6.333333333333333,3,0.9999990282700219,0.1688042680077504,971428.546938779,163981.28478783317,2,,0.14285714285714285,-1.0
2,3,George Hamilton,Edyta Sliwinska,Actor/Actress,Entertainment,Tennessee,United States,66,>55,22.0,7.333333333333333,3,0.9999991637370497,0.14578550523481912,971428.546938779,141620.2015149961,5,6.0,0.2857142857142857,2.0
2,3,Giselle Fernandez,Jonathan Roberts,News Anchor,Media,Unknown,Mexico,44,36-45,22.0,7.333333333333333,3,5.081075519401064e-06,0.14578550523481912,971428.546938779,141620.2015149961,8,3.0,0.2857142857142857,-0.5
2,3,Tia Carrere,Maksim Chmerkoskiy,Actor/Actress,Entertainment,Hawaii,United States,39,36-45,26.0,8.666666666666666,3,0.9999991663956861,0.12335696683055997,971428.546938779,119832.47904298601,6,5.0,0.7142857142857143,3.0
2,3,Drew Lachey,Cheryl Burke,Singer/Rapper,Entertainment,Ohio,United States,29,26-35,27.0,9.0,3,0.9999991663956861,0.1187881904504939,971428.546938779,115394.23924281022,1,,0.8571428571428571,1.5
2,3,Stacy Keibler,Tony Dovolani,Athlete,Sports,Maryland,United States,26,26-35,27.0,9.0,3,0.9999990282700219,0.1187881904504939,971428.546938779,115394.23924281022,3,,0.8571428571428571,2.5
2,3,Master P,Ashly DelGrosso,Singer/Rapper,Entertainment,Louisiana,United States,35,26-35,14.0,4.666666666666667,3,0.9999990216446473,0.11454575113785799,971428.546938779,111273.01258586037,7,4.0,0.0,1.0
2,3,Lisa Rinna,Louis van Amstel,Actor/Actress,Entertainment,California,United States,42,36-45,25.0,8.333333333333334,3,0.9999991663956861,0.0641456226532056,971428.546938779,62312.88900648674,4,7.0,0.5714285714285714,3.0
2,4,Master P,Ashly DelGrosso,Singer/Rapper,Entertainment,Louisiana,United States,35,26-35,8.0,2.6666666666666665,3,4.861731787735564e-06,0.24058797088247044,1057142.8204081685,254335.84609497312,7,4.0,0.0,-4.0
2,4,Tia Carrere,Maksim Chmerkoskiy,Actor/Actress,Entertainment,Hawaii,United States,39,36-45,25.0,8.333333333333334,3,0.9999990282700219,0.15397631445276616,1057142.8204081685,162774.95533665226,6,5.0,0.5,1.5
2,4,Lisa Rinna,Louis van Amstel,Actor/Actress,Entertainment,California,United States,42,36-45,26.0,8.666666666666666,3,0.9999991663956861,0.14805414874005077,1057142.8204081685,156514.38037218776,4,7.0,0.6666666666666666,3.0
2,4,Stacy Keibler,Tony Dovolani,Athlete,Sports,Maryland,United States,26,26-35,26.0,8.666666666666666,3,0.9999990282700219,0.14805414874005077,1057142.8204081685,156514.38037218776,3,,0.6666666666666666,-1.5
2,4,Drew Lachey,Cheryl Burke,Singer/Rapper,Entertainment,Ohio,United States,29,26-35,28.0,9.333333333333334,3,0.9999990193294004,0.13747885277916486,1057142.8204081685,145334.7821734457,1,,1.0,0.5
2,4,George Hamilton,Edyta Sliwinska,Actor/Actress,Entertainment,Tennessee,United States,66,>55,21.0,7.0,3,0.9999988446872885,0.09165256742834127,1057142.8204081685,96889.85362884653,5,6.0,0.16666666666666666,-0.5
2,4,Jerry Rice,Anna Trebunskaya,Athlete,Sports,Mississippi,United States,43,36-45,24.0,8.0,3,0.9999991663956861,0.08019599697715571,1057142.8204081685,84778.62242987534,2,,0.3333333333333333,0.5
2,5,Lisa Rinna,Louis van Amstel,Actor/Actress,Entertainment,California,United States,42,36-45,25.0,8.333333333333334,3,0.9999988446872885,0.22769952549940614,1142857.093877558,260228.0179895502,4,7.0,0.6,0.0
2,5,Drew Lachey,Cheryl Burke,Singer/Rapper,Entertainment,Ohio,United States,29,26-35,27.0,9.0,3,0.9999988446872885,0.21083289460562166,1142857.093877558,240951.86922277423,1,,0.8,0.0
2,5,Stacy Keibler,Tony Dovolani,Athlete,Sports,Maryland,United States,26,26-35,30.0,10.0,3,0.9999991663956861,0.18974960584783576,1142857.093877558,216856.68310366964,3,,1.0,1.5
2,5,Tia Carrere,Maksim Chmerkoskiy,Actor/Actress,Entertainment,Hawaii,United States,39,36-45,22.0,7.333333333333333,3,4.861731787735564e-06,0.12937472969170954,1142857.093877558,147856.82759666178,6,5.0,0.0,-2.0
2,5,Jerry Rice,Anna Trebunskaya,Athlete,Sports,Mississippi,United States,43,36-45,23.0,7.666666666666667,3,0.9999990282700219,0.1237497416888086,1142857.093877558,141428.2701545703,2,,0.2,2.0
2,5,George Hamilton,Edyta Sliwinska,Actor/Actress,Entertainment,Tennessee,United States,66,>55,24.0,8.0,3,0.9999991663956861,0.1185935026666182,1142857.093877558,135535.42581033168,5,6.0,0.4,1.0
2,6,Stacy Keibler,Tony Dovolani,Athlete,Sports,Maryland,United States,26,26-35,30.0,10.0,3,0.9999989677595421,0.29762760739325395,1228571.3673469475,365656.75657533045,3,,0.75,2.0
2,6,George Hamilton,Edyta Sliwinska,Actor/Actress,Entertainment,Tennessee,United States,66,>55,23.0,7.666666666666667,3,6.923751375480793e-06,0.19410495937424582,1228571.3673469475,238471.7953472409,5,6.0,0.0,1.0
2,6,Jerry Rice,Anna Trebunskaya,Athlete,Sports,Mississippi,United States,43,36-45,23.0,7.666666666666667,3,0.9999989605264752,0.19410495937424582,1228571.3673469475,238471.7953472409,2,,0.0,-0.5
2,6,Lisa Rinna,Louis van Amstel,Actor/Actress,Entertainment,California,United States,42,36-45,27.0,9.0,3,0.9999968456453611,0.16534867016162752,1228571.3673469475,203142.64178947016,4,7.0,0.5,0.5
2,6,Drew Lachey,Cheryl Burke,Singer/Rapper,Entertainment,Ohio,United States,29,26-35,30.0,10.0,3,0.9999989677595421,0.14881380369662697,1228571.3673469475,182828.37828766523,1,,0.75,1.0
2,7,Drew Lachey,Cheryl Burke,Singer/Rapper,Entertainment,Ohio,United States,29,26-35,27.5,9.166666666666666,3,0.9999987766632521,0.3135189736198233,1314285.640816337,412053.4851520097,1,,0.6666666666666666,0.25
2,7,Stacy Keibler,Tony Dovolani,Athlete,Sports,Maryland,United States,26,26-35,27.5,9.166666666666666,3,0.9999987766632521,0.3135189736198233,1314285.640816337,412053.4851520097,3,,0.6666666666666666,-1.25
2,7,Jerry Rice,Anna Trebunskaya,Athlete,Sports,Mississippi,United States,43,36-45,20.5,6.833333333333333,3,0.9999987744827914,0.21028711384121673,1314285.640816337,276377.3341702215,2,,0.0,-1.25
2,7,Lisa Rinna,Louis van Amstel,Actor/Actress,Entertainment,California,United States,42,36-45,26.5,8.833333333333334,3,6.382212444990051e-06,0.16267493891913654,1314285.640816337,213801.33634209583,4,7.0,0.3333333333333333,0.75
2,8,Drew Lachey,Cheryl Burke,Singer/Rapper,Entertainment,Ohio,United States,29,26-35,28.9998,9.6666,3,0.9999989757450544,0.34142945829278404,1399999.9142857264,478001.2123445196,1,,1.0,-0.5000999999999998
2,8,Stacy Keibler,Tony Dovolani,Athlete,Sports,Maryland,United States,26,26-35,28.6665,9.5555,3,0.9999989757450544,0.3383794786970267,1399999.9142857264,473731.2411718862,3,,0.5,-0.6667500000000004
2,8,Jerry Rice,Anna Trebunskaya,Athlete,Sports,Mississippi,United States,43,36-45,26.666600000000003,8.888866666666667,3,0.9999989743071662,0.3201910630101893,1399999.9142857264,448267.4607693206,2,,0.0,1.8333000000000013
3,1,Mario Lopez,Karina Smirnoff,Actor/Actress,Entertainment,California,United States,32,26-35,26.0,8.666666666666666,3,0.9966449605387269,0.10641364349367595,800000.0,85130.91479494076,2,,1.0,1.0
3,1,Emmitt Smith,Cheryl Burke,Athlete,Sports,Florida,United States,37,36-45,24.0,8.0,3,0.9970030934222542,0.10160011112731628,800000.0,81280.08890185301,1,,0.9,1.0
3,1,Willa Ford,Maksim Chmerkoskiy,Singer/Rapper,Entertainment,Florida,United States,25,≤25,22.0,7.333333333333333,3,0.9762027186115583,0.09690186287684693,800000.0,77521.49030147755,7,5.0,0.7,1.0
3,1,Vivica A. Fox,Nick Kosovich,Actor/Actress,Entertainment,Indiana,United States,42,36-45,22.0,7.333333333333333,3,0.9965571040582869,0.09690185920585863,800000.0,77521.48736468691,8,4.0,0.7,1.0
3,1,Joey Lawrence,Edyta Sliwinska,Actor/Actress,Entertainment,Pennsylvania,United States,30,26-35,21.0,7.0,3,0.9970308218162939,0.09459597384767017,800000.0,75676.77907813614,3,,0.6,1.0
3,1,Monique Coleman,Louis van Amstel,Actor/Actress,Entertainment,South Carolina,United States,25,≤25,19.0,6.333333333333333,3,0.9937326808502436,0.09007006867096957,800000.0,72056.05493677566,4,8.0,0.5,1.0
3,1,Shanna Moakler,Jesse DeSoto,Model,Model,Rhode Island,United States,31,26-35,18.0,6.0,3,0.9928932000610983,0.08784977075432868,800000.0,70279.81660346294,10,2.0,0.4,1.0
3,1,Harry Hamlin,Ashly DelGrosso,Actor/Actress,Entertainment,California,United States,54,46-55,17.0,5.666666666666667,3,0.981608011322792,0.08565783854537759,800000.0,68526.27083630208,9,3.0,0.3,1.0
3,1,Jerry Springer,Kym Johnson,TV Personality,Media,Unknown,England,62,>55,16.0,5.333333333333333,3,0.9929761595078488,0.08349450977696325,800000.0,66795.60782157061,5,7.0,0.2,1.0
3,1,Sara Evans,Tony Dovolani,Singer/Rapper,Entertainment,Missouri,United States,35,26-35,15.0,5.0,3,0.9779820000020144,0.08136046446409655,800000.0,65088.37157127724,6,-1.0,0.1,1.0
3,1,Tucker Carlson,Elena Grinenko,TV Personality,Media,California,United States,37,36-45,12.0,4.0,3,0.15238602100728013,0.07515389723689621,800000.0,60123.11778951697,11,1.0,0.0,1.0
3,2,Joey Lawrence,Edyta Sliwinska,Actor/Actress,Entertainment,Pennsylvania,United States,30,26-35,29.0,9.666666666666666,3,0.9964387946729603,0.11334412206578327,866666.6592592602,98231.57161742619,3,,1.0,8.0
3,2,Monique Coleman,Louis van Amstel,Actor/Actress,Entertainment,South Carolina,United States,25,≤25,26.0,8.666666666666666,3,0.9957453451631924,0.10652419087029127,866666.6592592602,92320.96463185112,4,8.0,0.8888888888888888,7.0
3,2,Emmitt Smith,Cheryl Burke,Athlete,Sports,Florida,United States,37,36-45,24.0,8.0,3,0.9966215327823806,0.10207981577650094,866666.6592592602,88469.17291682078,1,,0.6666666666666666,0.0
3,2,Vivica A. Fox,Nick Kosovich,Actor/Actress,Entertainment,Indiana,United States,42,36-45,24.0,8.0,3,0.9948130240630997,0.1020798134527972,866666.6592592602,88469.17090294423,8,4.0,0.6666666666666666,2.0
3,2,Jerry Springer,Kym Johnson,TV Personality,Media,Unknown,England,62,>55,19.0,6.333333333333333,3,0.8782732456055348,0.10117580168548912,866666.6592592602,87685.69404464027,5,7.0,0.0,3.0
3,2,Willa Ford,Maksim Chmerkoskiy,Singer/Rapper,Entertainment,Florida,United States,25,≤25,23.0,7.666666666666667,3,0.9438204010804323,0.09989095568412497,866666.6592592602,86572.16085297539,7,5.0,0.5555555555555556,1.0
3,2,Harry Hamlin,Ashly DelGrosso,Actor/Actress,Entertainment,California,United States,54,46-55,21.0,7.0,3,0.9414647191461487,0.09559099667562981,866666.6592592602,82845.52974413114,9,3.0,0.1111111111111111,4.0
3,2,Mario Lopez,Karina Smirnoff,Actor/Actress,Entertainment,California,United States,32,26-35,21.0,7.0,3,0.9839126436570076,0.09559099667562981,866666.6592592602,82845.52974413114,2,,0.1111111111111111,-5.0
3,2,Sara Evans,Tony Dovolani,Singer/Rapper,Entertainment,Missouri,United States,35,26-35,21.0,7.0,3,0.9367222038268186,0.09559099667562981,866666.6592592602,82845.52974413114,6,-1.0,0.1111111111111111,6.0
3,2,Shanna Moakler,Jesse DeSoto,Model,Model,Rhode Island,United States,31,26-35,22.0,7.333333333333333,3,0.12445469980639619,0.0881323104381238,866666.6592592602,76381.33506020879,10,2.0,0.4444444444444444,4.0
3,3,Monique Coleman,Louis van Amstel,Actor/Actress,Entertainment,South Carolina,United States,25,≤25,27.0,9.0,3,0.9956092226594456,0.12138211428164396,933333.3185185202,113289.97153128101,4,8.0,0.875,4.0
3,3,Vivica A. Fox,Nick Kosovich,Actor/Actress,Entertainment,Indiana,United States,42,36-45,27.0,9.0,3,0.9954677576035028,0.12138211410507849,933333.3185185202,113289.97136648658,8,4.0,0.875,2.5
3,3,Sara Evans,Tony Dovolani,Singer/Rapper,Entertainment,Missouri,United States,35,26-35,25.0,8.333333333333334,3,0.9819352896155855,0.11613172175728245,933333.3185185202,108389.60525299386,6,-1.0,0.75,5.0
3,3,Emmitt Smith,Cheryl Burke,Athlete,Sports,Florida,United States,37,36-45,19.0,6.333333333333333,3,0.9619850636948991,0.11210280352135117,933333.3185185202,104629.28162581235,1,,0.0,-2.5
3,3,Joey Lawrence,Edyta Sliwinska,Actor/Actress,Entertainment,Pennsylvania,United States,30,26-35,22.0,7.333333333333333,3,0.9797486027294459,0.10847204340743027,933333.3185185202,101240.57223994187,3,,0.25,0.5
3,3,Willa Ford,Maksim Chmerkoskiy,Singer/Rapper,Entertainment,Florida,United States,25,≤25,22.0,7.333333333333333,3,0.9575120272449892,0.10847204338128134,933333.3185185202,101240.5722155362,7,5.0,0.25,0.0
3,3,Mario Lopez,Karina Smirnoff,Actor/Actress,Entertainment,California,United States,32,26-35,22.0,7.333333333333333,3,0.9257088658789756,0.10847204272962138,933333.3185185202,101240.57160732025,2,,0.25,-2.0
3,3,Jerry Springer,Kym Johnson,TV Personality,Media,Unknown,England,62,>55,21.0,7.0,3,0.9598766463767971,0.10597508134087712,933333.3185185202,98910.07434815096,5,7.0,0.125,2.5
3,3,Harry Hamlin,Ashly DelGrosso,Actor/Actress,Entertainment,California,United States,54,46-55,22.0,7.333333333333333,3,0.2866067480951276,0.0976100354754338,933333.3185185202,91102.69833099711,9,3.0,0.25,2.5
3,4,Mario Lopez,Karina Smirnoff,Actor/Actress,Entertainment,California,United States,32,26-35,29.0,9.666666666666666,3,0.9954572046838369,0.13692124942619197,999999.9777777803,136921.24638349787,2,,1.0,4.0
3,4,Willa Ford,Maksim Chmerkoskiy,Singer/Rapper,Entertainment,Florida,United States,25,≤25,28.0,9.333333333333334,3,0.9563929706242054,0.134065412469696,999999.9777777803,134065.40949046495,7,5.0,0.8571428571428571,2.5
3,4,Joey Lawrence,Edyta Sliwinska,Actor/Actress,Entertainment,Pennsylvania,United States,30,26-35,27.0,9.0,3,0.9959898741655395,0.13123378069149852,999999.9777777803,131233.7777751926,3,,0.7142857142857143,-1.0
3,4,Sara Evans,Tony Dovolani,Singer/Rapper,Entertainment,Missouri,United States,35,26-35,20.0,6.666666666666667,3,0.8692145909606063,0.12746363218853723,999999.9777777803,127463.62935601239,6,-1.0,0.0,-0.5
3,4,Emmitt Smith,Cheryl Burke,Athlete,Sports,Florida,United States,37,36-45,24.0,8.0,3,0.9333076306464835,0.12284540634110189,999999.9777777803,122845.40361120428,1,,0.2857142857142857,0.0
3,4,Monique Coleman,Louis van Amstel,Actor/Actress,Entertainment,South Carolina,United States,25,≤25,24.0,8.0,3,0.9613584191264026,0.12284540009862056,999999.9777777803,122845.39736872309,4,8.0,0.2857142857142857,-1.0
3,4,Jerry Springer,Kym Johnson,TV Personality,Media,Unknown,England,62,>55,22.0,7.333333333333333,3,0.9448969554193271,0.11736352689782986,999999.9777777803,117363.52428975177,5,7.0,0.14285714285714285,1.5
3,4,Vivica A. Fox,Nick Kosovich,Actor/Actress,Entertainment,Indiana,United States,42,36-45,24.0,8.0,3,0.2027003265832459,0.10726159188652389,999999.9777777803,107261.58950293322,8,4.0,0.2857142857142857,0.0
3,5,Mario Lopez,Karina Smirnoff,Actor/Actress,Entertainment,California,United States,32,26-35,27.0,9.0,3,0.9895736257860237,0.14653571610228183,1066666.6370370404,156304.75950063547,2,,0.5,2.5
3,5,Emmitt Smith,Cheryl Burke,Athlete,Sports,Florida,United States,37,36-45,27.0,9.0,3,0.9805601589297475,0.1465356050785694,1066666.6370370404,156304.64107534548,1,,0.5,4.0
3,5,Monique Coleman,Louis van Amstel,Actor/Actress,Entertainment,South Carolina,United States,25,≤25,27.0,9.0,3,0.9707550944245337,0.14653544112869338,1066666.6370370404,156304.4661954826,4,8.0,0.5,0.0
3,5,Jerry Springer,Kym Johnson,TV Personality,Media,Unknown,England,62,>55,24.0,8.0,3,0.898625084399652,0.14562317490081295,1066666.6370370404,155331.3822461069,5,7.0,0.0,1.5
3,5,Sara Evans,Tony Dovolani,Singer/Rapper,Entertainment,Missouri,United States,35,26-35,24.0,8.0,3,0.9058432663003112,0.14562317206607805,1066666.6370370404,155331.37922238978,6,-1.0,0.0,-0.5
3,5,Joey Lawrence,Edyta Sliwinska,Actor/Actress,Entertainment,Pennsylvania,United States,30,26-35,25.0,8.333333333333334,3,0.9632027796123105,0.14009832086988444,1066666.6370370404,149438.20477681587,3,,0.3333333333333333,1.5
3,5,Willa Ford,Maksim Chmerkoskiy,Singer/Rapper,Entertainment,Florida,United States,25,≤25,27.0,9.0,3,0.8150730168648531,0.1290485698536799,1066666.6370370404,137651.80402026433,7,5.0,0.5,2.5
3,6,Mario Lopez,Karina Smirnoff,Actor/Actress,Entertainment,California,United States,32,26-35,28.0,9.333333333333334,3,0.9944476502980664,0.22505345403951862,1133333.2962963006,255060.57290947562,2,,1.0,-0.5
3,6,Emmitt Smith,Cheryl Burke,Athlete,Sports,Florida,United States,37,36-45,25.0,8.333333333333334,3,0.9903148377820877,0.2076711878079296,1133333.2962963006,235360.67182412895,1,,0.75,0.5
3,6,Joey Lawrence,Edyta Sliwinska,Actor/Actress,Entertainment,Pennsylvania,United States,30,26-35,24.0,8.0,3,0.960960458537142,0.20197863708324454,1133333.2962963006,228909.11454698775,3,,0.5,-1.5
3,6,Monique Coleman,Louis van Amstel,Actor/Actress,Entertainment,South Carolina,United States,25,≤25,23.0,7.666666666666667,3,0.9511502042807652,0.19633880348516483,1133333.2962963006,222517.30334471344,4,8.0,0.25,-0.5
3,6,Jerry Springer,Kym Johnson,TV Personality,Media,Unknown,England,62,>55,18.0,6.0,3,0.8099562722753513,0.1689579175841424,1133333.2962963006,191485.63367099478,5,7.0,0.0,-2.0
3,7,Emmitt Smith,Cheryl Burke,Athlete,Sports,Florida,United States,37,36-45,28.5,9.5,3,0.9800848661017524,0.20737059186622095,1199999.9555555605,248844.70102299543,1,,0.75,0.75
3,7,Joey Lawrence,Edyta Sliwinska,Actor/Actress,Entertainment,Pennsylvania,United States,30,26-35,28.5,9.5,3,0.964775461964032,0.20737059186622095,1199999.9555555605,248844.70102299543,3,,0.75,1.75
3,7,Mario Lopez,Karina Smirnoff,Actor/Actress,Entertainment,California,United States,32,26-35,28.0,9.333333333333334,3,0.9740867569590823,0.20486632326704765,1199999.9555555605,245839.5788152883,2,,0.5,0.5
3,7,Monique Coleman,Louis van Amstel,Actor/Actress,Entertainment,South Carolina,United States,25,≤25,27.0,9.0,3,0.9333047834003138,0.1998918511272865,1199999.9555555605,239870.21246866253,4,8.0,0.25,0.0
3,7,Jerry Springer,Kym Johnson,TV Personality,Media,Unknown,England,62,>55,23.0,7.666666666666667,3,0.1285864048894041,0.18050064187322398,1199999.9555555605,216600.76222561894,5,7.0,0.0,-0.5
3,8,Mario Lopez,Karina Smirnoff,Actor/Actress,Entertainment,California,United States,32,26-35,28.5,9.5,3,0.9563372586124488,0.25821445651295627,1266666.6148148207,327071.63152751507,2,,1.0,0.25
3,8,Emmitt Smith,Cheryl Burke,Athlete,Sports,Florida,United States,37,36-45,27.0,9.0,3,0.9342653166071695,0.2483519733407516,1266666.6148148207,314579.1533541104,1,,0.3333333333333333,1.0
3,8,Joey Lawrence,Edyta Sliwinska,Actor/Actress,Entertainment,Pennsylvania,United States,30,26-35,27.0,9.0,3,0.939779421635376,0.2483519733407516,1266666.6148148207,314579.1533541104,3,,0.3333333333333333,1.5
3,8,Monique Coleman,Louis van Amstel,Actor/Actress,Entertainment,South Carolina,United States,25,≤25,26.5,8.833333333333334,3,0.1493520714219296,0.2450815968055405,1266666.6148148207,310436.6765790848,4,8.0,0.0,1.75
3,9,Emmitt Smith,Cheryl Burke,Athlete,Sports,Florida,United States,37,36-45,29.5,9.833333333333334,3,0.8791735898775704,0.3333333333333333,1333333.2740740809,444444.42469136027,1,,0.0,0.5
3,9,Joey Lawrence,Edyta Sliwinska,Actor/Actress,Entertainment,Pennsylvania,United States,30,26-35,29.5,9.833333333333334,3,0.9133137039022368,0.3333333333333333,1333333.2740740809,444444.42469136027,3,,0.0,0.5
3,9,Mario Lopez,Karina Smirnoff,Actor/Actress,Entertainment,California,United States,32,26-35,29.5,9.833333333333334,3,0.9507217989107348,0.3333333333333333,1333333.2740740809,444444.42469136027,2,,0.0,0.75
3,10,Emmitt Smith,Cheryl Burke,Athlete,Sports,Florida,United States,37,36-45,29.666600000000003,9.888866666666669,3,0.8845266858817253,0.5,1399999.9333333408,699999.9666666704,1,,0.0,1.3333000000000013
3,10,Mario Lopez,Karina Smirnoff,Actor/Actress,Entertainment,California,United States,32,26-35,29.666600000000003,9.888866666666669,3,0.9713243750232524,0.5,1399999.9333333408,699999.9666666704,2,,0.0,0.5833000000000013
4,1,Joey Fatone,Kym Johnson,Singer/Rapper,Entertainment,New York,United States,30,26-35,24.0,8.0,3,0.9959435704756504,0.1033504521837741,800000.0,82680.36174701928,2,,1.0,1.0
4,1,Laila Ali,Maksim Chmerkoskiy,Athlete,Sports,Florida,United States,29,26-35,23.0,7.666666666666667,3,0.9955802140199883,0.10089945915692235,800000.0,80719.56732553788,3,,0.9,1.0
4,1,Apolo Anton Ohno,Julianne Hough,Athlete,Sports,Washington,United States,24,≤25,21.0,7.0,3,0.9964215441791223,0.09608119758751837,800000.0,76864.9580700147,1,,0.7,1.0
4,1,Ian Ziering,Cheryl Burke,Actor/Actress,Entertainment,New Jersey,United States,42,36-45,21.0,7.0,3,0.9964779640502881,0.09608119758751837,800000.0,76864.9580700147,4,9.0,0.7,1.0
4,1,Shandi Finnessey,Brian Fortuna,Beauty Pageant,Model,Missouri,United States,28,26-35,19.0,6.333333333333333,3,0.9978314256300569,0.09138021898146034,800000.0,73104.17518516828,10,3.0,0.5,1.0
4,1,Paulina Porizkova,Alec Mazo,Model,Model,Unknown,Czechoslovakia,41,36-45,19.0,6.333333333333333,3,0.9983016065662755,0.09138021791228354,800000.0,73104.17432982683,11,2.0,0.5,1.0
4,1,Heather Mills,Jonathan Roberts,Model,Model,Unknown,England,39,36-45,18.0,6.0,3,0.9953635660029071,0.08907582436279406,800000.0,71260.65949023525,7,6.0,0.4,1.0
4,1,John Ratzenberger,Edyta Sliwinska,Actor/Actress,Entertainment,Connecticut,United States,59,>55,17.0,5.666666666666667,3,0.9895340416220049,0.08680312236186034,800000.0,69442.49788948828,6,7.0,0.3,1.0
4,1,Clyde Drexler,Elena Grinenko,Athlete,Sports,Louisiana,United States,44,36-45,16.0,5.333333333333333,3,0.9854376048402501,0.08456256795624548,800000.0,67650.05436499638,8,5.0,0.2,1.0
4,1,Leeza Gibbons,Tony Dovolani,TV Personality,Media,South Carolina,United States,50,46-55,15.0,5.0,3,0.9783182593900523,0.08235424088330241,800000.0,65883.39270664193,9,4.0,0.1,1.0
4,1,Billy Ray Cyrus,Karina Smirnoff,Singer/Rapper,Entertainment,Kentucky,United States,45,36-45,13.0,4.333333333333333,3,0.9687889478431242,0.07803150102632073,800000.0,62425.200821056584,5,8.0,0.0,1.0
4,2,Laila Ali,Maksim Chmerkoskiy,Athlete,Sports,Florida,United States,29,26-35,27.0,9.0,3,0.9933583092295803,0.10023765024759597,866666.6592592602,86872.62947208215,3,,1.0,4.0
4,2,Apolo Anton Ohno,Julianne Hough,Athlete,Sports,Washington,United States,24,≤25,26.0,8.666666666666666,3,0.9957987568686196,0.09821336915678312,866666.6592592602,85118.25254170569,1,,0.9,5.0
4,2,Joey Fatone,Kym Johnson,Singer/Rapper,Entertainment,New York,United States,30,26-35,24.0,8.0,3,0.9957285956205953,0.09421588869867914,866666.6592592602,81653.76950762654,2,,0.7,0.0
4,2,Heather Mills,Jonathan Roberts,Model,Model,Unknown,England,39,36-45,24.0,8.0,3,0.9986791216780534,0.09421588866514569,866666.6592592602,81653.76947856421,7,6.0,0.7,6.0
4,2,Clyde Drexler,Elena Grinenko,Athlete,Sports,Louisiana,United States,44,36-45,18.0,6.0,3,0.9611597155968428,0.09176222310564798,866666.6592592602,79527.25934517483,8,5.0,0.0,2.0
4,2,Ian Ziering,Cheryl Burke,Actor/Actress,Entertainment,New Jersey,United States,42,36-45,22.0,7.333333333333333,3,0.9873424841283495,0.09029185460245702,866666.6592592602,78252.93998663429,4,9.0,0.6,1.0
4,2,Leeza Gibbons,Tony Dovolani,TV Personality,Media,South Carolina,United States,50,46-55,21.0,7.0,3,0.9523737689302559,0.08836223539575656,866666.6592592602,76580.6033551207,9,4.0,0.2,6.0
4,2,John Ratzenberger,Edyta Sliwinska,Actor/Actress,Entertainment,Connecticut,United States,59,>55,21.0,7.0,3,0.9789489727603548,0.08836223530002763,866666.6592592602,76580.60327215561,6,7.0,0.2,4.0
4,2,Billy Ray Cyrus,Karina Smirnoff,Singer/Rapper,Entertainment,Kentucky,United States,45,36-45,21.0,7.0,3,0.965539219447199,0.0883622352664942,866666.6592592602,76580.60324309331,5,8.0,0.2,8.0
4,2,Shandi Finnessey,Brian Fortuna,Beauty Pageant,Model,Missouri,United States,28,26-35,20.0,6.666666666666667,3,0.9926075672227034,0.08645910661251104,866666.6592592602,74931.22509040515,10,3.0,0.1,1.0
4,2,Paulina Porizkova,Alec Mazo,Model,Model,Unknown,Czechoslovakia,41,36-45,21.0,7.0,3,0.08859185979674132,0.07951731294890156,866666.6592592602,68915.00396669762,11,2.0,0.2,2.0
4,3,Ian Ziering,Cheryl Burke,Actor/Actress,Entertainment,New Jersey,United States,42,36-45,24.0,8.0,3,0.9949985499042924,0.104967822005302,933333.3185185202,97969.96564986986,4,9.0,0.6666666666666666,1.5
4,3,Joey Fatone,Kym Johnson,Singer/Rapper,Entertainment,New York,United States,30,26-35,24.0,8.0,3,0.9955203449414274,0.104967822005302,933333.3185185202,97969.96564986986,2,,0.6666666666666666,0.0
4,3,Leeza Gibbons,Tony Dovolani,TV Personality,Media,South Carolina,United States,50,46-55,24.0,8.0,3,0.9926013379988984,0.10496782018372389,933333.3185185202,97969.96394973033,9,4.0,0.6666666666666666,4.5
4,3,Heather Mills,Jonathan Roberts,Model,Model,Unknown,England,39,36-45,24.0,8.0,3,0.998641544475873,0.10496782011769153,933333.3185185202,97969.96388810012,7,6.0,0.6666666666666666,3.0
4,3,Clyde Drexler,Elena Grinenko,Athlete,Sports,Louisiana,United States,44,36-45,16.0,5.333333333333333,3,0.9042014098497085,0.1042913084995463,933333.3185185202,97338.55305452031,8,5.0,0.0,0.0
4,3,Apolo Anton Ohno,Julianne Hough,Athlete,Sports,Washington,United States,24,≤25,23.0,7.666666666666667,3,0.9913140741368073,0.10262615760156006,933333.3185185202,95784.41224106871,1,,0.5555555555555556,1.0
4,3,Billy Ray Cyrus,Karina Smirnoff,Singer/Rapper,Entertainment,Kentucky,United States,45,36-45,21.0,7.0,3,0.9845056807477528,0.09803505779058788,933333.3185185202,91499.3858188443,5,8.0,0.2222222222222222,4.0
4,3,Laila Ali,Maksim Chmerkoskiy,Athlete,Sports,Florida,United States,29,26-35,21.0,7.0,3,0.9786450337658722,0.09803505779058788,933333.3185185202,91499.3858188443,3,,0.2222222222222222,-1.0
4,3,John Ratzenberger,Edyta Sliwinska,Actor/Actress,Entertainment,Connecticut,United States,59,>55,20.0,6.666666666666667,3,0.968666193017439,0.09578562815314355,933333.3185185202,89399.91819055447,6,7.0,0.1111111111111111,1.5
4,3,Shandi Finnessey,Brian Fortuna,Beauty Pageant,Model,Missouri,United States,28,26-35,21.0,7.0,3,0.0767127815176569,0.0813555058525548,933333.3185185202,75931.80425711787,10,3.0,0.2222222222222222,1.0
4,4,Joey Fatone,Kym Johnson,Singer/Rapper,Entertainment,New York,United States,30,26-35,28.0,9.333333333333334,3,0.9934825227156844,0.13059465089193836,999999.9777777803,130594.64798983533,2,,1.0,2.0
4,4,Apolo Anton Ohno,Julianne Hough,Athlete,Sports,Washington,United States,24,≤25,26.0,8.666666666666666,3,0.9944797377256319,0.12470261326064241,999999.9777777803,124702.61048947355,1,,0.875,0.0
4,4,Ian Ziering,Cheryl Burke,Actor/Actress,Entertainment,New Jersey,United States,42,36-45,24.0,8.0,3,0.9946638946330322,0.1189264212768805,999999.9777777803,118926.41863407142,4,9.0,0.75,1.0
4,4,Heather Mills,Jonathan Roberts,Model,Model,Unknown,England,39,36-45,23.0,7.666666666666667,3,0.998453344287,0.11608213390849684,999999.9777777803,116082.13132889415,7,6.0,0.625,-0.5
4,4,Billy Ray Cyrus,Karina Smirnoff,Singer/Rapper,Entertainment,Kentucky,United States,45,36-45,21.0,7.0,3,0.9857529831014367,0.11048308521641112,999999.9777777803,110483.08276123172,5,8.0,0.375,0.0
4,4,Laila Ali,Maksim Chmerkoskiy,Athlete,Sports,Florida,United States,29,26-35,21.0,7.0,3,0.9917921724598476,0.11048308432645751,999999.9777777803,110483.08187127813,3,,0.375,-3.0
4,4,Clyde Drexler,Elena Grinenko,Athlete,Sports,Louisiana,United States,44,36-45,15.0,5.0,3,0.8278653946752829,0.09845345775845696,999999.9777777803,98453.45557060259,8,5.0,0.0,-1.5
4,4,John Ratzenberger,Edyta Sliwinska,Actor/Actress,Entertainment,Connecticut,United States,59,>55,16.0,5.333333333333333,3,0.7972590963969405,0.0970842587323435,999999.9777777803,97084.25657491577,6,7.0,0.125,-2.5
4,4,Leeza Gibbons,Tony Dovolani,TV Personality,Media,South Carolina,United States,50,46-55,16.0,5.333333333333333,3,0.2161123428901155,0.09319029462837265,999999.9777777803,93190.29255747744,9,4.0,0.125,-2.5
4,5,Apolo Anton Ohno,Julianne Hough,Athlete,Sports,Washington,United States,24,≤25,30.0,10.0,3,0.9946547257602153,0.15076655541101633,1066666.6370370404,160817.6546379274,1,,1.0,3.5
4,5,Laila Ali,Maksim Chmerkoskiy,Athlete,Sports,Florida,United States,29,26-35,28.0,9.333333333333334,3,0.9933932066493534,0.1439948078700293,1066666.6370370404,153594.4574615189,3,,0.8571428571428571,3.5
4,5,Joey Fatone,Kym Johnson,Singer/Rapper,Entertainment,New York,United States,30,26-35,25.0,8.333333333333334,3,0.993580949476173,0.13408203593359616,1066666.6370370404,143020.83435636864,2,,0.7142857142857143,0.5
4,5,Ian Ziering,Cheryl Burke,Actor/Actress,Entertainment,New Jersey,United States,42,36-45,24.0,8.0,3,0.9956361724122749,0.13084514471702147,1066666.6370370404,139568.15048793016,4,9.0,0.5714285714285714,0.0
4,5,Heather Mills,Jonathan Roberts,Model,Model,Unknown,England,39,36-45,21.0,7.0,3,0.9966116810917475,0.12134303793312361,1066666.6370370404,129432.57019998299,7,6.0,0.42857142857142855,-1.5
4,5,John Ratzenberger,Edyta Sliwinska,Actor/Actress,Entertainment,Connecticut,United States,59,>55,18.0,6.0,3,0.9345761434585281,0.11216257072445585,1066666.6370370404,119640.07211608453,6,7.0,0.2857142857142857,-1.0
4,5,Billy Ray Cyrus,Karina Smirnoff,Singer/Rapper,Entertainment,Kentucky,United States,45,36-45,17.0,5.666666666666667,3,0.9701857344261511,0.10917611339631524,1066666.6370370404,116454.51772122215,5,8.0,0.14285714285714285,-2.0
4,5,Clyde Drexler,Elena Grinenko,Athlete,Sports,Louisiana,United States,44,36-45,13.0,4.333333333333333,3,0.10858634773948592,0.09762973401444193,1066666.6370370404,104138.38005600552,8,5.0,0.0,-1.5
4,6,Laila Ali,Maksim Chmerkoskiy,Athlete,Sports,Florida,United States,29,26-35,28.0,9.333333333333334,3,0.9914625352781711,0.15571400733629853,1133333.2962963006,176475.86921395356,3,,0.8333333333333334,3.5
4,6,Apolo Anton Ohno,Julianne Hough,Athlete,Sports,Washington,United States,24,≤25,28.0,9.333333333333334,3,0.9939724645322277,0.15571400493333964,1133333.2962963006,176475.86649060022,1,,0.8333333333333334,1.0
4,6,Joey Fatone,Kym Johnson,Singer/Rapper,Entertainment,New York,United States,30,26-35,27.0,9.0,3,0.9934413371592243,0.15210611550292444,1133333.2962963006,172386.9252697552,2,,0.6666666666666666,-0.5
4,6,John Ratzenberger,Edyta Sliwinska,Actor/Actress,Entertainment,Connecticut,United States,59,>55,19.0,6.333333333333333,3,0.7309281128884765,0.14340092681737984,1133333.2962963006,162521.04508188568,6,7.0,0.0,1.5
4,6,Ian Ziering,Cheryl Burke,Actor/Actress,Entertainment,New Jersey,United States,42,36-45,24.0,8.0,3,0.9907540872548716,0.14153884979013587,1133333.2962963006,160410.69118664163,4,9.0,0.5,0.0
4,6,Billy Ray Cyrus,Karina Smirnoff,Singer/Rapper,Entertainment,Kentucky,United States,45,36-45,21.0,7.0,3,0.9005567191308974,0.13165461968600795,1133333.2962963006,149208.56410137922,5,8.0,0.16666666666666666,0.0
4,6,Heather Mills,Jonathan Roberts,Model,Model,Unknown,England,39,36-45,23.0,7.666666666666667,3,0.07146906570922472,0.11987147593391383,1133333.2962963006,135854.33495208522,7,6.0,0.3333333333333333,0.0
4,7,Joey Fatone,Kym Johnson,Singer/Rapper,Entertainment,New York,United States,30,26-35,29.5,9.833333333333334,3,0.9908275755388113,0.1817666368078666,1199999.9555555605,218119.95609092363,2,,0.8,2.25
4,7,Laila Ali,Maksim Chmerkoskiy,Athlete,Sports,Florida,United States,29,26-35,29.5,9.833333333333334,3,0.9855282557670166,0.18176663612014085,1199999.9555555605,218119.95526565277,3,,0.8,0.75
4,7,Apolo Anton Ohno,Julianne Hough,Athlete,Sports,Washington,United States,24,≤25,27.0,9.0,3,0.9642820357279858,0.17143625343773897,1199999.9555555605,205723.49650589857,1,,0.4,-1.5
4,7,Ian Ziering,Cheryl Burke,Actor/Actress,Entertainment,New Jersey,United States,42,36-45,27.0,9.0,3,0.943095709767923,0.17143625335516655,1199999.9555555605,205723.49640681167,4,9.0,0.4,1.5
4,7,Billy Ray Cyrus,Karina Smirnoff,Singer/Rapper,Entertainment,Kentucky,United States,45,36-45,19.0,6.333333333333333,3,0.7449844179196896,0.15812398223450821,1199999.9555555605,189748.7716536781,5,8.0,0.0,1.0
4,7,John Ratzenberger,Edyta Sliwinska,Actor/Actress,Entertainment,Connecticut,United States,59,>55,22.5,7.5,3,0.2922310532936247,0.13547023804457872,1199999.9555555605,162564.27963259566,6,7.0,0.2,2.25
4,8,Apolo Anton Ohno,Julianne Hough,Athlete,Sports,Washington,United States,24,≤25,29.0,9.666666666666666,3,0.9782621301620706,0.2207500449518196,1266666.6148148207,279616.71215934085,1,,1.0,0.5
4,8,Joey Fatone,Kym Johnson,Singer/Rapper,Entertainment,New York,United States,30,26-35,27.5,9.166666666666666,3,0.9928283377836915,0.21257519889348972,1266666.6148148207,269261.90757600387,2,,0.75,0.25
4,8,Laila Ali,Maksim Chmerkoskiy,Athlete,Sports,Florida,United States,29,26-35,26.5,8.833333333333334,3,0.9625670692956232,0.2071808447901913,1266666.6148148207,262429.0593248664,3,,0.5,-0.75
4,8,Ian Ziering,Cheryl Burke,Actor/Actress,Entertainment,New Jersey,United States,42,36-45,23.5,7.833333333333333,3,0.8352401840536243,0.19127441052864672,1266666.6148148207,242280.91008502123,4,9.0,0.25,-0.25
4,8,Billy Ray Cyrus,Karina Smirnoff,Singer/Rapper,Entertainment,Kentucky,United States,45,36-45,19.0,6.333333333333333,3,0.07118567368306365,0.16821950083585288,1266666.6148148207,213078.02566958868,5,8.0,0.0,-1.0
4,9,Joey Fatone,Kym Johnson,Singer/Rapper,Entertainment,New York,United States,30,26-35,30.0,10.0,3,0.9217530305921842,0.25225927083912075,1333333.2740740809,336345.6795034652,2,,0.6666666666666666,0.25
4,9,Laila Ali,Maksim Chmerkoskiy,Athlete,Sports,Florida,United States,29,26-35,30.0,10.0,3,0.9470581285258716,0.2522592695110358,1333333.2740740809,336345.6777326853,3,,0.6666666666666666,0.25
4,9,Apolo Anton Ohno,Julianne Hough,Athlete,Sports,Washington,United States,24,≤25,29.5,9.833333333333334,3,0.9632173619686731,0.24924446455373386,1333333.2740740809,332325.93796827114,1,,0.3333333333333333,1.25
4,9,Ian Ziering,Cheryl Burke,Actor/Actress,Entertainment,New Jersey,United States,42,36-45,29.0,9.666666666666666,3,0.13620567516592919,0.2462369950961095,1333333.2740740809,328315.97886965907,4,9.0,0.0,1.0
4,10,Apolo Anton Ohno,Julianne Hough,Athlete,Sports,Washington,United States,24,≤25,29.3332,9.777733333333334,3,0.9394740050387376,0.3382868999643679,1399999.9333333408,473601.63739765756,1,,1.0,0.16660000000000075
4,10,Joey Fatone,Kym Johnson,Singer/Rapper,Entertainment,New York,United States,30,26-35,28.6665,9.5555,3,0.8852391150961064,0.33233941212033397,1399999.9333333408,465275.15481250925,2,,0.5,0.5832499999999996
4,10,Laila Ali,Maksim Chmerkoskiy,Athlete,Sports,Florida,United States,29,26-35,28.333200000000005,9.444400000000002,3,0.4536430078163862,0.3293736879152981,1399999.9333333408,461123.14112317393,3,,0.0,0.9166000000000025
5,1,Sabrina Bryan,Mark Ballas,Actor/Actress,Entertainment,California,United States,23,≤25,26.0,8.666666666666666,3,0.9966163099482656,0.09156862735062508,800000.0,73254.90188050007,7,6.0,1.0,1.0
5,1,Helio Castroneves,Julianne Hough,Racing Driver,Sports,Unknown,Brazil,32,26-35,25.0,8.333333333333334,3,0.9974358650102009,0.08971938921786661,800000.0,71775.51137429329,1,,0.9090909090909091,1.0
5,1,Jane Seymour,Tony Dovolani,Actor/Actress,Entertainment,Unknown,England,56,>55,24.0,8.0,3,0.9952725067882793,0.08788911020201522,800000.0,70311.28816161217,6,7.0,0.7272727272727273,1.0
5,1,Mel B,Maksim Chmerkoskiy,Singer/Rapper,Entertainment,Unknown,England,32,26-35,24.0,8.0,3,0.9945012118812921,0.08788911020201522,800000.0,70311.28816161217,2,,0.7272727272727273,1.0
5,1,Albert Reed,Anna Trebunskaya,Model,Model,Florida,United States,22,≤25,21.0,7.0,3,0.9946588184465142,0.08251702491583254,800000.0,66013.61993266603,11,2.0,0.2727272727272727,1.0
5,1,Cameron Mathison,Edyta Sliwinska,Actor/Actress,Entertainment,Unknown,Canada,38,36-45,21.0,7.0,3,0.9873350589006418,0.08251702491583254,800000.0,66013.61993266603,5,8.0,0.2727272727272727,1.0
5,1,Jennie Garth,Derek Hough,Actor/Actress,Entertainment,Illinois,United States,35,26-35,21.0,7.0,3,0.9867681497955669,0.08251702373847707,800000.0,66013.61899078166,4,9.0,0.2727272727272727,1.0
5,1,Mark Cuban,Kym Johnson,TV Personality,Media,Pennsylvania,United States,49,46-55,21.0,7.0,3,0.9892964984012136,0.08251702373847707,800000.0,66013.61899078166,8,5.0,0.2727272727272727,1.0
5,1,Marie Osmond,Jonathan Roberts,Singer/Rapper,Entertainment,Utah,United States,47,46-55,21.0,7.0,3,0.9929903849659565,0.08251702318890701,800000.0,66013.6185511256,3,,0.2727272727272727,1.0
5,1,Wayne Newton,Cheryl Burke,Singer/Rapper,Entertainment,Virginia,United States,65,>55,19.0,6.333333333333333,3,0.9866813268888124,0.07903883177401312,800000.0,63231.0654192105,10,3.0,0.18181818181818182,1.0
5,1,Floyd Mayweather Jr.,Karina Smirnoff,Athlete,Sports,Michigan,United States,30,26-35,18.0,6.0,3,0.9766566953747422,0.07733136462068074,800000.0,61865.091696544594,9,4.0,0.09090909090909091,1.0
5,1,Josie Maran,Alec Mazo,Model,Model,California,United States,29,26-35,16.0,5.333333333333333,3,0.020758943820130105,0.0739784461352578,800000.0,59182.75690820623,12,1.0,0.0,1.0
5,2,Helio Castroneves,Julianne Hough,Racing Driver,Sports,Unknown,Brazil,32,26-35,27.0,9.0,3,0.9964124565917499,0.10185208664073407,866666.6592592602,88271.80766750973,1,,1.0,2.0
5,2,Sabrina Bryan,Mark Ballas,Actor/Actress,Entertainment,California,United States,23,≤25,26.0,8.666666666666666,3,0.9969124989129724,0.09973342651154844,866666.6592592602,86435.63557124262,7,6.0,0.9,0.0
5,2,Wayne Newton,Cheryl Burke,Singer/Rapper,Entertainment,Virginia,United States,65,>55,15.0,5.0,3,0.9242641575089333,0.09646793839404529,866666.6592592602,83605.54589359535,10,3.0,0.0,-4.0
5,2,Marie Osmond,Jonathan Roberts,Singer/Rapper,Entertainment,Utah,United States,47,46-55,24.0,8.0,3,0.9972396178520089,0.09555648028737164,866666.6592592602,82815.61554122972,3,,0.8,3.0
5,2,Mel B,Maksim Chmerkoskiy,Singer/Rapper,Entertainment,Unknown,England,32,26-35,23.0,7.666666666666667,3,0.9868079053416655,0.09349831804733005,866666.6592592602,81031.87494843933,2,,0.7,-1.0
5,2,Jane Seymour,Tony Dovolani,Actor/Actress,Entertainment,Unknown,England,56,>55,21.0,7.0,3,0.9810117450036487,0.0894426964063927,866666.6592592602,77517.0028896686,6,7.0,0.2,-3.0
5,2,Jennie Garth,Derek Hough,Actor/Actress,Entertainment,Illinois,United States,35,26-35,21.0,7.0,3,0.9768051941988392,0.0894426964063927,866666.6592592602,77517.0028896686,4,9.0,0.2,0.0
5,2,Cameron Mathison,Edyta Sliwinska,Actor/Actress,Entertainment,Unknown,Canada,38,36-45,21.0,7.0,3,0.977065219427687,0.08944269439319005,866666.6592592602,77517.00114489299,5,8.0,0.2,0.0
5,2,Floyd Mayweather Jr.,Karina Smirnoff,Athlete,Sports,Michigan,United States,30,26-35,21.0,7.0,3,0.9142084967054408,0.08944268929114342,866666.6592592602,77516.99672311927,9,4.0,0.2,3.0
5,2,Mark Cuban,Kym Johnson,TV Personality,Media,Pennsylvania,United States,49,46-55,18.0,6.0,3,0.9587055648076761,0.08386314444709908,866666.6592592602,72681.39123294414,8,5.0,0.1,-3.0
5,2,Albert Reed,Anna Trebunskaya,Model,Model,Florida,United States,22,≤25,21.0,7.0,3,0.18154349195087152,0.0712578291747526,866666.6592592602,61756.78475694988,11,2.0,0.2,0.0
5,3,Sabrina Bryan,Mark Ballas,Actor/Actress,Entertainment,California,United States,23,≤25,27.0,9.0,3,0.996813598579131,0.10648013789099738,933333.3185185202,99381.4604541142,7,6.0,0.7777777777777778,0.5
5,3,Jane Seymour,Tony Dovolani,Actor/Actress,Entertainment,Unknown,England,56,>55,27.0,9.0,3,0.9940701521868079,0.10648013779850236,933333.3185185202,99381.46036778553,6,7.0,0.7777777777777778,1.5
5,3,Mel B,Maksim Chmerkoskiy,Singer/Rapper,Entertainment,Unknown,England,32,26-35,27.0,9.0,3,0.9897031933710444,0.10648013779850236,933333.3185185202,99381.46036778553,2,,0.7777777777777778,1.5
5,3,Jennie Garth,Derek Hough,Actor/Actress,Entertainment,Illinois,United States,35,26-35,26.0,8.666666666666666,3,0.9958962570691692,0.10433307274190454,933333.3185185202,97377.53301343592,4,9.0,0.5555555555555556,2.5
5,3,Marie Osmond,Jonathan Roberts,Singer/Rapper,Entertainment,Utah,United States,47,46-55,26.0,8.666666666666666,3,0.9968916013080347,0.10433307274190454,933333.3185185202,97377.53301343592,3,,0.5555555555555556,2.5
5,3,Helio Castroneves,Julianne Hough,Racing Driver,Sports,Unknown,Brazil,32,26-35,24.0,8.0,3,0.992275208028287,0.10010242916833209,933333.3185185202,93428.9324074445,1,,0.4444444444444444,-0.5
5,3,Cameron Mathison,Edyta Sliwinska,Actor/Actress,Entertainment,Unknown,Canada,38,36-45,23.0,7.666666666666667,3,0.9738498534819109,0.09801971082567768,933333.3185185202,91485.06198515547,5,8.0,0.3333333333333333,1.0
5,3,Floyd Mayweather Jr.,Karina Smirnoff,Athlete,Sports,Michigan,United States,30,26-35,21.0,7.0,3,0.8928587304033903,0.0939213326894744,933333.3185185202,87659.90911874911,9,4.0,0.2222222222222222,1.5
5,3,Mark Cuban,Kym Johnson,TV Personality,Media,Pennsylvania,United States,49,46-55,20.0,6.666666666666667,3,0.9252828140825118,0.091906153786909,933333.3185185202,85779.07550620924,8,5.0,0.1111111111111111,-0.5
5,3,Wayne Newton,Cheryl Burke,Singer/Rapper,Entertainment,Virginia,United States,65,>55,18.0,6.0,3,0.13898429337935997,0.08794381455779564,933333.3185185202,82080.89228440475,10,3.0,0.0,-0.5
5,4,Sabrina Bryan,Mark Ballas,Actor/Actress,Entertainment,California,United States,23,≤25,30.0,10.0,3,0.9945226456770071,0.12022055669656924,999999.9777777803,120220.5540250016,7,6.0,1.0,2.0
5,4,Cameron Mathison,Edyta Sliwinska,Actor/Actress,Entertainment,Unknown,Canada,38,36-45,27.0,9.0,3,0.9746826581744832,0.11331690540875568,999999.9777777803,113316.9028906025,5,8.0,0.625,3.0
5,4,Helio Castroneves,Julianne Hough,Racing Driver,Sports,Unknown,Brazil,32,26-35,27.0,9.0,3,0.9844567701974415,0.11331690540875568,999999.9777777803,113316.9028906025,1,,0.625,0.0
5,4,Jennie Garth,Derek Hough,Actor/Actress,Entertainment,Illinois,United States,35,26-35,27.0,9.0,3,0.9876146524376505,0.11331690427294988,999999.9777777803,113316.90175479674,4,9.0,0.625,3.0
5,4,Jane Seymour,Tony Dovolani,Actor/Actress,Entertainment,Unknown,England,56,>55,26.0,8.666666666666666,3,0.984680083853103,0.1110555920217942,999999.9777777803,111055.58955389244,6,7.0,0.25,2.5
5,4,Marie Osmond,Jonathan Roberts,Singer/Rapper,Entertainment,Utah,United States,47,46-55,26.0,8.666666666666666,3,0.9801054739139963,0.1110555897501826,999999.9777777803,111055.58728228089,3,,0.25,1.0
5,4,Mel B,Maksim Chmerkoskiy,Singer/Rapper,Entertainment,Unknown,England,32,26-35,26.0,8.666666666666666,3,0.9668981107953346,0.1110555897501826,999999.9777777803,111055.58728228089,2,,0.25,1.5
5,4,Mark Cuban,Kym Johnson,TV Personality,Media,Pennsylvania,United States,49,46-55,22.0,7.333333333333333,3,0.8209933877527931,0.1054677326098108,999999.9777777803,105467.73026608366,8,5.0,0.0,2.0
5,4,Floyd Mayweather Jr.,Karina Smirnoff,Athlete,Sports,Michigan,United States,30,26-35,23.0,7.666666666666667,3,0.19237572700329827,0.10119422408099932,999999.9777777803,101194.22183223904,9,4.0,0.125,1.0
5,5,Mel B,Maksim Chmerkoskiy,Singer/Rapper,Entertainment,Unknown,England,32,26-35,29.0,9.666666666666666,3,0.9880772509566929,0.13663008899377777,1066666.6370370404,145738.7575450645,2,,1.0,1.0
5,5,Sabrina Bryan,Mark Ballas,Actor/Actress,Entertainment,California,United States,23,≤25,28.0,9.333333333333334,3,0.9945812422047471,0.1337464544664677,1066666.6370370404,142662.88080137476,7,6.0,0.8571428571428571,0.5
5,5,Cameron Mathison,Edyta Sliwinska,Actor/Actress,Entertainment,Unknown,Canada,38,36-45,26.0,8.666666666666666,3,0.9947165093338144,0.12805024892395758,1066666.6370370404,136586.92839147375,5,8.0,0.5714285714285714,1.5
5,5,Jane Seymour,Tony Dovolani,Actor/Actress,Entertainment,Unknown,England,56,>55,26.0,8.666666666666666,3,0.980819999854393,0.12805024787097305,1066666.6370370404,136586.92726829028,6,7.0,0.5714285714285714,-0.5
5,5,Jennie Garth,Derek Hough,Actor/Actress,Entertainment,Illinois,United States,35,26-35,25.0,8.333333333333334,3,0.9860303818041389,0.12523978118508614,1066666.6370370404,133589.09621995065,4,9.0,0.42857142857142855,-0.5
5,5,Helio Castroneves,Julianne Hough,Racing Driver,Sports,Unknown,Brazil,32,26-35,23.0,7.666666666666667,3,0.9595458737344097,0.11970183823180863,1066666.6370370404,127681.95723387515,1,,0.2857142857142857,-0.5
5,5,Marie Osmond,Jonathan Roberts,Singer/Rapper,Entertainment,Utah,United States,47,46-55,21.0,7.0,3,0.9652627942595582,0.11429067016396456,1066666.6370370404,121910.0447885057,3,,0.0,-2.5
5,5,Mark Cuban,Kym Johnson,TV Personality,Media,Pennsylvania,United States,49,46-55,21.0,7.0,3,0.25068029257291535,0.11429067016396456,1066666.6370370404,121910.0447885057,8,5.0,0.0,0.5
5,6,Mel B,Maksim Chmerkoskiy,Singer/Rapper,Entertainment,Unknown,England,32,26-35,30.0,10.0,3,0.9891233293831869,0.15700129603146323,1133333.2962963006,177934.79635412953,2,,1.0,2.0
5,6,Helio Castroneves,Julianne Hough,Racing Driver,Sports,Unknown,Brazil,32,26-35,28.0,9.333333333333334,3,0.986561623829039,0.15027749046377184,1133333.2962963006,170314.4836264424,1,,0.8333333333333334,0.5
5,6,Jennie Garth,Derek Hough,Actor/Actress,Entertainment,Illinois,United States,35,26-35,27.0,9.0,3,0.9757477236733368,0.14695861674665878,1133333.2962963006,166553.0935366355,4,9.0,0.6666666666666666,0.0
5,6,Jane Seymour,Tony Dovolani,Actor/Actress,Entertainment,Unknown,England,56,>55,22.0,7.333333333333333,3,0.9616456078674781,0.14252532110599891,1133333.2962963006,161528.69197475046,6,7.0,0.0,-2.0
5,6,Cameron Mathison,Edyta Sliwinska,Actor/Actress,Entertainment,Unknown,Canada,38,36-45,25.0,8.333333333333334,3,0.9550795159936346,0.14040886562292898,1133333.2962963006,159130.04250565844,5,8.0,0.3333333333333333,-1.0
5,6,Marie Osmond,Jonathan Roberts,Singer/Rapper,Entertainment,Utah,United States,47,46-55,23.0,7.666666666666667,3,0.9479493495508801,0.13696977216393505,1133333.2962963006,155232.4033795058,3,,0.16666666666666666,-1.5
5,6,Sabrina Bryan,Mark Ballas,Actor/Actress,Entertainment,California,United States,23,≤25,25.0,8.333333333333334,3,0.5072470055385081,0.1258586378652432,1133333.2962963006,142639.78491917846,7,6.0,0.3333333333333333,-2.5
5,7,Mel B,Maksim Chmerkoskiy,Singer/Rapper,Entertainment,Unknown,England,32,26-35,27.0,9.0,3,0.9716710686056964,0.17067596408994043,1199999.9555555605,204811.14932233095,2,,1.0,-1.0
5,7,Jennie Garth,Derek Hough,Actor/Actress,Entertainment,Illinois,United States,35,26-35,26.5,8.833333333333334,3,0.9815251052004087,0.1686677686722753,1199999.9555555605,202401.3149103859,4,9.0,0.8,0.75
5,7,Helio Castroneves,Julianne Hough,Racing Driver,Sports,Unknown,Brazil,32,26-35,26.0,8.666666666666666,3,0.9436710785516949,0.16666355911500383,1199999.9555555605,199996.26353073612,1,,0.4,1.5
5,7,Marie Osmond,Jonathan Roberts,Singer/Rapper,Entertainment,Utah,United States,47,46-55,26.0,8.666666666666666,3,0.9710663875252992,0.16666355911500383,1199999.9555555605,199996.26353073612,3,,0.4,2.5
5,7,Cameron Mathison,Edyta Sliwinska,Actor/Actress,Entertainment,Unknown,Canada,38,36-45,25.5,8.5,3,0.8181000461029952,0.1646630814516399,1199999.9555555605,197595.69042360954,5,8.0,0.2,-0.25
5,7,Jane Seymour,Tony Dovolani,Actor/Actress,Entertainment,Unknown,England,56,>55,25.0,8.333333333333334,3,0.361803346967525,0.16266606755613672,1199999.9555555605,195199.27383776187,6,7.0,0.0,-0.5
5,8,Helio Castroneves,Julianne Hough,Racing Driver,Sports,Unknown,Brazil,32,26-35,28.5,9.5,3,0.9771352131626229,0.21117224683676228,1266666.6148148207,267484.8350435614,1,,1.0,0.25
5,8,Mel B,Maksim Chmerkoskiy,Singer/Rapper,Entertainment,Unknown,England,32,26-35,28.0,9.333333333333334,3,0.9891344565230703,0.20860608187903062,1266666.6148148207,264234.35956349503,2,,0.75,-1.0
5,8,Marie Osmond,Jonathan Roberts,Singer/Rapper,Entertainment,Utah,United States,47,46-55,24.5,8.166666666666666,3,0.9212948099887804,0.19720440122325406,1266666.6148148207,249792.2313240429,3,,0.0,0.75
5,8,Jennie Garth,Derek Hough,Actor/Actress,Entertainment,Illinois,United States,35,26-35,25.0,8.333333333333334,3,0.9493583222600949,0.19341743912142587,1266666.6148148207,244995.41285808818,4,9.0,0.25,-1.0
5,8,Cameron Mathison,Edyta Sliwinska,Actor/Actress,Entertainment,Unknown,Canada,38,36-45,25.5,8.5,3,0.3184922736924594,0.18959983093952718,1266666.6148148207,240159.77602563318,5,8.0,0.5,0.25
5,9,Helio Castroneves,Julianne Hough,Racing Driver,Sports,Unknown,Brazil,32,26-35,30.0,10.0,3,0.9577454922046816,0.25457315643347866,1333333.2740740809,339430.86015882326,1,,0.6666666666666666,2.0
5,9,Mel B,Maksim Chmerkoskiy,Singer/Rapper,Entertainment,Unknown,England,32,26-35,30.0,10.0,3,0.9141324012501533,0.2545731560635411,1333333.2740740809,339430.85966557317,2,,0.6666666666666666,1.5
5,9,Marie Osmond,Jonathan Roberts,Singer/Rapper,Entertainment,Utah,United States,47,46-55,28.0,9.333333333333334,3,0.8761110209408498,0.24970035226197093,1333333.2740740809,332933.78821890504,3,,0.0,1.0
5,9,Jennie Garth,Derek Hough,Actor/Actress,Entertainment,Illinois,United States,35,26-35,29.0,9.666666666666666,3,0.25175338912581124,0.24115333524100938,1333333.2740740809,321537.76603077946,4,9.0,0.3333333333333333,1.25
5,10,Mel B,Maksim Chmerkoskiy,Singer/Rapper,Entertainment,Unknown,England,32,26-35,28.3332,9.4444,3,0.9444678099546592,0.3515618028381759,1399999.9333333408,492186.50053599535,2,,1.0,0.16660000000000075
5,10,Helio Castroneves,Julianne Hough,Racing Driver,Sports,Unknown,Brazil,32,26-35,27.999900000000004,9.3333,3,0.9472138931380659,0.3482918466614094,1399999.9333333408,487608.5621065193,1,,0.5,-0.2500499999999981
5,10,Marie Osmond,Jonathan Roberts,Singer/Rapper,Entertainment,Utah,United States,47,46-55,23.0,7.666666666666667,3,0.7204339855352587,0.30014635050041466,1399999.9333333408,420204.8706908261,3,,0.0,-0.75
6,1,Kristi Yamaguchi,Mark Ballas,Athlete,Sports,California,United States,36,36-45,27.0,9.0,3,0.9970303077967674,0.09631199033819257,800000.0,77049.59227055406,1,,1.0,1.0
6,1,Priscilla Presley,Louis van Amstel,Actor/Actress,Entertainment,New York,United States,62,>55,24.0,8.0,3,0.9974988640058808,0.09035093158603301,800000.0,72280.7452688264,8,5.0,0.8181818181818182,1.0
6,1,Mario,Karina Smirnoff,Singer/Rapper,Entertainment,Maryland,United States,21,≤25,24.0,8.0,3,0.9949005874134216,0.0903509296449921,800000.0,72280.74371599368,5,8.0,0.8181818181818182,1.0
6,1,Jason Taylor,Edyta Sliwinska,Athlete,Sports,Pennsylvania,United States,33,26-35,22.0,7.333333333333333,3,0.9970726993888406,0.08648379592717727,800000.0,69187.03674174182,2,,0.6363636363636364,1.0
6,1,Marlee Matlin,Fabian Sanchez,Actor/Actress,Entertainment,Illinois,United States,42,36-45,22.0,7.333333333333333,3,0.9965301056506911,0.08648379415212748,800000.0,69187.03532170199,7,6.0,0.6363636363636364,1.0
6,1,Cristian de la Fuente,Cheryl Burke,Actor/Actress,Entertainment,Unknown,Chile,34,26-35,21.0,7.0,3,0.9968796884967006,0.08458411096317182,800000.0,67667.28877053746,3,,0.45454545454545453,1.0
6,1,Shannon Elizabeth,Derek Hough,Actor/Actress,Entertainment,Texas,United States,34,26-35,21.0,7.0,3,0.9965976398572333,0.08458411096317182,800000.0,67667.28877053746,6,7.0,0.45454545454545453,1.0
6,1,Steve Guttenberg,Anna Trebunskaya,Actor/Actress,Entertainment,New York,United States,49,46-55,18.0,6.0,3,0.9834029170431351,0.07902621910810254,800000.0,63220.975286482026,10,3.0,0.2727272727272727,1.0
6,1,Marissa Jaret Winokur,Tony Dovolani,Actor/Actress,Entertainment,New York,United States,35,26-35,18.0,6.0,3,0.9813218826788298,0.07902621894211143,800000.0,63220.97515368914,4,9.0,0.2727272727272727,1.0
6,1,Penn Jillette,Kym Johnson,Magician,Entertainment,Massachusetts,United States,53,46-55,16.0,5.333333333333333,3,0.9655582050720157,0.0754392272045793,800000.0,60351.381763663434,12,2.0,0.18181818181818182,1.0
6,1,Adam Carolla,Julianne Hough,Radio Personality,Media,California,United States,43,36-45,15.0,5.0,3,0.9086325926234858,0.07367933558517038,800000.0,58943.46846813631,9,4.0,0.0,1.0
6,1,Monica Seles,Jonathan Roberts,Athlete,Sports,Unknown,Yugoslavia,34,26-35,15.0,5.0,3,0.9402729914153981,0.07367933558517038,800000.0,58943.46846813631,11,2.0,0.0,1.0
6,2,Jason Taylor,Edyta Sliwinska,Athlete,Sports,Pennsylvania,United States,33,26-35,27.0,9.0,3,0.9965583043142645,0.09335329142237006,866666.6592592602,80906.1852078816,2,,0.9090909090909091,5.0
6,2,Kristi Yamaguchi,Mark Ballas,Athlete,Sports,California,United States,36,36-45,27.0,9.0,3,0.9970161592299474,0.09335329142237006,866666.6592592602,80906.1852078816,1,,0.9090909090909091,0.0
6,2,Mario,Karina Smirnoff,Singer/Rapper,Entertainment,Maryland,United States,21,≤25,26.0,8.666666666666666,3,0.99431254074038,0.09148421640520144,866666.6592592602,79286.32020684713,5,8.0,0.8181818181818182,2.0
6,2,Shannon Elizabeth,Derek Hough,Actor/Actress,Entertainment,Texas,United States,34,26-35,24.0,8.0,3,0.9957936382037689,0.08780284923388855,866666.6592592602,76095.80201897868,6,7.0,0.6363636363636364,3.0
6,2,Marlee Matlin,Fabian Sanchez,Actor/Actress,Entertainment,Illinois,United States,42,36-45,24.0,8.0,3,0.9953289367617901,0.08780284835737034,866666.6592592602,76095.80125932957,7,6.0,0.6363636363636364,2.0
6,2,Marissa Jaret Winokur,Tony Dovolani,Actor/Actress,Entertainment,New York,United States,35,26-35,21.0,7.0,3,0.992059115495034,0.08243038579234399,866666.6592592602,71439.66707610275,4,9.0,0.45454545454545453,3.0
6,2,Priscilla Presley,Louis van Amstel,Actor/Actress,Entertainment,New York,United States,62,>55,21.0,7.0,3,0.9953979827679587,0.08243038560290913,866666.6592592602,71439.66691192587,8,5.0,0.45454545454545453,-3.0
6,2,Cristian de la Fuente,Cheryl Burke,Actor/Actress,Entertainment,Unknown,Chile,34,26-35,20.0,6.666666666666667,3,0.9756794395398551,0.08068125858052883,866666.6592592602,69923.75683881943,3,,0.36363636363636365,-1.0
6,2,Adam Carolla,Julianne Hough,Radio Personality,Media,California,United States,43,36-45,19.0,6.333333333333333,3,0.9537625636384993,0.07895344941565348,866666.6592592602,68426.32224205938,9,4.0,0.2727272727272727,4.0
6,2,Penn Jillette,Kym Johnson,Magician,Entertainment,Massachusetts,United States,53,46-55,17.0,5.666666666666667,3,0.16299242844711972,0.0755614848579627,866666.6592592602,65486.61965051971,12,2.0,0.18181818181818182,1.0
6,2,Steve Guttenberg,Anna Trebunskaya,Actor/Actress,Entertainment,New York,United States,49,46-55,16.0,5.333333333333333,3,0.9459611630074956,0.07389631432704837,866666.6592592602,64043.47186939521,10,3.0,0.09090909090909091,-2.0
6,2,Monica Seles,Jonathan Roberts,Athlete,Sports,Unknown,Yugoslavia,34,26-35,15.0,5.0,3,0.10888300604784218,0.07225022458235315,866666.6592592602,62616.860769519284,11,2.0,0.0,0.0
6,3,Kristi Yamaguchi,Mark Ballas,Athlete,Sports,California,United States,36,36-45,27.0,9.0,3,0.9969205691367967,0.10932937026290207,933333.3185185202,102040.7439590144,1,,1.0,0.0
6,3,Priscilla Presley,Louis van Amstel,Actor/Actress,Entertainment,New York,United States,62,>55,26.0,8.666666666666666,3,0.9964487892927094,0.10705549417279822,933333.3185185202,99918.45964193786,8,5.0,0.8888888888888888,1.0
6,3,Cristian de la Fuente,Cheryl Burke,Actor/Actress,Entertainment,Unknown,Chile,34,26-35,25.0,8.333333333333334,3,0.9901011763512373,0.10480181027752648,933333.3185185202,97815.02137307214,3,,0.7777777777777778,2.0
6,3,Shannon Elizabeth,Derek Hough,Actor/Actress,Entertainment,Texas,United States,34,26-35,24.0,8.0,3,0.995404965045427,0.10256888647165534,933333.3185185202,95730.95918733942,6,7.0,0.6666666666666666,1.5
6,3,Jason Taylor,Edyta Sliwinska,Athlete,Sports,Pennsylvania,United States,33,26-35,23.0,7.666666666666667,3,0.9926353739826745,0.1003577507420585,933333.3185185202,93667.23253913994,2,,0.5555555555555556,0.5
6,3,Marissa Jaret Winokur,Tony Dovolani,Actor/Actress,Entertainment,New York,United States,35,26-35,19.0,6.333333333333333,3,0.9381626574136426,0.0983165654156266,933333.3185185202,91762.12626470995,4,9.0,0.0,0.5
6,3,Mario,Karina Smirnoff,Singer/Rapper,Entertainment,Maryland,United States,21,≤25,21.0,7.0,3,0.9678543976624279,0.09600849979201212,933333.3185185202,89607.93171686333,5,8.0,0.1111111111111111,-1.5
6,3,Marlee Matlin,Fabian Sanchez,Actor/Actress,Entertainment,Illinois,United States,42,36-45,21.0,7.0,3,0.9714625772030553,0.09600849979201212,933333.3185185202,89607.93171686333,7,6.0,0.1111111111111111,-0.5
6,3,Adam Carolla,Julianne Hough,Radio Personality,Media,California,United States,43,36-45,21.0,7.0,3,0.9469802037894571,0.09600849621557947,933333.3185185202,89607.92837885958,9,4.0,0.1111111111111111,3.0
6,3,Steve Guttenberg,Anna Trebunskaya,Actor/Actress,Entertainment,New York,United States,49,46-55,21.0,7.0,3,0.3950983076386987,0.08954462685782914,933333.3185185202,83574.98374072029,10,3.0,0.1111111111111111,1.5
6,4,Jason Taylor,Edyta Sliwinska,Athlete,Sports,Pennsylvania,United States,33,26-35,29.0,9.666666666666666,3,0.9959768245396584,0.12053459286562436,999999.9777777803,120534.59018707815,2,,0.875,1.0
6,4,Kristi Yamaguchi,Mark Ballas,Athlete,Sports,California,United States,36,36-45,29.0,9.666666666666666,3,0.9955136854489739,0.12053459286562436,999999.9777777803,120534.59018707815,1,,0.875,1.0
6,4,Shannon Elizabeth,Derek Hough,Actor/Actress,Entertainment,Texas,United States,34,26-35,28.0,9.333333333333334,3,0.9947505129049757,0.11810977210513086,999999.9777777803,118109.76948046955,6,7.0,0.75,2.0
6,4,Cristian de la Fuente,Cheryl Burke,Actor/Actress,Entertainment,Unknown,Chile,34,26-35,26.0,8.666666666666666,3,0.9928143827151586,0.1133368801747306,999999.9777777803,113336.87765613355,3,,0.625,3.0
6,4,Mario,Karina Smirnoff,Singer/Rapper,Entertainment,Maryland,United States,21,≤25,24.0,8.0,3,0.9510213304771856,0.10866639453326855,999999.9777777803,108666.39211846006,5,8.0,0.25,-1.0
6,4,Marissa Jaret Winokur,Tony Dovolani,Actor/Actress,Entertainment,New York,United States,35,26-35,24.0,8.0,3,0.87924412499354,0.10866639453326855,999999.9777777803,108666.39211846006,4,9.0,0.25,1.5
6,4,Marlee Matlin,Fabian Sanchez,Actor/Actress,Entertainment,Illinois,United States,42,36-45,24.0,8.0,3,0.958727254841452,0.10866639453326855,999999.9777777803,108666.39211846006,7,6.0,0.25,0.0
6,4,Priscilla Presley,Louis van Amstel,Actor/Actress,Entertainment,New York,United States,62,>55,22.0,7.333333333333333,3,0.9718121203969312,0.10409417563560097,999999.9777777803,104094.17332239733,8,5.0,0.125,0.5
6,4,Adam Carolla,Julianne Hough,Radio Personality,Media,California,United States,43,36-45,19.0,6.333333333333333,3,0.1385617603233464,0.09739080275348318,999999.9777777803,97390.80058924336,9,4.0,0.0,0.0
6,5,Kristi Yamaguchi,Mark Ballas,Athlete,Sports,California,United States,36,36-45,29.0,9.666666666666666,3,0.9951636764659555,0.13793907063562924,1066666.6370370404,147135.00459092142,1,,1.0,1.0
6,5,Jason Taylor,Edyta Sliwinska,Athlete,Sports,Pennsylvania,United States,33,26-35,27.0,9.0,3,0.9956570831347928,0.13207426183137183,1066666.6370370404,140879.20870681893,2,,0.7142857142857143,2.0
6,5,Mario,Karina Smirnoff,Singer/Rapper,Entertainment,Maryland,United States,21,≤25,27.0,9.0,3,0.9938739956684443,0.13207426183137183,1066666.6370370404,140879.20870681893,5,8.0,0.7142857142857143,3.0
6,5,Marissa Jaret Winokur,Tony Dovolani,Actor/Actress,Entertainment,New York,United States,35,26-35,24.0,8.0,3,0.9819764345934836,0.12348946013176783,1066666.6370370404,131722.08714827246,4,9.0,0.5714285714285714,2.5
6,5,Shannon Elizabeth,Derek Hough,Actor/Actress,Entertainment,Texas,United States,34,26-35,23.0,7.666666666666667,3,0.9746367131887426,0.12068354490276155,1066666.6370370404,128729.11098713732,6,7.0,0.2857142857142857,-0.5
6,5,Cristian de la Fuente,Cheryl Burke,Actor/Actress,Entertainment,Unknown,Chile,34,26-35,23.0,7.666666666666667,3,0.9749360262975733,0.12068354407947254,1066666.6370370404,128729.11010896241,3,,0.2857142857142857,-1.0
6,5,Marlee Matlin,Fabian Sanchez,Actor/Actress,Entertainment,Illinois,United States,42,36-45,22.0,7.333333333333333,3,0.9580848134440358,0.11790449328525818,1066666.6370370404,125764.78934414266,7,6.0,0.14285714285714285,0.5
6,5,Priscilla Presley,Louis van Amstel,Actor/Actress,Entertainment,New York,United States,62,>55,21.0,7.0,3,0.19917951335761247,0.11515136330236699,1066666.6370370404,122828.11744396626,8,5.0,0.0,-2.5
6,6,Kristi Yamaguchi,Mark Ballas,Athlete,Sports,California,United States,36,36-45,30.0,10.0,3,0.9949155279400739,0.1570202726814516,1133333.2962963006,177956.3032234135,1,,1.0,0.5
6,6,Mario,Karina Smirnoff,Singer/Rapper,Entertainment,Maryland,United States,21,≤25,28.0,9.333333333333334,3,0.9930933437478936,0.15028730368549895,1133333.2962963006,170325.60527736967,5,8.0,0.8333333333333334,2.0
6,6,Cristian de la Fuente,Cheryl Burke,Actor/Actress,Entertainment,Unknown,Chile,34,26-35,27.0,9.0,3,0.984291609138446,0.14696624682993245,1133333.2962963006,166561.7409640631,3,,0.6666666666666666,0.5
6,6,Marissa Jaret Winokur,Tony Dovolani,Actor/Actress,Entertainment,New York,United States,35,26-35,26.0,8.666666666666666,3,0.9876731687728608,0.14367574951308223,1133333.2962963006,162832.51079350308,4,9.0,0.5,1.0
6,6,Jason Taylor,Edyta Sliwinska,Athlete,Sports,Pennsylvania,United States,33,26-35,24.0,8.0,3,0.9479638092759093,0.13718649109231107,1133333.2962963006,155478.018156972,2,,0.16666666666666666,-2.5
6,6,Shannon Elizabeth,Derek Hough,Actor/Actress,Entertainment,Texas,United States,34,26-35,24.0,8.0,3,0.8535704237742919,0.13718649045593806,1133333.2962963006,155478.01743574927,6,7.0,0.16666666666666666,-2.0
6,6,Marlee Matlin,Fabian Sanchez,Actor/Actress,Entertainment,Illinois,United States,42,36-45,21.0,7.0,3,0.2110165244572571,0.12767744574178563,1133333.2962963006,144701.10044522997,7,6.0,0.0,-1.5
6,7,Jason Taylor,Edyta Sliwinska,Athlete,Sports,Pennsylvania,United States,33,26-35,27.5,9.166666666666666,3,0.9648850407159747,0.17373936195951747,1199999.9555555605,208487.22662967243,2,,1.0,0.25
6,7,Kristi Yamaguchi,Mark Ballas,Athlete,Sports,California,United States,36,36-45,27.0,9.0,3,0.9862959551162651,0.17169594420445272,1199999.9555555605,206035.12541441325,1,,0.8,-1.0
6,7,Cristian de la Fuente,Cheryl Burke,Actor/Actress,Entertainment,Unknown,Chile,34,26-35,23.0,7.666666666666667,3,0.8758615654444861,0.16875243161856673,1199999.9555555605,202502.91044217284,3,,0.0,0.0
6,7,Marissa Jaret Winokur,Tony Dovolani,Actor/Actress,Entertainment,New York,United States,35,26-35,26.0,8.666666666666666,3,0.9514780191840674,0.16763134482738284,1199999.9555555605,201157.60634257825,4,9.0,0.6,1.0
6,7,Mario,Karina Smirnoff,Singer/Rapper,Entertainment,Maryland,United States,21,≤25,25.5,8.5,3,0.8690453951578427,0.16560973162147302,1199999.9555555605,198731.67058533593,5,8.0,0.2,-0.75
6,7,Shannon Elizabeth,Derek Hough,Actor/Actress,Entertainment,Texas,United States,34,26-35,25.5,8.5,3,0.33489568931142577,0.15257118576860712,1199999.9555555605,183085.41614138772,6,7.0,0.2,1.25
6,8,Cristian de la Fuente,Cheryl Burke,Actor/Actress,Entertainment,Unknown,Chile,34,26-35,28.5,9.5,3,0.9186502087230691,0.2090218828067561,1266666.6148148207,264761.0407170539,3,,1.0,0.75
6,8,Kristi Yamaguchi,Mark Ballas,Athlete,Sports,California,United States,36,36-45,27.5,9.166666666666666,3,0.9828746353944493,0.20396624082486256,1266666.6148148207,258357.22780213313,1,,0.75,-1.25
6,8,Marissa Jaret Winokur,Tony Dovolani,Actor/Actress,Entertainment,New York,United States,35,26-35,25.0,8.333333333333334,3,0.8848121361624587,0.20088561664420965,1266666.6148148207,254455.10399970884,4,9.0,0.0,-0.5
6,8,Jason Taylor,Edyta Sliwinska,Athlete,Sports,Pennsylvania,United States,33,26-35,26.0,8.666666666666666,3,0.9224660017350488,0.1964766092886873,1266666.6148148207,248870.3615779957,2,,0.25,1.0
6,8,Mario,Karina Smirnoff,Singer/Rapper,Entertainment,Maryland,United States,21,≤25,26.5,8.833333333333334,3,0.2853063672237827,0.18964965043548448,1266666.6148148207,240222.88071792922,5,8.0,0.5,-0.75
6,9,Kristi Yamaguchi,Mark Ballas,Athlete,Sports,California,United States,36,36-45,28.5,9.5,3,0.9101385933916708,0.2564884106230047,1333333.2740740809,341984.5322980281,1,,1.0,0.75
6,9,Cristian de la Fuente,Cheryl Burke,Actor/Actress,Entertainment,Unknown,Chile,34,26-35,28.0,9.333333333333334,3,0.9643722878630532,0.253232279401829,1333333.2740740809,337643.02419608313,3,,0.6666666666666666,2.5
6,9,Jason Taylor,Edyta Sliwinska,Athlete,Sports,Pennsylvania,United States,33,26-35,27.5,9.166666666666666,3,0.9077961183689586,0.24998492628838595,1333333.2740740809,333313.2202372614,2,,0.3333333333333333,0.0
6,9,Marissa Jaret Winokur,Tony Dovolani,Actor/Actress,Entertainment,New York,United States,35,26-35,26.0,8.666666666666666,3,0.24693374408991975,0.24029438368678038,1333333.2740740809,320392.4973427083,4,9.0,0.0,0.0
6,10,Kristi Yamaguchi,Mark Ballas,Athlete,Sports,California,United States,36,36-45,30.0,10.0,3,0.7106581812179154,0.3500255798734715,1399999.9333333408,490035.78848782403,1,,1.0,1.25
6,10,Jason Taylor,Edyta Sliwinska,Athlete,Sports,Pennsylvania,United States,33,26-35,28.5,9.5,3,0.8959577305804276,0.3363027578654126,1399999.9333333408,470823.8385913963,2,,0.5,1.25
6,10,Cristian de la Fuente,Cheryl Burke,Actor/Actress,Entertainment,Unknown,Chile,34,26-35,26.0,8.666666666666666,3,0.2761123694230195,0.3136716622611159,1399999.9333333408,439140.3062541205,3,,0.0,-1.25
7,1,Brooke Burke,Derek Hough,TV Personality,Media,Connecticut,United States,37,36-45,24.5,8.166666666666666,3,0.9967913075960885,0.08592440785814497,800000.0,68739.52628651597,1,,1.0,1.0
7,1,Toni Braxton,Alec Mazo,Singer/Rapper,Entertainment,Maryland,United States,40,36-45,22.5,7.5,3,0.9963731194778728,0.08229564723234663,800000.0,65836.5177858773,8,5.0,0.9166666666666666,1.0
7,1,Lance Bass,Lacey Schwimmer,Singer/Rapper,Entertainment,Mississippi,United States,29,26-35,21.5,7.166666666666667,3,0.9959549534535066,0.08051544646304282,800000.0,64412.357170434254,3,,0.75,1.0
7,1,Warren Sapp,Kym Johnson,Athlete,Sports,Florida,United States,35,26-35,21.5,7.166666666666667,3,0.9967544424781726,0.08051544434831466,800000.0,64412.35547865173,2,,0.75,1.0
7,1,Misty May-Treanor,Maksim Chmerkoskiy,Athlete,Sports,California,United States,31,26-35,21.0,7.0,3,0.9931831056595029,0.07963370143551161,800000.0,63706.96114840929,10,-1.0,0.6666666666666666,1.0
7,1,Cody Linley,Julianne Hough,Actor/Actress,Entertainment,Texas,United States,18,≤25,20.5,6.833333333333333,3,0.9949313937836696,0.07875745533280665,800000.0,63005.96426624532,4,9.0,0.5833333333333334,1.0
7,1,Maurice Greene,Cheryl Burke,Athlete,Sports,Kansas,United States,34,26-35,19.5,6.5,3,0.9942078649841245,0.07702117556065174,800000.0,61616.940448521396,5,8.0,0.5,1.0
7,1,Ted McGinley,Inna Brayer,Actor/Actress,Entertainment,California,United States,50,46-55,18.5,6.166666666666667,3,0.1184489140838941,0.07530612124223089,800000.0,60244.896993784714,12,1.0,0.25,1.0
7,1,Kim Kardashian,Mark Ballas,TV Personality,Media,California,United States,27,26-35,18.5,6.166666666666667,3,0.9801809814320183,0.0753061175728109,800000.0,60244.89405824872,11,2.0,0.25,1.0
7,1,Susan Lucci,Tony Dovolani,Actor/Actress,Entertainment,New York,United States,61,>55,18.5,6.166666666666667,3,0.9905795871094378,0.0753061175728109,800000.0,60244.89405824872,6,7.0,0.25,1.0
7,1,Rocco DiSpirito,Karina Smirnoff,TV Personality,Media,New York,United States,41,36-45,17.5,5.833333333333333,3,0.9869220392861126,0.07361193533344845,800000.0,58889.548266758764,9,4.0,0.16666666666666666,1.0
7,1,Cloris Leachman,Corky Ballas,Actor/Actress,Entertainment,Iowa,United States,82,>55,16.0,5.333333333333333,3,0.9900882557984633,0.0711096967514207,800000.0,56887.757401136565,7,6.0,0.08333333333333333,1.0
7,1,Jeffrey Ross,Edyta Sliwinska,Comedian,Entertainment,New Jersey,United States,43,36-45,12.0,4.0,3,0.13063120782171372,0.06469673329645916,800000.0,51757.38663716732,13,1.0,0.0,1.0
7,2,Brooke Burke,Derek Hough,TV Personality,Media,Connecticut,United States,37,36-45,24.0,8.0,3,0.9965661702363516,0.09938264584259104,866666.6592592602,86131.62566074458,1,,0.9,-0.5
7,2,Warren Sapp,Kym Johnson,Athlete,Sports,Florida,United States,35,26-35,24.0,8.0,3,0.9955482034755249,0.09938264402044358,866666.6592592602,86131.62408155012,2,,0.9,2.5
7,2,Toni Braxton,Alec Mazo,Singer/Rapper,Entertainment,Maryland,United States,40,36-45,23.0,7.666666666666667,3,0.9961363095019338,0.09715009032863219,866666.6592592602,84196.74423185101,8,5.0,0.8,0.5
7,2,Misty May-Treanor,Maksim Chmerkoskiy,Athlete,Sports,California,United States,31,26-35,21.0,7.0,3,0.9934456980440539,0.09276266987280052,866666.6592592602,80394.31320262965,10,-1.0,0.5,0.0
7,2,Susan Lucci,Tony Dovolani,Actor/Actress,Entertainment,New York,United States,61,>55,21.0,7.0,3,0.9939129253927153,0.09276266857923973,866666.6592592602,80394.31208154364,6,7.0,0.5,2.5
7,2,Cody Linley,Julianne Hough,Actor/Actress,Entertainment,Texas,United States,18,≤25,21.0,7.0,3,0.9947069430761196,0.09276265611744167,866666.6592592602,80394.30128131874,4,9.0,0.5,0.5
7,2,Lance Bass,Lacey Schwimmer,Singer/Rapper,Entertainment,Mississippi,United States,29,26-35,20.0,6.666666666666667,3,0.9827192394568456,0.09060641682493908,866666.6592592602,78525.56057712199,3,,0.4,-1.5
7,2,Maurice Greene,Cheryl Burke,Athlete,Sports,Kansas,United States,34,26-35,19.0,6.333333333333333,3,0.9834252244063988,0.08847369810392272,866666.6592592602,76677.20436803905,5,8.0,0.3,-0.5
7,2,Cloris Leachman,Corky Ballas,Actor/Actress,Entertainment,Iowa,United States,82,>55,15.0,5.0,3,0.8898851261839881,0.08676367231157374,866666.6592592602,75195.18202733678,7,6.0,0.0,-1.0
7,2,Rocco DiSpirito,Karina Smirnoff,TV Personality,Media,New York,United States,41,36-45,16.0,5.333333333333333,3,0.9046766884716484,0.0822389484512291,866666.6592592602,71273.75471522124,9,4.0,0.1,-1.5
7,2,Kim Kardashian,Mark Ballas,TV Personality,Media,California,United States,27,26-35,17.0,5.666666666666667,3,0.1800389108222177,0.07771388954718657,866666.6592592602,67352.03703190332,11,2.0,0.2,-1.5
7,3,Brooke Burke,Derek Hough,TV Personality,Media,Connecticut,United States,37,36-45,28.0,9.333333333333334,3,0.9954455293713691,0.12704576761235747,933333.3185185202,118576.04788937434,1,,1.0,1.75
7,3,Warren Sapp,Kym Johnson,Athlete,Sports,Florida,United States,35,26-35,25.0,8.333333333333334,3,0.9953900208365388,0.1187122981101205,933333.3185185202,110798.14314407863,2,,0.875,1.75
7,3,Maurice Greene,Cheryl Burke,Athlete,Sports,Kansas,United States,34,26-35,24.0,8.0,3,0.9907012607723674,0.11599726199566394,933333.3185185202,108264.10947747526,5,8.0,0.75,2.25
7,3,Lance Bass,Lacey Schwimmer,Singer/Rapper,Entertainment,Mississippi,United States,29,26-35,22.0,7.333333333333333,3,0.9699893805831147,0.11066375657005864,933333.3185185202,103286.17115925852,3,,0.5,0.25
7,3,Toni Braxton,Alec Mazo,Singer/Rapper,Entertainment,Maryland,United States,40,36-45,22.0,7.333333333333333,3,0.9891969280462445,0.11066375657005864,933333.3185185202,103286.17115925852,8,5.0,0.5,-0.25
7,3,Cody Linley,Julianne Hough,Actor/Actress,Entertainment,Texas,United States,18,≤25,21.0,7.0,3,0.9819222726360995,0.10804505717695982,933333.3185185202,100842.05176449518,4,9.0,0.25,0.25
7,3,Susan Lucci,Tony Dovolani,Actor/Actress,Entertainment,New York,United States,61,>55,21.0,7.0,3,0.9777080926046325,0.10804505717695982,933333.3185185202,100842.05176449518,6,7.0,0.25,1.25
7,3,Rocco DiSpirito,Karina Smirnoff,TV Personality,Media,New York,United States,41,36-45,20.0,6.666666666666667,3,0.9422937940841982,0.10545744446390504,933333.3185185202,98426.94660397904,9,4.0,0.125,1.25
7,3,Cloris Leachman,Corky Ballas,Actor/Actress,Entertainment,Iowa,United States,82,>55,16.0,5.333333333333333,3,0.8954964908642438,0.09536960032391617,933333.3185185202,89011.62555610562,7,6.0,0.0,0.0
7,4,Brooke Burke,Derek Hough,TV Personality,Media,Connecticut,United States,37,36-45,26.0,8.666666666666666,3,0.9947418562831001,0.12011608227952049,999999.9777777803,120116.07961027451,1,,0.875,1.0
7,4,Lance Bass,Lacey Schwimmer,Singer/Rapper,Entertainment,Mississippi,United States,29,26-35,26.0,8.666666666666666,3,0.9942817231759087,0.12011608227952049,999999.9777777803,120116.07961027451,3,,0.875,3.0
7,4,Susan Lucci,Tony Dovolani,Actor/Actress,Entertainment,New York,United States,61,>55,24.0,8.0,3,0.9917774847240893,0.11480422283333545,999999.9777777803,114804.22028213079,6,7.0,0.75,1.5
7,4,Cody Linley,Julianne Hough,Actor/Actress,Entertainment,Texas,United States,18,≤25,23.0,7.666666666666667,3,0.9864702607897197,0.11218372927838056,999999.9777777803,112183.72678540908,4,9.0,0.625,1.0
7,4,Cloris Leachman,Corky Ballas,Actor/Actress,Entertainment,Iowa,United States,82,>55,22.0,7.333333333333333,3,0.9288750359251978,0.10958905604456647,999999.9777777803,109589.05360925438,7,6.0,0.25,3.5
7,4,Toni Braxton,Alec Mazo,Singer/Rapper,Entertainment,Maryland,United States,40,36-45,22.0,7.333333333333333,3,0.9744170977147911,0.10958905601664179,999999.9777777803,109589.0535813297,8,5.0,0.25,-0.5
7,4,Warren Sapp,Kym Johnson,Athlete,Sports,Florida,United States,35,26-35,22.0,7.333333333333333,3,0.962048508612029,0.10958905601664179,999999.9777777803,109589.0535813297,2,,0.25,-1.0
7,4,Maurice Greene,Cheryl Burke,Athlete,Sports,Kansas,United States,34,26-35,20.0,6.666666666666667,3,0.9734056101883145,0.1044870591832983,999999.9777777803,104487.05686136392,5,8.0,0.125,0.5
7,4,Rocco DiSpirito,Karina Smirnoff,TV Personality,Media,New York,United States,41,36-45,18.0,6.0,3,0.1602303792197167,0.0995256560680947,999999.9777777803,99525.6538564137,9,4.0,0.0,1.0
7,5,Lance Bass,Lacey Schwimmer,Singer/Rapper,Entertainment,Mississippi,United States,29,26-35,21.0,7.0,3,0.9512934787231645,0.19176025253535048,1066666.6370370404,204544.2636892559,3,,0.0,-0.5
7,5,Susan Lucci,Tony Dovolani,Actor/Actress,Entertainment,New York,United States,61,>55,22.0,7.333333333333333,3,0.9488715289016963,0.18304387781630613,1066666.6370370404,195246.79758053817,6,7.0,0.2857142857142857,0.5
7,5,Cody Linley,Julianne Hough,Actor/Actress,Entertainment,Texas,United States,18,≤25,28.0,9.333333333333334,3,0.9954406633438053,0.14382019111365793,1066666.6370370404,153408.19959322995,4,9.0,0.8571428571428571,3.5
7,5,Brooke Burke,Derek Hough,TV Personality,Media,Connecticut,United States,37,36-45,29.0,9.666666666666666,3,0.9944208663714775,0.1388608743497151,1066666.6370370404,148118.26185863366,1,,1.0,0.5
7,5,Cloris Leachman,Corky Ballas,Actor/Actress,Entertainment,Iowa,United States,82,>55,21.0,7.0,3,0.9628245285248285,0.09588012626767524,1066666.6370370404,102272.13184462795,7,6.0,0.0,2.5
7,5,Toni Braxton,Alec Mazo,Singer/Rapper,Entertainment,Maryland,United States,40,36-45,22.0,7.333333333333333,3,0.19273551433063,0.09152193890815306,1066666.6370370404,97623.39879026909,8,5.0,0.2857142857142857,0.0
7,5,Warren Sapp,Kym Johnson,Athlete,Sports,Florida,United States,35,26-35,25.0,8.333333333333334,3,0.9878675260927906,0.08053930667847999,1066666.6370370404,85908.5914040291,2,,0.5714285714285714,0.0
7,5,Maurice Greene,Cheryl Burke,Athlete,Sports,Kansas,United States,34,26-35,27.0,9.0,3,0.9927810454804133,0.074573432330662,1066666.6370370404,79544.99227645654,5,8.0,0.7142857142857143,1.5
7,6,Lance Bass,Lacey Schwimmer,Singer/Rapper,Entertainment,Mississippi,United States,29,26-35,27.0,9.0,3,0.9886620437875371,0.15813100265026936,1133333.2962963006,179215.13048026882,3,,1.0,0.5
7,6,Brooke Burke,Derek Hough,TV Personality,Media,Connecticut,United States,37,36-45,26.0,8.666666666666666,3,0.9942939352412729,0.1543135020320465,1133333.2962963006,174888.62992100514,1,,0.8333333333333334,0.0
7,6,Warren Sapp,Kym Johnson,Athlete,Sports,Florida,United States,35,26-35,25.0,8.333333333333334,3,0.9903584439229453,0.1505354040996567,1133333.2962963006,170606.78573755958,2,,0.6666666666666666,1.5
7,6,Cody Linley,Julianne Hough,Actor/Actress,Entertainment,Texas,United States,18,≤25,23.0,7.666666666666667,3,0.9849378681737202,0.1431011280802778,1133333.2962963006,162181.27319094035,4,9.0,0.3333333333333333,0.0
7,6,Susan Lucci,Tony Dovolani,Actor/Actress,Entertainment,New York,United States,61,>55,23.0,7.666666666666667,3,0.9492341115269775,0.1431011280802778,1133333.2962963006,162181.27319094035,6,7.0,0.3333333333333333,-0.5
7,6,Maurice Greene,Cheryl Burke,Athlete,Sports,Kansas,United States,34,26-35,21.0,7.0,3,0.977189961040188,0.13583411510301596,1133333.2962963006,153945.3254191922,5,8.0,0.16666666666666666,0.5
7,6,Cloris Leachman,Corky Ballas,Actor/Actress,Entertainment,Iowa,United States,82,>55,15.0,5.0,3,0.11264623464305232,0.11498371995445597,1133333.2962963006,130314.8783563943,7,6.0,0.0,-3.5
7,7,Brooke Burke,Derek Hough,TV Personality,Media,Connecticut,United States,37,36-45,30.0,10.0,3,0.9895927127472524,0.1902876780475624,1199999.9555555605,228345.2051998457,1,,1.0,0.5
7,7,Maurice Greene,Cheryl Burke,Athlete,Sports,Kansas,United States,34,26-35,25.0,8.333333333333334,3,0.9706720751668407,0.16845897468297694,1199999.9555555605,202150.76213250763,5,8.0,0.6,-1.0
7,7,Lance Bass,Lacey Schwimmer,Singer/Rapper,Entertainment,Mississippi,United States,29,26-35,25.0,8.333333333333334,3,0.9874195188771884,0.16845848085204282,1199999.9555555605,202150.16953540864,3,,0.6,2.0
7,7,Warren Sapp,Kym Johnson,Athlete,Sports,Florida,United States,35,26-35,21.0,7.0,3,0.9071240521819449,0.16666859192707836,1199999.9555555605,200002.30290500188,2,,0.0,-2.0
7,7,Cody Linley,Julianne Hough,Actor/Actress,Entertainment,Texas,United States,18,≤25,22.0,7.333333333333333,3,0.9403051305924822,0.1598658670611351,1199999.9555555605,191839.03336821325,4,9.0,0.2,-3.0
7,7,Susan Lucci,Tony Dovolani,Actor/Actress,Entertainment,New York,United States,61,>55,24.0,8.0,3,0.20854861877421607,0.14626040742920451,1199999.9555555605,175512.4824145836,6,7.0,0.4,1.0
7,8,Brooke Burke,Derek Hough,TV Personality,Media,Connecticut,United States,37,36-45,27.5,9.166666666666666,3,0.987959705589623,0.21050099707942063,1266666.6148148207,266634.5853857342,1,,1.0,0.75
7,8,Warren Sapp,Kym Johnson,Athlete,Sports,Florida,United States,35,26-35,27.0,9.0,3,0.9707305400656242,0.2078411291732409,1266666.6148148207,263265.41950915894,2,,0.75,1.0
7,8,Lance Bass,Lacey Schwimmer,Singer/Rapper,Entertainment,Mississippi,United States,29,26-35,25.0,8.333333333333334,3,0.8287290830275497,0.1973324996788443,1266666.6148148207,249954.48936114841,3,,0.5,-1.0
7,8,Cody Linley,Julianne Hough,Actor/Actress,Entertainment,Texas,United States,18,≤25,24.0,8.0,3,0.8429986161147306,0.19216268703426315,1266666.6148148207,243406.06027940992,4,9.0,0.0,0.5
7,8,Maurice Greene,Cheryl Burke,Athlete,Sports,Kansas,United States,34,26-35,24.0,8.0,3,0.2871260338715565,0.19216268703423092,1266666.6148148207,243406.06027936912,5,8.0,0.0,1.5
7,9,Lance Bass,Lacey Schwimmer,Singer/Rapper,Entertainment,Mississippi,United States,29,26-35,28.5,9.5,3,0.9750260310388976,0.27418966697154107,1333333.2740740809,365586.20638044673,3,,1.0,1.75
7,9,Brooke Burke,Derek Hough,TV Personality,Media,Connecticut,United States,37,36-45,24.5,8.166666666666666,3,0.956102497206299,0.24544149056108047,1333333.2740740809,327255.306203428,1,,0.3333333333333333,-2.75
7,9,Warren Sapp,Kym Johnson,Athlete,Sports,Florida,United States,35,26-35,24.5,8.166666666666666,3,0.8762513461440264,0.24544149056108047,1333333.2740740809,327255.306203428,2,,0.3333333333333333,1.75
7,9,Cody Linley,Julianne Hough,Actor/Actress,Entertainment,Texas,United States,18,≤25,23.0,7.666666666666667,3,0.08984326645913683,0.23492735190629813,1333333.2740740809,313236.4552867782,4,9.0,0.0,0.5
7,10,Brooke Burke,Derek Hough,TV Personality,Media,Connecticut,United States,37,36-45,30.0,10.0,3,0.4726178254824734,0.34845354789658184,1399999.9333333408,487834.94382498064,1,,1.0,1.25
7,10,Lance Bass,Lacey Schwimmer,Singer/Rapper,Entertainment,Mississippi,United States,29,26-35,27.5,9.166666666666666,3,0.7739958043669339,0.3257732260517091,1399999.9333333408,456082.49475418014,3,,0.0,1.25
7,10,Warren Sapp,Kym Johnson,Athlete,Sports,Florida,United States,35,26-35,27.5,9.166666666666666,3,0.31423463916426014,0.3257732260517091,1399999.9333333408,456082.49475418014,2,,0.0,0.25
8,1,Gilles Marini,Cheryl Burke,Actor/Actress,Entertainment,Unknown,France,33,26-35,24.0,8.0,3,0.9969563703345987,0.08661741656708197,800000.0,69293.93325366557,2,,1.0,1.0
8,1,Melissa Rycroft,Tony Dovolani,TV Personality,Media,Texas,United States,26,26-35,23.0,7.666666666666667,3,0.9942671498698452,0.08471947364219025,800000.0,67775.5789137522,3,,0.8333333333333334,1.0
8,1,Shawn Johnson,Mark Ballas,Athlete,Sports,Iowa,United States,17,≤25,23.0,7.666666666666667,3,0.9968036460159082,0.08471947364219025,800000.0,67775.5789137522,1,,0.8333333333333334,1.0
8,1,Lil' Kim,Derek Hough,Singer/Rapper,Entertainment,New York,United States,34,26-35,21.0,7.0,3,0.9962680969541198,0.08098785331598847,800000.0,64790.282652790775,5,9.0,0.75,1.0
8,1,Chuck Wicks,Julianne Hough,Singer/Rapper,Entertainment,Delaware,United States,29,26-35,20.0,6.666666666666667,3,0.9966915294014396,0.07915563214433262,800000.0,63324.5057154661,6,8.0,0.6666666666666666,1.0
8,1,David Alan Grier,Kym Johnson,Actor/Actress,Entertainment,Michigan,United States,52,46-55,19.0,6.333333333333333,3,0.9939073485659452,0.07734674834251622,800000.0,61877.39867401298,9,5.0,0.5833333333333334,1.0
8,1,Denise Richards,Maksim Chmerkoskiy,Actor/Actress,Entertainment,Illinois,United States,38,36-45,18.0,6.0,3,0.9819626411488499,0.07556180719727486,800000.0,60449.445757819885,12,3.0,0.4166666666666667,1.0
8,1,Holly Madison,Dmitry Chaplin,TV Personality,Media,Oregon,United States,30,26-35,18.0,6.0,3,0.9860776208231704,0.07556180719727486,800000.0,60449.445757819885,11,4.0,0.4166666666666667,1.0
8,1,Belinda Carlisle,Jonathan Roberts,Singer/Rapper,Entertainment,California,United States,50,46-55,17.0,5.666666666666667,3,0.9684888854750083,0.07380122852993669,800000.0,59040.98282394935,13,2.0,0.25,1.0
8,1,Steve-O,Lacey Schwimmer,TV Personality,Media,Unknown,England,34,26-35,17.0,5.666666666666667,3,0.9847305129593886,0.07380122852993669,800000.0,59040.98282394935,8,6.0,0.25,1.0
8,1,Lawrence Taylor,Edyta Sliwinska,Athlete,Sports,Virginia,United States,50,46-55,16.0,5.333333333333333,3,0.9842881909395347,0.07206513831997764,800000.0,57652.11065598211,7,7.0,0.16666666666666666,1.0
8,1,Ty Murray,Chelsie Hightower,Athlete,Sports,Arizona,United States,39,36-45,14.0,4.666666666666667,3,0.9753590819448336,0.06866460355990545,800000.0,54931.682847924356,4,10.0,0.08333333333333333,1.0
8,1,Steve Wozniak,Karina Smirnoff,Entrepreneur,Other,California,United States,58,>55,13.0,4.333333333333333,3,0.9145018573275951,0.06699758901139385,800000.0,53598.071209115085,10,4.0,0.0,1.0
8,2,Gilles Marini,Cheryl Burke,Actor/Actress,Entertainment,Unknown,France,33,26-35,27.0,9.0,3,0.9959633905603041,0.08803102231529436,859999.9940000006,75706.67866296707,2,,1.0,3.0
8,2,Melissa Rycroft,Tony Dovolani,TV Personality,Media,Texas,United States,26,26-35,26.0,8.666666666666666,3,0.9924035009782946,0.08627477531068231,859999.9940000006,74196.30624953819,3,,0.9166666666666666,3.0
8,2,Shawn Johnson,Mark Ballas,Athlete,Sports,Iowa,United States,17,≤25,24.0,8.0,3,0.9959335698870397,0.08281723979462688,859999.9940000006,71222.82572647573,1,,0.8333333333333334,1.0
8,2,Lil' Kim,Derek Hough,Singer/Rapper,Entertainment,New York,United States,34,26-35,23.0,7.666666666666667,3,0.9944614300787404,0.08111659961671981,859999.9940000006,69760.27518367949,5,9.0,0.75,2.0
8,2,Denise Richards,Maksim Chmerkoskiy,Actor/Actress,Entertainment,Illinois,United States,38,36-45,21.0,7.0,3,0.9940341406067914,0.07777358311126774,859999.9940000006,66885.2810090488,12,3.0,0.6666666666666666,3.0
8,2,Steve-O,Lacey Schwimmer,TV Personality,Media,Unknown,England,34,26-35,14.0,4.666666666666667,3,0.9442653965906075,0.07755692167073355,859999.9940000006,66698.95217148938,8,6.0,0.0,-3.0
8,2,Chuck Wicks,Julianne Hough,Singer/Rapper,Entertainment,Delaware,United States,29,26-35,20.0,6.666666666666667,3,0.9914993563017063,0.07613207485850337,859999.9940000006,65473.5839215205,6,8.0,0.4166666666666667,0.0
8,2,Lawrence Taylor,Edyta Sliwinska,Athlete,Sports,Virginia,United States,50,46-55,20.0,6.666666666666667,3,0.9799383075031686,0.07613207402570786,859999.9940000006,65473.58320531637,7,7.0,0.4166666666666667,4.0
8,2,Ty Murray,Chelsie Hightower,Athlete,Sports,Arizona,United States,39,36-45,20.0,6.666666666666667,3,0.9824915054278119,0.07613207367316076,859999.9940000006,65473.58290212586,4,10.0,0.4166666666666667,6.0
8,2,Holly Madison,Dmitry Chaplin,TV Personality,Media,Oregon,United States,30,26-35,18.0,6.0,3,0.983940945951945,0.07291055390814301,859999.9940000006,62703.07592353971,11,4.0,0.25,0.0
8,2,David Alan Grier,Kym Johnson,Actor/Actress,Entertainment,Michigan,United States,52,46-55,17.0,5.666666666666667,3,0.9510386811586563,0.0713302581797744,859999.9940000006,61344.021606624476,9,5.0,0.08333333333333333,-2.0
8,2,Steve Wozniak,Karina Smirnoff,Entrepreneur,Other,California,United States,58,>55,17.0,5.666666666666667,3,0.9713431260071468,0.0713302565253555,859999.9940000006,61344.02018382424,10,4.0,0.08333333333333333,4.0
8,2,Belinda Carlisle,Jonathan Roberts,Singer/Rapper,Entertainment,California,United States,50,46-55,18.0,6.0,3,0.2767982268678641,0.062462567010030536,859999.9940000006,53717.8072538509,13,2.0,0.25,1.0
8,3,Melissa Rycroft,Tony Dovolani,TV Personality,Media,Texas,United States,26,26-35,27.0,9.0,3,0.9922986194653721,0.09372018449371533,919999.9880000013,86222.56860957602,3,,0.8181818181818182,2.0
8,3,Shawn Johnson,Mark Ballas,Athlete,Sports,Iowa,United States,17,≤25,27.0,9.0,3,0.9957170433477608,0.09372018449371533,919999.9880000013,86222.56860957602,1,,0.8181818181818182,2.0
8,3,Gilles Marini,Cheryl Burke,Actor/Actress,Entertainment,Unknown,France,33,26-35,27.0,9.0,3,0.9957866756588541,0.09372018445903535,919999.9880000013,86222.56857767043,2,,0.8181818181818182,1.5
8,3,Lil' Kim,Derek Hough,Singer/Rapper,Entertainment,New York,United States,34,26-35,25.0,8.333333333333334,3,0.9942901027497243,0.08995186397643591,919999.9880000013,82755.71377889879,5,9.0,0.7272727272727273,2.0
8,3,David Alan Grier,Kym Johnson,Actor/Actress,Entertainment,Michigan,United States,52,46-55,24.0,8.0,3,0.9917823513882479,0.08809693114185702,919999.9880000013,81049.1755933454,9,5.0,0.6363636363636364,2.5
8,3,Ty Murray,Chelsie Hightower,Athlete,Sports,Arizona,United States,39,36-45,23.0,7.666666666666667,3,0.9967054122754071,0.08626186372396943,919999.9880000013,79360.91359090962,4,10.0,0.45454545454545453,4.5
8,3,Chuck Wicks,Julianne Hough,Singer/Rapper,Entertainment,Delaware,United States,29,26-35,23.0,7.666666666666667,3,0.9947302901352959,0.08626186368928947,919999.9880000013,79360.91355900405,6,8.0,0.45454545454545453,1.5
8,3,Steve Wozniak,Karina Smirnoff,Entrepreneur,Other,California,United States,58,>55,10.0,3.333333333333333,3,0.9202086060725929,0.08148522394687914,919999.9880000013,74966.40505330623,10,4.0,0.0,-1.5
8,3,Lawrence Taylor,Edyta Sliwinska,Athlete,Sports,Virginia,United States,50,46-55,20.0,6.666666666666667,3,0.9801749480395328,0.0808798073250703,919999.9880000013,74409.42176850709,7,7.0,0.36363636363636365,2.0
8,3,Holly Madison,Dmitry Chaplin,TV Personality,Media,Oregon,United States,30,26-35,17.0,5.666666666666667,3,0.9717378199523574,0.07569247388322321,919999.9880000013,69637.07506425577,11,4.0,0.2727272727272727,-0.5
8,3,Steve-O,Lacey Schwimmer,TV Personality,Media,Unknown,England,34,26-35,15.0,5.0,3,0.9486900167035307,0.07234626569097093,919999.9880000013,66558.56356753816,8,6.0,0.09090909090909091,-1.0
8,3,Denise Richards,Maksim Chmerkoskiy,Actor/Actress,Entertainment,Illinois,United States,38,36-45,16.0,5.333333333333333,3,0.25136201455545776,0.057863153175838754,919999.9880000013,53234.10022741389,12,3.0,0.18181818181818182,-1.0
8,4,Gilles Marini,Cheryl Burke,Actor/Actress,Entertainment,Unknown,France,33,26-35,30.0,10.0,3,0.9948907732462836,0.10695236684198359,979999.9820000018,104813.3175800015,2,,1.0,1.5
8,4,Melissa Rycroft,Tony Dovolani,TV Personality,Media,Texas,United States,26,26-35,29.0,9.666666666666666,3,0.9904168228207372,0.10483177827783766,979999.9820000018,102735.14082530909,3,,0.9,1.5
8,4,Lil' Kim,Derek Hough,Singer/Rapper,Entertainment,New York,United States,34,26-35,27.0,9.0,3,0.993638755329085,0.10064875564733115,979999.9820000018,98635.77872270711,5,9.0,0.8,2.0
8,4,Ty Murray,Chelsie Hightower,Athlete,Sports,Arizona,United States,39,36-45,25.0,8.333333333333334,3,0.9959268857357986,0.09654512826085883,979999.9820000018,94614.22395782951,4,10.0,0.6,2.5
8,4,Shawn Johnson,Mark Ballas,Athlete,Sports,Iowa,United States,17,≤25,25.0,8.333333333333334,3,0.9941651667609209,0.09654512535162325,979999.9820000018,94614.22110677871,1,,0.6,0.5
8,4,Chuck Wicks,Julianne Hough,Singer/Rapper,Entertainment,Delaware,United States,29,26-35,22.0,7.333333333333333,3,0.9903075615852179,0.09054606603211733,979999.9820000018,88735.14308164596,6,8.0,0.4,1.0
8,4,David Alan Grier,Kym Johnson,Actor/Actress,Entertainment,Michigan,United States,52,46-55,22.0,7.333333333333333,3,0.9925992030148678,0.09054606603211733,979999.9820000018,88735.14308164596,9,5.0,0.4,2.5
8,4,Lawrence Taylor,Edyta Sliwinska,Athlete,Sports,Virginia,United States,50,46-55,19.0,6.333333333333333,3,0.9697505758361985,0.08474987370537526,979999.9820000018,83054.87470577018,7,7.0,0.3,-0.5
8,4,Steve-O,Lacey Schwimmer,TV Personality,Media,Unknown,England,34,26-35,15.0,5.0,3,0.9477827194785438,0.08035025044126688,979999.9820000018,78743.24398613718,8,6.0,0.1,0.5
8,4,Holly Madison,Dmitry Chaplin,TV Personality,Media,Oregon,United States,30,26-35,16.0,5.333333333333333,3,0.2443935548271861,0.07621801492115646,979999.9820000018,74693.65325080919,11,4.0,0.2,-1.0
8,4,Steve Wozniak,Karina Smirnoff,Entrepreneur,Other,California,United States,58,>55,12.0,4.0,3,0.11803656416348675,0.07206657448833231,979999.9820000018,70625.24170136746,10,4.0,0.0,-2.5
8,5,Gilles Marini,Cheryl Burke,Actor/Actress,Entertainment,Unknown,France,33,26-35,29.0,9.666666666666666,3,0.9946044303241636,0.1254660712409668,1039999.9760000025,130484.71107942006,2,,1.0,1.0
8,5,Lil' Kim,Derek Hough,Singer/Rapper,Entertainment,New York,United States,34,26-35,26.0,8.666666666666666,3,0.993157807303834,0.11768785311012447,1039999.9760000025,122395.36441002127,5,9.0,0.75,0.5
8,5,Shawn Johnson,Mark Ballas,Athlete,Sports,Iowa,United States,17,≤25,26.0,8.666666666666666,3,0.9950649357349929,0.11768785041960375,1039999.9760000025,122395.36161187978,1,,0.75,-0.5
8,5,Melissa Rycroft,Tony Dovolani,TV Personality,Media,Texas,United States,26,26-35,25.0,8.333333333333334,3,0.9901630569074603,0.11514548308164888,1039999.9760000025,119751.29964142352,3,,0.625,-1.0
8,5,Steve-O,Lacey Schwimmer,TV Personality,Media,Unknown,England,34,26-35,18.0,6.0,3,0.8009380916266163,0.11240888525447053,1039999.9760000025,116905.23796683639,8,6.0,0.0,1.5
8,5,Chuck Wicks,Julianne Hough,Singer/Rapper,Entertainment,Delaware,United States,29,26-35,23.0,7.666666666666667,3,0.9917626545098543,0.1101329151499964,1039999.9760000025,114538.22911280657,6,8.0,0.5,0.0
8,5,Ty Murray,Chelsie Hightower,Athlete,Sports,Arizona,United States,39,36-45,21.0,7.0,3,0.9640413073169978,0.1052084120763213,1039999.9760000025,109416.74603437253,4,10.0,0.25,-1.0
8,5,Lawrence Taylor,Edyta Sliwinska,Athlete,Sports,Virginia,United States,50,46-55,20.0,6.666666666666667,3,0.9199651518094073,0.1029012824170288,1039999.9760000025,107017.33124407943,7,7.0,0.125,0.0
8,5,David Alan Grier,Kym Johnson,Actor/Actress,Entertainment,Michigan,United States,52,46-55,22.0,7.333333333333333,3,0.5909667522849437,0.09336124724983912,1039999.9760000025,97095.69489916298,9,5.0,0.375,-1.0
8,6,Lil' Kim,Derek Hough,Singer/Rapper,Entertainment,New York,United States,34,26-35,28.0,9.333333333333334,3,0.9931276244858573,0.13926831886186072,1099999.970000003,153195.14656999765,5,9.0,1.0,0.5
8,6,Melissa Rycroft,Tony Dovolani,TV Personality,Media,Texas,United States,26,26-35,27.0,9.0,3,0.9886581104807556,0.13614230547097853,1099999.970000003,149756.53193380762,3,,0.8571428571428571,-1.0
8,6,Gilles Marini,Cheryl Burke,Actor/Actress,Entertainment,Unknown,France,33,26-35,26.0,8.666666666666666,3,0.9950752370412108,0.13304945894953923,1099999.970000003,146354.40085300978,2,,0.5714285714285714,-2.0
8,6,Shawn Johnson,Mark Ballas,Athlete,Sports,Iowa,United States,17,≤25,26.0,8.666666666666666,3,0.9952215597584367,0.13304945894953923,1099999.970000003,146354.40085300978,1,,0.5714285714285714,0.5
8,6,Chuck Wicks,Julianne Hough,Singer/Rapper,Entertainment,Delaware,United States,29,26-35,23.0,7.666666666666667,3,0.9845071352234593,0.12397651267520926,1099999.970000003,136374.16022343517,6,8.0,0.42857142857142855,0.5
8,6,Lawrence Taylor,Edyta Sliwinska,Athlete,Sports,Virginia,United States,50,46-55,22.0,7.333333333333333,3,0.8923732296619746,0.1210220282563293,1099999.970000003,133124.22745130173,7,7.0,0.2857142857142857,1.5
8,6,Ty Murray,Chelsie Hightower,Athlete,Sports,Arizona,United States,39,36-45,18.0,6.0,3,0.9364479375321093,0.10953790519206313,1099999.970000003,120491.69242513263,4,10.0,0.14285714285714285,-3.5
8,6,Steve-O,Lacey Schwimmer,TV Personality,Media,Unknown,England,34,26-35,16.0,5.333333333333333,3,0.14731654984042342,0.10395401164448051,1099999.970000003,114349.40969030853,8,6.0,0.0,0.5
8,7,Melissa Rycroft,Tony Dovolani,TV Personality,Media,Texas,United States,26,26-35,29.0,9.666666666666666,3,0.987011870470446,0.1525859187124689,1159999.9640000036,176999.66021337142,3,,1.0,2.0
8,7,Shawn Johnson,Mark Ballas,Athlete,Sports,Iowa,United States,17,≤25,28.0,9.333333333333334,3,0.9866463320886061,0.1492827067166492,1159999.9640000036,173167.9344171362,1,,0.8333333333333334,1.0
8,7,Chuck Wicks,Julianne Hough,Singer/Rapper,Entertainment,Delaware,United States,29,26-35,27.0,9.0,3,0.9713825956543888,0.14600775845563913,1159999.9640000036,169368.99455226262,6,8.0,0.5,2.0
8,7,Gilles Marini,Cheryl Burke,Actor/Actress,Entertainment,Unknown,France,33,26-35,27.0,9.0,3,0.9877356437599675,0.14600775845563913,1159999.9640000036,169368.99455226262,2,,0.5,-1.0
8,7,Lil' Kim,Derek Hough,Singer/Rapper,Entertainment,New York,United States,34,26-35,26.0,8.666666666666666,3,0.9605081856840857,0.14276169924737558,1159999.9640000036,165603.56598753502,5,9.0,0.3333333333333333,0.0
8,7,Ty Murray,Chelsie Hightower,Athlete,Sports,Arizona,United States,39,36-45,24.0,8.0,3,0.8959815323468058,0.13635923745559284,1159999.9640000036,158176.71053955564,4,10.0,0.16666666666666666,1.5
8,7,Lawrence Taylor,Edyta Sliwinska,Athlete,Sports,Virginia,United States,50,46-55,21.0,7.0,3,0.10143059474757664,0.12699492095663528,1159999.9640000036,147314.10373788024,7,7.0,0.0,0.5
8,8,Lil' Kim,Derek Hough,Singer/Rapper,Entertainment,New York,United States,34,26-35,28.0,9.333333333333334,3,0.956617338451092,0.17467777170704907,1219999.9580000043,213106.8741461342,5,9.0,1.0,0.0
8,8,Gilles Marini,Cheryl Burke,Actor/Actress,Entertainment,Unknown,France,33,26-35,27.5,9.166666666666666,3,0.9866767843540938,0.17265058386840146,1219999.9580000043,210633.705068126,2,,0.8,0.75
8,8,Melissa Rycroft,Tony Dovolani,TV Personality,Media,Texas,United States,26,26-35,23.0,7.666666666666667,3,0.9621005750568438,0.16773557609032086,1219999.9580000043,204637.39578529797,3,,0.0,-2.0
8,8,Ty Murray,Chelsie Hightower,Athlete,Sports,Arizona,United States,39,36-45,26.0,8.666666666666666,3,0.9597523449561007,0.16661307552265311,1219999.9580000043,203267.94513988835,4,10.0,0.4,4.0
8,8,Shawn Johnson,Mark Ballas,Athlete,Sports,Iowa,United States,17,≤25,26.0,8.666666666666666,3,0.954975140523197,0.16661307366970937,1219999.9580000043,203267.94287929704,1,,0.4,0.0
8,8,Chuck Wicks,Julianne Hough,Singer/Rapper,Entertainment,Delaware,United States,29,26-35,25.5,8.5,3,0.26631031065714095,0.15170991914186616,1219999.9580000043,185086.09498126077,6,8.0,0.2,1.25
8,9,Melissa Rycroft,Tony Dovolani,TV Personality,Media,Texas,United States,26,26-35,28.5,9.5,3,0.9419961894916156,0.20894264185587846,1279999.952000005,267446.57154627866,3,,1.0,-0.25
8,9,Gilles Marini,Cheryl Burke,Actor/Actress,Entertainment,Unknown,France,33,26-35,28.0,9.333333333333334,3,0.9873157829888467,0.20640628987967247,1279999.952000005,264200.04113847984,2,,0.5,0.5
8,9,Shawn Johnson,Mark Ballas,Athlete,Sports,Iowa,United States,17,≤25,28.0,9.333333333333334,3,0.9445879696266324,0.20640628961570295,1279999.952000005,264200.0408005989,1,,0.5,0.0
8,9,Ty Murray,Chelsie Hightower,Athlete,Sports,Arizona,United States,39,36-45,23.0,7.666666666666667,3,0.818594273008891,0.20035835554364342,1279999.952000005,256458.6854786635,4,10.0,0.0,-0.5
8,9,Lil' Kim,Derek Hough,Singer/Rapper,Entertainment,New York,United States,34,26-35,26.0,8.666666666666666,3,0.2731844559049109,0.17788642310510278,1279999.952000005,227694.61303598413,5,9.0,0.25,0.0
8,10,Gilles Marini,Cheryl Burke,Actor/Actress,Entertainment,Unknown,France,33,26-35,30.0,10.0,3,0.945444520327696,0.2671841010064285,1339999.9460000054,358026.6809206741,2,,1.0,1.25
8,10,Shawn Johnson,Mark Ballas,Athlete,Sports,Iowa,United States,17,≤25,28.0,9.333333333333334,3,0.9403851201559732,0.2539621205570708,1339999.9460000054,340309.2278325217,1,,0.6666666666666666,1.0
8,10,Melissa Rycroft,Tony Dovolani,TV Personality,Media,Texas,United States,26,26-35,27.5,9.166666666666666,3,0.948598342021483,0.25068831133374,1339999.9460000054,335922.3236500441,3,,0.3333333333333333,2.25
8,10,Ty Murray,Chelsie Hightower,Athlete,Sports,Arizona,United States,39,36-45,24.0,8.0,3,0.1468973573916999,0.22816546710276076,1339999.9460000054,305741.7135967654,4,10.0,0.0,-1.0
8,11,Shawn Johnson,Mark Ballas,Athlete,Sports,Iowa,United States,17,≤25,30.0,10.0,3,0.8998421735659342,0.34066672930093755,1399999.940000006,476933.40058131085,1,,1.0,1.0
8,11,Gilles Marini,Cheryl Burke,Actor/Actress,Entertainment,Unknown,France,33,26-35,29.0,9.666666666666666,3,0.8163235527997204,0.3318600202161647,1399999.940000006,464604.0083910313,2,,0.5,0.5
8,11,Melissa Rycroft,Tony Dovolani,TV Personality,Media,Texas,United States,26,26-35,28.5,9.5,3,0.5600725532199295,0.3274732504828979,1399999.940000006,458462.53102766396,3,,0.0,0.0
9,1,Joanna Krupa,Derek Hough,Model,Model,Unknown,Poland,30,26-35,33.9999,11.3333,3,0.9985964028608817,0.07086738360183278,800000.0,56693.906881466224,4,9.0,1.0,1.0
9,1,Aaron Carter,Karina Smirnoff,Singer/Rapper,Entertainment,Florida,United States,21,≤25,31.9999,10.666633333333332,3,0.9941667635730463,0.06884797603585638,800000.0,55078.380828685105,5,8.0,0.9333333333333333,1.0
9,1,Mya,Dmitry Chaplin,Singer/Rapper,Entertainment,Washington D.C.,United States,29,26-35,30.9999,10.3333,3,0.9957044288898492,0.06784855830719426,800000.0,54278.84664575541,2,,0.8666666666666667,1.0
9,1,Kelly Osbourne,Louis van Amstel,TV Personality,Media,Unknown,England,24,≤25,30.9998,10.333266666666669,3,0.995538416343963,0.06784846011301363,800000.0,54278.7680904109,3,,0.8,1.0
9,1,Donny Osmond,Kym Johnson,Singer/Rapper,Entertainment,Utah,United States,51,46-55,29.9999,9.999966666666666,3,0.9972576148263177,0.06685651614133753,800000.0,53485.21291307003,1,,0.7333333333333333,1.0
9,1,Mark Dacascos,Lacey Schwimmer,Actor/Actress,Entertainment,Hawaii,United States,45,36-45,28.9998,9.6666,3,0.9967168926351828,0.06587221995428359,800000.0,52697.77596342687,6,7.0,0.6666666666666666,1.0
9,1,Natalie Coughlin,Alec Mazo,Athlete,Sports,California,United States,27,26-35,26.9998,8.999933333333333,3,0.9975240731601767,0.06392927374056928,800000.0,51143.41899245542,10,5.0,0.5333333333333333,1.0
9,1,Louie Vito,Chelsie Hightower,Athlete,Sports,Ohio,United States,21,≤25,26.9998,8.999933333333333,3,0.9974954718941538,0.06392927126852652,800000.0,51143.417014821214,8,6.0,0.5333333333333333,1.0
9,1,Melissa Joan Hart,Mark Ballas,Actor/Actress,Entertainment,New York,United States,33,26-35,24.0,8.0,3,0.993211312357099,0.06108534170876832,800000.0,48868.273367014655,9,6.0,0.4666666666666667,1.0
9,1,Chuck Liddell,Anna Trebunskaya,Athlete,Sports,California,United States,39,36-45,22.0,7.333333333333333,3,0.9831556326928478,0.05923841434792774,800000.0,47390.73147834219,11,4.0,0.3333333333333333,1.0
9,1,Debi Mazar,Maksim Chmerkoskiy,Actor/Actress,Entertainment,New York,United States,45,36-45,22.0,7.333333333333333,3,0.9831426033670664,0.05923841434792774,800000.0,47390.73147834219,12,3.0,0.3333333333333333,1.0
9,1,Kathy Ireland,Tony Dovolani,Model,Model,California,United States,46,46-55,19.9999,6.666633333333333,3,0.9905495221760023,0.05742604804730476,800000.0,45940.838437843806,14,2.0,0.2,1.0
9,1,Tom DeLay,Cheryl Burke,Politician,Other,Texas,United States,62,>55,19.9999,6.666633333333333,3,0.9869365295501167,0.05742604804730476,800000.0,45940.838437843806,13,-1.0,0.2,1.0
9,1,Michael Irvin,Anna Demidova,Athlete,Sports,Florida,United States,43,36-45,19.0,6.333333333333333,3,0.9607563853973631,0.05652875103938404,800000.0,45223.000831507234,7,7.0,0.13333333333333333,1.0
9,1,Ashley Hamiliton,Edyta Sliwinska,Actor/Actress,Entertainment,California,United States,34,26-35,18.9999,6.3333,3,0.0899659026880018,0.05652866369008538,800000.0,45222.9309520683,16,1.0,0.0,1.0
9,1,Macy Gray,Jonathan Roberts,Singer/Rapper,Entertainment,Ohio,United States,42,36-45,18.9999,6.3333,3,0.07122019552268452,0.05652865960868321,800000.0,45222.92768694657,15,1.0,0.0,1.0
9,2,Aaron Carter,Karina Smirnoff,Singer/Rapper,Entertainment,Florida,United States,21,≤25,27.0,9.0,3,0.9947655651149336,0.0801497154875578,866666.6592592602,69463.0861621819,5,8.0,0.9230769230769231,-4.9999
9,2,Mya,Dmitry Chaplin,Singer/Rapper,Entertainment,Washington D.C.,United States,29,26-35,27.0,9.0,3,0.9960833645528581,0.0801497154875578,866666.6592592602,69463.0861621819,2,,0.9230769230769231,-3.9999000000000002
9,2,Donny Osmond,Kym Johnson,Singer/Rapper,Entertainment,Utah,United States,51,46-55,25.0,8.333333333333334,3,0.9973550535117655,0.07715548487944421,866666.6592592602,66868.08632399628,1,,0.8461538461538461,-4.9999
9,2,Mark Dacascos,Lacey Schwimmer,Actor/Actress,Entertainment,Hawaii,United States,45,36-45,21.0,7.0,3,0.9939860650084126,0.07135608736673535,866666.6592592602,61841.94185594042,6,7.0,0.6153846153846154,-7.9998000000000005
9,2,Natalie Coughlin,Alec Mazo,Athlete,Sports,California,United States,27,26-35,21.0,7.0,3,0.9962078050517228,0.07135608680905785,866666.6592592602,61841.94137261993,10,5.0,0.6153846153846154,-5.9998000000000005
9,2,Debi Mazar,Maksim Chmerkoskiy,Actor/Actress,Entertainment,New York,United States,45,36-45,21.0,7.0,3,0.9871965061456662,0.07135608570687162,866666.6592592602,61841.94041739187,12,3.0,0.6153846153846154,-1.0
9,2,Michael Irvin,Anna Demidova,Athlete,Sports,Florida,United States,43,36-45,20.0,6.666666666666667,3,0.9704119841245821,0.06994748603206984,866666.6592592602,60621.15404299773,7,7.0,0.46153846153846156,1.0
9,2,Joanna Krupa,Derek Hough,Model,Model,Unknown,Poland,30,26-35,20.0,6.666666666666667,3,0.9982291568308727,0.06994748551989896,866666.6592592602,60621.153599116304,4,9.0,0.46153846153846156,-13.999899999999997
9,2,Melissa Joan Hart,Mark Ballas,Actor/Actress,Entertainment,New York,United States,33,26-35,19.0,6.333333333333333,3,0.9821444271825069,0.0685555256058074,866666.6592592602,59414.788350547766,9,6.0,0.15384615384615385,-5.0
9,2,Chuck Liddell,Anna Trebunskaya,Athlete,Sports,California,United States,39,36-45,19.0,6.333333333333333,3,0.9602765528240259,0.06855552394594368,866666.6592592602,59414.78691199922,11,4.0,0.15384615384615385,-3.0
9,2,Kelly Osbourne,Louis van Amstel,TV Personality,Media,Unknown,England,24,≤25,19.0,6.333333333333333,3,0.9820621269719465,0.06855552394594368,866666.6592592602,59414.78691199922,3,,0.15384615384615385,-11.9998
9,2,Louie Vito,Chelsie Hightower,Athlete,Sports,Ohio,United States,21,≤25,19.0,6.333333333333333,3,0.9877143712304847,0.06855552394594368,866666.6592592602,59414.78691199922,8,6.0,0.15384615384615385,-7.9998000000000005
9,2,Tom DeLay,Cheryl Burke,Politician,Other,Texas,United States,62,>55,18.0,6.0,3,0.9047149795623488,0.06717987856957848,866666.6592592602,58222.56092933935,13,-1.0,0.0,-1.9999000000000002
9,2,Kathy Ireland,Tony Dovolani,Model,Model,California,United States,46,46-55,18.0,6.0,3,0.04190604705173763,0.06717987669758956,866666.6592592602,58222.55930694896,14,2.0,0.0,-1.9999000000000002
9,3,Mya,Dmitry Chaplin,Singer/Rapper,Entertainment,Washington D.C.,United States,29,26-35,27.0,9.0,3,0.9942755123948221,0.08932463898928945,933333.3185185202,83369.66173334232,2,,1.0,-1.9999500000000001
9,3,Natalie Coughlin,Alec Mazo,Athlete,Sports,California,United States,27,26-35,26.0,8.666666666666666,3,0.9970280651870603,0.08750699895599878,933333.3185185202,81673.19772919903,10,5.0,0.9166666666666666,-0.49990000000000023
9,3,Joanna Krupa,Derek Hough,Model,Model,Unknown,Poland,30,26-35,23.0,7.666666666666667,3,0.9987744338826058,0.08217332737553629,933333.3185185202,76695.10433311804,4,9.0,0.8333333333333334,-5.499949999999998
9,3,Donny Osmond,Kym Johnson,Singer/Rapper,Entertainment,Utah,United States,51,46-55,21.0,7.0,3,0.9971858493640633,0.07871663838231156,933333.3185185202,73468.86132398517,1,,0.6666666666666666,-4.49995
9,3,Aaron Carter,Karina Smirnoff,Singer/Rapper,Entertainment,Florida,United States,21,≤25,21.0,7.0,3,0.9948141575292833,0.0787166382737721,933333.3185185202,73468.86122268166,5,8.0,0.6666666666666666,-5.49995
9,3,Kelly Osbourne,Louis van Amstel,TV Personality,Media,Unknown,England,24,≤25,20.0,6.666666666666667,3,0.9945045858423982,0.07701813389220422,933333.3185185202,71883.59049171467,3,,0.5,-5.4999
9,3,Louie Vito,Chelsie Hightower,Athlete,Sports,Ohio,United States,21,≤25,20.0,6.666666666666667,3,0.9967446389020003,0.07701807043716254,933333.3185185202,71883.53126701005,8,6.0,0.5,-3.4999000000000002
9,3,Melissa Joan Hart,Mark Ballas,Actor/Actress,Entertainment,New York,United States,33,26-35,19.0,6.333333333333333,3,0.9689037801528224,0.07533988135238114,933333.3185185202,70317.22147940946,9,6.0,0.4166666666666667,-2.5
9,3,Michael Irvin,Anna Demidova,Athlete,Sports,Florida,United States,43,36-45,14.0,4.666666666666667,3,0.9221720142823548,0.0746528587088531,933333.3185185202,69676.00035562809,7,7.0,0.0,-2.5
9,3,Mark Dacascos,Lacey Schwimmer,Actor/Actress,Entertainment,Hawaii,United States,45,36-45,18.0,6.0,3,0.9835673191536947,0.07368275881068148,933333.3185185202,68770.57379837308,6,7.0,0.3333333333333333,-5.4999
9,3,Chuck Liddell,Anna Trebunskaya,Athlete,Sports,California,United States,39,36-45,17.0,5.666666666666667,3,0.9110870824521151,0.07204805460556003,933333.3185185202,67244.8498978109,11,4.0,0.16666666666666666,-2.5
9,3,Tom DeLay,Cheryl Burke,Politician,Other,Texas,United States,62,>55,15.0,5.0,3,0.8874157068071584,0.0707770600670596,933333.3185185202,66058.58834737337,13,-1.0,0.08333333333333333,-2.49995
9,3,Debi Mazar,Maksim Chmerkoskiy,Actor/Actress,Entertainment,New York,United States,45,36-45,17.0,5.666666666666667,3,0.37258722783245735,0.06302494014918951,933333.3185185202,58823.27653887417,12,3.0,0.16666666666666666,-2.5
9,4,Mya,Dmitry Chaplin,Singer/Rapper,Entertainment,Washington D.C.,United States,29,26-35,28.0,9.333333333333334,3,0.9948863682168457,0.10287674544045514,999999.9777777803,102876.7431543055,2,,0.9,0.5
9,4,Melissa Joan Hart,Mark Ballas,Actor/Actress,Entertainment,New York,United States,33,26-35,28.0,9.333333333333334,3,0.9900065979153094,0.10287674017251335,999999.9777777803,102876.73788636382,9,6.0,0.9,4.5
9,4,Joanna Krupa,Derek Hough,Model,Model,Unknown,Poland,30,26-35,26.0,8.666666666666666,3,0.9984198666497724,0.09872935760612,999999.9777777803,98729.35541213452,4,9.0,0.8,3.0
9,4,Donny Osmond,Kym Johnson,Singer/Rapper,Entertainment,Utah,United States,51,46-55,24.0,8.0,3,0.99597795228517,0.09466602412073535,999999.9777777803,94666.02201704617,1,,0.6,-0.5
9,4,Natalie Coughlin,Alec Mazo,Athlete,Sports,California,United States,27,26-35,24.0,8.0,3,0.99652104574351,0.09466601843641634,999999.9777777803,94666.01633272727,10,5.0,0.6,1.5
9,4,Kelly Osbourne,Louis van Amstel,TV Personality,Media,Unknown,England,24,≤25,23.0,7.666666666666667,3,0.9950072787449443,0.09266743452187914,999999.9777777803,92667.43246260306,3,,0.5,2.0
9,4,Mark Dacascos,Lacey Schwimmer,Actor/Actress,Entertainment,Hawaii,United States,45,36-45,22.0,7.333333333333333,3,0.981643198524189,0.0906921835745057,999999.9777777803,90692.18155912407,6,7.0,0.4,0.5
9,4,Aaron Carter,Karina Smirnoff,Singer/Rapper,Entertainment,Florida,United States,21,≤25,18.0,6.0,3,0.9749731678532969,0.08301043382399931,999999.9777777803,83010.43197932321,5,8.0,0.3,-4.5
9,4,Louie Vito,Chelsie Hightower,Athlete,Sports,Ohio,United States,21,≤25,16.0,5.333333333333333,3,0.9597821586813902,0.08131616731217309,999999.9777777803,81316.16550514735,8,6.0,0.0,-1.5
9,4,Michael Irvin,Anna Demidova,Athlete,Sports,Florida,United States,43,36-45,16.0,5.333333333333333,3,0.9031300395085725,0.08131556525577378,999999.9777777803,81315.56344876143,7,7.0,0.0,-2.0
9,4,Chuck Liddell,Anna Trebunskaya,Athlete,Sports,California,United States,39,36-45,17.0,5.666666666666667,3,0.12007613575092208,0.07718332973542884,999999.9777777803,77183.32802024392,11,4.0,0.2,-1.0
9,5,Donny Osmond,Kym Johnson,Singer/Rapper,Entertainment,Utah,United States,51,46-55,29.0,9.666666666666666,3,0.9964033513100211,0.1100922876457967,1066666.6370370404,117431.77022685649,1,,1.0,4.0
9,5,Mya,Dmitry Chaplin,Singer/Rapper,Entertainment,Washington D.C.,United States,29,26-35,27.0,9.0,3,0.9947284844462605,0.10580878467906996,1066666.6370370404,112862.70052259987,2,,0.8888888888888888,0.0
9,5,Mark Dacascos,Lacey Schwimmer,Actor/Actress,Entertainment,Hawaii,United States,45,36-45,26.0,8.666666666666666,3,0.9954324720446931,0.10369473695473033,1066666.6370370404,110607.71634594272,6,7.0,0.7777777777777778,4.0
9,5,Aaron Carter,Karina Smirnoff,Singer/Rapper,Entertainment,Florida,United States,21,≤25,24.0,8.0,3,0.9742767375388256,0.09952563506890238,1066666.6370370404,106160.67445792184,5,8.0,0.4444444444444444,1.5
9,5,Joanna Krupa,Derek Hough,Model,Model,Unknown,Poland,30,26-35,24.0,8.0,3,0.9958354038221421,0.09952563506890238,1066666.6370370404,106160.67445792184,4,9.0,0.4444444444444444,0.5
9,5,Kelly Osbourne,Louis van Amstel,TV Personality,Media,Unknown,England,24,≤25,24.0,8.0,3,0.9879655242378379,0.09952563506890238,1066666.6370370404,106160.67445792184,3,,0.4444444444444444,2.0
9,5,Melissa Joan Hart,Mark Ballas,Actor/Actress,Entertainment,New York,United States,33,26-35,23.0,7.666666666666667,3,0.978184315246133,0.0974734631352585,1066666.6370370404,103971.69112284011,9,6.0,0.3333333333333333,2.0
9,5,Michael Irvin,Anna Demidova,Athlete,Sports,Florida,United States,43,36-45,21.0,7.0,3,0.9460274080916463,0.09651999649039822,1066666.6370370404,102954.66006324001,7,7.0,0.0,3.5
9,5,Louie Vito,Chelsie Hightower,Athlete,Sports,Ohio,United States,21,≤25,22.0,7.333333333333333,3,0.9240049603918137,0.09544606491760811,1066666.6370370404,101809.1330840841,8,6.0,0.1111111111111111,1.0
9,5,Natalie Coughlin,Alec Mazo,Athlete,Sports,California,United States,27,26-35,22.0,7.333333333333333,3,0.17385053635273176,0.09238776097043105,1066666.6370370404,98546.94229771163,10,5.0,0.1111111111111111,-2.0
9,6,Joanna Krupa,Derek Hough,Model,Model,Unknown,Poland,30,26-35,35.9999,11.999966666666666,3,0.9981318318096642,0.12571540225173036,1133333.2962963006,142477.45122916895,4,9.0,1.0,4.999949999999998
9,6,Mya,Dmitry Chaplin,Singer/Rapper,Entertainment,Washington D.C.,United States,29,26-35,33.0,11.0,3,0.9937043892168925,0.11936236428504096,1133333.2962963006,135277.3417688853,2,,0.875,2.5
9,6,Aaron Carter,Karina Smirnoff,Singer/Rapper,Entertainment,Florida,United States,21,≤25,32.9998,10.999933333333331,3,0.9922720981925006,0.11936194471603406,1133333.2962963006,135276.86625735968,5,8.0,0.75,7.4999
9,6,Mark Dacascos,Lacey Schwimmer,Actor/Actress,Entertainment,Hawaii,United States,45,36-45,32.0,10.666666666666666,3,0.994794619824682,0.11727764668539024,1133333.2962963006,132914.66189982623,6,7.0,0.625,5.0
9,6,Donny Osmond,Kym Johnson,Singer/Rapper,Entertainment,Utah,United States,51,46-55,30.9999,10.3333,3,0.996389844112708,0.11520960542331914,1133333.2962963006,130570.88187940643,1,,0.5,3.49995
9,6,Michael Irvin,Anna Demidova,Athlete,Sports,Florida,United States,43,36-45,21.9998,7.333266666666667,3,0.9333369431341139,0.10318500938277216,1133333.2962963006,116943.00681214187,7,7.0,0.0,2.9999000000000002
9,6,Kelly Osbourne,Louis van Amstel,TV Personality,Media,Unknown,England,24,≤25,24.9998,8.333266666666667,3,0.9542289290623391,0.10316976140064373,1133333.2962963006,116925.72576629439,3,,0.375,0.9999000000000002
9,6,Melissa Joan Hart,Mark Ballas,Actor/Actress,Entertainment,New York,United States,33,26-35,23.9999,7.999966666666666,3,0.20788937627218748,0.10122636768897214,1133333.2962963006,114723.21296504413,9,6.0,0.125,-2.00005
9,6,Louie Vito,Chelsie Hightower,Athlete,Sports,Ohio,United States,21,≤25,24.0,8.0,3,0.09341878991855382,0.09549189816609727,1133333.2962963006,108224.14771817367,8,6.0,0.25,4.0
9,7,Joanna Krupa,Derek Hough,Model,Model,Unknown,Poland,30,26-35,27.5,9.166666666666666,3,0.9974665349123927,0.1510325217554536,1199999.9555555605,181239.01939398854,4,9.0,1.0,1.75
9,7,Aaron Carter,Karina Smirnoff,Singer/Rapper,Entertainment,Florida,United States,21,≤25,26.5,8.833333333333334,3,0.9845445829084147,0.14761970611053232,1199999.9555555605,177143.6407717637,5,8.0,0.8333333333333334,1.25
9,7,Donny Osmond,Kym Johnson,Singer/Rapper,Entertainment,Utah,United States,51,46-55,26.0,8.666666666666666,3,0.9780410945665363,0.14592529727849074,1199999.9555555605,175110.35024862085,1,,0.5,-1.5
9,7,Kelly Osbourne,Louis van Amstel,TV Personality,Media,Unknown,England,24,≤25,26.0,8.666666666666666,3,0.9715217989449465,0.14592529727849074,1199999.9555555605,175110.35024862085,3,,0.5,1.0
9,7,Mya,Dmitry Chaplin,Singer/Rapper,Entertainment,Washington D.C.,United States,29,26-35,24.5,8.166666666666666,3,0.9358481007595691,0.14089015326517268,1199999.9555555605,169068.17765642333,2,,0.3333333333333333,-1.25
9,7,Michael Irvin,Anna Demidova,Athlete,Sports,Florida,United States,43,36-45,23.5,7.833333333333333,3,0.19379109575852202,0.13757331259089378,1199999.9555555605,165087.96899470378,7,7.0,0.16666666666666666,1.25
9,7,Mark Dacascos,Lacey Schwimmer,Actor/Actress,Entertainment,Hawaii,United States,45,36-45,21.5,7.166666666666667,3,0.15512858425042855,0.13103371172096606,1199999.9555555605,157240.44824143942,6,7.0,0.0,-2.25
9,8,Mya,Dmitry Chaplin,Singer/Rapper,Entertainment,Washington D.C.,United States,29,26-35,29.5,9.833333333333334,3,0.9780418332215634,0.2169637923258211,1266666.6148148207,274820.79236273357,2,,1.0,-1.75
9,8,Joanna Krupa,Derek Hough,Model,Model,Unknown,Poland,30,26-35,26.0,8.666666666666666,3,0.9952648409691179,0.1989113786386968,1266666.6148148207,251954.4026284271,4,9.0,0.75,-4.999949999999998
9,8,Kelly Osbourne,Louis van Amstel,TV Personality,Media,Unknown,England,24,≤25,25.5,8.5,3,0.888339023169826,0.19638387341781124,1266666.6148148207,248752.89614636122,3,,0.5,0.25009999999999977
9,8,Aaron Carter,Karina Smirnoff,Singer/Rapper,Entertainment,Florida,United States,21,≤25,25.0,8.333333333333334,3,0.18490546877948436,0.19387047780883546,1266666.6148148207,245569.26183864943,5,8.0,0.0,-3.9999000000000002
9,8,Donny Osmond,Kym Johnson,Singer/Rapper,Entertainment,Utah,United States,51,46-55,25.0,8.333333333333334,3,0.9430616591301002,0.19387047780883546,1266666.6148148207,245569.26183864943,1,,0.0,-2.99995
9,9,Mya,Dmitry Chaplin,Singer/Rapper,Entertainment,Washington D.C.,United States,29,26-35,28.9999,9.666633333333332,3,0.9872991028750792,0.2656786566873135,1333333.2740740809,354238.1931724994,2,,1.0,2.24995
9,9,Donny Osmond,Kym Johnson,Singer/Rapper,Entertainment,Utah,United States,51,46-55,24.666600000000003,8.2222,3,0.9574628392857893,0.2553665942618551,1333333.2740740809,340488.77721630665,1,,0.0,-0.6666999999999987
9,9,Kelly Osbourne,Louis van Amstel,TV Personality,Media,Unknown,England,24,≤25,25.9998,8.6666,3,0.8751563350091365,0.24546387666186356,1333333.2740740809,327285.1543364789,3,,0.3333333333333333,-9.999999999976694e-05
9,9,Joanna Krupa,Derek Hough,Model,Model,Unknown,Poland,30,26-35,27.0,9.0,3,0.14888082355971835,0.23349087238896782,1333333.2740740809,311321.1493487959,4,9.0,0.6666666666666666,-0.25
9,10,Donny Osmond,Kym Johnson,Singer/Rapper,Entertainment,Utah,United States,51,46-55,28.9998,9.6666,3,0.9328135915089649,0.34710862391971226,1399999.9333333408,485952.0503470248,1,,1.0,1.9999000000000002
9,10,Mya,Dmitry Chaplin,Singer/Rapper,Entertainment,Washington D.C.,United States,29,26-35,28.3332,9.4444,3,0.9566250755555245,0.34086537795380173,1399999.9333333408,477211.50641096645,2,,0.5,-0.5833999999999993
9,10,Kelly Osbourne,Louis van Amstel,TV Personality,Media,Unknown,England,24,≤25,25.2222,8.4074,3,0.6433806517992305,0.31202599812648596,1399999.9333333408,436836.3765753495,3,,0.0,-0.13889999999999958
10,1,Nicole Scherzinger,Derek Hough,Singer/Rapper,Entertainment,Hawaii,United States,31,26-35,25.0,8.333333333333334,3,0.9959435704756504,0.10494457118721003,800000.0,83955.65694976802,1,,1.0,1.0
10,1,Evan Lysacek,Anna Trebunskaya,Athlete,Sports,Illinois,United States,24,≤25,23.0,7.666666666666667,3,0.9967759179840429,0.10010223383600456,800000.0,80081.78706880365,2,,0.9,1.0
10,1,Pamela Anderson,Damian Whitewood,Model,Model,Unknown,Canada,42,36-45,21.0,7.0,3,0.9986650757817641,0.09536979261060106,800000.0,76295.83408848086,6,7.0,0.7,1.0
10,1,Erin Andrews,Maksim Chmerkoskiy,Sports Broadcaster,Media,Maine,United States,32,26-35,21.0,7.0,3,0.9960689900093297,0.09536979255692535,800000.0,76295.83404554028,3,,0.7,1.0
10,1,Jake Pavelka,Chelsie Hightower,TV Personality,Media,Texas,United States,32,26-35,20.0,6.666666666666667,3,0.996063486090198,0.09304676174105546,800000.0,74437.40939284436,7,6.0,0.6,1.0
10,1,Shannen Doherty,Mark Ballas,Actor/Actress,Entertainment,Tennessee,United States,38,36-45,18.0,6.0,3,0.9809699317175369,0.08849081424788309,800000.0,70792.65139830647,11,2.0,0.3,1.0
10,1,Chad Ochocinco,Cheryl Burke,Athlete,Sports,Florida,United States,32,26-35,18.0,6.0,3,0.9849906589923989,0.08849081337281944,800000.0,70792.65069825556,4,9.0,0.3,1.0
10,1,Niecy Nash,Louis van Amstel,Actor/Actress,Entertainment,California,United States,40,36-45,18.0,6.0,3,0.9793303737156088,0.08849081337281944,800000.0,70792.65069825556,5,8.0,0.3,1.0
10,1,Kate Gosselin,Tony Dovolani,TV Personality,Media,Pennsylvania,United States,35,26-35,16.0,5.333333333333333,3,0.9887489723277946,0.08405826146114358,800000.0,67246.60916891486,8,5.0,0.2,1.0
10,1,Aiden Turner,Edyta Sliwinska,Actor/Actress,Entertainment,Unknown,England,32,26-35,15.0,5.0,3,0.960872591890801,0.08188824036547007,800000.0,65510.59229237606,9,4.0,0.1,1.0
10,1,Buzz Aldrin,Ashly DelGrosso,Astronaut,Other,New Jersey,United States,80,>55,14.0,4.666666666666667,3,0.9754810154301763,0.07974790524806787,800000.0,63798.32419845429,10,3.0,0.0,1.0
10,2,Nicole Scherzinger,Derek Hough,Singer/Rapper,Entertainment,Hawaii,United States,31,26-35,28.0,9.333333333333334,3,0.9946219486778862,0.10858999663121593,866666.6592592602,94111.32960935023,1,,1.0,3.0
10,2,Evan Lysacek,Anna Trebunskaya,Athlete,Sports,Illinois,United States,24,≤25,24.0,8.0,3,0.9957041241423996,0.09932472571617106,866666.6592592602,86081.4282182763,2,,0.9,1.0
10,2,Buzz Aldrin,Ashly DelGrosso,Astronaut,Other,New Jersey,United States,80,>55,12.0,4.0,3,0.8482024726941144,0.09885063372104821,866666.6592592602,85670.54849268163,10,3.0,0.0,-2.0
10,2,Erin Andrews,Maksim Chmerkoskiy,Sports Broadcaster,Media,Maine,United States,32,26-35,23.0,7.666666666666667,3,0.9940750244332556,0.097078042825859,866666.6592592602,84134.3030633146,3,,0.8,2.0
10,2,Pamela Anderson,Damian Whitewood,Model,Model,Unknown,Canada,42,36-45,22.0,7.333333333333333,3,0.9981198409804248,0.09485882756815515,866666.6592592602,82210.98318974325,6,7.0,0.7,1.0
10,2,Niecy Nash,Louis van Amstel,Actor/Actress,Entertainment,California,United States,40,36-45,21.0,7.0,3,0.9926042144153236,0.09266621766585671,866666.6592592602,80310.72129065948,5,8.0,0.6,3.0
10,2,Jake Pavelka,Chelsie Hightower,TV Personality,Media,Texas,United States,32,26-35,20.0,6.666666666666667,3,0.9893525984834737,0.09049952580721349,866666.6592592602,78432.92169588491,7,6.0,0.4,0.0
10,2,Aiden Turner,Edyta Sliwinska,Actor/Actress,Entertainment,Unknown,England,32,26-35,19.0,6.333333333333333,3,0.9573487148119945,0.08835748854659001,866666.6592592602,76576.4894192115,9,4.0,0.3,4.0
10,2,Kate Gosselin,Tony Dovolani,TV Personality,Media,Pennsylvania,United States,35,26-35,15.0,5.0,3,0.9646525951240091,0.08521426593599146,866666.6592592602,73852.36317997589,8,5.0,0.1,-1.0
10,2,Chad Ochocinco,Cheryl Burke,Athlete,Sports,Florida,United States,32,26-35,16.0,5.333333333333333,3,0.9665144512391123,0.08207331442283367,866666.6592592602,71130.2052251721,4,9.0,0.2,-2.0
10,2,Shannen Doherty,Mark Ballas,Actor/Actress,Entertainment,Tennessee,United States,38,36-45,20.0,6.666666666666667,3,0.18223160503516816,0.0624869611590652,866666.6592592602,54155.36587499018,11,2.0,0.4,2.0
10,3,Evan Lysacek,Anna Trebunskaya,Athlete,Sports,Illinois,United States,24,≤25,26.0,8.666666666666666,3,0.995523963407687,0.11431318070555262,933333.3185185202,106692.3002983207,2,,1.0,1.5
10,3,Erin Andrews,Maksim Chmerkoskiy,Sports Broadcaster,Media,Maine,United States,32,26-35,23.0,7.666666666666667,3,0.993867249824067,0.10655981745512165,933333.3185185202,99455.82804611642,3,,0.7777777777777778,1.0
10,3,Nicole Scherzinger,Derek Hough,Singer/Rapper,Entertainment,Hawaii,United States,31,26-35,23.0,7.666666666666667,3,0.9942881748433408,0.10655981745512165,933333.3185185202,99455.82804611642,1,,0.7777777777777778,-1.0
10,3,Jake Pavelka,Chelsie Hightower,TV Personality,Media,Texas,United States,32,26-35,21.0,7.0,3,0.9925191576631237,0.10153122300589225,933333.3185185202,94762.47330133333,7,6.0,0.4444444444444444,0.5
10,3,Niecy Nash,Louis van Amstel,Actor/Actress,Entertainment,California,United States,40,36-45,21.0,7.0,3,0.9871761831987858,0.10153122113874463,933333.3185185202,94762.47155866226,5,8.0,0.4444444444444444,1.5
10,3,Pamela Anderson,Damian Whitewood,Model,Model,Unknown,Canada,42,36-45,21.0,7.0,3,0.9969371471104417,0.10153122095170193,933333.3185185202,94762.47138408908,6,7.0,0.4444444444444444,0.0
10,3,Aiden Turner,Edyta Sliwinska,Actor/Actress,Entertainment,Unknown,England,32,26-35,20.0,6.666666666666667,3,0.9699311557959269,0.09906149650890854,933333.3185185202,92457.39527407041,9,4.0,0.2222222222222222,2.5
10,3,Chad Ochocinco,Cheryl Burke,Athlete,Sports,Florida,United States,32,26-35,20.0,6.666666666666667,3,0.9710277096232336,0.09906149650890854,933333.3185185202,92457.39527407041,4,9.0,0.2222222222222222,1.0
10,3,Kate Gosselin,Tony Dovolani,TV Personality,Media,Pennsylvania,United States,35,26-35,15.0,5.0,3,0.9117559346650947,0.08718797426421332,933333.3185185202,81375.44135492556,8,5.0,0.1111111111111111,-0.5
10,3,Buzz Aldrin,Ashly DelGrosso,Astronaut,Other,New Jersey,United States,80,>55,13.0,4.333333333333333,3,0.11201847568171773,0.08266255200583475,933333.3185185202,77151.7139808155,10,3.0,0.0,-0.5
10,4,Evan Lysacek,Anna Trebunskaya,Athlete,Sports,Illinois,United States,24,≤25,26.0,8.666666666666666,3,0.9952787266399229,0.1266609366558044,999999.9777777803,126660.93384111725,2,,1.0,1.0
10,4,Nicole Scherzinger,Derek Hough,Singer/Rapper,Entertainment,Hawaii,United States,31,26-35,25.0,8.333333333333334,3,0.9937647699968026,0.12367098163338948,999999.9777777803,123670.97888514576,1,,0.875,-1.5
10,4,Pamela Anderson,Damian Whitewood,Model,Model,Unknown,Canada,42,36-45,23.5,7.833333333333333,3,0.9980427387944475,0.11924299534698639,999999.9777777803,119242.99269714234,6,7.0,0.75,0.75
10,4,Chad Ochocinco,Cheryl Burke,Athlete,Sports,Florida,United States,32,26-35,22.0,7.333333333333333,3,0.9921181645670563,0.11488395249203032,999999.9777777803,114883.94993905388,4,9.0,0.625,3.0
10,4,Erin Andrews,Maksim Chmerkoskiy,Sports Broadcaster,Media,Maine,United States,32,26-35,19.5,6.5,3,0.9791122442950116,0.10777739637161021,999999.9777777803,107777.39397655723,3,,0.5,-1.75
10,4,Jake Pavelka,Chelsie Hightower,TV Personality,Media,Texas,United States,32,26-35,19.0,6.333333333333333,3,0.97143707615252,0.10638129889710327,999999.9777777803,106381.29653307467,7,6.0,0.375,-0.5
10,4,Niecy Nash,Louis van Amstel,Actor/Actress,Entertainment,California,United States,40,36-45,18.0,6.0,3,0.9721442658381335,0.1036167548851972,999999.9777777803,103616.7525826029,5,8.0,0.25,-1.5
10,4,Kate Gosselin,Tony Dovolani,TV Personality,Media,Pennsylvania,United States,35,26-35,16.0,5.333333333333333,3,0.9220750782878405,0.10023055209426186,999999.9777777803,100230.54986691651,8,5.0,0.0,0.5
10,4,Aiden Turner,Edyta Sliwinska,Actor/Actress,Entertainment,Unknown,England,32,26-35,16.5,5.5,3,0.2192684532416311,0.09753513162361682,999999.9777777803,97535.1294561697,9,4.0,0.125,-1.25
10,5,Nicole Scherzinger,Derek Hough,Singer/Rapper,Entertainment,Hawaii,United States,31,26-35,29.0,9.666666666666666,3,0.9943568346268734,0.14923663206064763,1066666.6370370404,159185.7364428652,1,,1.0,3.0
10,5,Evan Lysacek,Anna Trebunskaya,Athlete,Sports,Illinois,United States,24,≤25,27.0,9.0,3,0.996122624731349,0.1423940723287855,1066666.6370370404,151887.00626495475,2,,0.8571428571428571,0.5
10,5,Jake Pavelka,Chelsie Hightower,TV Personality,Media,Texas,United States,32,26-35,23.0,7.666666666666667,3,0.9913689764588376,0.12909597946357199,1066666.6370370404,137702.37426941117,7,6.0,0.7142857142857143,1.0
10,5,Erin Andrews,Maksim Chmerkoskiy,Sports Broadcaster,Media,Maine,United States,32,26-35,22.0,7.333333333333333,3,0.9926005934265577,0.12585585681139808,1066666.6370370404,134246.24353642928,3,,0.5714285714285714,-0.5
10,5,Pamela Anderson,Damian Whitewood,Model,Model,Unknown,Canada,42,36-45,21.0,7.0,3,0.9962332445539739,0.12265141835496438,1066666.6370370404,130828.17594451299,6,7.0,0.42857142857142855,0.0
10,5,Niecy Nash,Louis van Amstel,Actor/Actress,Entertainment,California,United States,40,36-45,18.0,6.0,3,0.9286596947490147,0.1132682705890108,1066666.6370370404,120819.48527218167,5,8.0,0.14285714285714285,-1.5
10,5,Chad Ochocinco,Cheryl Burke,Athlete,Sports,Florida,United States,32,26-35,18.0,6.0,3,0.968862243092742,0.11326555630569003,1066666.6370370404,120816.59003671994,4,9.0,0.14285714285714285,-1.0
10,5,Kate Gosselin,Tony Dovolani,TV Personality,Media,Pennsylvania,United States,35,26-35,15.0,5.0,3,0.24746180425190992,0.10423221408593146,1066666.6370370404,111181.02526996535,8,5.0,0.0,0.0
10,6,Nicole Scherzinger,Derek Hough,Singer/Rapper,Entertainment,Hawaii,United States,31,26-35,35.9999,11.999966666666666,3,0.9940995320305311,0.16039381934571184,1133333.2962963006,181779.65598462895,1,,1.0,5.499949999999998
10,6,Erin Andrews,Maksim Chmerkoskiy,Sports Broadcaster,Media,Maine,United States,32,26-35,34.0,11.333333333333334,3,0.9932753851489241,0.15454035237226074,1133333.2962963006,175145.72696484608,3,,0.8333333333333334,7.25
10,6,Chad Ochocinco,Cheryl Burke,Athlete,Sports,Florida,United States,32,26-35,30.9999,10.3333,3,0.9913834139601606,0.14592488414116198,1133333.2962963006,165381.52995535886,4,9.0,0.6666666666666666,4.49995
10,6,Pamela Anderson,Damian Whitewood,Model,Model,Unknown,Canada,42,36-45,29.9998,9.999933333333331,3,0.9935720682011339,0.14309734328153745,1133333.2962963006,162176.98375250812,6,7.0,0.5,3.2499000000000002
10,6,Evan Lysacek,Anna Trebunskaya,Athlete,Sports,Illinois,United States,24,≤25,27.0,9.0,3,0.9768699774315879,0.13474819379441857,1133333.2962963006,152714.6146430011,2,,0.3333333333333333,0.5
10,6,Niecy Nash,Louis van Amstel,Actor/Actress,Entertainment,California,United States,40,36-45,25.9998,8.6666,3,0.8953673084927047,0.13200738961246694,1133333.2962963006,149608.37000496718,5,8.0,0.16666666666666666,3.9999000000000002
10,6,Jake Pavelka,Chelsie Hightower,TV Personality,Media,Texas,United States,32,26-35,24.9999,8.3333,3,0.2734990494313178,0.12928801745244248,1133333.2962963006,146526.41499099028,7,6.0,0.0,2.99995
10,7,Evan Lysacek,Anna Trebunskaya,Athlete,Sports,Illinois,United States,24,≤25,27.0,9.0,3,0.9828290122751486,0.17102696196915104,1199999.9555555605,205232.3467617838,2,,0.8,0.0
10,7,Nicole Scherzinger,Derek Hough,Singer/Rapper,Entertainment,Hawaii,United States,31,26-35,27.0,9.0,3,0.9870801147683705,0.1710269616733207,1199999.9555555605,205232.3464067874,1,,0.8,-1.0
10,7,Chad Ochocinco,Cheryl Burke,Athlete,Sports,Florida,United States,32,26-35,26.0,8.666666666666666,3,0.9870314250063447,0.16697973261027574,1199999.9555555605,200375.67171101028,4,9.0,0.6,4.0
10,7,Niecy Nash,Louis van Amstel,Actor/Actress,Entertainment,California,United States,40,36-45,24.5,8.166666666666666,3,0.8316515092212209,0.16621112743186106,1199999.9555555605,199453.34553107288,5,8.0,0.0,3.25
10,7,Erin Andrews,Maksim Chmerkoskiy,Sports Broadcaster,Media,Maine,United States,32,26-35,25.5,8.5,3,0.8889547200962099,0.16497496344160198,1199999.9555555605,197969.9487977026,3,,0.2,1.75
10,7,Pamela Anderson,Damian Whitewood,Model,Model,Unknown,Canada,42,36-45,25.5,8.5,3,0.08878736559446072,0.1597802528737895,1199999.9555555605,191736.2963472036,6,7.0,0.2,2.25
10,8,Nicole Scherzinger,Derek Hough,Singer/Rapper,Entertainment,Hawaii,United States,31,26-35,29.5,9.833333333333334,3,0.9916974600131153,0.22232361769122286,1266666.6148148207,281609.90421432565,1,,1.0,-3.2499499999999983
10,8,Erin Andrews,Maksim Chmerkoskiy,Sports Broadcaster,Media,Maine,United States,32,26-35,26.5,8.833333333333334,3,0.9830171490757672,0.20615805998041437,1266666.6148148207,261133.53195218224,3,,0.5,-3.75
10,8,Evan Lysacek,Anna Trebunskaya,Athlete,Sports,Illinois,United States,24,≤25,26.5,8.833333333333334,3,0.9946622193167464,0.20615805998041437,1266666.6148148207,261133.53195218224,2,,0.5,-0.25
10,8,Chad Ochocinco,Cheryl Burke,Athlete,Sports,Florida,United States,32,26-35,22.5,7.5,3,0.8908950831387074,0.1852364713803158,1266666.6148148207,234632.854143547,4,9.0,0.25,-4.24995
10,8,Niecy Nash,Louis van Amstel,Actor/Actress,Entertainment,California,United States,40,36-45,21.5,7.166666666666667,3,0.09585257030210206,0.1801237909676325,1266666.6148148207,228156.79255258344,5,8.0,0.0,-2.2499000000000002
10,9,Evan Lysacek,Anna Trebunskaya,Athlete,Sports,Illinois,United States,24,≤25,29.5,9.833333333333334,3,0.9474499409103533,0.2578792709503078,1333333.2740740809,343839.01265201095,2,,0.6666666666666666,1.25
10,9,Nicole Scherzinger,Derek Hough,Singer/Rapper,Entertainment,Hawaii,United States,31,26-35,29.5,9.833333333333334,3,0.9722484813207727,0.2578792709503078,1333333.2740740809,343839.01265201095,1,,0.6666666666666666,1.25
10,9,Erin Andrews,Maksim Chmerkoskiy,Sports Broadcaster,Media,Maine,United States,32,26-35,28.0,9.333333333333334,3,0.8835720872369388,0.2483896906683526,1333333.2740740809,331186.2395050827,3,,0.3333333333333333,1.25
10,9,Chad Ochocinco,Cheryl Burke,Athlete,Sports,Florida,United States,32,26-35,26.0,8.666666666666666,3,0.08443373826122512,0.2358517674310317,1333333.2740740809,314469.0092649762,4,9.0,0.0,0.0
10,10,Nicole Scherzinger,Derek Hough,Singer/Rapper,Entertainment,Hawaii,United States,31,26-35,28.7777,9.592566666666666,3,0.930978362482038,0.3447286718791915,1399999.9333333408,482620.1176489592,1,,1.0,-0.3611500000000003
10,10,Erin Andrews,Maksim Chmerkoskiy,Sports Broadcaster,Media,Maine,United States,32,26-35,26.9998,8.999933333333333,3,0.6898008587828984,0.3281510379331716,1399999.9333333408,459411.4312297068,3,,0.5,0.24990000000000023
10,10,Evan Lysacek,Anna Trebunskaya,Athlete,Sports,Illinois,United States,24,≤25,26.8887,8.9629,3,0.11873740799386814,0.327120290187637,1399999.9333333408,457968.3844546749,2,,0.0,0.19435000000000002
11,1,Jennifer Grey,Derek Hough,Actor/Actress,Entertainment,New York,United States,50,46-55,24.0,8.0,3,0.9961767776041253,0.09370086910981973,800000.0,74960.69528785578,1,,1.0,1.0
11,1,Brandy,Maksim Chmerkoskiy,Singer/Rapper,Entertainment,Mississippi,United States,31,26-35,23.0,7.666666666666667,3,0.9944120013065859,0.09158241886457123,800000.0,73265.93509165698,4,9.0,0.8181818181818182,1.0
11,1,Kyle Massey,Lacey Schwimmer,Actor/Actress,Entertainment,Georgia,United States,19,≤25,23.0,7.666666666666667,3,0.9977833270352832,0.09158241656714393,800000.0,73265.93325371515,2,,0.8181818181818182,1.0
11,1,Rick Fox,Cheryl Burke,Athlete,Sports,Unknown,Canada,41,36-45,22.0,7.333333333333333,3,0.9970510607284334,0.08948925180253627,800000.0,71591.40144202902,6,7.0,0.7272727272727273,1.0
11,1,Kurt Warner,Anna Trebunskaya,Athlete,Sports,Iowa,United States,39,36-45,19.0,6.333333333333333,3,0.9951468343063179,0.08336379849594472,800000.0,66691.03879675578,5,8.0,0.5454545454545454,1.0
11,1,Audrina Patridge,Tony Dovolani,TV Personality,Media,California,United States,25,≤25,19.0,6.333333333333333,3,0.9944738916404198,0.08336379351296122,800000.0,66691.03481036898,7,6.0,0.5454545454545454,1.0
11,1,Florence Henderson,Corky Ballas,Actor/Actress,Entertainment,Indiana,United States,76,>55,18.0,6.0,3,0.9920612592711543,0.08137413150546312,800000.0,65099.305204370496,8,5.0,0.36363636363636365,1.0
11,1,Bristol Palin,Mark Ballas,TV Personality,Media,Alaska,United States,19,≤25,18.0,6.0,3,0.9893314970286728,0.08137413012324875,800000.0,65099.304098599,3,,0.36363636363636365,1.0
11,1,Michael Bolton,Chelsie Hightower,Singer/Rapper,Entertainment,Connecticut,United States,57,>55,16.0,5.333333333333333,3,0.9844402113316351,0.07747453755630772,800000.0,61979.63004504617,11,2.0,0.2727272727272727,1.0
11,1,Margaret Cho,Louis van Amstel,Comedian,Entertainment,California,United States,41,36-45,15.0,5.0,3,0.935055768761661,0.07556489842589262,800000.0,60451.91874071409,10,3.0,0.0,1.0
11,1,The Situation,Karina Smirnoff,TV Personality,Media,New York,United States,28,26-35,15.0,5.0,3,0.9637545867358257,0.07556487701806114,800000.0,60451.901614448914,9,4.0,0.0,1.0
11,1,David Hasselhoff,Kym Johnson,Actor/Actress,Entertainment,Maryland,United States,58,>55,15.0,5.0,3,0.3672858338965416,0.07556487701804972,800000.0,60451.901614439776,12,1.0,0.0,1.0
11,2,Jennifer Grey,Derek Hough,Actor/Actress,Entertainment,New York,United States,50,46-55,24.0,8.0,3,0.9959191908286946,0.09939842989413404,866666.6592592602,86145.30517196492,1,,1.0,0.0
11,2,Audrina Patridge,Tony Dovolani,TV Personality,Media,California,United States,25,≤25,23.0,7.666666666666667,3,0.9938710604163504,0.09715479856116253,866666.6592592602,84200.8247000091,7,6.0,0.9,4.0
11,2,Kyle Massey,Lacey Schwimmer,Actor/Actress,Entertainment,Georgia,United States,19,≤25,22.0,7.333333333333333,3,0.9970473169572223,0.09493635450219695,866666.6592592602,82278.17319867185,2,,0.7,-1.0
11,2,Bristol Palin,Mark Ballas,TV Personality,Media,Alaska,United States,19,≤25,22.0,7.333333333333333,3,0.9958938837143818,0.09493635446049456,866666.6592592602,82278.17316252978,3,,0.7,4.0
11,2,Kurt Warner,Anna Trebunskaya,Athlete,Sports,Iowa,United States,39,36-45,21.0,7.0,3,0.9887078615198261,0.09274387444525944,866666.6592592602,80378.02383223327,5,8.0,0.4,2.0
11,2,Rick Fox,Cheryl Burke,Athlete,Sports,Unknown,Canada,41,36-45,21.0,7.0,3,0.989417317660867,0.0927438738364359,866666.6592592602,80378.0233045862,6,7.0,0.4,-1.0
11,2,Brandy,Maksim Chmerkoskiy,Singer/Rapper,Entertainment,Mississippi,United States,31,26-35,21.0,7.0,3,0.9845303398177546,0.09274387371253114,866666.6592592602,80378.02319720208,4,9.0,0.4,-2.0
11,2,Florence Henderson,Corky Ballas,Actor/Actress,Entertainment,Indiana,United States,76,>55,19.0,6.333333333333333,3,0.9841889230148437,0.08843981541513553,866666.6592592602,76647.83937134112,8,5.0,0.3,1.0
11,2,The Situation,Karina Smirnoff,TV Personality,Media,New York,United States,28,26-35,18.0,6.0,3,0.9582336799414928,0.086329546583362,866666.6592592602,74818.93973276902,9,4.0,0.1,3.0
11,2,Margaret Cho,Louis van Amstel,Comedian,Entertainment,California,United States,41,36-45,18.0,6.0,3,0.9487416122368522,0.08632954452162028,866666.6592592602,74818.93794592621,10,3.0,0.1,3.0
11,2,Michael Bolton,Chelsie Hightower,Singer/Rapper,Entertainment,Connecticut,United States,57,>55,12.0,4.0,3,0.05002759015813894,0.07424353406766761,866666.6592592602,64344.39564202655,11,2.0,0.0,-4.0
11,3,Audrina Patridge,Tony Dovolani,TV Personality,Media,California,United States,25,≤25,26.0,8.666666666666666,3,0.9936631574390961,0.10894120622483147,933333.3185185202,101678.45752923243,7,6.0,1.0,3.5
11,3,Jennifer Grey,Derek Hough,Actor/Actress,Entertainment,New York,United States,50,46-55,24.0,8.0,3,0.9956581544237226,0.10426066549408099,933333.3185185202,97309.95291653997,1,,0.6666666666666666,0.0
11,3,Brandy,Maksim Chmerkoskiy,Singer/Rapper,Entertainment,Mississippi,United States,31,26-35,24.0,8.0,3,0.9917573649411774,0.10426066502385088,933333.3185185202,97309.95247765856,4,9.0,0.6666666666666666,0.5
11,3,Rick Fox,Cheryl Burke,Athlete,Sports,Unknown,Canada,41,36-45,24.0,8.0,3,0.9956356679580421,0.10426066475693149,933333.3185185202,97309.9522285338,6,7.0,0.6666666666666666,1.0
11,3,Kurt Warner,Anna Trebunskaya,Athlete,Sports,Iowa,United States,39,36-45,23.0,7.666666666666667,3,0.995373123392744,0.10196273344128193,933333.3185185202,95165.21636797096,5,8.0,0.4444444444444444,2.0
11,3,Kyle Massey,Lacey Schwimmer,Actor/Actress,Entertainment,Georgia,United States,19,≤25,23.0,7.666666666666667,3,0.9976081986636052,0.10196273344128193,933333.3185185202,95165.21636797096,2,,0.4444444444444444,0.0
11,3,Florence Henderson,Corky Ballas,Actor/Actress,Entertainment,Indiana,United States,76,>55,20.0,6.666666666666667,3,0.943798306252777,0.09523048100066434,933333.3185185202,88881.78085646493,8,5.0,0.2222222222222222,1.0
11,3,The Situation,Karina Smirnoff,TV Personality,Media,New York,United States,28,26-35,20.0,6.666666666666667,3,0.9472597809683484,0.09523047730357713,933333.3185185202,88881.77740585027,9,4.0,0.2222222222222222,2.5
11,3,Bristol Palin,Mark Ballas,TV Personality,Media,Alaska,United States,19,≤25,19.0,6.333333333333333,3,0.9561771258958935,0.09303417537878778,933333.3185185202,86831.895641918,3,,0.1111111111111111,0.5
11,3,Margaret Cho,Louis van Amstel,Comedian,Entertainment,California,United States,41,36-45,18.0,6.0,3,0.2829273284705301,0.09085619793471197,933333.3185185202,84799.11672638025,10,3.0,0.0,1.5
11,4,Jennifer Grey,Derek Hough,Actor/Actress,Entertainment,New York,United States,50,46-55,28.0,9.333333333333334,3,0.9939806542936755,0.1357742329253604,999999.9777777803,135774.22990815557,1,,1.0,2.0
11,4,Brandy,Maksim Chmerkoskiy,Singer/Rapper,Entertainment,Mississippi,United States,31,26-35,24.0,8.0,3,0.9909175622843966,0.12317094646225718,999999.9777777803,123170.94372512534,4,9.0,0.875,1.5
11,4,Audrina Patridge,Tony Dovolani,TV Personality,Media,California,United States,25,≤25,23.0,7.666666666666667,3,0.9921637010887182,0.12010388972286735,999999.9777777803,120103.88705389232,7,6.0,0.75,0.0
11,4,Kyle Massey,Lacey Schwimmer,Actor/Actress,Entertainment,Georgia,United States,19,≤25,20.0,6.666666666666667,3,0.9968385493711159,0.11111691940335378,999999.9777777803,111116.91693408918,2,,0.625,-1.0
11,4,Rick Fox,Cheryl Burke,Athlete,Sports,Unknown,Canada,41,36-45,19.5,6.5,3,0.9925200997666116,0.10965143823590254,999999.9777777803,109651.43579920418,6,7.0,0.5,-0.75
11,4,Florence Henderson,Corky Ballas,Actor/Actress,Entertainment,Indiana,United States,76,>55,17.5,5.833333333333333,3,0.9596450483065059,0.10388533556216095,999999.9777777803,103885.3332535982,8,5.0,0.375,-0.75
11,4,Kurt Warner,Anna Trebunskaya,Athlete,Sports,Iowa,United States,39,36-45,17.0,5.666666666666667,3,0.9776712859747905,0.10246807200400498,999999.9777777803,102468.06972693697,5,8.0,0.25,-2.0
11,4,Bristol Palin,Mark Ballas,TV Personality,Media,Alaska,United States,19,≤25,16.0,5.333333333333333,3,0.963884797756038,0.09966277831053579,999999.9777777803,99662.77609580763,3,,0.125,-3.0
11,4,The Situation,Karina Smirnoff,TV Personality,Media,New York,United States,28,26-35,14.0,4.666666666666667,3,0.14408860686552236,0.09416638737355704,999999.9777777803,94166.38528097089,9,4.0,0.0,-2.0
11,5,Brandy,Maksim Chmerkoskiy,Singer/Rapper,Entertainment,Mississippi,United States,31,26-35,27.0,9.0,3,0.9882017842608081,0.13811352566628143,1066666.6370370404,147321.08995178138,4,9.0,1.0,1.5
11,5,Jennifer Grey,Derek Hough,Actor/Actress,Entertainment,New York,United States,50,46-55,25.0,8.333333333333334,3,0.9938673931533265,0.1317972855690832,1066666.6370370404,140583.76736858443,1,,0.8571428571428571,0.5
11,5,Kurt Warner,Anna Trebunskaya,Athlete,Sports,Iowa,United States,39,36-45,24.0,8.0,3,0.9927126656072383,0.12868878560147823,1066666.6370370404,137268.03416190948,5,8.0,0.5714285714285714,0.5
11,5,Rick Fox,Cheryl Burke,Athlete,Sports,Unknown,Canada,41,36-45,24.0,8.0,3,0.9953093555048685,0.12868878560147823,1066666.6370370404,137268.03416190948,6,7.0,0.5714285714285714,0.0
11,5,Audrina Patridge,Tony Dovolani,TV Personality,Media,California,United States,25,≤25,23.0,7.666666666666667,3,0.9893123369461129,0.1256141576745161,1066666.6370370404,133988.43113091664,7,6.0,0.42857142857142855,-1.5
11,5,Bristol Palin,Mark Ballas,TV Personality,Media,Alaska,United States,19,≤25,18.0,6.0,3,0.8843842699673051,0.12349350593037199,1066666.6370370404,131726.4026666637,3,,0.0,-0.5
11,5,Kyle Massey,Lacey Schwimmer,Actor/Actress,Entertainment,Georgia,United States,19,≤25,20.0,6.666666666666667,3,0.9657107022707783,0.1165939809029069,1066666.6370370404,124366.90950846463,2,,0.14285714285714285,-1.5
11,5,Florence Henderson,Corky Ballas,Actor/Actress,Entertainment,Indiana,United States,76,>55,21.0,7.0,3,0.30016387488717333,0.10700997305388384,1066666.6370370404,114143.9680868106,8,5.0,0.2857142857142857,0.5
11,6,Brandy,Maksim Chmerkoskiy,Singer/Rapper,Entertainment,Mississippi,United States,31,26-35,35.9999,11.999966666666666,3,0.9905462733353807,0.16121567974606038,1133333.2962963006,182711.09774125135,4,9.0,1.0,5.999949999999998
11,6,Kurt Warner,Anna Trebunskaya,Athlete,Sports,Iowa,United States,39,36-45,21.9999,7.3333,3,0.9160051742202656,0.16035294341704803,1133333.2962963006,181733.32993365722,5,8.0,0.0,2.49995
11,6,Rick Fox,Cheryl Burke,Athlete,Sports,Unknown,Canada,41,36-45,30.0,10.0,3,0.9880221027115785,0.14371960491475455,1133333.2962963006,162882.2135804408,6,7.0,0.6666666666666666,5.25
11,6,Kyle Massey,Lacey Schwimmer,Actor/Actress,Entertainment,Georgia,United States,19,≤25,29.9999,9.999966666666666,3,0.9846567554341263,0.14371932112829583,1133333.2962963006,162881.89195579808,2,,0.5,4.99995
11,6,Jennifer Grey,Derek Hough,Actor/Actress,Entertainment,New York,United States,50,46-55,29.0,9.666666666666666,3,0.966064276141397,0.1408816197029818,1133333.2962963006,159665.8304455422,1,,0.3333333333333333,0.5
11,6,Bristol Palin,Mark Ballas,TV Personality,Media,Alaska,United States,19,≤25,27.9998,9.333266666666669,3,0.9681301169530527,0.13806679476492725,1133333.2962963006,156475.6956199998,3,,0.16666666666666666,5.9999
11,6,Audrina Patridge,Tony Dovolani,TV Personality,Media,California,United States,25,≤25,31.9998,10.6666,3,0.39340882456425097,0.11204403632593225,1133333.2962963006,126983.23701961125,7,6.0,0.8333333333333334,4.4999
11,7,Jennifer Grey,Derek Hough,Actor/Actress,Entertainment,New York,United States,50,46-55,36.5,9.125,4,0.9558345337320403,0.17192356104477088,1199999.9555555605,206308.26561267875,1,,0.8,5.75
11,7,Brandy,Maksim Chmerkoskiy,Singer/Rapper,Entertainment,Mississippi,United States,31,26-35,36.5,9.125,4,0.976185888956856,0.17192355809957696,1199999.9555555605,206308.2620784462,4,9.0,0.8,4.75
11,7,Bristol Palin,Mark Ballas,TV Personality,Media,Alaska,United States,19,≤25,32.5,8.125,4,0.9273420775549747,0.1677130085134523,1199999.9555555605,201255.6027622321,3,,0.0,7.25
11,7,Kurt Warner,Anna Trebunskaya,Athlete,Sports,Iowa,United States,39,36-45,35.0,8.75,4,0.9680340406934017,0.16738566105890948,1199999.9555555605,200862.7858313295,5,8.0,0.6,5.5
11,7,Kyle Massey,Lacey Schwimmer,Actor/Actress,Entertainment,Georgia,United States,19,≤25,33.5,8.375,4,0.8900171432424372,0.1629335383761129,1199999.9555555605,195520.2388098457,2,,0.2,6.75
11,7,Rick Fox,Cheryl Burke,Athlete,Sports,Unknown,Canada,41,36-45,34.5,8.625,4,0.35200938703701345,0.15812067290717735,1199999.9555555605,189744.80046102815,6,7.0,0.4,5.25
11,8,Jennifer Grey,Derek Hough,Actor/Actress,Entertainment,New York,United States,50,46-55,28.5,9.5,3,0.9901302625520244,0.2100374463822943,1266666.6148148207,266047.4211934101,1,,0.75,-0.25
11,8,Brandy,Maksim Chmerkoskiy,Singer/Rapper,Entertainment,Mississippi,United States,31,26-35,28.5,9.5,3,0.9884140331881744,0.21003744578964254,1266666.6148148207,266047.4204427179,4,9.0,0.75,-3.7499499999999983
11,8,Kyle Massey,Lacey Schwimmer,Actor/Actress,Entertainment,Georgia,United States,19,≤25,28.0,9.333333333333334,3,0.9785449921089989,0.20747724298263764,1266666.6148148207,262804.49701992964,2,,0.5,-0.9999500000000001
11,8,Bristol Palin,Mark Ballas,TV Personality,Media,Alaska,United States,19,≤25,23.5,7.833333333333333,3,0.9677171588223423,0.1881107267481492,1266666.6148148207,238273.57746043388,3,,0.0,-2.2499000000000002
11,8,Kurt Warner,Anna Trebunskaya,Athlete,Sports,Iowa,United States,39,36-45,24.0,8.0,3,0.15170259305336964,0.18433713809727637,1266666.6148148207,233493.6986983292,5,8.0,0.25,1.0000499999999999
11,9,Jennifer Grey,Derek Hough,Actor/Actress,Entertainment,New York,United States,50,46-55,30.0,10.0,3,0.941037214219712,0.25940132840108243,1333333.2740740809,345868.4224961811,1,,1.0,-3.25
11,9,Kyle Massey,Lacey Schwimmer,Actor/Actress,Entertainment,Georgia,United States,19,≤25,29.0,9.666666666666666,3,0.9719701742291373,0.2530872028436709,1333333.2740740809,337449.5887938028,2,,0.6666666666666666,-2.25
11,9,Bristol Palin,Mark Ballas,TV Personality,Media,Alaska,United States,19,≤25,26.5,8.833333333333334,3,0.9455174557989633,0.25252767289666733,1333333.2740740809,336703.548897622,3,,0.0,-3.0
11,9,Brandy,Maksim Chmerkoskiy,Singer/Rapper,Entertainment,Mississippi,United States,31,26-35,28.5,9.5,3,0.35982238096475433,0.23498379585857943,1333333.2740740809,313311.71388647513,4,9.0,0.3333333333333333,-4.0
11,10,Jennifer Grey,Derek Hough,Actor/Actress,Entertainment,New York,United States,50,46-55,30.0,10.0,3,0.9207500776979073,0.35500971509309087,1399999.9333333408,497013.5774630155,1,,1.0,0.75
11,10,Kyle Massey,Lacey Schwimmer,Actor/Actress,Entertainment,Georgia,United States,19,≤25,27.3332,9.111066666666666,3,0.8581014880079121,0.330168335494497,1399999.9333333408,462235.64768107585,2,,0.5,-0.33339999999999925
11,10,Bristol Palin,Mark Ballas,TV Personality,Media,Alaska,United States,19,≤25,25.666600000000003,8.555533333333335,3,0.7451896146846505,0.3148219494124121,1399999.9333333408,440750.70818924933,3,,0.0,1.0833000000000013
12,1,Ralph Macchio,Karina Smirnoff,Actor/Actress,Entertainment,New York,United States,49,46-55,24.0,8.0,3,0.9966457187085831,0.10306221365248085,800000.0,82449.77092198467,4,9.0,1.0,1.0
12,1,Kirstie Alley,Maksim Chmerkoskiy,Actor/Actress,Entertainment,Kansas,United States,60,>55,23.0,7.666666666666667,3,0.9967467942651068,0.10062630178592144,800000.0,80501.04142873715,2,,0.9,1.0
12,1,Chelsea Kane,Mark Ballas,Actor/Actress,Entertainment,Arizona,United States,22,≤25,21.0,7.0,3,0.996431413502447,0.0958380110958291,800000.0,76670.40887666328,3,,0.7,1.0
12,1,Hines Ward,Kym Johnson,Athlete,Sports,Unknown,South Korea,35,26-35,21.0,7.0,3,0.9968103389480117,0.0958380110958291,800000.0,76670.40887666328,1,,0.7,1.0
12,1,Chris Jericho,Cheryl Burke,Athlete,Sports,New York,United States,40,36-45,19.0,6.333333333333333,3,0.9939259696144425,0.09116656692753916,800000.0,72933.25354203132,7,6.0,0.5,1.0
12,1,Romeo,Chelsie Hightower,Singer/Rapper,Entertainment,Louisiana,United States,21,≤25,19.0,6.333333333333333,3,0.9943814690662375,0.09116656692753916,800000.0,72933.25354203132,5,8.0,0.5,1.0
12,1,Kendra Wilkinson,Louis van Amstel,TV Personality,Media,California,United States,25,≤25,18.0,6.0,3,0.9823547705298302,0.08887666697211577,800000.0,71101.33357769261,6,7.0,0.3,1.0
12,1,Petra Nemcova,Dmitry Chaplin,Model,Model,Unknown,Czechoslovakia,31,26-35,18.0,6.0,3,0.9935291033108662,0.08887666697211577,800000.0,71101.33357769261,8,5.0,0.3,1.0
12,1,Sugar Ray Leonard,Anna Trebunskaya,Athlete,Sports,North Carolina,United States,54,46-55,17.0,5.666666666666667,3,0.9904345254349844,0.08661818263583201,800000.0,69294.54610866561,9,4.0,0.2,1.0
12,1,Wendy Williams,Tony Dovolani,TV Personality,Media,New Jersey,United States,46,46-55,14.0,4.666666666666667,3,0.9627263932233335,0.0800325858305563,800000.0,64026.06866444503,10,3.0,0.1,1.0
12,1,Mike Catherwood,Lacey Schwimmer,Radio Personality,Media,California,United States,32,26-35,13.0,4.333333333333333,3,0.9101510343124173,0.07789822610424141,800000.0,62318.58088339313,11,2.0,0.0,1.0
12,2,Romeo,Chelsie Hightower,Singer/Rapper,Entertainment,Louisiana,United States,21,≤25,23.0,7.666666666666667,3,0.9967758759262296,0.09840323377055787,866666.6592592602,85282.80187223741,5,8.0,0.8,4.0
12,2,Hines Ward,Kym Johnson,Athlete,Sports,Unknown,South Korea,35,26-35,23.0,7.666666666666667,3,0.9955482034755249,0.09840323377022515,866666.6592592602,85282.80187194905,1,,0.8,2.0
12,2,Chris Jericho,Cheryl Burke,Athlete,Sports,New York,United States,40,36-45,23.0,7.666666666666667,3,0.996712863798683,0.09840323192005368,866666.6592592602,85282.80026846712,7,6.0,0.8,4.0
12,2,Ralph Macchio,Karina Smirnoff,Actor/Actress,Entertainment,New York,United States,49,46-55,21.0,7.0,3,0.9963923174379111,0.09386252623960417,866666.6592592602,81347.5220457124,4,9.0,0.7,-3.0
12,2,Kirstie Alley,Maksim Chmerkoskiy,Actor/Actress,Entertainment,Kansas,United States,60,>55,20.0,6.666666666666667,3,0.993850595074976,0.09163052489680036,866666.6592592602,79413.12089848243,2,,0.6,-3.0
12,2,Kendra Wilkinson,Louis van Amstel,TV Personality,Media,California,United States,25,≤25,19.0,6.333333333333333,3,0.9451896597742063,0.08942776166239264,866666.6592592602,77504.05944497917,6,7.0,0.5,1.0
12,2,Petra Nemcova,Dmitry Chaplin,Model,Model,Unknown,Czechoslovakia,31,26-35,18.0,6.0,3,0.9789134742229233,0.08725895556320902,866666.6592592602,75624.4275084186,8,5.0,0.3,0.0
12,2,Chelsea Kane,Mark Ballas,Actor/Actress,Entertainment,Arizona,United States,22,≤25,18.0,6.0,3,0.972810954405943,0.08725895379616189,866666.6592592602,75624.42597697776,3,,0.3,-3.0
12,2,Wendy Williams,Tony Dovolani,TV Personality,Media,New Jersey,United States,46,46-55,17.0,5.666666666666667,3,0.9072480802710232,0.08513118723269114,866666.6592592602,73780.36163773101,10,3.0,0.0,3.0
12,2,Sugar Ray Leonard,Anna Trebunskaya,Athlete,Sports,North Carolina,United States,54,46-55,17.0,5.666666666666667,3,0.9262150505771075,0.08513105213865764,866666.6592592602,73780.24455623631,9,4.0,0.0,0.0
12,2,Mike Catherwood,Lacey Schwimmer,Radio Personality,Media,California,United States,32,26-35,17.0,5.666666666666667,3,0.28069088705119,0.08508933900964634,866666.6592592602,73744.09317806884,11,2.0,0.0,4.0
12,3,Hines Ward,Kym Johnson,Athlete,Sports,Unknown,South Korea,35,26-35,25.0,8.333333333333334,3,0.9954058027642283,0.10847615201155843,933333.3185185202,101244.40693706728,1,,0.8888888888888888,2.0
12,3,Petra Nemcova,Dmitry Chaplin,Model,Model,Unknown,Czechoslovakia,31,26-35,25.0,8.333333333333334,3,0.9985068043589073,0.10847615201155843,933333.3185185202,101244.40693706728,8,5.0,0.8888888888888888,3.5
12,3,Chelsea Kane,Mark Ballas,Actor/Actress,Entertainment,Arizona,United States,22,≤25,23.0,7.666666666666667,3,0.9912131127577857,0.10366617321231997,933333.3185185202,96755.09346237032,3,,0.6666666666666666,1.0
12,3,Kendra Wilkinson,Louis van Amstel,TV Personality,Media,California,United States,25,≤25,23.0,7.666666666666667,3,0.9931373372594087,0.10366617321231997,933333.3185185202,96755.09346237032,6,7.0,0.6666666666666666,2.5
12,3,Chris Jericho,Cheryl Burke,Athlete,Sports,New York,United States,40,36-45,21.0,7.0,3,0.9796046403647631,0.09896281196964117,933333.3185185202,92365.28970554953,7,6.0,0.3333333333333333,1.0
12,3,Kirstie Alley,Maksim Chmerkoskiy,Actor/Actress,Entertainment,Kansas,United States,60,>55,21.0,7.0,3,0.9832457878834533,0.09896281196964117,933333.3185185202,92365.28970554953,2,,0.3333333333333333,-1.0
12,3,Ralph Macchio,Karina Smirnoff,Actor/Actress,Entertainment,New York,United States,49,46-55,21.0,7.0,3,0.9741300637728596,0.09896281196964117,933333.3185185202,92365.28970554953,4,9.0,0.3333333333333333,-1.5
12,3,Romeo,Chelsie Hightower,Singer/Rapper,Entertainment,Louisiana,United States,21,≤25,20.0,6.666666666666667,3,0.9731926250639223,0.09665250187442671,933333.3185185202,90209.00031757618,5,8.0,0.1111111111111111,0.5
12,3,Sugar Ray Leonard,Anna Trebunskaya,Athlete,Sports,North Carolina,United States,54,46-55,20.0,6.666666666666667,3,0.9101717965825201,0.09665250187442671,933333.3185185202,90209.00031757618,9,4.0,0.1111111111111111,1.5
12,3,Wendy Williams,Tony Dovolani,TV Personality,Media,New Jersey,United States,46,46-55,15.0,5.0,3,0.19720293943908418,0.08552190989446624,933333.3185185202,79820.44796784405,10,3.0,0.0,0.5
12,4,Chelsea Kane,Mark Ballas,Actor/Actress,Entertainment,Arizona,United States,22,≤25,26.0,8.666666666666666,3,0.9951031074979555,0.11910326060896746,999999.9777777803,119103.25796222863,3,,1.0,4.0
12,4,Hines Ward,Kym Johnson,Athlete,Sports,Unknown,South Korea,35,26-35,25.0,8.333333333333334,3,0.9950186904866257,0.11647853803403801,999999.9777777803,116478.53544562634,1,,0.75,1.0
12,4,Ralph Macchio,Karina Smirnoff,Actor/Actress,Entertainment,New York,United States,49,46-55,25.0,8.333333333333334,3,0.9947590889425226,0.11647853781863125,999999.9777777803,116478.5352302196,4,9.0,0.75,2.0
12,4,Chris Jericho,Cheryl Burke,Athlete,Sports,New York,United States,40,36-45,23.0,7.666666666666667,3,0.9843724892318587,0.11130162403087926,999999.9777777803,111301.62155751011,7,6.0,0.375,0.0
12,4,Petra Nemcova,Dmitry Chaplin,Model,Model,Unknown,Czechoslovakia,31,26-35,23.0,7.666666666666667,3,0.9961757255236972,0.11130162399195168,999999.9777777803,111301.62151858253,8,5.0,0.375,2.5
12,4,Romeo,Chelsie Hightower,Singer/Rapper,Entertainment,Louisiana,United States,21,≤25,23.0,7.666666666666667,3,0.9647119427205549,0.11130162399195168,999999.9777777803,111301.62151858253,5,8.0,0.375,0.0
12,4,Kendra Wilkinson,Louis van Amstel,TV Personality,Media,California,United States,25,≤25,18.0,6.0,3,0.89791860040575,0.10992332396212647,999999.9777777803,109923.32151938621,6,7.0,0.0,-0.5
12,4,Kirstie Alley,Maksim Chmerkoskiy,Actor/Actress,Entertainment,Kansas,United States,60,>55,22.0,7.333333333333333,3,0.9762657217275195,0.10875126488787114,999999.9777777803,108751.26247117664,2,,0.25,1.0
12,4,Sugar Ray Leonard,Anna Trebunskaya,Athlete,Sports,North Carolina,United States,54,46-55,21.0,7.0,3,0.2912858657287246,0.09536020267358301,999999.9777777803,95360.20055446764,9,4.0,0.125,2.0
12,5,Hines Ward,Kym Johnson,Athlete,Sports,Unknown,South Korea,35,26-35,27.0,9.0,3,0.9949670745787922,0.1329211544864276,1066666.6370370404,141782.56084711864,1,,1.0,1.0
12,5,Romeo,Chelsie Hightower,Singer/Rapper,Entertainment,Louisiana,United States,21,≤25,26.0,8.666666666666666,3,0.9926647519688296,0.12999350071623014,1066666.6370370404,138659.7302456533,5,8.0,0.5714285714285714,3.0
12,5,Chelsea Kane,Mark Ballas,Actor/Actress,Entertainment,Arizona,United States,22,≤25,26.0,8.666666666666666,3,0.9945603610603515,0.12999349963693868,1066666.6370370404,138659.72909440912,3,,0.5714285714285714,1.5
12,5,Chris Jericho,Cheryl Burke,Athlete,Sports,New York,United States,40,36-45,26.0,8.666666666666666,3,0.9907515019221753,0.12999349963693868,1066666.6370370404,138659.72909440912,7,6.0,0.5714285714285714,2.5
12,5,Kirstie Alley,Maksim Chmerkoskiy,Actor/Actress,Entertainment,Kansas,United States,60,>55,23.0,7.666666666666667,3,0.9612000518611936,0.12138311403727697,1066666.6370370404,129475.31804322581,2,,0.42857142857142855,1.0
12,5,Ralph Macchio,Karina Smirnoff,Actor/Actress,Entertainment,New York,United States,49,46-55,22.0,7.333333333333333,3,0.9491234612734979,0.11857189740779783,1066666.6370370404,126476.68705507669,4,9.0,0.0,0.5
12,5,Kendra Wilkinson,Louis van Amstel,TV Personality,Media,California,United States,25,≤25,22.0,7.333333333333333,3,0.947019629546258,0.11857174617515263,1066666.6370370404,126476.52574025962,6,7.0,0.0,-0.5
12,5,Petra Nemcova,Dmitry Chaplin,Model,Model,Unknown,Czechoslovakia,31,26-35,22.0,7.333333333333333,3,0.07626131087812761,0.11857158790323748,1066666.6370370404,126476.35691688814,8,5.0,0.0,-1.5
12,6,Chelsea Kane,Mark Ballas,Actor/Actress,Entertainment,Arizona,United States,22,≤25,28.0,9.333333333333334,3,0.994055305292666,0.15034118812191977,1133333.2962963006,170386.67430331756,3,,0.8333333333333334,1.0
12,6,Romeo,Chelsie Hightower,Singer/Rapper,Entertainment,Louisiana,United States,21,≤25,28.0,9.333333333333334,3,0.9954494433626676,0.150341187158242,1133333.2962963006,170386.67321114946,5,8.0,0.8333333333333334,2.5
12,6,Hines Ward,Kym Johnson,Athlete,Sports,Unknown,South Korea,35,26-35,27.0,9.0,3,0.9903760716473137,0.1470193503562243,1133333.2962963006,166621.92495856038,1,,0.6666666666666666,1.0
12,6,Kirstie Alley,Maksim Chmerkoskiy,Actor/Actress,Entertainment,Kansas,United States,60,>55,26.0,8.666666666666666,3,0.9750758238280217,0.14372803465277117,1133333.2962963006,162891.76728321408,2,,0.5,2.0
12,6,Kendra Wilkinson,Louis van Amstel,TV Personality,Media,California,United States,25,≤25,25.0,8.333333333333334,3,0.9363095355585997,0.14046727409645565,1133333.2962963006,159196.23877349205,6,7.0,0.3333333333333333,3.5
12,6,Ralph Macchio,Karina Smirnoff,Actor/Actress,Entertainment,New York,United States,49,46-55,24.0,8.0,3,0.7948378085424354,0.13723693830481445,1133333.2962963006,155535.1916626074,4,9.0,0.16666666666666666,-0.5
12,6,Chris Jericho,Cheryl Burke,Athlete,Sports,New York,United States,40,36-45,22.0,7.333333333333333,3,0.20603229300139264,0.13086602730957272,1133333.2962963006,148314.82610395976,7,6.0,0.0,-0.5
12,7,Hines Ward,Kym Johnson,Athlete,Sports,Unknown,South Korea,35,26-35,33.0,8.25,4,0.9797263687492189,0.17192448175858832,1199999.9555555605,206309.37046921876,1,,0.8,3.0
12,7,Ralph Macchio,Karina Smirnoff,Actor/Actress,Entertainment,New York,United States,49,46-55,33.0,8.25,4,0.9769658497662012,0.17192447991935605,1199999.9555555605,206309.36826214014,4,9.0,0.8,5.5
12,7,Chelsea Kane,Mark Ballas,Actor/Actress,Entertainment,Arizona,United States,22,≤25,32.0,8.0,4,0.9888681446314014,0.16858561356084237,1199999.9555555605,202302.72878031773,3,,0.6,3.0
12,7,Kirstie Alley,Maksim Chmerkoskiy,Actor/Actress,Entertainment,Kansas,United States,60,>55,30.0,7.5,4,0.8911779345782459,0.16340598444217008,1199999.9555555605,196087.17406811673,2,,0.0,3.5
12,7,Romeo,Chelsie Hightower,Singer/Rapper,Entertainment,Louisiana,United States,21,≤25,30.0,7.5,4,0.928601656062445,0.1634059808508972,1199999.9555555605,196087.1697585894,5,8.0,0.0,2.0
12,7,Kendra Wilkinson,Louis van Amstel,TV Personality,Media,California,United States,25,≤25,30.5,7.625,4,0.21765613511786328,0.16075345946814593,1199999.9555555605,192904.1442171777,6,7.0,0.4,4.25
12,8,Chelsea Kane,Mark Ballas,Actor/Actress,Entertainment,Arizona,United States,22,≤25,27.5,9.166666666666666,3,0.9344495682120245,0.20766225562027477,1266666.6148148207,263038.84635134344,3,,1.0,-0.25
12,8,Hines Ward,Kym Johnson,Athlete,Sports,Unknown,South Korea,35,26-35,27.0,9.0,3,0.9779832373126214,0.2050645793575921,1266666.6148148207,259748.45655330634,1,,0.75,0.0
12,8,Ralph Macchio,Karina Smirnoff,Actor/Actress,Entertainment,New York,United States,49,46-55,23.0,7.666666666666667,3,0.9425137066860894,0.20393523729756255,1266666.6148148207,258317.95666916072,4,9.0,0.0,-0.5
12,8,Kirstie Alley,Maksim Chmerkoskiy,Actor/Actress,Entertainment,Kansas,United States,60,>55,26.5,8.833333333333334,3,0.9269972090627133,0.2024796364105571,1266666.6148148207,256474.1956210961,2,,0.5,0.25
12,8,Romeo,Chelsie Hightower,Singer/Rapper,Entertainment,Louisiana,United States,21,≤25,26.0,8.666666666666666,3,0.1450825429155821,0.18085829131401343,1266666.6148148207,229087.15961991408,5,8.0,0.25,-1.0
12,9,Chelsea Kane,Mark Ballas,Actor/Actress,Entertainment,Arizona,United States,22,≤25,36.5,12.166666666666666,3,0.9859161820793777,0.2938546178345443,1333333.2740740809,391806.1396991208,3,,1.0,2.25
12,9,Hines Ward,Kym Johnson,Athlete,Sports,Unknown,South Korea,35,26-35,30.0,10.0,3,0.9534405369572665,0.2533609848371819,1333333.2740740809,337814.6314355933,1,,0.6666666666666666,-1.5
12,9,Kirstie Alley,Maksim Chmerkoskiy,Actor/Actress,Entertainment,Kansas,United States,60,>55,27.0,9.0,3,0.8736698545259459,0.23524779098447887,1333333.2740740809,313663.70737203024,2,,0.3333333333333333,-1.5
12,9,Ralph Macchio,Karina Smirnoff,Actor/Actress,Entertainment,New York,United States,49,46-55,24.0,8.0,3,0.06389034226868559,0.21753660634379487,1333333.2740740809,290048.7955673365,4,9.0,0.0,-4.5
12,10,Chelsea Kane,Mark Ballas,Actor/Actress,Entertainment,Arizona,United States,22,≤25,29.666600000000003,9.888866666666669,3,0.6911838577443141,0.33821779786732326,1399999.9333333408,473504.8944664019,3,,0.5,1.0833000000000013
12,10,Hines Ward,Kym Johnson,Athlete,Sports,Unknown,South Korea,35,26-35,29.666600000000003,9.888866666666669,3,0.9183003121837974,0.33821779786732326,1399999.9333333408,473504.8944664019,1,,0.5,1.3333000000000013
12,10,Kirstie Alley,Maksim Chmerkoskiy,Actor/Actress,Entertainment,Kansas,United States,60,>55,27.9999,9.3333,3,0.5220161310460585,0.3235644042653536,1399999.9333333408,452990.1444005372,2,,0.0,0.7499500000000001
13,1,Chynna Phillips,Tony Dovolani,Singer/Rapper,Entertainment,California,United States,43,36-45,22.0,7.333333333333333,3,0.9919279611023734,0.09165589974956617,800000.0,73324.71979965294,9,4.0,0.9090909090909091,1.0
13,1,J.R. Martinez,Karina Smirnoff,Actor/Actress,Entertainment,Louisiana,United States,28,26-35,22.0,7.333333333333333,3,0.9973020629655314,0.09165589974956617,800000.0,73324.71979965294,1,,0.9090909090909091,1.0
13,1,Hope Solo,Maksim Chmerkoskiy,Athlete,Sports,Washington,United States,30,26-35,21.0,7.0,3,0.9958820400525007,0.08946617941177064,800000.0,71572.94352941652,4,9.0,0.8181818181818182,1.0
13,1,Ricki Lake,Derek Hough,Actor/Actress,Entertainment,New York,United States,42,36-45,20.0,6.666666666666667,3,0.9970208228651103,0.08730339574685168,800000.0,69842.71659748134,3,,0.7272727272727273,1.0
13,1,Kristin Cavallari,Mark Ballas,TV Personality,Media,Colorado,United States,24,≤25,19.0,6.333333333333333,3,0.9969421610109969,0.08516836779945869,800000.0,68134.69423956695,10,3.0,0.6363636363636364,1.0
13,1,David Arquette,Kym Johnson,Actor/Actress,Entertainment,Virginia,United States,40,36-45,18.0,6.0,3,0.9944032343258224,0.08306184667394766,800000.0,66449.47733915813,6,7.0,0.5454545454545454,1.0
13,1,Carson Kressley,Anna Trebunskaya,TV Personality,Media,Pennsylvania,United States,41,36-45,17.0,5.666666666666667,3,0.9896431028084316,0.08098445056399296,800000.0,64787.56045119437,8,5.0,0.36363636363636365,1.0
13,1,Chaz Bono,Lacey Schwimmer,TV Personality,Media,California,United States,42,36-45,17.0,5.666666666666667,3,0.9837156537991213,0.08098445056399296,800000.0,64787.56045119437,7,6.0,0.36363636363636365,1.0
13,1,Nancy Grace,Tristan MacManus,TV Personality,Media,Georgia,United States,51,46-55,16.0,5.333333333333333,3,0.9889263657818627,0.07893653664499738,800000.0,63149.2293159979,5,8.0,0.18181818181818182,1.0
13,1,Rob Kardashian,Cheryl Burke,TV Personality,Media,California,United States,24,≤25,16.0,5.333333333333333,3,0.9860858660733093,0.07893653577356885,800000.0,63149.22861885508,2,,0.18181818181818182,1.0
13,1,Elisabetta Canalis,Valentin Chmerkovskiy,Actor/Actress,Entertainment,Unknown,Italy,33,26-35,15.0,5.0,3,0.9767177599587558,0.07691805948623441,800000.0,61534.44758898753,11,2.0,0.09090909090909091,1.0
13,1,Metta World Peace (Ron),Peta Murgatroyd,Athlete,Sports,New York,United States,31,26-35,14.0,4.666666666666667,3,0.27108877893995736,0.07492837783605233,800000.0,59942.702268841866,12,1.0,0.0,1.0
13,2,Ricki Lake,Derek Hough,Actor/Actress,Entertainment,New York,United States,42,36-45,23.0,7.666666666666667,3,0.9954253057018154,0.09672788363953483,866666.6592592602,83830.83177109409,3,,1.0,3.0
13,2,J.R. Martinez,Karina Smirnoff,Actor/Actress,Entertainment,Louisiana,United States,28,26-35,22.0,7.333333333333333,3,0.997050659594638,0.09454568467896325,866666.6592592602,81939.5926880965,1,,0.8,0.0
13,2,Kristin Cavallari,Mark Ballas,TV Personality,Media,Colorado,United States,24,≤25,22.0,7.333333333333333,3,0.9947129875318634,0.09454568467896325,866666.6592592602,81939.5926880965,10,3.0,0.8,3.0
13,2,Chaz Bono,Lacey Schwimmer,TV Personality,Media,California,United States,42,36-45,17.0,5.666666666666667,3,0.9447823144758496,0.09395173659848594,866666.6592592602,81424.83768941577,7,6.0,0.0,0.0
13,2,Chynna Phillips,Tony Dovolani,Singer/Rapper,Entertainment,California,United States,43,36-45,21.0,7.0,3,0.9823913372007756,0.09238781416111289,866666.6592592602,80069.43825527707,9,4.0,0.4,-1.0
13,2,Rob Kardashian,Cheryl Burke,TV Personality,Media,California,United States,24,≤25,21.0,7.0,3,0.9808858422803755,0.09238779409917094,866666.6592592602,80069.42086826087,2,,0.4,5.0
13,2,Nancy Grace,Tristan MacManus,TV Personality,Media,Georgia,United States,51,46-55,21.0,7.0,3,0.9870417600976191,0.09237196487774141,866666.6592592602,80055.70220980587,5,8.0,0.4,5.0
13,2,David Arquette,Kym Johnson,Actor/Actress,Entertainment,Virginia,United States,40,36-45,18.0,6.0,3,0.9732064297087845,0.08946776345930467,866666.6592592602,77538.7276686733,6,7.0,0.1,0.0
13,2,Carson Kressley,Anna Trebunskaya,TV Personality,Media,Pennsylvania,United States,41,36-45,18.0,6.0,3,0.9682983021902704,0.08946746455440174,866666.6592592602,77538.46861775963,8,5.0,0.1,1.0
13,2,Hope Solo,Maksim Chmerkoskiy,Athlete,Sports,Washington,United States,30,26-35,19.0,6.333333333333333,3,0.9652673524951912,0.08813171024162195,866666.6592592602,76380.81488991162,4,9.0,0.3,-2.0
13,2,Elisabetta Canalis,Valentin Chmerkovskiy,Actor/Actress,Entertainment,Unknown,Italy,33,26-35,21.0,7.0,3,0.2717081651880062,0.07601449901069925,866666.6592592602,65879.23191286906,11,2.0,0.4,6.0
13,3,Chaz Bono,Lacey Schwimmer,TV Personality,Media,California,United States,42,36-45,18.0,6.0,3,0.9356234466550217,0.1072090678788608,933333.3185185202,100061.79509865443,7,6.0,0.0,0.5
13,3,Ricki Lake,Derek Hough,Actor/Actress,Entertainment,New York,United States,42,36-45,27.0,9.0,3,0.9959256029809173,0.10688551716271472,933333.3185185202,99759.81443504477,3,,1.0,3.5
13,3,J.R. Martinez,Karina Smirnoff,Actor/Actress,Entertainment,Louisiana,United States,28,26-35,26.0,8.666666666666666,3,0.9931395130078464,0.10474276362149694,933333.3185185202,97759.91116165268,1,,0.7777777777777778,2.0
13,3,Chynna Phillips,Tony Dovolani,Singer/Rapper,Entertainment,California,United States,43,36-45,26.0,8.666666666666666,3,0.9875521346345716,0.10474276179293633,933333.3185185202,97759.90945499613,9,4.0,0.7777777777777778,2.0
13,3,Rob Kardashian,Cheryl Burke,TV Personality,Media,California,United States,24,≤25,24.0,8.0,3,0.9896885889152361,0.10051592949226838,933333.3185185202,93814.86603699245,2,,0.3333333333333333,4.0
13,3,Hope Solo,Maksim Chmerkoskiy,Athlete,Sports,Washington,United States,30,26-35,24.0,8.0,3,0.9791464499506424,0.10051592928343057,933333.3185185202,93814.86584207717,4,9.0,0.3333333333333333,1.5
13,3,David Arquette,Kym Johnson,Actor/Actress,Entertainment,Virginia,United States,40,36-45,24.0,8.0,3,0.9757107714876679,0.10051592294037771,933333.3185185202,93814.85992189459,6,7.0,0.3333333333333333,3.0
13,3,Carson Kressley,Anna Trebunskaya,TV Personality,Media,Pennsylvania,United States,41,36-45,23.0,7.666666666666667,3,0.9589059972339058,0.09842834690474532,933333.3185185202,91866.45565289806,8,5.0,0.2222222222222222,3.0
13,3,Nancy Grace,Tristan MacManus,TV Personality,Media,Georgia,United States,51,46-55,21.0,7.0,3,0.9801173129794939,0.094551173950129,933333.3185185202,88247.76095269577,5,8.0,0.1111111111111111,2.5
13,3,Kristin Cavallari,Mark Ballas,TV Personality,Media,Colorado,United States,24,≤25,24.0,8.0,3,0.38269143758639984,0.08189258697304018,933333.3185185202,76433.07996161413,10,3.0,0.3333333333333333,2.5
13,4,Ricki Lake,Derek Hough,Actor/Actress,Entertainment,New York,United States,42,36-45,29.0,9.666666666666666,3,0.9953853240218532,0.12599015831766233,999999.9777777803,125990.15551788134,3,,1.0,3.0
13,4,J.R. Martinez,Karina Smirnoff,Actor/Actress,Entertainment,Louisiana,United States,28,26-35,26.0,8.666666666666666,3,0.995833583635229,0.11810727505530705,999999.9777777803,118107.27243070122,1,,0.875,2.0
13,4,Rob Kardashian,Cheryl Burke,TV Personality,Media,California,United States,24,≤25,24.0,8.0,3,0.9959297507691712,0.11297450405734223,999999.9777777803,112974.50154679798,2,,0.625,1.5
13,4,Hope Solo,Maksim Chmerkoskiy,Athlete,Sports,Washington,United States,30,26-35,24.0,8.0,3,0.9939572854045235,0.11297450387897326,999999.9777777803,112974.501368429,4,9.0,0.625,2.5
13,4,David Arquette,Kym Johnson,Actor/Actress,Entertainment,Virginia,United States,40,36-45,23.0,7.666666666666667,3,0.9913128592132164,0.1104473631474359,999999.9777777803,110447.36069305033,6,7.0,0.5,2.5
13,4,Carson Kressley,Anna Trebunskaya,TV Personality,Media,Pennsylvania,United States,41,36-45,20.0,6.666666666666667,3,0.8101513242137554,0.10666477529588625,999999.9777777803,106664.77292555818,8,5.0,0.0,1.0
13,4,Chaz Bono,Lacey Schwimmer,TV Personality,Media,California,United States,42,36-45,21.0,7.0,3,0.8994209522296496,0.10548066935423259,999999.9777777803,105480.66701021798,7,6.0,0.125,2.0
13,4,Nancy Grace,Tristan MacManus,TV Personality,Media,Georgia,United States,51,46-55,21.0,7.0,3,0.9584258083884987,0.10548066935423259,999999.9777777803,105480.66701021798,5,8.0,0.125,0.0
13,4,Chynna Phillips,Tony Dovolani,Singer/Rapper,Entertainment,California,United States,43,36-45,21.0,7.0,3,0.43973574916122943,0.10188008153892757,999999.9777777803,101880.07927492601,9,4.0,0.125,0.0
13,5,J.R. Martinez,Karina Smirnoff,Actor/Actress,Entertainment,Louisiana,United States,28,26-35,28.0,9.333333333333334,3,0.9958483251872323,0.13848908117312422,1066666.6370370404,147721.68248128612,1,,1.0,1.0
13,5,Rob Kardashian,Cheryl Burke,TV Personality,Media,California,United States,24,≤25,25.0,8.333333333333334,3,0.9968620500119889,0.1293657111788787,1066666.6370370404,137990.0880910796,2,,0.7142857142857143,0.5
13,5,David Arquette,Kym Johnson,Actor/Actress,Entertainment,Virginia,United States,40,36-45,25.0,8.333333333333334,3,0.9943738804485692,0.1293657090837678,1066666.6370370404,137990.0858562947,6,7.0,0.7142857142857143,0.5
13,5,Hope Solo,Maksim Chmerkoskiy,Athlete,Sports,Washington,United States,30,26-35,24.0,8.0,3,0.9897750184708695,0.12637830104285552,1066666.6370370404,134803.5173678374,4,9.0,0.42857142857142855,0.0
13,5,Ricki Lake,Derek Hough,Actor/Actress,Entertainment,New York,United States,42,36-45,24.0,8.0,3,0.9887672819084096,0.12637830104285552,1066666.6370370404,134803.5173678374,3,,0.42857142857142855,-1.5
13,5,Nancy Grace,Tristan MacManus,TV Personality,Media,Georgia,United States,51,46-55,22.0,7.333333333333333,3,0.972318596059964,0.12049297742421795,1066666.6370370404,128525.8390156706,5,8.0,0.2857142857142857,0.5
13,5,Chaz Bono,Lacey Schwimmer,TV Personality,Media,California,United States,42,36-45,21.0,7.0,3,0.9142098386596388,0.11759977394041965,1066666.6370370404,125439.75538534361,7,6.0,0.14285714285714285,1.5
13,5,Carson Kressley,Anna Trebunskaya,TV Personality,Media,Pennsylvania,United States,41,36-45,19.0,6.333333333333333,3,0.19816023226689614,0.11193014511388046,1066666.6370370404,119392.15147169078,8,5.0,0.0,-2.0
13,6,J.R. Martinez,Karina Smirnoff,Actor/Actress,Entertainment,Louisiana,United States,28,26-35,29.0,9.666666666666666,3,0.9953523856142377,0.16181677198373756,1133333.2962963006,183392.33558835616,1,,0.8333333333333334,1.5
13,6,Ricki Lake,Derek Hough,Actor/Actress,Entertainment,New York,United States,42,36-45,29.0,9.666666666666666,3,0.994921113215222,0.16181676922061633,1133333.2962963006,183392.33245681887,3,,0.8333333333333334,0.0
13,6,Nancy Grace,Tristan MacManus,TV Personality,Media,Georgia,United States,51,46-55,24.0,8.0,3,0.9862403541579443,0.143627364050647,1133333.2962963006,162777.67393786853,5,8.0,0.6666666666666666,1.5
13,6,David Arquette,Kym Johnson,Actor/Actress,Entertainment,Virginia,United States,40,36-45,23.0,7.666666666666667,3,0.9842442395065709,0.1400926887447865,1133333.2962963006,158771.70872214055,6,7.0,0.5,0.0
13,6,Rob Kardashian,Cheryl Burke,TV Personality,Media,California,United States,24,≤25,22.0,7.333333333333333,3,0.9676538255815814,0.13659473709346978,1133333.2962963006,154807.36364686867,2,,0.3333333333333333,-1.0
13,6,Hope Solo,Maksim Chmerkoskiy,Athlete,Sports,Washington,United States,30,26-35,20.0,6.666666666666667,3,0.9562041749782484,0.1297148913150446,1133333.2962963006,147010.20535279586,4,9.0,0.16666666666666666,-2.0
13,6,Chaz Bono,Lacey Schwimmer,TV Personality,Media,California,United States,42,36-45,19.0,6.333333333333333,3,0.11308024399647447,0.12633677759169812,1133333.2962963006,143181.67659145183,7,6.0,0.0,-1.0
13,7,Ricki Lake,Derek Hough,Actor/Actress,Entertainment,New York,United States,42,36-45,26.5,8.833333333333334,3,0.9915051302144432,0.17558047342614036,1199999.9555555605,210696.5603077927,3,,1.0,1.25
13,7,Rob Kardashian,Cheryl Burke,TV Personality,Media,California,United States,24,≤25,25.5,8.5,3,0.9735010928082013,0.17126406996988552,1199999.9555555605,205516.87635212703,2,,0.8,0.25
13,7,Hope Solo,Maksim Chmerkoskiy,Athlete,Sports,Washington,United States,30,26-35,25.0,8.333333333333334,3,0.9762321159575149,0.16911854820569636,1199999.9555555605,202942.25033045656,4,9.0,0.6,0.5
13,7,J.R. Martinez,Karina Smirnoff,Actor/Actress,Entertainment,Louisiana,United States,28,26-35,24.0,8.0,3,0.9157692190490646,0.164851878501435,1199999.9555555605,197822.24687497268,1,,0.4,-2.0
13,7,Nancy Grace,Tristan MacManus,TV Personality,Media,Georgia,United States,51,46-55,22.0,7.333333333333333,3,0.8658194628661804,0.1647119739578446,1199999.9555555605,197654.36142888217,5,8.0,0.0,0.0
13,7,David Arquette,Kym Johnson,Actor/Actress,Entertainment,Virginia,United States,40,36-45,23.5,7.833333333333333,3,0.37501756907458117,0.15447305593899816,1199999.9555555605,185367.6602613294,6,7.0,0.2,-0.75
13,8,J.R. Martinez,Karina Smirnoff,Actor/Actress,Entertainment,Louisiana,United States,28,26-35,30.0,10.0,3,0.979694720405154,0.221318969181511,1266666.6148148207,280337.34948745015,1,,1.0,0.5
13,8,Ricki Lake,Derek Hough,Actor/Actress,Entertainment,New York,United States,42,36-45,26.0,8.666666666666666,3,0.9712614721627197,0.20037285162698137,1266666.6148148207,253805.60167114084,3,,0.5,-1.5
13,8,Hope Solo,Maksim Chmerkoskiy,Athlete,Sports,Washington,United States,30,26-35,26.0,8.666666666666666,3,0.9610187898542218,0.20037285035828417,1266666.6148148207,253805.60006412445,4,9.0,0.5,3.0
13,8,Rob Kardashian,Cheryl Burke,TV Personality,Media,California,United States,24,≤25,25.5,8.5,3,0.9173106616180815,0.1978030696307518,1266666.6148148207,250550.54460916467,2,,0.25,1.75
13,8,Nancy Grace,Tristan MacManus,TV Personality,Media,Georgia,United States,51,46-55,22.0,7.333333333333333,3,0.06792459824143186,0.18013225920247153,1266666.6148148207,228167.51898294044,5,8.0,0.0,-1.0
13,9,Ricki Lake,Derek Hough,Actor/Actress,Entertainment,New York,United States,42,36-45,33.4999,11.166633333333332,3,0.9190285560724067,0.2733783370627385,1333333.2740740809,364504.4332167888,3,,1.0,3.4999499999999983
13,9,Rob Kardashian,Cheryl Burke,TV Personality,Media,California,United States,24,≤25,32.4998,10.833266666666669,3,0.9770000556688819,0.2672177405115951,1333333.2740740809,356290.30484700325,2,,0.6666666666666666,3.4999000000000002
13,9,J.R. Martinez,Karina Smirnoff,Actor/Actress,Entertainment,Louisiana,United States,28,26-35,28.0,9.333333333333334,3,0.9639091144580174,0.23999166364063684,1333333.2740740809,319988.87063245586,1,,0.3333333333333333,2.0
13,9,Hope Solo,Maksim Chmerkoskiy,Athlete,Sports,Washington,United States,30,26-35,24.4998,8.1666,3,0.08541329093648775,0.21941225878502954,1333333.2740740809,292549.66537783295,4,9.0,0.0,-0.25009999999999977
13,10,Rob Kardashian,Cheryl Burke,TV Personality,Media,California,United States,24,≤25,28.3332,9.4444,3,0.913705013558152,0.3348507768837416,1399999.9333333408,468791.0653138556,2,,1.0,1.4166000000000007
13,10,J.R. Martinez,Karina Smirnoff,Actor/Actress,Entertainment,Louisiana,United States,28,26-35,28.1665,9.388833333333332,3,0.9328395682901264,0.33333258971712243,1399999.9333333408,466665.6033818012,1,,0.5,-0.9167500000000004
13,10,Ricki Lake,Derek Hough,Actor/Actress,Entertainment,New York,United States,42,36-45,27.9999,9.3333,3,0.4915318746785331,0.3318166333991359,1399999.9333333408,464543.26463768387,3,,0.0,0.9999500000000001
14,1,Jaleel White,Kym Johnson,Actor/Actress,Entertainment,California,United States,35,26-35,26.0,8.666666666666666,3,0.9968637920895904,0.08929644175207858,800000.0,71437.15340166287,7,7.0,0.9090909090909091,1.0
14,1,Katherine Jenkins,Mark Ballas,Singer/Rapper,Entertainment,Unknown,Wales,31,26-35,26.0,8.666666666666666,3,0.9959284471703488,0.08929644175207858,800000.0,71437.15340166287,2,,0.9090909090909091,1.0
14,1,William Levy,Cheryl Burke,Actor/Actress,Entertainment,Unknown,Cuba,31,26-35,24.0,8.0,3,0.9970176222129715,0.08584279943551665,800000.0,68674.23954841332,3,,0.8181818181818182,1.0
14,1,Sherri Sheperd,Valentin Chmerkovskiy,Actor/Actress,Entertainment,Illinois,United States,44,36-45,23.0,7.666666666666667,3,0.993902711354983,0.08413832431159296,800000.0,67310.65944927438,10,4.0,0.45454545454545453,1.0
14,1,Gladys Knight,Tristan MacManus,Singer/Rapper,Entertainment,Georgia,United States,67,>55,23.0,7.666666666666667,3,0.9961951467991712,0.08413832344675096,800000.0,67310.65875740077,8,6.0,0.45454545454545453,1.0
14,1,Jack Wagner,Anna Trebunskaya,Actor/Actress,Entertainment,Missouri,United States,52,46-55,23.0,7.666666666666667,3,0.9937779921115388,0.08413832344675096,800000.0,67310.65875740077,11,3.0,0.45454545454545453,1.0
14,1,Roshon Fegan,Chelsie Hightower,Actor/Actress,Entertainment,California,United States,20,≤25,23.0,7.666666666666667,3,0.9950517236418644,0.08413832344675096,800000.0,67310.65875740077,6,8.0,0.45454545454545453,1.0
14,1,Donald Driver,Peta Murgatroyd,Athlete,Sports,Texas,United States,37,36-45,21.0,7.0,3,0.9767310386654734,0.08078645870004174,800000.0,64629.16696003339,1,,0.2727272727272727,1.0
14,1,Maria Menounos,Derek Hough,TV Personality,Media,Massachusetts,United States,33,26-35,21.0,7.0,3,0.9807601054992855,0.08078645684585672,800000.0,64629.16547668538,4,9.0,0.2727272727272727,1.0
14,1,Gavin DeGraw,Karina Smirnoff,Singer/Rapper,Entertainment,New York,United States,35,26-35,20.0,6.666666666666667,3,0.9560627545995682,0.0791460356208607,800000.0,63316.82849668856,9,5.0,0.0,1.0
14,1,Martina Navratilova,Tony Dovolani,Athlete,Sports,Unknown,Czechoslovakia,55,46-55,20.0,6.666666666666667,3,0.9170681365627209,0.0791460356208607,800000.0,63316.82849668856,12,2.0,0.0,1.0
14,1,Melissa Gilbert,Maksim Chmerkoskiy,Actor/Actress,Entertainment,California,United States,47,46-55,20.0,6.666666666666667,3,0.9399581905737552,0.0791460356208607,800000.0,63316.82849668856,5,8.0,0.0,1.0
14,2,Roshon Fegan,Chelsie Hightower,Actor/Actress,Entertainment,California,United States,20,≤25,26.0,8.666666666666666,3,0.9954557113313792,0.08943353026000979,866666.6592592602,77509.05889620463,6,8.0,0.9090909090909091,3.0
14,2,Katherine Jenkins,Mark Ballas,Singer/Rapper,Entertainment,Unknown,Wales,31,26-35,26.0,8.666666666666666,3,0.995808105109545,0.08943352924634412,866666.6592592602,77509.0580176944,2,,0.9090909090909091,0.0
14,2,Maria Menounos,Derek Hough,TV Personality,Media,Massachusetts,United States,33,26-35,25.0,8.333333333333334,3,0.9964781002859133,0.08768760505058552,866666.6592592602,75995.92372763639,4,9.0,0.7272727272727273,4.0
14,2,William Levy,Cheryl Burke,Actor/Actress,Entertainment,Unknown,Cuba,31,26-35,25.0,8.333333333333334,3,0.9960698617693378,0.08768760449602657,866666.6592592602,75995.92324701863,3,,0.7272727272727273,1.0
14,2,Donald Driver,Peta Murgatroyd,Athlete,Sports,Texas,United States,37,36-45,24.0,8.0,3,0.99572982852172,0.08595946848520207,866666.6592592602,74498.20538377174,1,,0.6363636363636364,3.0
14,2,Sherri Sheperd,Valentin Chmerkovskiy,Actor/Actress,Entertainment,Illinois,United States,44,36-45,23.0,7.666666666666667,3,0.9942470134963048,0.08424954713398283,866666.6592592602,73016.27355871449,10,4.0,0.5454545454545454,0.0
14,2,Jaleel White,Kym Johnson,Actor/Actress,Entertainment,California,United States,35,26-35,22.0,7.333333333333333,3,0.9913537856463479,0.08255823886226904,866666.6592592602,71550.47306909073,7,7.0,0.45454545454545453,-4.0
14,2,Jack Wagner,Anna Trebunskaya,Actor/Actress,Entertainment,Missouri,United States,52,46-55,21.0,7.0,3,0.9496182707314349,0.08088587072985783,866666.6592592602,70101.08736672226,11,3.0,0.2727272727272727,-2.0
14,2,Gavin DeGraw,Karina Smirnoff,Singer/Rapper,Entertainment,New York,United States,35,26-35,21.0,7.0,3,0.9083372181833872,0.080885870106165,866666.6592592602,70101.08682618849,9,5.0,0.2727272727272727,1.0
14,2,Melissa Gilbert,Maksim Chmerkoskiy,Actor/Actress,Entertainment,California,United States,47,46-55,20.0,6.666666666666667,3,0.9703126135048119,0.07923266064895838,866666.6592592602,68668.3053088554,5,8.0,0.18181818181818182,0.0
14,2,Gladys Knight,Tristan MacManus,Singer/Rapper,Entertainment,Georgia,United States,67,>55,19.0,6.333333333333333,3,0.9856758633477675,0.07759867209538587,866666.6592592602,67252.18190786285,8,6.0,0.09090909090909091,-4.0
14,2,Martina Navratilova,Tony Dovolani,Athlete,Sports,Unknown,Czechoslovakia,55,46-55,17.0,5.666666666666667,3,0.1455589556469479,0.07438740288521273,866666.6592592602,64469.08194949997,12,2.0,0.0,-3.0
14,3,Katherine Jenkins,Mark Ballas,Singer/Rapper,Entertainment,Unknown,Wales,31,26-35,29.0,9.666666666666666,3,0.9941701433741912,0.097019617542855,933333.3185185202,90551.6416026705,2,,1.0,1.5
14,3,William Levy,Cheryl Burke,Actor/Actress,Entertainment,Unknown,Cuba,31,26-35,28.0,9.333333333333334,3,0.9959345152310535,0.09526806181855862,933333.3185185202,88916.85628594285,3,,0.9,2.0
14,3,Maria Menounos,Derek Hough,TV Personality,Media,Massachusetts,United States,33,26-35,27.0,9.0,3,0.9962656848613779,0.0935314985882305,933333.3185185202,87296.06396336346,4,9.0,0.8,3.0
14,3,Donald Driver,Peta Murgatroyd,Athlete,Sports,Texas,United States,37,36-45,26.0,8.666666666666666,3,0.9829744007726794,0.09181148577993137,933333.3185185202,85690.71870109928,1,,0.7,2.5
14,3,Roshon Fegan,Chelsie Hightower,Actor/Actress,Entertainment,California,United States,20,≤25,25.0,8.333333333333334,3,0.9882890143963765,0.09011032004739904,933333.3185185202,84102.96404260489,6,8.0,0.5,1.0
14,3,Jaleel White,Kym Johnson,Actor/Actress,Entertainment,California,United States,35,26-35,25.0,8.333333333333334,3,0.9594357162094395,0.09011031720316069,933333.3185185202,84102.96138798248,7,7.0,0.5,-0.5
14,3,Melissa Gilbert,Maksim Chmerkoskiy,Actor/Actress,Entertainment,California,United States,47,46-55,24.0,8.0,3,0.9539659071505072,0.08843121560222332,933333.3185185202,82535.79991864983,5,8.0,0.0,2.0
14,3,Sherri Sheperd,Valentin Chmerkovskiy,Actor/Actress,Entertainment,Illinois,United States,44,36-45,24.0,8.0,3,0.9620412749376239,0.08843121560222332,933333.3185185202,82535.79991864983,10,4.0,0.0,0.5
14,3,Gavin DeGraw,Karina Smirnoff,Singer/Rapper,Entertainment,New York,United States,35,26-35,24.0,8.0,3,0.9010646999372205,0.08843121537244772,933333.3185185202,82535.79970419261,9,5.0,0.0,2.0
14,3,Gladys Knight,Tristan MacManus,Singer/Rapper,Entertainment,Georgia,United States,67,>55,24.0,8.0,3,0.9194038060975376,0.08843121537244772,933333.3185185202,82535.79970419261,8,6.0,0.0,0.5
14,3,Jack Wagner,Anna Trebunskaya,Actor/Actress,Entertainment,Missouri,United States,52,46-55,24.0,8.0,3,0.2159098117157081,0.08842383707052263,933333.3185185202,82528.91328917183,11,3.0,0.0,0.5
14,4,Donald Driver,Peta Murgatroyd,Athlete,Sports,Texas,United States,37,36-45,27.0,9.0,3,0.9946386983175094,0.10803063534809264,999999.9777777803,108030.63294741212,1,,1.0,1.5
14,4,Roshon Fegan,Chelsie Hightower,Actor/Actress,Entertainment,California,United States,20,≤25,26.0,8.666666666666666,3,0.9959455427088839,0.10581736993459644,999999.9777777803,105817.36758309959,6,8.0,0.7777777777777778,0.0
14,4,Maria Menounos,Derek Hough,TV Personality,Media,Massachusetts,United States,33,26-35,26.0,8.666666666666666,3,0.9947770336754889,0.10581736915151282,999999.9777777803,105817.366800016,4,9.0,0.7777777777777778,0.5
14,4,Katherine Jenkins,Mark Ballas,Singer/Rapper,Entertainment,Unknown,Wales,31,26-35,24.0,8.0,3,0.98969658202968,0.10145041633562764,999999.9777777803,101450.4140811742,2,,0.6666666666666666,-1.0
14,4,Gavin DeGraw,Karina Smirnoff,Singer/Rapper,Entertainment,New York,United States,35,26-35,23.0,7.666666666666667,3,0.9804791768399526,0.09929843881836281,999999.9777777803,99298.43661173109,9,5.0,0.5555555555555556,1.0
14,4,Melissa Gilbert,Maksim Chmerkoskiy,Actor/Actress,Entertainment,California,United States,47,46-55,22.0,7.333333333333333,3,0.9756901563645765,0.09716961496783422,999999.9777777803,97169.61280850969,5,8.0,0.2222222222222222,1.0
14,4,Jaleel White,Kym Johnson,Actor/Actress,Entertainment,California,United States,35,26-35,22.0,7.333333333333333,3,0.9765215288628001,0.0971696128540276,999999.9777777803,97169.61069470311,7,7.0,0.2222222222222222,0.0
14,4,William Levy,Cheryl Burke,Actor/Actress,Entertainment,Unknown,Cuba,31,26-35,22.0,7.333333333333333,3,0.9845521475158054,0.09716961215951203,999999.9777777803,97169.61000018756,3,,0.2222222222222222,-1.5
14,4,Gladys Knight,Tristan MacManus,Singer/Rapper,Entertainment,Georgia,United States,67,>55,20.0,6.666666666666667,3,0.9779965093503799,0.09618439009864506,999999.9777777803,96184.38796121441,8,6.0,0.0,0.5
14,4,Sherri Sheperd,Valentin Chmerkovskiy,Actor/Actress,Entertainment,Illinois,United States,44,36-45,21.0,7.0,3,0.2886584232882582,0.09189254033178866,999999.9777777803,91892.53828973243,10,4.0,0.1111111111111111,-1.0
14,5,William Levy,Cheryl Burke,Actor/Actress,Entertainment,Unknown,Cuba,31,26-35,29.0,9.666666666666666,3,0.9959085862354516,0.12083319281663243,1066666.6370370404,128888.73542416558,3,,0.875,0.5
14,5,Katherine Jenkins,Mark Ballas,Singer/Rapper,Entertainment,Unknown,Wales,31,26-35,29.0,9.666666666666666,3,0.9944614718798941,0.12083319276396053,1066666.6370370404,128888.73536798223,2,,0.875,0.0
14,5,Donald Driver,Peta Murgatroyd,Athlete,Sports,Texas,United States,37,36-45,27.0,9.0,3,0.9958274183819379,0.11598152207237254,1066666.6370370404,123713.6201073749,1,,0.625,0.5
14,5,Maria Menounos,Derek Hough,TV Personality,Media,Massachusetts,United States,33,26-35,27.0,9.0,3,0.9959786208321136,0.11598152207237254,1066666.6370370404,123713.6201073749,4,9.0,0.625,0.0
14,5,Roshon Fegan,Chelsie Hightower,Actor/Actress,Entertainment,California,United States,20,≤25,26.0,8.666666666666666,3,0.9958941565058764,0.11359390885585617,1066666.6370370404,121166.83274716818,6,8.0,0.5,0.5
14,5,Jaleel White,Kym Johnson,Actor/Actress,Entertainment,California,United States,35,26-35,24.0,8.0,3,0.9622215285988348,0.10889527369570785,1066666.6370370404,116154.95538222879,7,7.0,0.375,-0.5
14,5,Gladys Knight,Tristan MacManus,Singer/Rapper,Entertainment,Georgia,United States,67,>55,22.0,7.333333333333333,3,0.9374785223432374,0.10429559055721666,1066666.6370370404,111248.6268374584,8,6.0,0.25,-1.0
14,5,Melissa Gilbert,Maksim Chmerkoskiy,Actor/Actress,Entertainment,California,United States,47,46-55,21.0,7.0,3,0.9457117565889562,0.10202999574898956,1066666.6370370404,108831.99244247822,5,8.0,0.125,-1.5
14,5,Gavin DeGraw,Karina Smirnoff,Singer/Rapper,Entertainment,New York,United States,35,26-35,19.0,6.333333333333333,3,0.22882285766645855,0.09755580141689162,1066666.6370370404,104059.51862080912,9,5.0,0.0,-2.5
14,6,Katherine Jenkins,Mark Ballas,Singer/Rapper,Entertainment,Unknown,Wales,31,26-35,38.9999,12.999966666666666,3,0.9940567581643103,0.13971404774217158,1133333.2962963006,158342.58226653404,2,,1.0,7.499949999999998
14,6,Jaleel White,Kym Johnson,Actor/Actress,Entertainment,California,United States,35,26-35,36.9998,12.333266666666669,3,0.9864561266822873,0.13521364323681057,1133333.2962963006,153242.1239938065,7,7.0,0.8571428571428571,7.4999
14,6,William Levy,Cheryl Burke,Actor/Actress,Entertainment,Unknown,Cuba,31,26-35,36.0,12.0,3,0.9952654553306102,0.13298968392241958,1133333.2962963006,150721.63685319893,3,,0.7142857142857143,7.0
14,6,Donald Driver,Peta Murgatroyd,Athlete,Sports,Texas,United States,37,36-45,33.9999,11.3333,3,0.9949690273546689,0.1285931509238699,1133333.2962963006,145738.89961767712,1,,0.5714285714285714,3.4999499999999983
14,6,Melissa Gilbert,Maksim Chmerkoskiy,Actor/Actress,Entertainment,California,United States,47,46-55,30.0,10.0,3,0.9610202025138581,0.12001353292172819,1133333.2962963006,136015.33286634678,5,8.0,0.42857142857142855,4.0
14,6,Maria Menounos,Derek Hough,TV Personality,Media,Massachusetts,United States,33,26-35,29.9999,9.999966666666666,3,0.9692016637635609,0.12001332491784275,1133333.2962963006,136015.09712861766,4,9.0,0.2857142857142857,1.9999500000000001
14,6,Roshon Fegan,Chelsie Hightower,Actor/Actress,Entertainment,California,United States,20,≤25,27.9998,9.333266666666669,3,0.9621326480387657,0.11582751882439579,1133333.2962963006,131271.1837110743,6,8.0,0.14285714285714285,0.9999000000000002
14,6,Gladys Knight,Tristan MacManus,Singer/Rapper,Entertainment,Georgia,United States,67,>55,24.0,8.0,3,0.10182459653987747,0.10763509751076168,1133333.2962963006,121986.43985904528,8,6.0,0.0,2.0
14,7,Maria Menounos,Derek Hough,TV Personality,Media,Massachusetts,United States,33,26-35,28.5,9.5,3,0.9948099016605801,0.15020067654331387,1199999.9555555605,180240.80517639176,4,9.0,1.0,0.75
14,7,Katherine Jenkins,Mark Ballas,Singer/Rapper,Entertainment,Unknown,Wales,31,26-35,27.0,9.0,3,0.9761649176854683,0.1453519430334934,1199999.9555555605,174422.32518010648,2,,0.8333333333333334,-1.0
14,7,William Levy,Cheryl Burke,Actor/Actress,Entertainment,Unknown,Cuba,31,26-35,26.5,8.833333333333334,3,0.985032274296332,0.14374572933720609,1199999.9555555605,172494.86881594892,3,,0.5,-1.25
14,7,Donald Driver,Peta Murgatroyd,Athlete,Sports,Texas,United States,37,36-45,26.5,8.833333333333334,3,0.9845447355889855,0.14374572692976914,1199999.9555555605,172494.86592702472,1,,0.5,-0.25
14,7,Melissa Gilbert,Maksim Chmerkoskiy,Actor/Actress,Entertainment,California,United States,47,46-55,23.5,7.833333333333333,3,0.8894800778787008,0.14285556272111,1199999.9555555605,171426.6689161966,5,8.0,0.0,1.25
14,7,Roshon Fegan,Chelsie Hightower,Actor/Actress,Entertainment,California,United States,20,≤25,26.0,8.666666666666666,3,0.8741628587757756,0.1421439921150096,1199999.9555555605,170572.7842205015,6,8.0,0.3333333333333333,0.0
14,7,Jaleel White,Kym Johnson,Actor/Actress,Entertainment,California,United States,35,26-35,25.5,8.5,3,0.3266012255560967,0.13195636932009794,1199999.9555555605,158347.63731939066,7,7.0,0.16666666666666666,0.75
14,8,William Levy,Cheryl Burke,Actor/Actress,Entertainment,Unknown,Cuba,31,26-35,28.5,9.5,3,0.9861211777417284,0.1714616803625746,1266666.6148148207,217184.78623532318,3,,1.0,-3.75
14,8,Roshon Fegan,Chelsie Hightower,Actor/Actress,Entertainment,California,United States,20,≤25,28.0,9.333333333333334,3,0.217742897552094,0.16952705281511823,1266666.6148148207,214734.25810885913,6,8.0,0.8,9.999999999976694e-05
14,8,Donald Driver,Peta Murgatroyd,Athlete,Sports,Texas,United States,37,36-45,27.5,9.166666666666666,3,0.9728516856701559,0.1676028971483616,1266666.6148148207,212296.99436407175,1,,0.4,-3.2499499999999983
14,8,Katherine Jenkins,Mark Ballas,Singer/Rapper,Entertainment,Unknown,Wales,31,26-35,27.5,9.166666666666666,3,0.973955864208404,0.1676028971483616,1266666.6148148207,212296.99436407175,2,,0.4,-5.749949999999998
14,8,Maria Menounos,Derek Hough,TV Personality,Media,Massachusetts,United States,33,26-35,26.5,8.833333333333334,3,0.9543669746289579,0.16378738038266147,1266666.6148148207,207464.00665869316,4,9.0,0.2,-1.7499500000000001
14,8,Melissa Gilbert,Maksim Chmerkoskiy,Actor/Actress,Entertainment,California,United States,47,46-55,25.5,8.5,3,0.15763868240219095,0.16001809214292248,1266666.6148148207,202689.57508380167,5,8.0,0.0,-2.25
14,9,Katherine Jenkins,Mark Ballas,Singer/Rapper,Entertainment,Unknown,Wales,31,26-35,28.0,9.333333333333334,3,0.9544527544155007,0.25528056626641404,1333333.2740740809,340374.0732274832,2,,0.0,0.5
14,9,William Levy,Cheryl Burke,Actor/Actress,Entertainment,Unknown,Cuba,31,26-35,29.0,9.666666666666666,3,0.9655402822398769,0.25154918175266777,1333333.2740740809,335398.8940969406,3,,0.6666666666666666,1.25
14,9,Donald Driver,Peta Murgatroyd,Athlete,Sports,Texas,United States,37,36-45,28.5,9.5,3,0.8489339313275338,0.2509331769053011,1333333.2740740809,334577.55433695565,1,,0.3333333333333333,1.0
14,9,Maria Menounos,Derek Hough,TV Personality,Media,Massachusetts,United States,33,26-35,29.5,9.833333333333334,3,0.19813743507418072,0.2422370750756171,1333333.2740740809,322982.7524127015,4,9.0,1.0,0.5
14,10,Katherine Jenkins,Mark Ballas,Singer/Rapper,Entertainment,Unknown,Wales,31,26-35,30.0,10.0,3,0.8732306536289938,0.33524787271578865,1399999.9333333408,469346.99945224845,2,,1.0,1.25
14,10,Donald Driver,Peta Murgatroyd,Athlete,Sports,Texas,United States,37,36-45,29.666600000000003,9.888866666666669,3,0.4888260791908316,0.3323760636421057,1399999.9333333408,465326.46694054623,1,,0.0,1.0833000000000013
14,10,William Levy,Cheryl Burke,Actor/Actress,Entertainment,Unknown,Cuba,31,26-35,29.666600000000003,9.888866666666669,3,0.7227210637924831,0.3323760636421057,1399999.9333333408,465326.46694054623,3,,0.0,0.5833000000000013
15,1,Emmitt Smith,Cheryl Burke,Athlete,Sports,Florida,United States,43,36-45,24.5,8.166666666666666,3,0.9971054254685804,0.08206410506361198,800000.0,65651.28405088958,4,9.0,1.0,1.0
15,1,Gilles Marini,Peta Murgatroyd,Actor/Actress,Entertainment,Unknown,France,36,36-45,24.0,8.0,3,0.9966186698854289,0.08125136153005158,800000.0,65001.089224041265,6,8.0,0.9166666666666666,1.0
15,1,Sabrina Bryan,Louis van Amstel,Actor/Actress,Entertainment,California,United States,28,26-35,22.5,7.5,3,0.9943278096870947,0.07883903963841421,800000.0,63071.231710731365,8,6.0,0.8333333333333334,1.0
15,1,Shawn Johnson,Derek Hough,Athlete,Sports,Iowa,United States,20,≤25,22.0,7.333333333333333,3,0.992083047889554,0.0780437673298665,800000.0,62435.0138638932,2,,0.6666666666666666,1.0
15,1,Apolo Anton Ohno,Karina Smirnoff,Athlete,Sports,Washington,United States,30,26-35,22.0,7.333333333333333,3,0.9929540325352171,0.07804376621507585,800000.0,62435.01297206068,5,9.0,0.6666666666666666,1.0
15,1,Drew Lachey,Anna Trebunskaya,Singer/Rapper,Entertainment,Ohio,United States,36,36-45,21.5,7.166666666666667,3,0.9920637986142274,0.07725299630632985,800000.0,61802.39704506388,11,3.0,0.4166666666666667,1.0
15,1,Helio Castroneves,Chelsie Hightower,Racing Driver,Sports,Unknown,Brazil,37,36-45,21.5,7.166666666666667,3,0.9933211405287092,0.07725299576225389,800000.0,61802.39660980311,10,3.0,0.4166666666666667,1.0
15,1,Kelly Monaco,Valentin Chmerkovskiy,Actor/Actress,Entertainment,Pennsylvania,United States,36,36-45,21.5,7.166666666666667,3,0.9915762935971145,0.07725299576225389,800000.0,61802.39660980311,3,,0.4166666666666667,1.0
15,1,Melissa Rycroft,Tony Dovolani,TV Personality,Media,Texas,United States,29,26-35,21.0,7.0,3,0.9895625723209672,0.07646677780920312,800000.0,61173.4222473625,1,,0.3333333333333333,1.0
15,1,Joey Fatone,Kym Johnson,Singer/Rapper,Entertainment,New York,United States,35,26-35,20.5,6.833333333333333,3,0.9754195939176634,0.07568514931458753,800000.0,60548.11945167003,12,2.0,0.25,1.0
15,1,Bristol Palin,Mark Ballas,TV Personality,Media,Alaska,United States,21,≤25,19.5,6.5,3,0.9773479541057022,0.07413577833876217,800000.0,59308.62267100974,9,4.0,0.16666666666666666,1.0
15,1,Kirstie Alley,Maksim Chmerkoskiy,Actor/Actress,Entertainment,Kansas,United States,61,>55,19.0,6.333333333333333,3,0.9813048852957926,0.0733680613867076,800000.0,58694.449109366076,7,8.0,0.08333333333333333,1.0
15,1,Pamela Anderson,Tristan MacManus,Model,Model,Unknown,Canada,45,36-45,17.0,5.666666666666667,3,0.06489480902337598,0.07034320554288172,800000.0,56274.56443430537,13,1.0,0.0,1.0
15,2,Sabrina Bryan,Louis van Amstel,Actor/Actress,Entertainment,California,United States,28,26-35,26.0,8.666666666666666,3,0.9960670229373892,0.08828505642121905,866666.6592592602,76513.71491109321,8,6.0,1.0,3.5
15,2,Gilles Marini,Peta Murgatroyd,Actor/Actress,Entertainment,Unknown,France,36,36-45,25.5,8.5,3,0.9951494650116092,0.08743323609648349,866666.6592592602,75775.4706359655,6,8.0,0.9090909090909091,1.5
15,2,Bristol Palin,Mark Ballas,TV Personality,Media,Alaska,United States,21,≤25,18.0,6.0,3,0.9371101125077069,0.08719115941943817,866666.6592592602,75565.67085098605,9,4.0,0.0,-1.5
15,2,Shawn Johnson,Derek Hough,Athlete,Sports,Iowa,United States,20,≤25,25.0,8.333333333333334,3,0.9919944583466568,0.08658718684615536,866666.6592592602,75042.22795861482,2,,0.8181818181818182,3.0
15,2,Apolo Anton Ohno,Karina Smirnoff,Athlete,Sports,Washington,United States,30,26-35,24.5,8.166666666666666,3,0.9922006574837996,0.08574692305537467,866666.6592592602,74313.9993461624,5,9.0,0.7272727272727273,2.5
15,2,Melissa Rycroft,Tony Dovolani,TV Personality,Media,Texas,United States,29,26-35,23.5,7.833333333333333,3,0.9878081751176339,0.08408353771843476,866666.6592592602,72872.39873313585,1,,0.6363636363636364,2.5
15,2,Helio Castroneves,Chelsie Hightower,Racing Driver,Sports,Unknown,Brazil,37,36-45,23.0,7.666666666666667,3,0.9917195572337081,0.08326013971175598,866666.6592592602,72158.78713344682,10,3.0,0.5454545454545454,1.5
15,2,Drew Lachey,Anna Trebunskaya,Singer/Rapper,Entertainment,Ohio,United States,36,36-45,22.5,7.5,3,0.970525546062883,0.08244193269335641,866666.6592592602,71449.67439022798,11,3.0,0.2727272727272727,1.0
15,2,Emmitt Smith,Cheryl Burke,Athlete,Sports,Florida,United States,43,36-45,22.5,7.5,3,0.9741659075088374,0.0824419326933564,866666.6592592602,71449.67439022797,4,9.0,0.2727272727272727,-2.0
15,2,Kelly Monaco,Valentin Chmerkovskiy,Actor/Actress,Entertainment,Pennsylvania,United States,36,36-45,22.0,7.333333333333333,3,0.978092916678297,0.08162850916567164,866666.6592592602,70744.70733892654,3,,0.18181818181818182,0.5
15,2,Kirstie Alley,Maksim Chmerkoskiy,Actor/Actress,Entertainment,Kansas,United States,61,>55,21.0,7.0,3,0.9445900114506641,0.08001359083067512,866666.6592592602,69345.11146055858,7,8.0,0.09090909090909091,2.0
15,2,Joey Fatone,Kym Johnson,Singer/Rapper,Entertainment,New York,United States,35,26-35,22.5,7.5,3,0.566068706313434,0.07088679534807886,866666.6592592602,61435.22210991437,12,2.0,0.2727272727272727,2.0
15,3,Melissa Rycroft,Tony Dovolani,TV Personality,Media,Texas,United States,29,26-35,27.0,9.0,3,0.9923001227938396,0.09387492531941492,933333.3185185202,87616.59557404778,1,,0.9,3.0
15,3,Kelly Monaco,Valentin Chmerkovskiy,Actor/Actress,Entertainment,Pennsylvania,United States,36,36-45,27.0,9.0,3,0.962615620784536,0.09387492269836599,933333.3185185202,87616.59312773548,3,,0.9,2.75
15,3,Shawn Johnson,Derek Hough,Athlete,Sports,Iowa,United States,20,≤25,26.5,8.833333333333334,3,0.991639272570822,0.09300682666698369,933333.3185185202,86806.37017797268,2,,0.8,2.25
15,3,Apolo Anton Ohno,Karina Smirnoff,Athlete,Sports,Washington,United States,30,26-35,25.5,8.5,3,0.9822761928446145,0.09128155072582282,933333.3185185202,85196.11265844885,5,9.0,0.4,1.75
15,3,Gilles Marini,Peta Murgatroyd,Actor/Actress,Entertainment,Unknown,France,36,36-45,25.5,8.5,3,0.9821899924176453,0.09128155072582282,933333.3185185202,85196.11265844885,6,8.0,0.4,0.75
15,3,Helio Castroneves,Chelsie Hightower,Racing Driver,Sports,Unknown,Brazil,37,36-45,25.5,8.5,3,0.500370147742048,0.09128155072582282,933333.3185185202,85196.11265844885,10,3.0,0.4,2.0
15,3,Sabrina Bryan,Louis van Amstel,Actor/Actress,Entertainment,California,United States,28,26-35,25.5,8.5,3,0.9837965633528734,0.09128155072582282,933333.3185185202,85196.11265844885,8,6.0,0.4,1.5
15,3,Emmitt Smith,Cheryl Burke,Athlete,Sports,Florida,United States,43,36-45,25.0,8.333333333333334,3,0.9742818800040917,0.09042475835600695,933333.3185185202,84396.43979264726,4,9.0,0.3,0.25
15,3,Bristol Palin,Mark Ballas,TV Personality,Media,Alaska,United States,21,≤25,22.5,7.5,3,0.9658358131685925,0.09018193704505262,933333.3185185202,84169.80657268723,9,4.0,0.0,1.5
15,3,Kirstie Alley,Maksim Chmerkoskiy,Actor/Actress,Entertainment,Kansas,United States,61,>55,24.0,8.0,3,0.9389238450075463,0.08872417879537116,933333.3185185202,82809.23222791428,7,8.0,0.1,2.5
15,3,Drew Lachey,Anna Trebunskaya,Singer/Rapper,Entertainment,Ohio,United States,36,36-45,24.0,8.0,3,0.19964434266905393,0.08478624821551335,933333.3185185202,79133.83041172005,11,3.0,0.1,1.25
15,4,Gilles Marini,Peta Murgatroyd,Actor/Actress,Entertainment,Unknown,France,36,36-45,39.5,9.875,4,0.9950649621089026,0.11731846610848111,999999.9777777803,117318.46350140437,6,8.0,0.875,7.0
15,4,Shawn Johnson,Derek Hough,Athlete,Sports,Iowa,United States,20,≤25,39.5,9.875,4,0.9949175012729963,0.11731846557928667,999999.9777777803,117318.46297220995,2,,0.875,7.25
15,4,Kelly Monaco,Valentin Chmerkovskiy,Actor/Actress,Entertainment,Pennsylvania,United States,36,36-45,37.5,9.375,4,0.9956446401009497,0.113984051863523,999999.9777777803,113984.04933054435,3,,0.75,7.75
15,4,Melissa Rycroft,Tony Dovolani,TV Personality,Media,Texas,United States,29,26-35,37.0,9.25,4,0.9923190996624889,0.11315693857700869,999999.9777777803,113156.93606241034,1,,0.625,6.75
15,4,Emmitt Smith,Cheryl Burke,Athlete,Sports,Florida,United States,43,36-45,36.0,9.0,4,0.979569238960268,0.11151071196550168,999999.9777777803,111510.70948748614,4,9.0,0.5,6.75
15,4,Sabrina Bryan,Louis van Amstel,Actor/Actress,Entertainment,California,United States,28,26-35,35.5,8.875,4,0.9837515892613998,0.11069168381326172,999999.9777777803,110691.6813534468,8,6.0,0.375,4.75
15,4,Apolo Anton Ohno,Karina Smirnoff,Athlete,Sports,Washington,United States,30,26-35,34.5,8.625,4,0.970997944263917,0.10906206194838071,999999.9777777803,109062.0595247796,5,9.0,0.25,5.0
15,4,Kirstie Alley,Maksim Chmerkoskiy,Actor/Actress,Entertainment,Kansas,United States,61,>55,30.0,7.5,4,0.8961043798994126,0.10658923307953548,999999.9777777803,106589.23071088613,7,8.0,0.0,4.5
15,4,Bristol Palin,Mark Ballas,TV Personality,Media,Alaska,United States,21,≤25,32.0,8.0,4,0.2842102909616578,0.10036838706502094,999999.9777777803,100368.38483461259,9,4.0,0.125,7.0
15,5,Sabrina Bryan,Louis van Amstel,Actor/Actress,Entertainment,California,United States,28,26-35,29.25,9.75,3,0.97643805686143,0.12868160984001198,1066666.6370370404,137260.3800165581,8,6.0,1.0,1.875
15,5,Apolo Anton Ohno,Karina Smirnoff,Athlete,Sports,Washington,United States,30,26-35,28.25,9.416666666666666,3,0.9791388589052141,0.12616085266136115,1066666.6370370404,134571.57243401965,5,9.0,0.42857142857142855,1.375
15,5,Gilles Marini,Peta Murgatroyd,Actor/Actress,Entertainment,Unknown,France,36,36-45,28.25,9.416666666666666,3,0.989363733882335,0.12616085266136115,1066666.6370370404,134571.57243401965,6,8.0,0.42857142857142855,1.375
15,5,Melissa Rycroft,Tony Dovolani,TV Personality,Media,Texas,United States,29,26-35,28.25,9.416666666666666,3,0.9896818550346018,0.12616085266136115,1066666.6370370404,134571.57243401965,1,,0.42857142857142855,0.625
15,5,Shawn Johnson,Derek Hough,Athlete,Sports,Iowa,United States,20,≤25,28.25,9.416666666666666,3,0.9894030345541414,0.12616085266136115,1066666.6370370404,134571.57243401965,2,,0.42857142857142855,0.875
15,5,Emmitt Smith,Cheryl Burke,Athlete,Sports,Florida,United States,43,36-45,28.0,9.333333333333334,3,0.9858944938429458,0.12553396990599677,1066666.6370370404,133902.89751353863,4,9.0,0.2857142857142857,1.5
15,5,Kirstie Alley,Maksim Chmerkoskiy,Actor/Actress,Entertainment,Kansas,United States,61,>55,26.25,8.75,3,0.980375567895496,0.1211850892000015,1066666.6370370404,129264.09155599936,7,8.0,0.14285714285714285,1.125
15,5,Kelly Monaco,Valentin Chmerkovskiy,Actor/Actress,Entertainment,Pennsylvania,United States,36,36-45,25.75,8.583333333333334,3,0.9332913440883629,0.11995592040854511,1066666.6370370404,127952.9782148657,3,,0.0,-0.625
15,6,Apolo Anton Ohno,Karina Smirnoff,Athlete,Sports,Washington,United States,30,26-35,30.0,10.0,3,0.9815797641305678,0.12927801046375942,1133333.2962963006,146515.0737375201,5,9.0,0.8571428571428571,-2.25
15,6,Emmitt Smith,Cheryl Burke,Athlete,Sports,Florida,United States,43,36-45,26.5,8.833333333333334,3,0.9474815623374426,0.12898020718664163,1133333.2962963006,146177.56336781636,4,9.0,0.0,-4.75
15,6,Melissa Rycroft,Tony Dovolani,TV Personality,Media,Texas,United States,29,26-35,29.5,9.833333333333334,3,0.9927296859965977,0.12803391255552965,1133333.2962963006,145105.09615427072,1,,0.7142857142857143,-3.75
15,6,Kelly Monaco,Valentin Chmerkovskiy,Actor/Actress,Entertainment,Pennsylvania,United States,36,36-45,27.0,9.0,3,0.9561183441860631,0.1267676935292211,1133333.2962963006,143670.04797135136,3,,0.14285714285714285,-5.25
15,6,Kirstie Alley,Maksim Chmerkoskiy,Actor/Actress,Entertainment,Kansas,United States,61,>55,27.5,9.166666666666666,3,0.9309808014188071,0.12455564574487314,1133333.2962963006,141163.06056435136,7,8.0,0.2857142857142857,-1.25
15,6,Gilles Marini,Peta Murgatroyd,Actor/Actress,Entertainment,Unknown,France,36,36-45,27.5,9.166666666666666,3,0.9834408244202948,0.1245554246804251,1133333.2962963006,141162.8100246518,6,8.0,0.2857142857142857,-6.0
15,6,Shawn Johnson,Derek Hough,Athlete,Sports,Iowa,United States,20,≤25,28.0,9.333333333333334,3,0.9868605096301843,0.12433576182208374,1133333.2962963006,140913.8587933339,2,,0.5714285714285714,-5.75
15,6,Sabrina Bryan,Louis van Amstel,Actor/Actress,Entertainment,California,United States,28,26-35,30.0,10.0,3,0.29999306214784727,0.11349334401746614,1133333.2962963006,128625.78568300493,8,6.0,0.8571428571428571,-2.75
15,7,Melissa Rycroft,Tony Dovolani,TV Personality,Media,Texas,United States,29,26-35,38.9999,12.999966666666666,3,0.9875210430917534,0.1536865888948997,1199999.9555555605,184423.89984336533,1,,1.0,5.374949999999998
15,7,Shawn Johnson,Derek Hough,Athlete,Sports,Iowa,United States,20,≤25,37.9998,12.6666,3,0.9930748464499781,0.15119054778476715,1199999.9555555605,181428.65062214143,2,,0.8333333333333334,4.8749
15,7,Kelly Monaco,Valentin Chmerkovskiy,Actor/Actress,Entertainment,Pennsylvania,United States,36,36-45,36.0,12.0,3,0.9724781915247582,0.14624980520610364,1199999.9555555605,175499.75974733377,3,,0.6666666666666666,5.125
15,7,Emmitt Smith,Cheryl Burke,Athlete,Sports,Florida,United States,43,36-45,34.4999,11.499966666666666,3,0.9520988524012176,0.14258791501231372,1199999.9555555605,171105.4916775365,4,9.0,0.5,3.2499499999999983
15,7,Gilles Marini,Peta Murgatroyd,Actor/Actress,Entertainment,Unknown,France,36,36-45,33.4998,11.1666,3,0.8694978052823426,0.14016767018163137,1199999.9555555605,168201.1979882841,6,8.0,0.3333333333333333,2.6249000000000002
15,7,Apolo Anton Ohno,Karina Smirnoff,Athlete,Sports,Washington,United States,30,26-35,33.0,11.0,3,0.9444943320817915,0.13896445429107993,1199999.9555555605,166757.33897309864,5,9.0,0.16666666666666666,2.375
15,7,Kirstie Alley,Maksim Chmerkoskiy,Actor/Actress,Entertainment,Kansas,United States,61,>55,27.9999,9.3333,3,0.872978812736386,0.12715301862920467,1199999.9555555605,152583.61670380097,7,8.0,0.0,0.8749500000000001
15,8,Melissa Rycroft,Tony Dovolani,TV Personality,Media,Texas,United States,29,26-35,30.0,10.0,3,0.9771582370722285,0.14737915637354365,1266666.6148148207,186680.25709794063,1,,1.0,0.25
15,8,Shawn Johnson,Derek Hough,Athlete,Sports,Iowa,United States,20,≤25,27.8333,9.277766666666666,3,0.9752822579817503,0.14613527546273158,1266666.6148148207,185104.67467540954,2,,0.16666666666666666,-0.08334999999999937
15,8,Apolo Anton Ohno,Karina Smirnoff,Athlete,Sports,Washington,United States,30,26-35,29.2777,9.759233333333333,3,0.8947648967764174,0.14522762910810277,1266666.6148148207,183954.98933994287,5,9.0,0.6666666666666666,-0.3611500000000003
15,8,Emmitt Smith,Cheryl Burke,Athlete,Sports,Florida,United States,43,36-45,29.0554,9.685133333333331,3,0.9679260732258654,0.1445679516273916,1266666.6148148207,183119.39789858088,4,9.0,0.5,1.2776999999999994
15,8,Kelly Monaco,Valentin Chmerkovskiy,Actor/Actress,Entertainment,Pennsylvania,United States,36,36-45,28.3333,9.444433333333334,3,0.9700364104379489,0.14362630026224868,1266666.6148148207,181926.63955155952,3,,0.3333333333333333,0.6666500000000006
15,8,Gilles Marini,Peta Murgatroyd,Actor/Actress,Entertainment,Unknown,France,36,36-45,29.2777,9.759233333333333,3,0.4878171346024924,0.13888708054830914,1266666.6148148207,175923.62815964007,6,8.0,0.6666666666666666,0.8888499999999997
15,8,Kirstie Alley,Maksim Chmerkoskiy,Actor/Actress,Entertainment,Kansas,United States,61,>55,25.5,8.5,3,0.11098879028610907,0.13417660661767256,1266666.6148148207,169957.02809174717,7,8.0,0.0,-1.0
15,9,Shawn Johnson,Derek Hough,Athlete,Sports,Iowa,United States,20,≤25,29.5,9.833333333333334,3,0.9420713906000981,0.20615795494909844,1333333.2740740809,274877.2610486983,2,,1.0,-4.2499
15,9,Kelly Monaco,Valentin Chmerkovskiy,Actor/Actress,Entertainment,Pennsylvania,United States,36,36-45,27.111,9.037,3,0.8831748568234533,0.20371660506364347,1333333.2740740809,271622.1280127642,3,,0.25,-4.4445
15,9,Melissa Rycroft,Tony Dovolani,TV Personality,Media,Texas,United States,29,26-35,28.7777,9.592566666666666,3,0.9778444790804516,0.20271240735115875,1333333.2740740809,270283.19778895925,1,,0.75,-5.111099999999999
15,9,Emmitt Smith,Cheryl Burke,Athlete,Sports,Florida,United States,43,36-45,27.0,9.0,3,0.20442696461928675,0.19433475864247443,1333333.2740740809,259113.0000071667,4,9.0,0.0,-3.7499499999999983
15,9,Apolo Anton Ohno,Karina Smirnoff,Athlete,Sports,Washington,United States,30,26-35,28.611,9.537,3,0.4848207663225935,0.19307827399362484,1333333.2740740809,257437.68721649228,5,9.0,0.5,-2.1944999999999997
15,10,Melissa Rycroft,Tony Dovolani,TV Personality,Media,Texas,United States,29,26-35,29.3331,9.7777,3,0.9276493619104006,0.3351264787986033,1399999.9333333408,469177.04797628184,1,,1.0,-0.33344999999999914
15,10,Kelly Monaco,Valentin Chmerkovskiy,Actor/Actress,Entertainment,Pennsylvania,United States,36,36-45,29.1109,9.703633333333334,3,0.7306060861837531,0.3331696369807244,1399999.9333333408,466437.46956170746,3,,0.5,0.3887999999999998
15,10,Shawn Johnson,Derek Hough,Athlete,Sports,Iowa,United States,20,≤25,28.9443,9.6481,3,0.5793684240970142,0.33170388422067226,1399999.9333333408,464385.4157953514,2,,0.0,0.5554999999999986
16,1,Zendaya,Valentin Chmerkovskiy,Actor/Actress,Entertainment,California,United States,16,≤25,24.0,8.0,3,0.9970231439145497,0.09329555300164295,800000.0,74636.44240131436,2,,1.0,1.0
16,1,Alexandra Raisman,Mark Ballas,Athlete,Sports,Massachusetts,United States,18,≤25,21.0,7.0,3,0.9961592959725551,0.08708290283815723,800000.0,69666.32227052578,4,10.0,0.7272727272727273,1.0
16,1,Dorothy Hamill,Tristan MacManus,Athlete,Sports,Illinois,United States,56,>55,21.0,7.0,3,0.997423353897356,0.08708290283815723,800000.0,69666.32227052578,12,-1.0,0.7272727272727273,1.0
16,1,Kellie Pickler,Derek Hough,Singer/Rapper,Entertainment,North Carolina,United States,26,26-35,21.0,7.0,3,0.996089913015801,0.08708290283815723,800000.0,69666.32227052578,1,,0.7272727272727273,1.0
16,1,Ingo Rademacher,Kym Johnson,Actor/Actress,Entertainment,Unknown,Germany,41,36-45,20.0,6.666666666666667,3,0.995561622553097,0.08506096695632286,800000.0,68048.77356505829,5,9.0,0.5454545454545454,1.0
16,1,Jacoby Jones,Karina Smirnoff,Athlete,Sports,Louisiana,United States,28,26-35,20.0,6.666666666666667,3,0.9962622599249834,0.08506096695632286,800000.0,68048.77356505829,3,,0.5454545454545454,1.0
16,1,Sean Lowe,Peta Murgatroyd,TV Personality,Media,Texas,United States,29,26-35,19.0,6.333333333333333,3,0.992850311845412,0.08306482208073623,800000.0,66451.85766458898,6,8.0,0.45454545454545453,1.0
16,1,Wynonna Judd,Tony Dovolani,Singer/Rapper,Entertainment,Kentucky,United States,48,46-55,18.0,6.0,3,0.9803959866707046,0.08109516272416854,800000.0,64876.13017933483,11,3.0,0.18181818181818182,1.0
16,1,Lisa Vanderpump,Gleb Savchenko,TV Personality,Media,Unknown,England,52,46-55,18.0,6.0,3,0.9850582272064868,0.08109516168057357,800000.0,64876.12934445885,10,4.0,0.18181818181818182,1.0
16,1,Victor Ortiz,Lindsay Arnold,Athlete,Sports,Kansas,United States,26,26-35,18.0,6.0,3,0.9826751159308235,0.08109516139828342,800000.0,64876.12911862673,8,6.0,0.18181818181818182,1.0
16,1,Andy Dick,Sharna Burgess,Comedian,Entertainment,South Carolina,United States,47,46-55,17.0,5.666666666666667,3,0.9865813941905412,0.07915249905889056,800000.0,63321.99924711245,7,7.0,0.09090909090909091,1.0
16,1,D. L. Hughley,Cheryl Burke,Comedian,Entertainment,Virginia,United States,50,46-55,12.0,4.0,3,0.968329044269659,0.06983099762858745,800000.0,55864.79810286996,9,5.0,0.0,1.0
16,2,Zendaya,Valentin Chmerkovskiy,Actor/Actress,Entertainment,California,United States,16,≤25,26.0,8.666666666666666,3,0.9962157956213369,0.09410314929630854,866666.6592592602,81556.06202640712,2,,0.9090909090909091,2.0
16,2,Kellie Pickler,Derek Hough,Singer/Rapper,Entertainment,North Carolina,United States,26,26-35,26.0,8.666666666666666,3,0.9952642469744584,0.094103149183591,866666.6592592602,81556.06192871858,1,,0.9090909090909091,5.0
16,2,Alexandra Raisman,Mark Ballas,Athlete,Sports,Massachusetts,United States,18,≤25,24.0,8.0,3,0.9960028154564249,0.09017328586786336,866666.6592592602,78150.18041753139,4,10.0,0.8181818181818182,3.0
16,2,Jacoby Jones,Karina Smirnoff,Athlete,Sports,Louisiana,United States,28,26-35,23.0,7.666666666666667,3,0.9966712526266975,0.08823992841380109,866666.6592592602,76474.60397166526,3,,0.7272727272727273,3.0
16,2,Andy Dick,Sharna Burgess,Comedian,Entertainment,South Carolina,United States,47,46-55,20.0,6.666666666666667,3,0.9893974393183462,0.08257291452188356,866666.6592592602,71563.19197398127,7,7.0,0.45454545454545453,3.0
16,2,Ingo Rademacher,Kym Johnson,Actor/Actress,Entertainment,Unknown,Germany,41,36-45,20.0,6.666666666666667,3,0.9952606428925052,0.08257291452188356,866666.6592592602,71563.19197398127,5,9.0,0.45454545454545453,0.0
16,2,Sean Lowe,Peta Murgatroyd,TV Personality,Media,Texas,United States,29,26-35,20.0,6.666666666666667,3,0.9934045612601438,0.08257291448880569,866666.6592592602,71563.19194531378,6,8.0,0.45454545454545453,1.0
16,2,Lisa Vanderpump,Gleb Savchenko,TV Personality,Media,Unknown,England,52,46-55,18.0,6.0,3,0.9801743836876385,0.07891030106953542,866666.6592592602,68388.9270090767,10,4.0,0.18181818181818182,0.0
16,2,Victor Ortiz,Lindsay Arnold,Athlete,Sports,Kansas,United States,26,26-35,18.0,6.0,3,0.9816930058539534,0.07891030106953542,866666.6592592602,68388.9270090767,8,6.0,0.18181818181818182,0.0
16,2,Wynonna Judd,Tony Dovolani,Singer/Rapper,Entertainment,Kentucky,United States,48,46-55,18.0,6.0,3,0.9683255353662452,0.0789103001892048,866666.6592592602,68388.92624612349,11,3.0,0.18181818181818182,0.0
16,2,D. L. Hughley,Cheryl Burke,Comedian,Entertainment,Virginia,United States,50,46-55,16.0,5.333333333333333,3,0.9681798527884092,0.07534097103220173,866666.6592592602,65295.50766982697,9,5.0,0.09090909090909091,4.0
16,2,Dorothy Hamill,Tristan MacManus,Athlete,Sports,Illinois,United States,56,>55,15.0,5.0,3,0.9317137991782539,0.07358987034538594,866666.6592592602,63777.887087557734,12,-1.0,0.0,-6.0
16,3,Zendaya,Valentin Chmerkovskiy,Actor/Actress,Entertainment,California,United States,16,≤25,25.9998,8.6666,3,0.9962613038790602,0.10039573526132624,933333.3185185202,93702.68475656044,2,,0.9,0.9999000000000002
16,3,Jacoby Jones,Karina Smirnoff,Athlete,Sports,Louisiana,United States,28,26-35,25.9998,8.6666,3,0.9969650381118139,0.10039573348785039,933333.3185185202,93702.68310131633,3,,0.9,2.9999000000000002
16,3,Kellie Pickler,Derek Hough,Singer/Rapper,Entertainment,North Carolina,United States,26,26-35,25.0,8.333333333333334,3,0.9945215566385868,0.0982759478667239,933333.3185185202,91724.21655300251,1,,0.8,2.0
16,3,Alexandra Raisman,Mark Ballas,Athlete,Sports,Massachusetts,United States,18,≤25,23.0,7.666666666666667,3,0.9924475226848526,0.0941016460833525,933333.3185185202,87828.2016170307,4,10.0,0.6,1.0
16,3,Victor Ortiz,Lindsay Arnold,Athlete,Sports,Kansas,United States,26,26-35,23.0,7.666666666666667,3,0.9930246378399956,0.0941016460833525,933333.3185185202,87828.2016170307,8,6.0,0.6,2.5
16,3,Lisa Vanderpump,Gleb Savchenko,TV Personality,Media,Unknown,England,52,46-55,21.0,7.0,3,0.9780581384922943,0.09001937346958841,933333.3185185202,84018.08057132899,10,4.0,0.3,1.5
16,3,Sean Lowe,Peta Murgatroyd,TV Personality,Media,Texas,United States,29,26-35,21.0,7.0,3,0.983282160523972,0.09001937346958841,933333.3185185202,84018.08057132899,6,8.0,0.3,1.0
16,3,Ingo Rademacher,Kym Johnson,Actor/Actress,Entertainment,Unknown,Germany,41,36-45,21.0,7.0,3,0.9887917696519601,0.09001937273173141,933333.3185185202,84018.07988266247,5,9.0,0.3,0.5
16,3,Andy Dick,Sharna Burgess,Comedian,Entertainment,South Carolina,United States,47,46-55,18.0,6.0,3,0.9609542824382565,0.08407725987216762,933333.3185185202,78472.10796843421,7,7.0,0.2,0.5
16,3,D. L. Hughley,Cheryl Burke,Comedian,Entertainment,Virginia,United States,50,46-55,16.0,5.333333333333333,3,0.8895308189261908,0.0802387985589604,933333.3185185202,74889.54413297358,9,5.0,0.1,2.0
16,3,Wynonna Judd,Tony Dovolani,Singer/Rapper,Entertainment,Kentucky,United States,48,46-55,15.0,5.0,3,0.12093307068585668,0.07835511311535803,933333.3185185202,73131.43774685114,11,3.0,0.0,-1.5
16,4,Alexandra Raisman,Mark Ballas,Athlete,Sports,Massachusetts,United States,18,≤25,27.0,9.0,3,0.9949853138450138,0.11039903540894222,999999.9777777803,110399.0329556306,4,10.0,1.0,1.5
16,4,Zendaya,Valentin Chmerkovskiy,Actor/Actress,Entertainment,California,United States,16,≤25,26.0,8.666666666666666,3,0.996589582881766,0.10806875108668454,999999.9777777803,108068.748685157,2,,0.7777777777777778,0.0
16,4,Kellie Pickler,Derek Hough,Singer/Rapper,Entertainment,North Carolina,United States,26,26-35,26.0,8.666666666666666,3,0.9948863682168457,0.10806875105796342,999999.9777777803,108068.74865643588,1,,0.7777777777777778,0.0
16,4,Jacoby Jones,Karina Smirnoff,Athlete,Sports,Louisiana,United States,28,26-35,24.0,8.0,3,0.9961687463498715,0.10347893234510616,999999.9777777803,103478.93004557458,3,,0.6666666666666666,0.5
16,4,Ingo Rademacher,Kym Johnson,Actor/Actress,Entertainment,Unknown,Germany,41,36-45,23.0,7.666666666666667,3,0.9917149002670099,0.10122039407181294,999999.9777777803,101220.3918224711,5,9.0,0.5555555555555556,1.5
16,4,Andy Dick,Sharna Burgess,Comedian,Entertainment,South Carolina,United States,47,46-55,21.0,7.0,3,0.9339323753458184,0.09677828948513033,999999.9777777803,96778.28733450192,7,7.0,0.3333333333333333,0.5
16,4,D. L. Hughley,Cheryl Burke,Comedian,Entertainment,Virginia,United States,50,46-55,21.0,7.0,3,0.9701056929555963,0.09677828843491294,999999.9777777803,96778.28628428455,9,5.0,0.3333333333333333,2.5
16,4,Sean Lowe,Peta Murgatroyd,TV Personality,Media,Texas,United States,29,26-35,20.0,6.666666666666667,3,0.9787453542101585,0.09459535930441895,999999.9777777803,94595.35720230009,6,8.0,0.2222222222222222,0.0
16,4,Victor Ortiz,Lindsay Arnold,Athlete,Sports,Kansas,United States,26,26-35,18.0,6.0,3,0.9180133525836748,0.09030609985905665,999999.9777777803,90306.09785225465,8,6.0,0.0,0.0
16,4,Lisa Vanderpump,Gleb Savchenko,TV Personality,Media,Unknown,England,52,46-55,18.0,6.0,3,0.17391211985108807,0.09030609894597179,999999.9777777803,90306.09693916982,10,4.0,0.0,0.0
16,5,Zendaya,Valentin Chmerkovskiy,Actor/Actress,Entertainment,California,United States,16,≤25,29.0,9.666666666666666,3,0.9952959781905276,0.12591898766998166,1066666.6370370404,134313.5831170479,2,,1.0,1.5000999999999998
16,5,Kellie Pickler,Derek Hough,Singer/Rapper,Entertainment,North Carolina,United States,26,26-35,27.0,9.0,3,0.9932910071686638,0.12062014597151338,1066666.6370370404,128661.4854623511,1,,0.875,1.0
16,5,Jacoby Jones,Karina Smirnoff,Athlete,Sports,Louisiana,United States,28,26-35,26.0,8.666666666666666,3,0.9961213754614708,0.11801318404728137,1066666.6370370404,125880.72615374692,3,,0.75,9.999999999976694e-05
16,5,Alexandra Raisman,Mark Ballas,Athlete,Sports,Massachusetts,United States,18,≤25,25.0,8.333333333333334,3,0.9941863820287242,0.11543503697603961,1066666.6370370404,123130.7026874786,4,10.0,0.625,1.0
16,5,Sean Lowe,Peta Murgatroyd,TV Personality,Media,Texas,United States,29,26-35,24.0,8.0,3,0.9884700598247086,0.11288583563389384,1066666.6370370404,120411.55466472165,6,8.0,0.5,1.5
16,5,Victor Ortiz,Lindsay Arnold,Athlete,Sports,Kansas,United States,26,26-35,21.0,7.0,3,0.9423701251770414,0.10540840134372575,1066666.6370370404,112435.6249767626,8,6.0,0.25,-1.0
16,5,Ingo Rademacher,Kym Johnson,Actor/Actress,Entertainment,Unknown,Germany,41,36-45,21.0,7.0,3,0.9824828565037599,0.10540840003449777,1066666.6370370404,112435.62358025278,5,9.0,0.25,0.0
16,5,Andy Dick,Sharna Burgess,Comedian,Entertainment,South Carolina,United States,47,46-55,18.0,6.0,3,0.7764576006711098,0.09815500416153339,1066666.6370370404,104698.66819733953,7,7.0,0.0,0.0
16,5,D. L. Hughley,Cheryl Burke,Comedian,Entertainment,Virginia,United States,50,46-55,18.0,6.0,3,0.20379297123992862,0.09815500416153337,1066666.6370370404,104698.66819733952,9,5.0,0.0,1.0
16,6,Kellie Pickler,Derek Hough,Singer/Rapper,Entertainment,North Carolina,United States,26,26-35,27.0,9.0,3,0.9949646693038107,0.13522655171122494,1133333.2962963006,153256.7535976647,1,,1.0,0.5
16,6,Alexandra Raisman,Mark Ballas,Athlete,Sports,Massachusetts,United States,18,≤25,26.0,8.666666666666666,3,0.9948966660995742,0.13219677803249544,1133333.2962963006,149823.01020731844,4,10.0,0.8571428571428571,-0.5
16,6,Zendaya,Valentin Chmerkovskiy,Actor/Actress,Entertainment,California,United States,16,≤25,25.5,8.5,3,0.9951723746891847,0.13069165674021221,1133333.2962963006,148117.20613180933,2,,0.7142857142857143,-0.25
16,6,Ingo Rademacher,Kym Johnson,Actor/Actress,Entertainment,Unknown,Germany,41,36-45,23.0,7.666666666666667,3,0.9322077807791819,0.12327022938586092,1133333.2962963006,139706.25540507885,5,9.0,0.42857142857142855,0.0
16,6,Sean Lowe,Peta Murgatroyd,TV Personality,Media,Texas,United States,29,26-35,23.0,7.666666666666667,3,0.9697745878916344,0.12327022855830022,1133333.2962963006,139706.25446717677,6,8.0,0.42857142857142855,1.5
16,6,Jacoby Jones,Karina Smirnoff,Athlete,Sports,Louisiana,United States,28,26-35,22.5,7.5,3,0.9709500221738011,0.1218082832935805,1133333.2962963006,138049.3832213072,3,,0.2857142857142857,-0.75
16,6,Andy Dick,Sharna Burgess,Comedian,Entertainment,South Carolina,United States,47,46-55,21.5,7.166666666666667,3,0.9490251053594886,0.11890898052231473,1133333.2962963006,134763.50685458755,7,7.0,0.14285714285714285,0.25
16,6,Victor Ortiz,Lindsay Arnold,Athlete,Sports,Kansas,United States,26,26-35,20.0,6.666666666666667,3,0.2392694273939191,0.11462729175601095,1133333.2962963006,129910.92641135766,8,6.0,0.0,1.0
16,7,Alexandra Raisman,Mark Ballas,Athlete,Sports,Massachusetts,United States,18,≤25,32.0,10.666666666666666,3,0.9939938743340518,0.16126666489324612,1199999.9555555605,193519.99070448882,4,10.0,1.0,3.5
16,7,Zendaya,Valentin Chmerkovskiy,Actor/Actress,Entertainment,California,United States,16,≤25,30.0,10.0,3,0.9918347739502201,0.1545985252455356,1199999.9555555605,185518.22342359793,2,,0.8333333333333334,0.5
16,7,Kellie Pickler,Derek Hough,Singer/Rapper,Entertainment,North Carolina,United States,26,26-35,29.0,9.666666666666666,3,0.9916517684268394,0.15130870797273466,1199999.9555555605,181570.44284245087,1,,0.6666666666666666,1.0
16,7,Jacoby Jones,Karina Smirnoff,Athlete,Sports,Louisiana,United States,28,26-35,27.0,9.0,3,0.9758266247673487,0.1448207746312675,1199999.9555555605,173784.92312104284,3,,0.5,0.5
16,7,Ingo Rademacher,Kym Johnson,Actor/Actress,Entertainment,Unknown,Germany,41,36-45,25.0,8.333333333333334,3,0.8418553823822247,0.13845862873965517,1199999.9555555605,166150.34833387006,5,9.0,0.3333333333333333,2.0
16,7,Sean Lowe,Peta Murgatroyd,TV Personality,Media,Texas,United States,29,26-35,24.0,8.0,3,0.920943229621939,0.13532556762104828,1199999.9555555605,162390.67513078894,6,8.0,0.16666666666666666,0.0
16,7,Andy Dick,Sharna Burgess,Comedian,Entertainment,South Carolina,United States,47,46-55,17.0,5.666666666666667,3,0.09438080052815613,0.1142211308965126,1199999.9555555605,137065.351999321,7,7.0,0.0,-0.5
16,8,Zendaya,Valentin Chmerkovskiy,Actor/Actress,Entertainment,California,United States,16,≤25,29.0,9.666666666666666,3,0.9926211501058232,0.17909029303160454,1266666.6148148207,226847.69522053679,2,,1.0,1.75
16,8,Alexandra Raisman,Mark Ballas,Athlete,Sports,Massachusetts,United States,18,≤25,28.0,9.333333333333334,3,0.9936464515171949,0.17498132631929128,1266666.6148148207,221643.00426466417,4,10.0,0.8,1.0
16,8,Kellie Pickler,Derek Hough,Singer/Rapper,Entertainment,North Carolina,United States,26,26-35,27.5,9.166666666666666,3,0.9843725114357401,0.17294003025016394,1266666.6148148207,219057.36268294786,1,,0.6,0.25
16,8,Jacoby Jones,Karina Smirnoff,Athlete,Sports,Louisiana,United States,28,26-35,26.0,8.666666666666666,3,0.9178610507136975,0.16686952661805043,1266666.6148148207,211368.05839703756,3,,0.4,1.75
16,8,Ingo Rademacher,Kym Johnson,Actor/Actress,Entertainment,Unknown,Germany,41,36-45,24.0,8.0,3,0.8211019035888201,0.15890129436047773,1266666.6148148207,201274.96461727968,5,9.0,0.2,0.5
16,8,Sean Lowe,Peta Murgatroyd,TV Personality,Media,Texas,United States,29,26-35,21.0,7.0,3,0.1327097201446158,0.14721752942041216,1266666.6148148207,186475.52963235474,6,8.0,0.0,-1.0
16,9,Alexandra Raisman,Mark Ballas,Athlete,Sports,Massachusetts,United States,18,≤25,29.5,9.833333333333334,3,0.9742046856093525,0.2061372139239882,1333333.2740740809,274849.6063497804,4,10.0,0.75,-1.25
16,9,Jacoby Jones,Karina Smirnoff,Athlete,Sports,Louisiana,United States,28,26-35,29.5,9.833333333333334,3,0.9520482864492638,0.2061372139239882,1333333.2740740809,274849.6063497804,3,,0.75,1.25
16,9,Kellie Pickler,Derek Hough,Singer/Rapper,Entertainment,North Carolina,United States,26,26-35,29.0,9.666666666666666,3,0.8930429917344759,0.2037474232989489,1333333.2740740809,271663.2189913452,1,,0.5,0.0
16,9,Zendaya,Valentin Chmerkovskiy,Actor/Actress,Entertainment,California,United States,16,≤25,27.5,9.166666666666666,3,0.9345688847657175,0.19664316462618386,1333333.2740740809,262190.8745153182,2,,0.25,-1.25
16,9,Ingo Rademacher,Kym Johnson,Actor/Actress,Entertainment,Unknown,Germany,41,36-45,25.5,8.5,3,0.09591549851821697,0.18733498422689074,1333333.2740740809,249779.96786785653,5,9.0,0.0,0.25
16,10,Kellie Pickler,Derek Hough,Singer/Rapper,Entertainment,North Carolina,United States,26,26-35,30.0,10.0,3,0.8953121936405636,0.2545733123961146,1399999.9333333408,356402.62038300815,1,,0.6666666666666666,1.25
16,10,Zendaya,Valentin Chmerkovskiy,Actor/Actress,Entertainment,California,United States,16,≤25,30.0,10.0,3,0.565873460640351,0.25457331098534997,1399999.9333333408,356402.6184079378,2,,0.6666666666666666,0.5
16,10,Jacoby Jones,Karina Smirnoff,Athlete,Sports,Louisiana,United States,28,26-35,27.9999,9.3333,3,0.8355846449534856,0.24970062782315705,1399999.9333333408,349580.86230571324,3,,0.0,0.9999500000000001
16,10,Alexandra Raisman,Mark Ballas,Athlete,Sports,Massachusetts,United States,18,≤25,29.0,9.666666666666666,3,0.9569152803435294,0.24115274879537837,1399999.9333333408,337613.8322366816,4,10.0,0.3333333333333333,0.5
17,1,Amber Riley,Derek Hough,Actor/Actress,Entertainment,California,United States,27,26-35,27.0,9.0,3,0.996998345521716,0.09359614418649623,800000.0,74876.91534919698,1,,1.0,1.0
17,1,Corbin Bleu,Karina Smirnoff,Actor/Actress,Entertainment,New York,United States,24,≤25,24.0,8.0,3,0.996411627177734,0.08801748278703729,800000.0,70413.98622962984,2,,0.8181818181818182,1.0
17,1,Elizabeth Berkley Lauren,Valentin Chmerkovskiy,Actor/Actress,Entertainment,Michigan,United States,39,36-45,24.0,8.0,3,0.9965760022623346,0.08801748278703729,800000.0,70413.98622962984,6,9.0,0.8181818181818182,1.0
17,1,Jack Osbourne,Cheryl Burke,TV Personality,Media,Unknown,England,27,26-35,23.0,7.666666666666667,3,0.9953363941775756,0.08619994735419761,800000.0,68959.95788335809,3,,0.6363636363636364,1.0
17,1,"Nicole ""Snooki"" Polizzi",Sasha Farber,TV Personality,Media,Unknown,Chile,25,≤25,23.0,7.666666666666667,3,0.9941475762782646,0.08619994452770106,800000.0,68959.95562216085,8,7.0,0.6363636363636364,1.0
17,1,Brant Daugherty,Peta Murgatroyd,Actor/Actress,Entertainment,Ohio,United States,28,26-35,22.0,7.333333333333333,3,0.9951270052459323,0.08440305081680226,800000.0,67522.44065344181,7,8.0,0.45454545454545453,1.0
17,1,Christina Milian,Mark Ballas,Singer/Rapper,Entertainment,New Jersey,United States,31,26-35,22.0,7.333333333333333,3,0.9864850713072923,0.08440305081680226,800000.0,67522.44065344181,9,5.0,0.45454545454545453,1.0
17,1,Leah Remini,Tony Dovolani,Actor/Actress,Entertainment,New York,United States,43,36-45,21.0,7.0,3,0.990436261765256,0.08262653108362666,800000.0,66101.22486690134,5,10.0,0.2727272727272727,1.0
17,1,Valerie Harper,Tristan MacManus,Actor/Actress,Entertainment,New York,United States,74,>55,21.0,7.0,3,0.9934740613844778,0.08262653108362666,800000.0,66101.22486690134,10,4.0,0.2727272727272727,1.0
17,1,Bill Engvall,Emma Slater,Comedian,Entertainment,Texas,United States,56,>55,18.0,6.0,3,0.9905940357569898,0.07741754604391315,800000.0,61934.03683513052,4,11.0,0.18181818181818182,1.0
17,1,Keyshawn Johnson,Sharna Burgess,Athlete,Sports,California,United States,41,36-45,17.0,5.666666666666667,3,0.9635642175163485,0.07572177860694218,800000.0,60577.422885553744,12,2.0,0.09090909090909091,1.0
17,1,Bill Nye,Tyne Stecklein,TV Personality,Media,Washington D.C.,United States,57,>55,14.0,4.666666666666667,3,0.9737210550963047,0.0707705099058172,800000.0,56616.40792465376,11,3.0,0.0,1.0
17,2,Corbin Bleu,Karina Smirnoff,Actor/Actress,Entertainment,New York,United States,24,≤25,26.0,8.666666666666666,3,0.9954310807516029,0.0899368821756941,859999.9940000006,77345.71813147569,2,,1.0,2.0
17,2,Elizabeth Berkley Lauren,Valentin Chmerkovskiy,Actor/Actress,Entertainment,Michigan,United States,39,36-45,25.0,8.333333333333334,3,0.9951768909617758,0.08816598857797438,859999.9940000006,75822.74964806209,6,9.0,0.8181818181818182,1.0
17,2,Christina Milian,Mark Ballas,Singer/Rapper,Entertainment,New Jersey,United States,31,26-35,25.0,8.333333333333334,3,0.9899526812943502,0.08816598784861132,859999.9940000006,75822.74902080986,9,5.0,0.8181818181818182,3.0
17,2,Amber Riley,Derek Hough,Actor/Actress,Entertainment,California,United States,27,26-35,24.0,8.0,3,0.9974607898273847,0.08641346043305438,859999.9940000006,74315.57545394606,1,,0.5454545454545454,-3.0
17,2,Leah Remini,Tony Dovolani,Actor/Actress,Entertainment,New York,United States,43,36-45,24.0,8.0,3,0.9958467055367987,0.0864134603834862,859999.9940000006,74315.57541131742,5,10.0,0.5454545454545454,3.0
17,2,Jack Osbourne,Cheryl Burke,TV Personality,Media,Unknown,England,27,26-35,24.0,8.0,3,0.9963366138144388,0.08641345870350552,859999.9940000006,74315.57396653405,3,,0.5454545454545454,1.0
17,2,Brant Daugherty,Peta Murgatroyd,Actor/Actress,Entertainment,Ohio,United States,28,26-35,23.0,7.666666666666667,3,0.9965042467026287,0.08467964781379465,859999.9940000006,72824.49661178557,7,8.0,0.45454545454545453,1.0
17,2,Bill Engvall,Emma Slater,Comedian,Entertainment,Texas,United States,56,>55,21.0,7.0,3,0.9465356625392563,0.08126962398071529,859999.9940000006,69891.87613579746,4,11.0,0.36363636363636365,3.0
17,2,"Nicole ""Snooki"" Polizzi",Sasha Farber,TV Personality,Media,Unknown,Chile,25,≤25,20.0,6.666666666666667,3,0.9796534558811323,0.07959403477527689,859999.9940000006,68450.86942917397,8,7.0,0.2727272727272727,-3.0
17,2,Valerie Harper,Tristan MacManus,Actor/Actress,Entertainment,New York,United States,74,>55,19.0,6.333333333333333,3,0.9831666254028967,0.07793824585192147,859999.9940000006,67026.89096502303,10,4.0,0.18181818181818182,-2.0
17,2,Bill Nye,Tyne Stecklein,TV Personality,Media,Washington D.C.,United States,57,>55,17.0,5.666666666666667,3,0.918857426004871,0.07738430584873474,859999.9940000006,66550.50256560609,11,3.0,0.0,3.0
17,2,Keyshawn Johnson,Sharna Burgess,Athlete,Sports,California,United States,41,36-45,18.0,6.0,3,0.16334431397029534,0.07362490360723116,859999.9940000006,63317.416660469426,12,2.0,0.09090909090909091,1.0
17,3,Brant Daugherty,Peta Murgatroyd,Actor/Actress,Entertainment,Ohio,United States,28,26-35,27.0,9.0,3,0.996950146236383,0.09803743608904425,919999.9880000013,90194.4400254716,7,8.0,1.0,2.5
17,3,Christina Milian,Mark Ballas,Singer/Rapper,Entertainment,New Jersey,United States,31,26-35,26.0,8.666666666666666,3,0.9857662009797598,0.09611178075857058,919999.9880000013,88422.83714454368,9,5.0,0.8,2.0
17,3,Corbin Bleu,Karina Smirnoff,Actor/Actress,Entertainment,New York,United States,24,≤25,26.0,8.666666666666666,3,0.9919947447774361,0.09611178075857058,919999.9880000013,88422.83714454368,2,,0.8,1.0
17,3,Elizabeth Berkley Lauren,Valentin Chmerkovskiy,Actor/Actress,Entertainment,Michigan,United States,39,36-45,25.0,8.333333333333334,3,0.9903844260484379,0.09420333375654343,919999.9880000013,86667.06592558007,6,9.0,0.6,0.5
17,3,"Nicole ""Snooki"" Polizzi",Sasha Farber,TV Personality,Media,Unknown,Chile,25,≤25,25.0,8.333333333333334,3,0.9743604529856558,0.09420333321552467,919999.9880000013,86667.06542784281,8,7.0,0.6,1.0
17,3,Leah Remini,Tony Dovolani,Actor/Actress,Entertainment,New York,United States,43,36-45,24.0,8.0,3,0.9819030102837977,0.09231189008800414,919999.9880000013,84926.93777322125,5,10.0,0.3,1.5
17,3,Amber Riley,Derek Hough,Actor/Actress,Entertainment,California,United States,27,26-35,24.0,8.0,3,0.9852475537376683,0.09231188782242894,919999.9880000013,84926.93568889209,1,,0.3,-1.5
17,3,Bill Engvall,Emma Slater,Comedian,Entertainment,Texas,United States,56,>55,24.0,8.0,3,0.98123916158342,0.09231188782242894,919999.9880000013,84926.93568889209,4,11.0,0.3,3.0
17,3,Jack Osbourne,Cheryl Burke,TV Personality,Media,Unknown,England,27,26-35,22.0,7.333333333333333,3,0.9731869669203557,0.08858014785573919,919999.9880000013,81493.73496431838,3,,0.2,-0.5
17,3,Valerie Harper,Tristan MacManus,Actor/Actress,Entertainment,New York,United States,74,>55,16.0,5.333333333333333,3,0.8052320797595472,0.07790826162186322,919999.9880000013,71675.59975721512,10,4.0,0.0,-2.5
17,3,Bill Nye,Tyne Stecklein,TV Personality,Media,Washington D.C.,United States,57,>55,16.0,5.333333333333333,3,0.15756192031062052,0.07790826021128194,919999.9880000013,71675.59845948036,11,3.0,0.0,1.0
17,4,Amber Riley,Derek Hough,Actor/Actress,Entertainment,California,United States,27,26-35,27.0,9.0,3,0.9956768319237963,0.10698594773658862,979999.9820000018,104846.22685610999,1,,0.7777777777777778,1.5
17,4,Corbin Bleu,Karina Smirnoff,Actor/Actress,Entertainment,New York,United States,24,≤25,27.0,9.0,3,0.9959845818064232,0.10698594773658862,979999.9820000018,104846.22685610999,2,,0.7777777777777778,0.5
17,4,Elizabeth Berkley Lauren,Valentin Chmerkovskiy,Actor/Actress,Entertainment,Michigan,United States,39,36-45,27.0,9.0,3,0.9948345973452576,0.10698594773658862,979999.9820000018,104846.22685610999,6,9.0,0.7777777777777778,1.0
17,4,Jack Osbourne,Cheryl Burke,TV Personality,Media,Unknown,England,27,26-35,24.0,8.0,3,0.9668086237738971,0.10054688458071954,979999.9820000018,98535.94507926141,3,,0.3333333333333333,0.0
17,4,Leah Remini,Tony Dovolani,Actor/Actress,Entertainment,New York,United States,43,36-45,24.0,8.0,3,0.9865396363282981,0.10054688458071954,979999.9820000018,98535.94507926141,5,10.0,0.3333333333333333,0.0
17,4,"Nicole ""Snooki"" Polizzi",Sasha Farber,TV Personality,Media,Unknown,Chile,25,≤25,24.0,8.0,3,0.977399634535307,0.10054688370487411,979999.9820000018,98535.9442209329,8,7.0,0.3333333333333333,2.0
17,4,Christina Milian,Mark Ballas,Singer/Rapper,Entertainment,New Jersey,United States,31,26-35,24.0,8.0,3,0.9527387714083847,0.10054688370482094,979999.9820000018,98535.9442208808,9,5.0,0.3333333333333333,-0.5
17,4,Bill Engvall,Emma Slater,Comedian,Entertainment,Texas,United States,56,>55,21.0,7.0,3,0.9762500028373763,0.09430166550866571,979999.9820000018,92415.6305010626,4,11.0,0.1111111111111111,0.0
17,4,Brant Daugherty,Peta Murgatroyd,Actor/Actress,Entertainment,Ohio,United States,28,26-35,21.0,7.0,3,0.9508478914570042,0.09430166550861255,979999.9820000018,92415.63050101048,7,8.0,0.1111111111111111,-1.0
17,4,Valerie Harper,Tristan MacManus,Actor/Actress,Entertainment,New York,United States,74,>55,18.0,6.0,3,0.16345859622681552,0.08825128920182168,979999.9820000018,86486.2618292622,10,4.0,0.0,-0.5
17,5,Leah Remini,Tony Dovolani,Actor/Actress,Entertainment,New York,United States,43,36-45,22.0,7.333333333333333,3,0.9492580516126543,0.11940448372815508,1039999.9760000025,124180.66021157397,5,10.0,0.0,-1.0
17,5,Corbin Bleu,Karina Smirnoff,Actor/Actress,Entertainment,New York,United States,24,≤25,28.0,9.333333333333334,3,0.990584842699063,0.11527696097787739,1039999.9760000025,119888.0366503457,2,,0.875,1.0
17,5,Jack Osbourne,Cheryl Burke,TV Personality,Media,Unknown,England,27,26-35,27.0,9.0,3,0.9873201656824079,0.11300938288556515,1039999.9760000025,117529.75548876285,3,,0.5,2.5
17,5,Brant Daugherty,Peta Murgatroyd,Actor/Actress,Entertainment,Ohio,United States,28,26-35,27.0,9.0,3,0.9832390794039195,0.11300938254669646,1039999.9760000025,117529.75513633942,7,8.0,0.5,0.0
17,5,"Nicole ""Snooki"" Polizzi",Sasha Farber,TV Personality,Media,Unknown,Chile,25,≤25,27.0,9.0,3,0.9852269204860513,0.11300938222600955,1039999.9760000025,117529.75480282503,8,7.0,0.5,1.0
17,5,Bill Engvall,Emma Slater,Comedian,Entertainment,Texas,United States,56,>55,24.0,8.0,3,0.9399022067613986,0.11089385856639866,1039999.9760000025,115329.61024760228,4,11.0,0.125,0.0
17,5,Amber Riley,Derek Hough,Actor/Actress,Entertainment,California,United States,27,26-35,26.0,8.666666666666666,3,0.9842720079257519,0.11076200307739632,1039999.9760000025,115192.48054220437,1,,0.25,1.0
17,5,Elizabeth Berkley Lauren,Valentin Chmerkovskiy,Actor/Actress,Entertainment,Michigan,United States,39,36-45,26.0,8.666666666666666,3,0.9809284008548512,0.11076200269728549,1039999.9760000025,115192.48014688912,6,9.0,0.25,0.5
17,5,Christina Milian,Mark Ballas,Singer/Rapper,Entertainment,New Jersey,United States,31,26-35,28.0,9.333333333333334,3,0.5833858487109757,0.09387254329461578,1039999.9760000025,97627.4427734596,9,5.0,0.875,1.0
17,6,Amber Riley,Derek Hough,Actor/Actress,Entertainment,California,United States,27,26-35,31.9999,10.666633333333332,3,0.9890666956600962,0.13253767662553212,1099999.970000003,145791.44031195543,1,,1.0,2.49995
17,6,Elizabeth Berkley Lauren,Valentin Chmerkovskiy,Actor/Actress,Entertainment,Michigan,United States,39,36-45,31.9998,10.6666,3,0.9868588611166822,0.13253742839232138,1099999.970000003,145791.16725543106,6,9.0,0.8571428571428571,2.4999000000000002
17,6,Brant Daugherty,Peta Murgatroyd,Actor/Actress,Entertainment,Ohio,United States,28,26-35,31.0,10.333333333333334,3,0.9967640020703971,0.13008406134824632,1099999.970000003,143092.4635805495,7,8.0,0.7142857142857143,5.0
17,6,"Nicole ""Snooki"" Polizzi",Sasha Farber,TV Personality,Media,Unknown,Chile,25,≤25,30.0,10.0,3,0.994266166367323,0.12764785432582504,1099999.970000003,140412.6359289723,8,7.0,0.5714285714285714,3.0
17,6,Leah Remini,Tony Dovolani,Actor/Actress,Entertainment,New York,United States,43,36-45,27.9999,9.3333,3,0.9173798299772262,0.12283123582277725,1099999.970000003,135114.35572011827,5,10.0,0.42857142857142855,1.9999500000000001
17,6,Corbin Bleu,Karina Smirnoff,Actor/Actress,Entertainment,New York,United States,24,≤25,26.9999,8.999966666666666,3,0.9818902283824845,0.1204530715045049,1099999.970000003,132498.37504136362,2,,0.2857142857142857,-4.999999999988347e-05
17,6,Jack Osbourne,Cheryl Burke,TV Personality,Media,Unknown,England,27,26-35,26.9998,8.999933333333333,3,0.9703621897303318,0.12045283339455679,1099999.970000003,132498.11312042782,3,,0.14285714285714285,1.4999000000000002
17,6,Bill Engvall,Emma Slater,Comedian,Entertainment,Texas,United States,56,>55,23.9999,7.999966666666666,3,0.8686033202354053,0.11345583858623605,1099999.970000003,124801.41904118484,4,11.0,0.0,1.4999500000000001
17,7,Amber Riley,Derek Hough,Actor/Actress,Entertainment,California,United States,27,26-35,29.5,9.833333333333334,3,0.9865924987678829,0.12956360413911963,1159999.9640000036,150293.7761370895,1,,0.8571428571428571,1.75
17,7,Corbin Bleu,Karina Smirnoff,Actor/Actress,Entertainment,New York,United States,24,≤25,29.5,9.833333333333334,3,0.9637320783073923,0.12956360413911963,1159999.9640000036,150293.7761370895,2,,0.8571428571428571,0.75
17,7,Brant Daugherty,Peta Murgatroyd,Actor/Actress,Entertainment,Ohio,United States,28,26-35,28.5,9.5,3,0.9915837126336529,0.12701115951685865,1159999.9640000036,147332.94046715475,7,8.0,0.5714285714285714,0.75
17,7,Jack Osbourne,Cheryl Burke,TV Personality,Media,Unknown,England,27,26-35,28.5,9.5,3,0.9739610886834706,0.12701115930360599,1159999.9640000036,147332.94021978168,3,,0.5714285714285714,0.75
17,7,Bill Engvall,Emma Slater,Comedian,Entertainment,Texas,United States,56,>55,25.0,8.333333333333334,3,0.944238994848233,0.12532564201459528,1159999.9640000036,145377.74022520788,4,11.0,0.0,0.5
17,7,Elizabeth Berkley Lauren,Valentin Chmerkovskiy,Actor/Actress,Entertainment,Michigan,United States,39,36-45,27.0,9.0,3,0.9731464561722272,0.1232354975202222,1159999.9640000036,142953.17268698028,6,9.0,0.2857142857142857,0.5
17,7,Leah Remini,Tony Dovolani,Actor/Actress,Entertainment,New York,United States,43,36-45,26.5,8.833333333333334,3,0.9421778322444335,0.12199304571296035,1159999.9640000036,141511.9286352848,5,10.0,0.14285714285714285,2.25
17,7,"Nicole ""Snooki"" Polizzi",Sasha Farber,TV Personality,Media,Unknown,Chile,25,≤25,27.0,9.0,3,0.5623988493305506,0.11629628765351836,1159999.9640000036,134903.68949141537,8,7.0,0.2857142857142857,0.0
17,8,Corbin Bleu,Karina Smirnoff,Actor/Actress,Entertainment,New York,United States,24,≤25,30.0,10.0,3,0.9918401387002961,0.15073978336165575,1219999.9580000043,183902.52937014977,2,,0.8333333333333334,1.5000499999999999
17,8,Jack Osbourne,Cheryl Burke,TV Personality,Media,Unknown,England,27,26-35,30.0,10.0,3,0.9921196414115655,0.15073966697970445,1219999.9580000043,183902.38738417407,3,,0.8333333333333334,1.5000999999999998
17,8,Leah Remini,Tony Dovolani,Actor/Actress,Entertainment,New York,United States,43,36-45,28.0,9.333333333333334,3,0.9525029398284506,0.14453470263965676,1219999.9580000043,176332.33114992434,5,10.0,0.5,4.999999999988347e-05
17,8,Amber Riley,Derek Hough,Actor/Actress,Entertainment,California,United States,27,26-35,28.0,9.333333333333334,3,0.987240725637747,0.1445207102272526,1219999.9580000043,176315.26040737896,1,,0.5,-1.9999500000000001
17,8,Bill Engvall,Emma Slater,Comedian,Entertainment,Texas,United States,56,>55,24.0,8.0,3,0.9460215958785317,0.14343276843469013,1219999.9580000043,174987.9714661463,4,11.0,0.0,4.999999999988347e-05
17,8,Elizabeth Berkley Lauren,Valentin Chmerkovskiy,Actor/Actress,Entertainment,Michigan,United States,39,36-45,25.0,8.333333333333334,3,0.9443176967597323,0.13822461549043674,1219999.9580000043,168634.02509289957,6,9.0,0.16666666666666666,-3.4999000000000002
17,8,Brant Daugherty,Peta Murgatroyd,Actor/Actress,Entertainment,Ohio,United States,28,26-35,27.0,9.0,3,0.1845118954322036,0.1278077528666034,1219999.9580000043,155925.4531293311,7,8.0,0.3333333333333333,-2.0
17,9,Bill Engvall,Emma Slater,Comedian,Entertainment,Texas,United States,56,>55,21.0,7.0,3,0.8861911115537022,0.18235679061380622,1279999.952000005,233416.6832325469,4,11.0,0.0,-2.0
17,9,Corbin Bleu,Karina Smirnoff,Actor/Actress,Entertainment,New York,United States,24,≤25,29.0,9.666666666666666,3,0.9931737035800167,0.17746029880632294,1279999.952000005,227149.1739539999,2,,1.0,-0.25
17,9,Leah Remini,Tony Dovolani,Actor/Actress,Entertainment,New York,United States,43,36-45,27.0,9.0,3,0.9377887220352976,0.16940663841595352,1279999.952000005,216840.4890409027,5,10.0,0.4,0.25
17,9,Jack Osbourne,Cheryl Burke,TV Personality,Media,Unknown,England,27,26-35,27.0,9.0,3,0.9547222698406036,0.1694066382014337,1279999.952000005,216840.48876631734,3,,0.4,-0.75
17,9,Amber Riley,Derek Hough,Actor/Actress,Entertainment,California,United States,27,26-35,25.5,8.5,3,0.9500693345406134,0.16345733195541873,1279999.952000005,209225.37705698484,1,,0.2,-2.0
17,9,Elizabeth Berkley Lauren,Valentin Chmerkovskiy,Actor/Actress,Entertainment,Michigan,United States,39,36-45,28.0,9.333333333333334,3,0.27108849357352155,0.13791230200706495,1279999.952000005,176527.73994925333,6,9.0,0.8,0.5
17,10,Amber Riley,Derek Hough,Actor/Actress,Entertainment,California,United States,27,26-35,39.5,9.875,4,0.9736733092337716,0.2172130609764082,1339999.9460000054,291065.48997888283,1,,1.0,5.75
17,10,Corbin Bleu,Karina Smirnoff,Actor/Actress,Entertainment,New York,United States,24,≤25,37.5,9.375,4,0.9891381223257981,0.2094467672203528,1339999.9460000054,280658.65676514845,2,,0.75,3.75
17,10,Jack Osbourne,Cheryl Burke,TV Personality,Media,Unknown,England,27,26-35,35.5,8.875,4,0.9310302391863637,0.2017680330292112,1339999.9460000054,270369.1533636703,3,,0.5,2.75
17,10,Bill Engvall,Emma Slater,Comedian,Entertainment,Texas,United States,56,>55,30.0,7.5,4,0.916664068913532,0.19292893363191194,1339999.9460000054,258524.7606486006,4,11.0,0.0,3.0
17,10,Leah Remini,Tony Dovolani,Actor/Actress,Entertainment,New York,United States,43,36-45,32.5,8.125,4,0.23069232403379603,0.1786432051421157,1339999.9460000054,239381.8852437029,5,10.0,0.25,2.25
17,11,Amber Riley,Derek Hough,Actor/Actress,Entertainment,California,United States,27,26-35,31.3332,10.4444,3,0.986223787562317,0.26695998216396505,1399999.940000006,373743.95901195373,1,,1.0,2.9166000000000007
17,11,Corbin Bleu,Karina Smirnoff,Actor/Actress,Entertainment,New York,United States,24,≤25,29.6664,9.8888,3,0.7671880296755096,0.2564107302465838,1399999.940000006,358975.006960575,2,,0.6666666666666666,0.3331999999999997
17,11,Jack Osbourne,Cheryl Burke,TV Personality,Media,Unknown,England,27,26-35,27.9999,9.3333,3,0.642481036319169,0.2459936354625332,1399999.940000006,344391.07488792983,3,,0.3333333333333333,0.4999500000000001
17,11,Bill Engvall,Emma Slater,Comedian,Entertainment,Texas,United States,56,>55,25.4999,8.499966666666666,3,0.8949297568712878,0.230635652126918,1399999.940000006,322889.89913954743,4,11.0,0.0,2.24995
18,1,Charlie White,Sharna Burgess,Athlete,Sports,Michigan,United States,26,26-35,27.0,9.0,3,0.9969113072139634,0.09245766960735809,800000.0,73966.13568588647,5,9.0,1.0,1.0
18,1,Candace Cameron Bure,Mark Ballas,Actor/Actress,Entertainment,California,United States,37,36-45,25.0,8.333333333333334,3,0.9971594103668076,0.08882904391045916,800000.0,71063.23512836733,3,,0.9090909090909091,1.0
18,1,Amy Purdy,Derek Hough,Athlete,Sports,Nevada,United States,34,26-35,24.0,8.0,3,0.9969517045676167,0.08704210256923771,800000.0,69633.68205539016,2,,0.6363636363636364,1.0
18,1,Danica McKellar,Valentin Chmerkovskiy,Actor/Actress,Entertainment,California,United States,39,36-45,24.0,8.0,3,0.9970177871807401,0.08704210256923771,800000.0,69633.68205539016,6,8.0,0.6363636363636364,1.0
18,1,Meryl Davis,Maksim Chmerkoskiy,Athlete,Sports,Michigan,United States,27,26-35,24.0,8.0,3,0.9957991668759079,0.08704210256923771,800000.0,69633.68205539016,1,,0.6363636363636364,1.0
18,1,Cody Simpson,Witney Carson,Singer/Rapper,Entertainment,Unknown,Australia,17,≤25,22.0,7.333333333333333,3,0.9915419127849215,0.08352551337398083,800000.0,66820.41069918466,9,5.0,0.5454545454545454,1.0
18,1,James Maslow,Peta Murgatroyd,Actor/Actress,Entertainment,New York,United States,23,≤25,21.0,7.0,3,0.9821411838774524,0.08179682305747907,800000.0,65437.458445983255,4,10.0,0.2727272727272727,1.0
18,1,Drew Carey,Cheryl Burke,Comedian,Entertainment,Ohio,United States,55,46-55,21.0,7.0,3,0.9914758664361408,0.0817968228120135,800000.0,65437.458249610805,8,6.0,0.2727272727272727,1.0
18,1,NeNe Leakes,Tony Dovolani,TV Personality,Media,New York,United States,46,46-55,21.0,7.0,3,0.9862983048769223,0.08179682188135169,800000.0,65437.45750508135,7,7.0,0.2727272727272727,1.0
18,1,Sean Avery,Karina Smirnoff,Athlete,Sports,Unknown,Canada,33,26-35,20.0,6.666666666666667,3,0.9866418710763009,0.08008839431385219,800000.0,64070.71545108175,11,2.0,0.18181818181818182,1.0
18,1,Diana Nyad,Henry Byalikov,Athlete,Sports,New York,United States,64,>55,18.0,6.0,3,0.9847439815926899,0.07673306813345879,800000.0,61386.45450676703,12,2.0,0.09090909090909091,1.0
18,1,Billy Dee Williams,Emma Slater,Actor/Actress,Entertainment,New York,United States,76,>55,15.0,5.0,3,0.9857148035443266,0.07184953520233357,800000.0,57479.62816186686,10,-1.0,0.0,1.0
18,2,Meryl Davis,Maksim Chmerkoskiy,Athlete,Sports,Michigan,United States,27,26-35,25.0,8.333333333333334,3,0.9928976665707725,0.09632869764320652,866666.6592592602,83484.87057723316,1,,0.8,1.0
18,2,Charlie White,Sharna Burgess,Athlete,Sports,Michigan,United States,26,26-35,25.0,8.333333333333334,3,0.9956237109911733,0.09632869656237665,866666.6592592602,83484.86964051395,5,9.0,0.8,-2.0
18,2,James Maslow,Peta Murgatroyd,Actor/Actress,Entertainment,New York,United States,23,≤25,25.0,8.333333333333334,3,0.9958258967815495,0.09632869656237664,866666.6592592602,83484.86964051393,4,10.0,0.8,4.0
18,2,Billy Dee Williams,Emma Slater,Actor/Actress,Entertainment,New York,United States,76,>55,15.0,5.0,3,0.9703579932124586,0.09558168224210573,866666.6592592602,82837.45723514592,10,-1.0,0.0,0.0
18,2,Amy Purdy,Derek Hough,Athlete,Sports,Nevada,United States,34,26-35,24.0,8.0,3,0.996806422103842,0.09433478923677606,866666.6592592602,81756.81663976311,2,,0.6,0.0
18,2,Danica McKellar,Valentin Chmerkovskiy,Actor/Actress,Entertainment,California,United States,39,36-45,24.0,8.0,3,0.9969509758970613,0.09433478835344589,866666.6592592602,81756.81587421031,6,8.0,0.6,0.0
18,2,Cody Simpson,Witney Carson,Singer/Rapper,Entertainment,Unknown,Australia,17,≤25,22.0,7.333333333333333,3,0.9909776048481032,0.09039851581065268,866666.6592592602,78345.37969961377,9,5.0,0.5,0.0
18,2,Drew Carey,Cheryl Burke,Comedian,Entertainment,Ohio,United States,55,46-55,21.0,7.0,3,0.9917713619969585,0.08845754660642768,866666.6592592602,76663.20640366299,8,6.0,0.1,0.0
18,2,NeNe Leakes,Tony Dovolani,TV Personality,Media,New York,United States,46,46-55,21.0,7.0,3,0.9833768644005831,0.08845754660642768,866666.6592592602,76663.20640366299,7,7.0,0.1,0.0
18,2,Candace Cameron Bure,Mark Ballas,Actor/Actress,Entertainment,California,United States,37,36-45,21.0,7.0,3,0.986537155328305,0.08845754655786982,866666.6592592602,76663.2063615795,3,,0.1,-4.0
18,2,Sean Avery,Karina Smirnoff,Athlete,Sports,Unknown,Canada,33,26-35,21.0,7.0,3,0.5738015709344387,0.07099149381833464,866666.6592592602,61525.960783360504,11,2.0,0.1,1.0
18,3,Meryl Davis,Maksim Chmerkoskiy,Athlete,Sports,Michigan,United States,27,26-35,39.0,9.75,4,0.9931948002381072,0.1187018469152829,933333.3185185202,110788.38869571837,1,,1.0,7.5
18,3,Amy Purdy,Derek Hough,Athlete,Sports,Nevada,United States,34,26-35,36.0,9.0,4,0.9961267594981156,0.11352247108939498,933333.3185185202,105954.30466828779,2,,0.5,6.0
18,3,Charlie White,Sharna Burgess,Athlete,Sports,Michigan,United States,26,26-35,36.0,9.0,4,0.9961686510572983,0.11352247108939498,933333.3185185202,105954.30466828779,5,9.0,0.5,4.5
18,3,Danica McKellar,Valentin Chmerkovskiy,Actor/Actress,Entertainment,California,United States,39,36-45,36.0,9.0,4,0.9946995943627314,0.11352247108939498,933333.3185185202,105954.30466828779,6,8.0,0.5,6.0
18,3,James Maslow,Peta Murgatroyd,Actor/Actress,Entertainment,New York,United States,23,≤25,36.0,9.0,4,0.9956177483481973,0.11352247108939498,933333.3185185202,105954.30466828779,4,10.0,0.5,7.5
18,3,Cody Simpson,Witney Carson,Singer/Rapper,Entertainment,Unknown,Australia,17,≤25,35.0,8.75,4,0.9888515786899053,0.1118177195126847,933333.3185185202,104363.2032219471,9,5.0,0.375,6.5
18,3,Candace Cameron Bure,Mark Ballas,Actor/Actress,Entertainment,California,United States,37,36-45,32.0,8.0,4,0.9482696897576454,0.10677746895365348,933333.3185185202,99658.96944152167,3,,0.25,3.5
18,3,NeNe Leakes,Tony Dovolani,TV Personality,Media,New York,United States,46,46-55,31.0,7.75,4,0.9632805461788783,0.10512496991897542,933333.3185185202,98116.63703363694,7,7.0,0.125,5.0
18,3,Drew Carey,Cheryl Burke,Comedian,Entertainment,Ohio,United States,55,46-55,30.0,7.5,4,0.936107041011955,0.10348811034182345,933333.3185185202,96588.90145254487,8,6.0,0.0,4.5
18,4,Meryl Davis,Maksim Chmerkoskiy,Athlete,Sports,Michigan,United States,27,26-35,39.0,9.75,4,0.9924018230251372,0.12192179447199196,999999.9777777803,121921.79176261905,1,,1.0,7.0
18,4,James Maslow,Peta Murgatroyd,Actor/Actress,Entertainment,New York,United States,23,≤25,35.0,8.75,4,0.9949554166835248,0.11463308139271795,999999.9777777803,114633.07884531643,4,10.0,0.875,5.0
18,4,Amy Purdy,Derek Hough,Athlete,Sports,Nevada,United States,34,26-35,34.0,8.5,4,0.9924119742302755,0.112839413719745,999999.9777777803,112839.41121220276,2,,0.75,5.0
18,4,Charlie White,Sharna Burgess,Athlete,Sports,Michigan,United States,26,26-35,33.0,8.25,4,0.9898547722220509,0.11105826188493428,999999.9777777803,111058.25941697319,5,9.0,0.5,4.0
18,4,Drew Carey,Cheryl Burke,Comedian,Entertainment,Ohio,United States,55,46-55,33.0,8.25,4,0.9852429807467096,0.11105826090156644,999999.9777777803,111058.25843360536,8,6.0,0.5,6.0
18,4,NeNe Leakes,Tony Dovolani,TV Personality,Media,New York,United States,46,46-55,32.0,8.0,4,0.9382975017290573,0.10929037600581672,999999.9777777803,109290.37357714196,7,7.0,0.25,5.5
18,4,Danica McKellar,Valentin Chmerkovskiy,Actor/Actress,Entertainment,California,United States,39,36-45,32.0,8.0,4,0.9748267358205203,0.10929037513039311,999999.9777777803,109290.37270171837,6,8.0,0.25,4.0
18,4,Cody Simpson,Witney Carson,Singer/Rapper,Entertainment,Unknown,Australia,17,≤25,31.0,7.75,4,0.9715277304494315,0.10753664353730472,999999.9777777803,107536.6411476018,9,5.0,0.125,4.5
18,4,Candace Cameron Bure,Mark Ballas,Actor/Actress,Entertainment,California,United States,37,36-45,28.0,7.0,4,0.9062569946140636,0.10237179295552973,999999.9777777803,102371.79068060125,3,,0.0,3.5
18,5,James Maslow,Peta Murgatroyd,Actor/Actress,Entertainment,New York,United States,23,≤25,40.0,10.0,4,0.99319673811435,0.11801524626958207,1066666.6370370404,125882.92585747324,4,10.0,1.0,2.0
18,5,Danica McKellar,Valentin Chmerkovskiy,Actor/Actress,Entertainment,California,United States,39,36-45,39.0,9.75,4,0.9953142124328381,0.11633815375170979,1066666.6370370404,124094.02722143443,6,8.0,0.875,1.5
18,5,Amy Purdy,Derek Hough,Athlete,Sports,Nevada,United States,34,26-35,37.0,9.25,4,0.9892211717527617,0.11301969942097442,1066666.6370370404,120554.34270030793,2,,0.625,0.5
18,5,Charlie White,Sharna Burgess,Athlete,Sports,Michigan,United States,26,26-35,37.0,9.25,4,0.9895070827987176,0.11301969942097442,1066666.6370370404,120554.34270030793,5,9.0,0.625,0.5
18,5,Drew Carey,Cheryl Burke,Comedian,Entertainment,Ohio,United States,55,46-55,28.0,7.0,4,0.9743597380978195,0.11286706612835226,1066666.6370370404,120391.53385936675,8,6.0,0.0,-1.0
18,5,Meryl Davis,Maksim Chmerkoskiy,Athlete,Sports,Michigan,United States,27,26-35,36.0,9.0,4,0.971949390517364,0.11137855634311541,1066666.6370370404,118803.79013255145,1,,0.375,-1.5
18,5,NeNe Leakes,Tony Dovolani,TV Personality,Media,New York,United States,46,46-55,36.0,9.0,4,0.969577316734805,0.11137855572200221,1066666.6370370404,118803.78947003072,7,7.0,0.375,2.5
18,5,Candace Cameron Bure,Mark Ballas,Actor/Actress,Entertainment,California,United States,37,36-45,35.0,8.75,4,0.9313131979532047,0.10974951576332911,1066666.6370370404,117066.14689571393,3,,0.25,1.5
18,5,Cody Simpson,Witney Carson,Singer/Rapper,Entertainment,Unknown,Australia,17,≤25,34.0,8.5,4,0.18258796622836684,0.09423350717996039,1066666.6370370404,100515.73819985415,9,5.0,0.125,-0.5
18,6,Meryl Davis,Maksim Chmerkoskiy,Athlete,Sports,Michigan,United States,27,26-35,40.0,10.0,4,0.9889048566228521,0.13446085975430466,1133333.2962963006,152388.96940818068,1,,1.0,0.5
18,6,Amy Purdy,Derek Hough,Athlete,Sports,Nevada,United States,34,26-35,38.0,9.5,4,0.9933583947529444,0.13041890210723614,1133333.2962963006,147808.08422453847,2,,0.8571428571428571,2.0
18,6,Charlie White,Sharna Burgess,Athlete,Sports,Michigan,United States,26,26-35,36.0,9.0,4,0.9932919130147847,0.12643200445962732,1133333.2962963006,143289.600371578,5,9.0,0.5714285714285714,1.5
18,6,Danica McKellar,Valentin Chmerkovskiy,Actor/Actress,Entertainment,California,United States,39,36-45,36.0,9.0,4,0.9926109399461659,0.12643200445962732,1133333.2962963006,143289.600371578,6,8.0,0.5714285714285714,2.0
18,6,James Maslow,Peta Murgatroyd,Actor/Actress,Entertainment,New York,United States,23,≤25,35.0,8.75,4,0.9847705138070514,0.12445913326947412,1133333.2962963006,141053.67976247368,4,10.0,0.42857142857142855,0.0
18,6,NeNe Leakes,Tony Dovolani,TV Personality,Media,New York,United States,46,46-55,33.0,8.25,4,0.8691891885077424,0.12055405482492848,1133333.2962963006,136627.92433662113,7,7.0,0.2857142857142857,0.5
18,6,Candace Cameron Bure,Mark Ballas,Actor/Actress,Entertainment,California,United States,37,36-45,32.0,8.0,4,0.9153505697173691,0.118621520562401,1133333.2962963006,134437.7189106653,3,,0.0,2.0
18,6,Drew Carey,Cheryl Burke,Comedian,Entertainment,Ohio,United States,55,46-55,32.0,8.0,4,0.13522856158527788,0.11862152056240098,1133333.2962963006,134437.7189106653,8,6.0,0.0,-0.5
18,7,Meryl Davis,Maksim Chmerkoskiy,Athlete,Sports,Michigan,United States,27,26-35,39.0,9.75,4,0.9632970535350416,0.14953789852962854,1199999.9555555605,179445.47158942616,1,,1.0,1.5
18,7,Amy Purdy,Derek Hough,Athlete,Sports,Nevada,United States,34,26-35,37.5,9.375,4,0.9877136381141436,0.1460015956428185,1199999.9555555605,175201.90828242313,2,,0.8333333333333334,0.25
18,7,Candace Cameron Bure,Mark Ballas,Actor/Actress,Entertainment,California,United States,37,36-45,37.0,9.25,4,0.945944278285246,0.14483059261544196,1199999.9555555605,173796.70470161585,3,,0.6666666666666666,1.0
18,7,Danica McKellar,Valentin Chmerkovskiy,Actor/Actress,Entertainment,California,United States,39,36-45,36.0,9.0,4,0.9693955808510762,0.1425002839647993,1199999.9555555605,171000.33442441392,6,8.0,0.5,-1.5
18,7,Charlie White,Sharna Burgess,Athlete,Sports,Michigan,United States,26,26-35,35.5,8.875,4,0.9584063979601138,0.14134098647566898,1199999.9555555605,169609.17748898186,5,9.0,0.3333333333333333,-0.75
18,7,James Maslow,Peta Murgatroyd,Actor/Actress,Entertainment,New York,United States,23,≤25,35.0,8.75,4,0.8959667149090634,0.14018559767832878,1199999.9555555605,168222.71098352422,4,10.0,0.16666666666666666,-2.5
18,7,NeNe Leakes,Tony Dovolani,TV Personality,Media,New York,United States,46,46-55,33.0,8.25,4,0.10428442864237328,0.1356030450933138,1199999.9555555605,162723.64808517523,7,7.0,0.0,-1.5
18,8,Meryl Davis,Maksim Chmerkoskiy,Athlete,Sports,Michigan,United States,27,26-35,36.0,9.0,4,0.9630822396140681,0.29641185619376414,1266666.6148148207,375455.00247593265,1,,0.0,-2.0
18,8,Candace Cameron Bure,Mark Ballas,Actor/Actress,Entertainment,California,United States,37,36-45,36.0,9.0,4,0.9458788025658101,0.14820592809688207,1266666.6148148207,187727.50123796632,3,,0.0,2.0
18,8,James Maslow,Peta Murgatroyd,Actor/Actress,Entertainment,New York,United States,23,≤25,36.0,9.0,4,0.9438815987185505,0.14820592809688207,1266666.6148148207,187727.50123796632,4,10.0,0.0,0.5
18,8,Danica McKellar,Valentin Chmerkovskiy,Actor/Actress,Entertainment,California,United States,39,36-45,38.0,9.5,4,0.31215644280321353,0.14040561629705436,1266666.6148148207,177847.10669597847,6,8.0,0.6,1.0
18,8,Amy Purdy,Derek Hough,Athlete,Sports,Nevada,United States,34,26-35,40.0,10.0,4,0.9544867572566694,0.13338533565770866,1266666.6148148207,168954.75158348843,2,,0.8,1.0
18,8,Charlie White,Sharna Burgess,Athlete,Sports,Michigan,United States,26,26-35,40.0,10.0,4,0.965112108702754,0.13338533565770866,1266666.6148148207,168954.75158348843,5,9.0,0.8,2.0
18,9,Meryl Davis,Maksim Chmerkoskiy,Athlete,Sports,Michigan,United States,27,26-35,40.0,10.0,4,0.9260998044680673,0.2062946512742082,1333333.2740740809,275059.5228074108,1,,1.0,0.5
18,9,Amy Purdy,Derek Hough,Athlete,Sports,Nevada,United States,34,26-35,39.0,9.75,4,0.9612866323671267,0.20277296986236149,1333333.2740740809,270363.94780030736,2,,0.75,0.75
18,9,Candace Cameron Bure,Mark Ballas,Actor/Actress,Entertainment,California,United States,37,36-45,36.0,9.0,4,0.9592969201969033,0.20106388689716548,1333333.2740740809,268085.17061465833,3,,0.0,-0.5
18,9,James Maslow,Peta Murgatroyd,Actor/Actress,Entertainment,New York,United States,23,≤25,38.0,9.5,4,0.8631622657861452,0.19927581967261995,1333333.2740740809,265701.0810878905,4,10.0,0.25,1.5
18,9,Charlie White,Sharna Burgess,Athlete,Sports,Michigan,United States,26,26-35,38.0,9.5,4,0.39217433618629804,0.19059267229364493,1333333.2740740809,254123.55176381397,5,9.0,0.25,1.25
18,10,Meryl Davis,Maksim Chmerkoskiy,Athlete,Sports,Michigan,United States,27,26-35,30.0,10.0,3,0.9461021447639492,0.25826302740627466,1399999.9333333408,361568.2211512513,1,,1.0,-3.0
18,10,Amy Purdy,Derek Hough,Athlete,Sports,Nevada,United States,34,26-35,29.666600000000003,9.888866666666669,3,0.6497276764989703,0.2561673961062541,1399999.9333333408,358634.33747093123,2,,0.6666666666666666,-5.166699999999999
18,10,Candace Cameron Bure,Mark Ballas,Actor/Actress,Entertainment,California,United States,37,36-45,25.9998,8.6666,3,0.8443353228185924,0.2558670990786012,1399999.9333333408,358213.921652237,3,,0.0,-5.0001
18,10,James Maslow,Peta Murgatroyd,Actor/Actress,Entertainment,New York,United States,23,≤25,29.0,9.666666666666666,3,0.6401271598882526,0.22970247740887,1399999.9333333408,321583.4530589212,4,10.0,0.3333333333333333,-3.5
19,1,Alfonso Ribeiro,Witney Carson,Actor/Actress,Entertainment,New York,United States,42,36-45,36.0,9.0,4,0.9958042768506238,0.08571618027378308,800000.0,68572.94421902647,1,,1.0,1.0
19,1,Sadie Robertson,Mark Ballas,TV Personality,Media,Louisiana,United States,17,≤25,34.0,8.5,4,0.9976083500036099,0.08325433627483482,800000.0,66603.46901986786,2,,0.9166666666666666,1.0
19,1,Bethany Mota,Derek Hough,Social Media Personality,Media,California,United States,18,≤25,32.0,8.0,4,0.9973512851613648,0.08082960215775763,800000.0,64663.6817262061,4,11.0,0.75,1.0
19,1,Lea Thompson,Artem Chigvintsev,Actor/Actress,Entertainment,Minnesota,United States,53,46-55,32.0,8.0,4,0.9973392400399946,0.08082960082662975,800000.0,64663.6806613038,6,9.0,0.75,1.0
19,1,Randy Couture,Karina Smirnoff,Athlete,Sports,Washington,United States,51,46-55,31.0,7.75,4,0.9965505659843832,0.07963155644212912,800000.0,63705.24515370329,11,3.0,0.6666666666666666,1.0
19,1,Jonathan Bennett,Allison Holker,Actor/Actress,Entertainment,Ohio,United States,33,26-35,30.0,7.5,4,0.9976840455949024,0.0784433278552984,800000.0,62754.662284238715,9,6.0,0.5833333333333334,1.0
19,1,Janel Parrish,Valentin Chmerkovskiy,Actor/Actress,Entertainment,Hawaii,United States,25,≤25,29.0,7.25,4,0.9947068778796776,0.0772651516131052,800000.0,61812.12129048416,3,,0.4166666666666667,1.0
19,1,Tavis Smiley,Sharna Burgess,Radio Personality,Media,Mississippi,United States,50,46-55,29.0,7.25,4,0.9942325868567847,0.07726514991447907,800000.0,61812.11993158326,12,2.0,0.4166666666666667,1.0
19,1,Tommy Chong,Peta Murgatroyd,Comedian,Entertainment,Unknown,Canada,76,>55,27.0,6.75,4,0.9932462131504927,0.07493990856911759,800000.0,59951.92685529407,5,10.0,0.3333333333333333,1.0
19,1,Antonio Sabato Jr.,Cheryl Burke,Actor/Actress,Entertainment,Unknown,Italy,42,36-45,25.0,6.25,4,0.9841428621681769,0.07265760087956896,800000.0,58126.08070365517,8,7.0,0.16666666666666666,1.0
19,1,Michael Waltrip,Emma Slater,Racing Driver,Sports,Kentucky,United States,51,46-55,25.0,6.25,4,0.9860580399934434,0.07265760087924882,800000.0,58126.08070339905,7,8.0,0.16666666666666666,1.0
19,1,Betsey Johnson,Tony Dovolani,Fashion Designer,Other,Connecticut,United States,72,>55,20.0,5.0,4,0.9702068160775326,0.0709431668809848,800000.0,56754.53350478784,10,4.0,0.0,1.0
19,1,Lolo Jones,Keo Motsepe,Athlete,Sports,Iowa,United States,32,26-35,22.0,5.5,4,0.2676486589944766,0.06556681743306271,800000.0,52453.453946450165,13,1.0,0.08333333333333333,1.0
19,2,Lea Thompson,Artem Chigvintsev,Actor/Actress,Entertainment,Minnesota,United States,53,46-55,35.0,8.75,4,0.9964861102999416,0.08945039123388075,859999.9940000006,76927.33592443516,6,9.0,1.0,3.0
19,2,Janel Parrish,Valentin Chmerkovskiy,Actor/Actress,Entertainment,Hawaii,United States,25,≤25,34.0,8.5,4,0.9958677322958677,0.08815857020261943,859999.9940000006,75816.36984530135,3,,0.9090909090909091,5.0
19,2,Bethany Mota,Derek Hough,Social Media Personality,Media,California,United States,18,≤25,33.0,8.25,4,0.996657537488868,0.08687368240582655,859999.9940000006,74711.3663477688,4,11.0,0.8181818181818182,1.0
19,2,Alfonso Ribeiro,Witney Carson,Actor/Actress,Entertainment,New York,United States,42,36-45,32.0,8.0,4,0.9967140074383086,0.0855959780870358,859999.9940000006,73612.54064127497,1,,0.7272727272727273,-4.0
19,2,Sadie Robertson,Mark Ballas,TV Personality,Media,Louisiana,United States,17,≤25,31.0,7.75,4,0.9968573223357441,0.08432594088434035,859999.9940000006,72520.30865457711,2,,0.5454545454545454,-3.0
19,2,Antonio Sabato Jr.,Cheryl Burke,Actor/Actress,Entertainment,Unknown,Italy,42,36-45,31.0,7.75,4,0.992356023898171,0.08432594064354158,859999.9940000006,72520.30844749017,8,7.0,0.5454545454545454,6.0
19,2,Michael Waltrip,Emma Slater,Racing Driver,Sports,Kentucky,United States,51,46-55,24.0,6.0,4,0.9379916099116943,0.08377003617966487,859999.9940000006,72042.23061189163,7,8.0,0.0,-1.0
19,2,Jonathan Bennett,Allison Holker,Actor/Actress,Entertainment,Ohio,United States,33,26-35,30.0,7.5,4,0.9958138684068505,0.08306436015634616,859999.9940000006,71435.34923607159,9,6.0,0.45454545454545453,0.0
19,2,Randy Couture,Karina Smirnoff,Athlete,Sports,Washington,United States,51,46-55,28.0,7.0,4,0.9590959200590632,0.08057160264376817,859999.9940000006,69291.57779021106,11,3.0,0.09090909090909091,-3.0
19,2,Betsey Johnson,Tony Dovolani,Fashion Designer,Other,Connecticut,United States,72,>55,28.0,7.0,4,0.9496091744275634,0.0805715994024442,859999.9940000006,69291.57500267247,10,4.0,0.09090909090909091,8.0
19,2,Tommy Chong,Peta Murgatroyd,Comedian,Entertainment,Unknown,Canada,76,>55,28.0,7.0,4,0.9856080985016291,0.08057159676141629,859999.9940000006,69291.57273138847,5,10.0,0.09090909090909091,1.0
19,2,Tavis Smiley,Sharna Burgess,Radio Personality,Media,Mississippi,United States,50,46-55,28.0,7.0,4,0.20927650817304633,0.07272030139911576,859999.9940000006,62539.458766917785,12,2.0,0.09090909090909091,-1.0
19,3,Bethany Mota,Derek Hough,Social Media Personality,Media,California,United States,18,≤25,40.0,10.0,4,0.9964085292868708,0.10180102919034463,919999.9880000013,93656.94563350485,4,11.0,0.9,4.0
19,3,Janel Parrish,Valentin Chmerkovskiy,Actor/Actress,Entertainment,Hawaii,United States,25,≤25,40.0,10.0,4,0.9953824713019812,0.10180102919034463,919999.9880000013,93656.94563350485,3,,0.9,5.5
19,3,Tommy Chong,Peta Murgatroyd,Comedian,Entertainment,Unknown,Canada,76,>55,34.0,8.5,4,0.9977647022286251,0.09340731617931652,919999.9880000013,85934.72976408353,5,10.0,0.8,3.5
19,3,Alfonso Ribeiro,Witney Carson,Actor/Actress,Entertainment,New York,United States,42,36-45,32.0,8.0,4,0.9952011779227075,0.0906904798207058,919999.9880000013,83435.24034676369,1,,0.5,-2.0
19,3,Jonathan Bennett,Allison Holker,Actor/Actress,Entertainment,Ohio,United States,33,26-35,32.0,8.0,4,0.9962122586505072,0.0906904798207058,919999.9880000013,83435.24034676369,9,6.0,0.5,1.0
19,3,Sadie Robertson,Mark Ballas,TV Personality,Media,Louisiana,United States,17,≤25,32.0,8.0,4,0.995891325947425,0.0906904798207058,919999.9880000013,83435.24034676369,2,,0.5,-1.0
19,3,Lea Thompson,Artem Chigvintsev,Actor/Actress,Entertainment,Minnesota,United States,53,46-55,31.0,7.75,4,0.9853726611394017,0.08934791531898698,919999.9880000013,82200.08102129315,6,9.0,0.4,-0.5
19,3,Antonio Sabato Jr.,Cheryl Burke,Actor/Actress,Entertainment,Unknown,Italy,42,36-45,29.0,7.25,4,0.9809779627426051,0.08669499820437145,919999.9880000013,79759.39730768187,8,7.0,0.2,2.0
19,3,Betsey Johnson,Tony Dovolani,Fashion Designer,Other,Connecticut,United States,72,>55,29.0,7.25,4,0.977728201735698,0.08669499820437145,919999.9880000013,79759.39730768187,10,4.0,0.2,4.5
19,3,Michael Waltrip,Emma Slater,Racing Driver,Sports,Kentucky,United States,51,46-55,28.0,7.0,4,0.9356382049368542,0.0853847436814112,919999.9880000013,78553.96316228149,7,8.0,0.1,1.5
19,3,Randy Couture,Karina Smirnoff,Athlete,Sports,Washington,United States,51,46-55,26.0,6.5,4,0.2034591711565346,0.08279653056873577,919999.9880000013,76172.80712967865,11,3.0,0.0,-2.5
19,4,Jonathan Bennett,Allison Holker,Actor/Actress,Entertainment,Ohio,United States,33,26-35,24.0,6.0,4,0.9646723013920775,0.15569771634089796,979999.9820000018,152583.7592115214,9,6.0,0.0,-3.0
19,4,Tommy Chong,Peta Murgatroyd,Comedian,Entertainment,Unknown,Canada,76,>55,28.0,7.0,4,0.9905068715517855,0.1334551862294315,979999.9820000018,130786.08010264976,5,10.0,0.2222222222222222,0.0
19,4,Bethany Mota,Derek Hough,Social Media Personality,Media,California,United States,18,≤25,33.0,8.25,4,0.9956868888561131,0.1132347040801383,979999.9820000018,110970.00796031106,4,11.0,0.5555555555555556,0.0
19,4,Janel Parrish,Valentin Chmerkovskiy,Actor/Actress,Entertainment,Hawaii,United States,25,≤25,36.0,9.0,4,0.9948361479963083,0.10379847900224415,979999.9820000018,101722.50755382683,3,,0.6666666666666666,1.0
19,4,Sadie Robertson,Mark Ballas,TV Personality,Media,Louisiana,United States,17,≤25,37.0,9.25,4,0.9966799186818848,0.10099311478070684,979999.9820000018,98973.25066721682,2,,0.7777777777777778,3.0
19,4,Lea Thompson,Artem Chigvintsev,Actor/Actress,Entertainment,Minnesota,United States,53,46-55,39.0,9.75,4,0.9961554111633587,0.09581398082218687,979999.9820000018,93897.69948109165,6,9.0,0.8888888888888888,2.0
19,4,Alfonso Ribeiro,Witney Carson,Actor/Actress,Entertainment,New York,United States,42,36-45,40.0,10.0,4,0.9948688153014049,0.09341863136151592,979999.9820000018,91550.2570527504,1,,1.0,4.0
19,4,Michael Waltrip,Emma Slater,Racing Driver,Sports,Kentucky,United States,51,46-55,25.0,6.25,4,0.9417885526708647,0.0747349039681892,979999.9820000018,73240.20454359728,7,8.0,0.1111111111111111,0.5
19,4,Antonio Sabato Jr.,Cheryl Burke,Actor/Actress,Entertainment,Unknown,Italy,42,36-45,29.0,7.25,4,0.9098055658252463,0.06442664170734456,979999.9820000018,63138.10771351824,8,7.0,0.3333333333333333,-1.0
19,4,Betsey Johnson,Tony Dovolani,Fashion Designer,Other,Connecticut,United States,72,>55,29.0,7.25,4,0.18461142380316198,0.06442664170734456,979999.9820000018,63138.10771351824,10,4.0,0.3333333333333333,0.5
19,5,Sadie Robertson,Mark Ballas,TV Personality,Media,Louisiana,United States,17,≤25,36.0,9.0,4,0.9957882861974048,0.1245032991510115,1039999.9760000025,129483.4281289731,2,,1.0,2.0
19,5,Alfonso Ribeiro,Witney Carson,Actor/Actress,Entertainment,New York,United States,42,36-45,34.0,8.5,4,0.9938987072987642,0.12033423797775888,1039999.9760000025,125147.60460884783,1,,0.75,1.0
19,5,Lea Thompson,Artem Chigvintsev,Actor/Actress,Entertainment,Minnesota,United States,53,46-55,34.0,8.5,4,0.995406119398915,0.12033423797775888,1039999.9760000025,125147.60460884783,6,9.0,0.75,1.5
19,5,Janel Parrish,Valentin Chmerkovskiy,Actor/Actress,Entertainment,Hawaii,United States,25,≤25,33.0,8.25,4,0.9951196017291715,0.11827329473343806,1039999.9760000025,123004.2236842168,3,,0.625,-3.5
19,5,Bethany Mota,Derek Hough,Social Media Personality,Media,California,United States,18,≤25,32.0,8.0,4,0.9963393170351722,0.11622843941481802,1039999.9760000025,120877.57420192848,4,11.0,0.5,-4.0
19,5,Antonio Sabato Jr.,Cheryl Burke,Actor/Actress,Entertainment,Unknown,Italy,42,36-45,28.0,7.0,4,0.9836596874826037,0.10821552456805834,1039999.9760000025,112544.14295360836,8,7.0,0.375,-0.5
19,5,Jonathan Bennett,Allison Holker,Actor/Actress,Entertainment,Ohio,United States,33,26-35,24.0,6.0,4,0.9779072614786061,0.10048186273121992,1039999.9760000025,104501.13482890427,9,6.0,0.25,-4.0
19,5,Tommy Chong,Peta Murgatroyd,Comedian,Entertainment,Unknown,Canada,76,>55,23.0,5.75,4,0.980794149137662,0.09859353119424479,1039999.9760000025,102537.27007577007,5,10.0,0.125,-5.5
19,5,Michael Waltrip,Emma Slater,Racing Driver,Sports,Kentucky,United States,51,46-55,20.0,5.0,4,0.9431993673222655,0.09303557225169173,1039999.9760000025,96756.9929089059,7,8.0,0.0,-4.0
19,6,Alfonso Ribeiro,Witney Carson,Actor/Actress,Entertainment,New York,United States,42,36-45,39.0,9.75,4,0.9942183178115008,0.12284956493659227,1099999.970000003,135134.51774476492,1,,1.0,-0.5
19,6,Bethany Mota,Derek Hough,Social Media Personality,Media,California,United States,18,≤25,36.0,9.0,4,0.9943975217340892,0.11726656926176837,1099999.970000003,128993.22266994849,4,11.0,0.875,1.5
19,6,Sadie Robertson,Mark Ballas,TV Personality,Media,Louisiana,United States,17,≤25,35.0,8.75,4,0.9955593051335625,0.11543416327789349,1099999.970000003,126977.57614265829,2,,0.75,-1.0
19,6,Janel Parrish,Valentin Chmerkovskiy,Actor/Actress,Entertainment,Hawaii,United States,25,≤25,33.0,8.25,4,0.9875838602380983,0.11180795690727048,1099999.970000003,122988.74924375916,3,,0.625,-1.5
19,6,Lea Thompson,Artem Chigvintsev,Actor/Actress,Entertainment,Minnesota,United States,53,46-55,32.0,8.0,4,0.9793357667710236,0.11001148081502671,1099999.970000003,121012.62559618529,6,9.0,0.375,-3.5
19,6,Tommy Chong,Peta Murgatroyd,Comedian,Entertainment,Unknown,Canada,76,>55,28.0,7.0,4,0.950364718316465,0.10993953276243866,1099999.970000003,120933.48274049687,5,10.0,0.0,0.0
19,6,Antonio Sabato Jr.,Cheryl Burke,Actor/Actress,Entertainment,Unknown,Italy,42,36-45,28.0,7.0,4,0.9705947839055417,0.10993918962290639,1099999.970000003,120933.10528702167,8,7.0,0.0,-0.5
19,6,Michael Waltrip,Emma Slater,Racing Driver,Sports,Kentucky,United States,51,46-55,30.0,7.5,4,0.9536802893215667,0.10646424353160995,1099999.970000003,117110.66469084396,7,8.0,0.25,2.5
19,6,Jonathan Bennett,Allison Holker,Actor/Actress,Entertainment,Ohio,United States,33,26-35,32.0,8.0,4,0.23770891514444625,0.09628729888449376,1099999.970000003,105916.02588432447,9,6.0,0.375,4.0
19,7,Bethany Mota,Derek Hough,Social Media Personality,Media,California,United States,18,≤25,37.5,9.375,4,0.9935631416024784,0.13628588479507425,1159999.9640000036,158091.62145599478,4,11.0,1.0,2.75
19,7,Lea Thompson,Artem Chigvintsev,Actor/Actress,Entertainment,Minnesota,United States,53,46-55,35.0,8.75,4,0.9911476806387663,0.13075956029733568,1159999.9640000036,151681.08523756568,6,9.0,0.8571428571428571,0.5
19,7,Alfonso Ribeiro,Witney Carson,Actor/Actress,Entertainment,New York,United States,42,36-45,34.0,8.5,4,0.993452376999928,0.12857496837084775,1159999.9640000036,149146.958681485,1,,0.7142857142857143,0.0
19,7,Janel Parrish,Valentin Chmerkovskiy,Actor/Actress,Entertainment,Hawaii,United States,25,≤25,33.5,8.375,4,0.9942927190138369,0.12748840112510249,1159999.9640000036,147886.54071553692,3,,0.5714285714285714,0.25
19,7,Sadie Robertson,Mark Ballas,TV Personality,Media,Louisiana,United States,17,≤25,31.0,7.75,4,0.9741299285076395,0.12211540493120367,1159999.9640000036,141653.86532404213,2,,0.42857142857142855,-2.5
19,7,Michael Waltrip,Emma Slater,Racing Driver,Sports,Kentucky,United States,51,46-55,28.0,7.0,4,0.9576448695184682,0.12029131318882935,1159999.9640000036,139537.9189685552,7,8.0,0.0,4.0
19,7,Tommy Chong,Peta Murgatroyd,Comedian,Entertainment,Unknown,Canada,76,>55,30.0,7.5,4,0.9302845794989028,0.11999586781340421,1159999.9640000036,139195.20234369807,5,10.0,0.2857142857142857,3.5
19,7,Antonio Sabato Jr.,Cheryl Burke,Actor/Actress,Entertainment,Unknown,Italy,42,36-45,29.5,7.375,4,0.26424797788448995,0.11448859947820259,1159999.9640000036,132806.77127312584,8,7.0,0.14285714285714285,0.75
19,8,Janel Parrish,Valentin Chmerkovskiy,Actor/Actress,Entertainment,Hawaii,United States,25,≤25,43.0,10.75,4,0.9925400148326816,0.16091717301438882,1219999.9580000043,196318.9443190338,3,,1.0,5.0
19,8,Alfonso Ribeiro,Witney Carson,Actor/Actress,Entertainment,New York,United States,42,36-45,41.0,10.25,4,0.9914399791642251,0.1559783912992691,1219999.9580000043,190293.63083401654,1,,0.8333333333333334,1.0
19,8,Bethany Mota,Derek Hough,Social Media Personality,Media,California,United States,18,≤25,40.0,10.0,4,0.9924686365738715,0.1535309725978462,1219999.9580000043,187307.78012107217,4,11.0,0.6666666666666666,2.0
19,8,Sadie Robertson,Mark Ballas,TV Personality,Media,Louisiana,United States,17,≤25,38.0,9.5,4,0.9911369963745534,0.1486809473811548,1219999.9580000043,181390.74956040972,2,,0.5,1.5
19,8,Lea Thompson,Artem Chigvintsev,Actor/Actress,Entertainment,Minnesota,United States,53,46-55,32.0,8.0,4,0.9736520717019316,0.13450464892189345,1219999.9580000043,164095.66603551534,6,9.0,0.3333333333333333,0.0
19,8,Tommy Chong,Peta Murgatroyd,Comedian,Entertainment,Unknown,Canada,76,>55,29.0,7.25,4,0.9367822044034355,0.12764063723650745,1219999.9580000043,155721.57206763286,5,10.0,0.16666666666666666,0.5
19,8,Michael Waltrip,Emma Slater,Racing Driver,Sports,Kentucky,United States,51,46-55,25.0,6.25,4,0.12628053699857458,0.11874722954894008,1219999.9580000043,144871.61506232378,7,8.0,0.0,-2.5
19,9,Alfonso Ribeiro,Witney Carson,Actor/Actress,Entertainment,New York,United States,42,36-45,38.5,9.625,4,0.9909330395086212,0.17482818251776838,1279999.952000005,223780.06523099163,1,,0.8,2.25
19,9,Janel Parrish,Valentin Chmerkovskiy,Actor/Actress,Entertainment,Hawaii,United States,25,≤25,38.5,9.625,4,0.9920118025377432,0.17482818122944727,1279999.952000005,223780.06358194066,3,,0.8,2.5
19,9,Tommy Chong,Peta Murgatroyd,Comedian,Entertainment,Unknown,Canada,76,>55,28.5,7.125,4,0.8692660685510599,0.17068251103927606,1279999.952000005,218473.60593751367,5,10.0,0.0,-0.75
19,9,Bethany Mota,Derek Hough,Social Media Personality,Media,California,United States,18,≤25,37.0,9.25,4,0.9888792487610955,0.1704087320767296,1279999.952000005,218123.1688785956,4,11.0,0.6,-0.25
19,9,Sadie Robertson,Mark Ballas,TV Personality,Media,Louisiana,United States,17,≤25,36.5,9.125,4,0.9669422395542554,0.16894374410516,1279999.952000005,216247.98434530591,2,,0.4,2.75
19,9,Lea Thompson,Artem Chigvintsev,Actor/Actress,Entertainment,Minnesota,United States,53,46-55,35.0,8.75,4,0.12406901624775163,0.1403086490316188,1279999.952000005,179595.0640256576,6,9.0,0.2,0.0
19,10,Janel Parrish,Valentin Chmerkovskiy,Actor/Actress,Entertainment,Hawaii,United States,25,≤25,39.0,9.75,4,0.9766927300519423,0.20912537602890954,1339999.9460000054,280227.9925859696,3,,1.0,-2.0
19,10,Bethany Mota,Derek Hough,Social Media Personality,Media,California,United States,18,≤25,38.0,9.5,4,0.956144620349658,0.2054126944741558,1339999.9460000054,275252.9995030844,4,11.0,0.75,-1.0
19,10,Alfonso Ribeiro,Witney Carson,Actor/Actress,Entertainment,New York,United States,42,36-45,37.5,9.375,4,0.9613895172545714,0.20356546644935583,1339999.9460000054,272777.71404960274,1,,0.5,-1.75
19,10,Sadie Robertson,Mark Ballas,TV Personality,Media,Louisiana,United States,17,≤25,37.0,9.25,4,0.9583486079133616,0.2017244732827118,1339999.9460000054,270310.7833057133,2,,0.25,-0.5
19,10,Tommy Chong,Peta Murgatroyd,Comedian,Entertainment,Unknown,Canada,76,>55,31.0,7.75,4,0.14336610786209422,0.18017198976486692,1339999.9460000054,241430.4565556352,5,10.0,0.0,1.0
19,11,Alfonso Ribeiro,Witney Carson,Actor/Actress,Entertainment,New York,United States,42,36-45,40.0,10.0,4,0.4517566529292594,0.25419007288524753,1399999.940000006,355866.08678794367,1,,1.0,0.75
19,11,Sadie Robertson,Mark Ballas,TV Personality,Media,Louisiana,United States,17,≤25,39.333200000000005,9.8333,4,0.9582710175701358,0.25113779390000296,1399999.940000006,351592.89639173803,2,,0.6666666666666666,1.4166000000000025
19,11,Janel Parrish,Valentin Chmerkovskiy,Actor/Actress,Entertainment,Hawaii,United States,25,≤25,38.99980000000001,9.749950000000002,4,0.9449094087051205,0.24961449571488695,1399999.940000006,349460.2790239735,3,,0.3333333333333333,0.24990000000000379
19,11,Bethany Mota,Derek Hough,Social Media Personality,Media,California,United States,18,≤25,38.0,9.5,4,0.9623456816631977,0.24505763749986276,1399999.940000006,343080.6777963511,4,11.0,0.0,0.5
20,1,Rumer Willis,Valentin Chmerkovskiy,Actor/Actress,Entertainment,Kentucky,United States,26,26-35,32.0,8.0,4,0.9975349833823397,0.09132990557066027,800000.0,73063.92445652821,1,,1.0,1.0
20,1,Riker Lynch,Allison Holker,Actor/Actress,Entertainment,Colorado,United States,23,≤25,31.0,7.75,4,0.9966884624463056,0.08983556044401565,800000.0,71868.44835521252,2,,0.9090909090909091,1.0
20,1,Nastia Liukin,Derek Hough,Athlete,Sports,Unknown,Russia,25,≤25,30.0,7.5,4,0.9966901481261136,0.08835382886010337,800000.0,70683.0630880827,4,9.0,0.8181818181818182,1.0
20,1,Robert Herjavec,Kym Johnson,Entrepreneur,Other,Unknown,Croatia,52,46-55,28.0,7.0,4,0.9969666903104217,0.0854291420201007,800000.0,68343.31361608056,6,8.0,0.7272727272727273,1.0
20,1,Michael Sam,Peta Murgatroyd,Athlete,Sports,Texas,United States,25,≤25,26.0,6.5,4,0.9900627129665655,0.08255753542714292,800000.0,66046.02834171434,10,4.0,0.45454545454545453,1.0
20,1,Chris Soules,Witney Carson,TV Personality,Media,Iowa,United States,33,26-35,26.0,6.5,4,0.991525188062659,0.082557534689005,800000.0,66046.02775120399,5,8.0,0.45454545454545453,1.0
20,1,Noah Galloway,Sharna Burgess,Motivational Speaker,Other,Alabama,United States,33,26-35,26.0,6.5,4,0.992436043241844,0.08255753468130382,800000.0,66046.02774504306,3,,0.45454545454545453,1.0
20,1,Patti LaBelle,Artem Chigvintsev,Singer/Rapper,Entertainment,Pennsylvania,United States,70,>55,25.0,6.25,4,0.9886315251638057,0.08114200187532991,800000.0,64913.60150026393,8,6.0,0.18181818181818182,1.0
20,1,Suzanne Somers,Tony Dovolani,Actor/Actress,Entertainment,California,United States,68,>55,25.0,6.25,4,0.9908352606325521,0.08114200187532991,800000.0,64913.60150026393,9,5.0,0.18181818181818182,1.0
20,1,Willow Shields,Mark Ballas,Actor/Actress,Entertainment,New Mexico,United States,14,≤25,25.0,6.25,4,0.986379505535362,0.08114200187532991,800000.0,64913.60150026393,7,7.0,0.18181818181818182,1.0
20,1,Charlotte McKinney,Keo Motsepe,Model,Model,Florida,United States,21,≤25,22.0,5.5,4,0.982665658128228,0.07697647634083925,800000.0,61581.181072671396,11,3.0,0.0,1.0
20,1,Redfoo,Emma Slater,Singer/Rapper,Entertainment,California,United States,39,36-45,22.0,5.5,4,0.9380130063822563,0.07697647634083925,800000.0,61581.181072671396,12,2.0,0.0,1.0
20,2,Chris Soules,Witney Carson,TV Personality,Media,Iowa,United States,33,26-35,21.0,5.25,4,0.9694968204612393,0.09433160153977803,866666.6592592602,81754.05396905511,5,8.0,0.0,-5.0
20,2,Nastia Liukin,Derek Hough,Athlete,Sports,Unknown,Russia,25,≤25,34.0,8.5,4,0.9960725643290999,0.08989115909583685,866666.6592592602,77905.67055053158,4,9.0,1.0,4.0
20,2,Riker Lynch,Allison Holker,Actor/Actress,Entertainment,Colorado,United States,23,≤25,32.0,8.0,4,0.9957187273327996,0.0872830382425513,866666.6592592602,75645.29916367019,2,,0.7272727272727273,1.0
20,2,Willow Shields,Mark Ballas,Actor/Actress,Entertainment,New Mexico,United States,14,≤25,32.0,8.0,4,0.9929228627858946,0.08728303336445535,866666.6592592602,75645.29493598707,7,7.0,0.7272727272727273,7.0
20,2,Rumer Willis,Valentin Chmerkovskiy,Actor/Actress,Entertainment,Kentucky,United States,26,26-35,32.0,8.0,4,0.9945132844517564,0.08728303166763693,866666.6592592602,75645.29346541112,1,,0.7272727272727273,0.0
20,2,Robert Herjavec,Kym Johnson,Entrepreneur,Other,Unknown,Croatia,52,46-55,28.0,7.0,4,0.9744128525016901,0.08196749168907404,866666.6592592602,71038.49219003097,6,8.0,0.2727272727272727,0.0
20,2,Suzanne Somers,Tony Dovolani,Actor/Actress,Entertainment,California,United States,68,>55,28.0,7.0,4,0.9801226743829,0.08196748407820621,866666.6592592602,71038.48559394557,9,5.0,0.2727272727272727,3.0
20,2,Michael Sam,Peta Murgatroyd,Athlete,Sports,Texas,United States,25,≤25,28.0,7.0,4,0.9658773001055277,0.08196748314358424,866666.6592592602,71038.48478393987,10,4.0,0.2727272727272727,2.0
20,2,Patti LaBelle,Artem Chigvintsev,Singer/Rapper,Entertainment,Pennsylvania,United States,70,>55,28.0,7.0,4,0.9738771775414182,0.08196747830514797,866666.6592592602,71038.48059062847,8,6.0,0.2727272727272727,3.0
20,2,Noah Galloway,Sharna Burgess,Motivational Speaker,Other,Alabama,United States,33,26-35,27.0,6.75,4,0.9791057508791319,0.08062236347572155,866666.6592592602,69872.71441508939,3,,0.18181818181818182,1.0
20,2,Charlotte McKinney,Keo Motsepe,Model,Model,Florida,United States,21,≤25,26.0,6.5,4,0.9899563760589208,0.07992270639807723,866666.6592592602,69266.34495298029,11,3.0,0.09090909090909091,4.0
20,2,Redfoo,Emma Slater,Singer/Rapper,Entertainment,California,United States,39,36-45,31.0,7.75,4,0.12490399129257586,0.06551312899993021,866666.6592592602,56778.04464799047,12,2.0,0.6363636363636364,9.0
20,3,Nastia Liukin,Derek Hough,Athlete,Sports,Unknown,Russia,25,≤25,34.0,8.5,4,0.995251785813085,0.09941544957731237,933333.3185185202,92787.75146600357,4,9.0,0.9,2.0
20,3,Riker Lynch,Allison Holker,Actor/Actress,Entertainment,Colorado,United States,23,≤25,34.0,8.5,4,0.9951879983708453,0.09941544957731237,933333.3185185202,92787.75146600357,2,,0.9,1.5
20,3,Rumer Willis,Valentin Chmerkovskiy,Actor/Actress,Entertainment,Kentucky,United States,26,26-35,33.0,8.25,4,0.9942727533692669,0.09782894621921756,933333.3185185202,91307.01502195217,1,,0.8,0.5
20,3,Willow Shields,Mark Ballas,Actor/Actress,Entertainment,New Mexico,United States,14,≤25,32.0,8.0,4,0.9926131273799546,0.09625499610132628,933333.3185185202,89837.99493523808,7,7.0,0.7,3.5
20,3,Noah Galloway,Sharna Burgess,Motivational Speaker,Other,Alabama,United States,33,26-35,30.0,7.5,4,0.9909469690356989,0.09314565604731988,933333.3185185202,86935.94426422974,3,,0.6,2.0
20,3,Robert Herjavec,Kym Johnson,Entrepreneur,Other,Unknown,Croatia,52,46-55,29.0,7.25,4,0.9959633289596453,0.09161070793167529,933333.3185185202,85503.32604570143,6,8.0,0.5,0.5
20,3,Chris Soules,Witney Carson,TV Personality,Media,Iowa,United States,33,26-35,28.0,7.0,4,0.9891585426323325,0.09008917848296387,933333.3185185202,84083.23191611194,5,8.0,0.4,1.0
20,3,Suzanne Somers,Tony Dovolani,Actor/Actress,Entertainment,California,United States,68,>55,25.0,6.25,4,0.9787376882840738,0.08560648380807676,933333.3185185202,79899.38361929424,9,5.0,0.3,0.0
20,3,Michael Sam,Peta Murgatroyd,Athlete,Sports,Texas,United States,25,≤25,24.0,6.0,4,0.9693078024334257,0.08413971693993413,933333.3185185202,78530.40123075768,10,4.0,0.2,-1.0
20,3,Patti LaBelle,Artem Chigvintsev,Singer/Rapper,Entertainment,Pennsylvania,United States,70,>55,22.0,5.5,4,0.9735474715327082,0.08124670813462571,933333.3185185202,75830.25972199587,8,6.0,0.0,-1.5
20,3,Charlotte McKinney,Keo Motsepe,Model,Model,Florida,United States,21,≤25,22.0,5.5,4,0.04108499586133595,0.08124670718023554,933333.3185185202,75830.25883123172,11,3.0,0.0,0.0
20,4,Willow Shields,Mark Ballas,Actor/Actress,Entertainment,New Mexico,United States,14,≤25,39.0,9.75,4,0.9915532753511924,0.11014914995619107,999999.9777777803,110149.14750843246,7,7.0,1.0,3.5
20,4,Nastia Liukin,Derek Hough,Athlete,Sports,Unknown,Russia,25,≤25,36.0,9.0,4,0.9945149510134268,0.1053648984691441,999999.9777777803,105364.89612770217,4,9.0,0.8888888888888888,1.0
20,4,Rumer Willis,Valentin Chmerkovskiy,Actor/Actress,Entertainment,Kentucky,United States,26,26-35,35.0,8.75,4,0.9956747480923832,0.10379586213648613,999999.9777777803,103795.85982991167,1,,0.7777777777777778,1.5
20,4,Riker Lynch,Allison Holker,Actor/Actress,Entertainment,Colorado,United States,23,≤25,34.0,8.5,4,0.994671577183943,0.10224019245929725,999999.9777777803,102240.19018729322,2,,0.5555555555555556,1.0
20,4,Robert Herjavec,Kym Johnson,Entrepreneur,Other,Unknown,Croatia,52,46-55,34.0,8.5,4,0.9958212214267581,0.10223581866661735,999999.9777777803,102235.81639471052,6,8.0,0.5555555555555556,3.0
20,4,Noah Galloway,Sharna Burgess,Motivational Speaker,Other,Alabama,United States,33,26-35,32.0,8.0,4,0.9884621560848287,0.0991538129036701,999999.9777777803,99153.81070025229,3,,0.4444444444444444,2.5
20,4,Chris Soules,Witney Carson,TV Personality,Media,Iowa,United States,33,26-35,27.0,6.75,4,0.9319089514616761,0.09775195238980562,999999.9777777803,97751.95021754026,5,8.0,0.0,3.0
20,4,Patti LaBelle,Artem Chigvintsev,Singer/Rapper,Entertainment,Pennsylvania,United States,70,>55,30.0,7.5,4,0.84959479725614,0.09611082093620615,999999.9777777803,96110.81880041037,8,6.0,0.2222222222222222,1.0
20,4,Suzanne Somers,Tony Dovolani,Actor/Actress,Entertainment,California,United States,68,>55,28.0,7.0,4,0.9031912076149679,0.09467631812759703,999999.9777777803,94676.31602367909,9,5.0,0.1111111111111111,0.0
20,4,Michael Sam,Peta Murgatroyd,Athlete,Sports,Texas,United States,25,≤25,30.0,7.5,4,0.5818216691940434,0.08852117395498511,999999.9777777803,88521.17198784814,10,4.0,0.2222222222222222,1.0
20,5,Rumer Willis,Valentin Chmerkovskiy,Actor/Actress,Entertainment,Kentucky,United States,26,26-35,39.0,9.75,4,0.9959159026672292,0.12531508027245608,1066666.6370370404,133669.4152442475,1,,1.0,3.0
20,5,Nastia Liukin,Derek Hough,Athlete,Sports,Unknown,Russia,25,≤25,38.0,9.5,4,0.9930528447994587,0.12336144631233983,1066666.6370370404,131585.53907800894,4,9.0,0.75,2.0
20,5,Riker Lynch,Allison Holker,Actor/Actress,Entertainment,Colorado,United States,23,≤25,38.0,9.5,4,0.9924709498220003,0.12336144515390386,1066666.6370370404,131585.53784234394,2,,0.75,2.0
20,5,Willow Shields,Mark Ballas,Actor/Actress,Entertainment,New Mexico,United States,14,≤25,34.0,8.5,4,0.9915233086533713,0.11567605019892543,1066666.6370370404,123387.78345141567,7,7.0,0.625,1.0
20,5,Robert Herjavec,Kym Johnson,Entrepreneur,Other,Unknown,Croatia,52,46-55,24.0,6.0,4,0.9476387139810171,0.10817249604704353,1066666.6370370404,115383.99257840247,6,8.0,0.0,-2.5
20,5,Noah Galloway,Sharna Burgess,Motivational Speaker,Other,Alabama,United States,33,26-35,28.0,7.0,4,0.9638207928254675,0.10455725385760951,1066666.6370370404,111527.73435012446,3,,0.375,-1.0
20,5,Chris Soules,Witney Carson,TV Personality,Media,Iowa,United States,33,26-35,27.0,6.75,4,0.9600838372850118,0.10275901090686428,1066666.6370370404,109609.60858927747,5,8.0,0.125,-0.5
20,5,Patti LaBelle,Artem Chigvintsev,Singer/Rapper,Entertainment,Pennsylvania,United States,70,>55,27.0,6.75,4,0.9479360147888544,0.10275901090686428,1066666.6370370404,109609.60858927747,8,6.0,0.125,2.5
20,5,Suzanne Somers,Tony Dovolani,Actor/Actress,Entertainment,California,United States,68,>55,28.0,7.0,4,0.4088669224640579,0.09403820634399322,1066666.6370370404,100307.41731394253,9,5.0,0.375,1.5
20,6,Riker Lynch,Allison Holker,Actor/Actress,Entertainment,Colorado,United States,23,≤25,38.0,9.5,4,0.9928438592044535,0.13017382530577873,1133333.2962963006,147530.330525297,2,,1.0,2.0
20,6,Nastia Liukin,Derek Hough,Athlete,Sports,Unknown,Russia,25,≤25,36.5,9.125,4,0.9877597472652342,0.12720331627441214,1133333.2962963006,144163.75373310037,4,9.0,0.7142857142857143,0.25
20,6,Willow Shields,Mark Ballas,Actor/Actress,Entertainment,New Mexico,United States,14,≤25,36.5,9.125,4,0.9699403742782275,0.12720331627441214,1133333.2962963006,144163.75373310037,7,7.0,0.7142857142857143,-1.25
20,6,Rumer Willis,Valentin Chmerkovskiy,Actor/Actress,Entertainment,Kentucky,United States,26,26-35,35.5,8.875,4,0.9916470984332789,0.12523538254954591,1133333.2962963006,141933.42891780508,1,,0.5714285714285714,0.25
20,6,Chris Soules,Witney Carson,TV Personality,Media,Iowa,United States,33,26-35,35.0,8.75,4,0.9255519674793435,0.12425489163688234,1133333.2962963006,140822.2059197675,5,8.0,0.42857142857142855,4.0
20,6,Robert Herjavec,Kym Johnson,Entrepreneur,Other,Unknown,Croatia,52,46-55,33.5,8.375,4,0.9487618640863847,0.12269783826719151,1133333.2962963006,139057.54549178653,6,8.0,0.0,-0.25
20,6,Noah Galloway,Sharna Burgess,Motivational Speaker,Other,Alabama,United States,33,26-35,34.0,8.5,4,0.9450087592665545,0.1223003776374232,1133333.2962963006,138607.0901261032,3,,0.14285714285714285,1.0
20,6,Patti LaBelle,Artem Chigvintsev,Singer/Rapper,Entertainment,Pennsylvania,United States,70,>55,34.0,8.5,4,0.23359559535732155,0.12093105205435414,1133333.2962963006,137055.1878493407,8,6.0,0.14285714285714285,2.0
20,7,Nastia Liukin,Derek Hough,Athlete,Sports,Unknown,Russia,25,≤25,41.0,10.25,4,0.9901521050521646,0.15372586547330894,1199999.9555555605,184471.0317357108,4,9.0,1.0,1.5
20,7,Robert Herjavec,Kym Johnson,Entrepreneur,Other,Unknown,Croatia,52,46-55,31.0,7.75,4,0.9505714618319246,0.14750283161200772,1199999.9555555605,177003.3913787286,6,8.0,0.0,3.5
20,7,Chris Soules,Witney Carson,TV Personality,Media,Iowa,United States,33,26-35,31.0,7.75,4,0.9476763065218513,0.1475018834863909,1199999.9555555605,177002.25362803054,5,8.0,0.0,2.0
20,7,Noah Galloway,Sharna Burgess,Motivational Speaker,Other,Alabama,United States,33,26-35,38.0,9.5,4,0.9775477275903756,0.1466412114430907,1199999.9555555605,175969.4472143224,3,,0.6666666666666666,5.0
20,7,Rumer Willis,Valentin Chmerkovskiy,Actor/Actress,Entertainment,Kentucky,United States,26,26-35,37.0,9.25,4,0.9369751409646614,0.14431123513897604,1199999.9555555605,173173.4757529393,1,,0.3333333333333333,-1.0
20,7,Riker Lynch,Allison Holker,Actor/Actress,Entertainment,Colorado,United States,23,≤25,37.0,9.25,4,0.9701108908655748,0.1443111837239694,1199999.9555555605,173173.41405493362,2,,0.3333333333333333,-0.5
20,7,Willow Shields,Mark Ballas,Actor/Actress,Entertainment,New Mexico,United States,14,≤25,39.0,9.75,4,0.21318899217316517,0.11600578912225626,1199999.9555555605,139206.94179089525,7,7.0,0.8333333333333334,2.5
20,8,Rumer Willis,Valentin Chmerkovskiy,Actor/Actress,Entertainment,Kentucky,United States,26,26-35,40.0,10.0,4,0.9713480562553493,0.18077335131925246,1266666.6148148207,228979.5689642878,1,,1.0,2.25
20,8,Riker Lynch,Allison Holker,Actor/Actress,Entertainment,Colorado,United States,23,≤25,39.0,9.75,4,0.970278939948105,0.17773879249360006,1266666.6148148207,225135.79460914223,2,,0.8,0.5
20,8,Nastia Liukin,Derek Hough,Athlete,Sports,Unknown,Russia,25,≤25,38.0,9.5,4,0.990839759534591,0.1747229915610074,1266666.6148148207,221315.78025089973,4,9.0,0.6,0.75
20,8,Noah Galloway,Sharna Burgess,Motivational Speaker,Other,Alabama,United States,33,26-35,31.5,7.875,4,0.9770630287836658,0.15749077450047172,1266666.6148148207,199488.3062010768,3,,0.2,-1.25
20,8,Chris Soules,Witney Carson,TV Personality,Media,Iowa,United States,33,26-35,32.0,8.0,4,0.21732379399843588,0.1551267059537014,1266666.6148148207,196493.81949774903,5,8.0,0.4,-1.5
20,8,Robert Herjavec,Kym Johnson,Entrepreneur,Other,Unknown,Croatia,52,46-55,31.0,7.75,4,0.10705755301718677,0.154147384171967,1266666.6148148207,195253.34529166511,6,8.0,0.0,-1.25
20,9,Noah Galloway,Sharna Burgess,Motivational Speaker,Other,Alabama,United States,33,26-35,38.0,9.5,4,0.9563021481232119,0.2552300579297958,1333333.2740740809,340306.728781652,3,,0.0,0.0
20,9,Riker Lynch,Allison Holker,Actor/Actress,Entertainment,Colorado,United States,23,≤25,40.0,10.0,4,0.9267225958063594,0.25340177158447835,1333333.2740740809,337869.0137629049,2,,0.6666666666666666,1.5
20,9,Rumer Willis,Valentin Chmerkovskiy,Actor/Actress,Entertainment,Kentucky,United States,26,26-35,39.0,9.75,4,0.9628838109534061,0.2488769787165604,1333333.2740740809,331835.9568738168,1,,0.3333333333333333,1.0
20,9,Nastia Liukin,Derek Hough,Athlete,Sports,Unknown,Russia,25,≤25,40.0,10.0,4,0.19314671987592869,0.2424911917691655,1333333.2740740809,323321.5746557072,4,9.0,0.6666666666666666,-0.5
20,10,Riker Lynch,Allison Holker,Actor/Actress,Entertainment,Colorado,United States,23,≤25,40.0,10.0,4,0.7688582110589137,0.3421445047799859,1399999.9333333408,479002.2838823492,2,,0.5,0.5
20,10,Rumer Willis,Valentin Chmerkovskiy,Actor/Actress,Entertainment,Kentucky,United States,26,26-35,40.0,10.0,4,0.6093649166809588,0.3421445047799859,1399999.9333333408,479002.2838823492,1,,0.5,0.0
20,10,Noah Galloway,Sharna Burgess,Motivational Speaker,Other,Alabama,United States,33,26-35,36.0,9.0,4,0.9572613080240395,0.3157109904400281,1399999.9333333408,441995.36556864233,3,,0.0,2.25
21,1,Bindi Irwin,Derek Hough,TV Personality,Media,Unknown,Australia,17,≤25,24.0,8.0,3,0.9970375994061531,0.08524993554754418,800000.0,68199.94843803534,1,,0.9166666666666666,1.0
21,1,Nick Carter,Sharna Burgess,Singer/Rapper,Entertainment,New York,United States,35,26-35,24.0,8.0,3,0.996124313140761,0.08524993554754418,800000.0,68199.94843803534,2,,0.9166666666666666,1.0
21,1,Carlos PenaVega,Witney Carson,Actor/Actress,Entertainment,Missouri,United States,26,26-35,23.0,7.666666666666667,3,0.9966330754639747,0.08342269601190948,800000.0,66738.15680952759,4,11.0,0.75,1.0
21,1,Tamar Braxton,Valentin Chmerkovskiy,Singer/Rapper,Entertainment,Maryland,United States,38,36-45,23.0,7.666666666666667,3,0.99523159584943,0.08342269584259267,800000.0,66738.15667407414,5,-1.0,0.75,1.0
21,1,Alek Skarlatos,Lindsay Arnold,Military,Other,California,United States,22,≤25,22.0,7.333333333333333,3,0.9977556757951792,0.0816140985163125,800000.0,65291.278813050005,3,,0.5833333333333334,1.0
21,1,Alexa PenaVega,Mark Ballas,Actor/Actress,Entertainment,Florida,United States,27,26-35,22.0,7.333333333333333,3,0.9962022277833034,0.0816140985163125,800000.0,65291.278813050005,6,9.0,0.5833333333333334,1.0
21,1,Andy Grammer,Allison Holker,Singer/Rapper,Entertainment,California,United States,31,26-35,21.0,7.0,3,0.9944060630850433,0.07982497663606608,800000.0,63859.98130885287,7,8.0,0.4166666666666667,1.0
21,1,Hayes Grier,Emma Slater,Social Media Personality,Media,North Carolina,United States,15,≤25,21.0,7.0,3,0.9937961996100083,0.07982497663606608,800000.0,63859.98130885287,8,7.0,0.4166666666666667,1.0
21,1,Gary Busey,Anna Trebunskaya,Actor/Actress,Entertainment,Texas,United States,71,>55,15.0,5.0,3,0.9912337272237409,0.0695650329330149,800000.0,55652.02634641192,10,4.0,0.16666666666666666,1.0
21,1,Paula Deen,Louis van Amstel,TV Personality,Media,Georgia,United States,68,>55,15.0,5.0,3,0.993715880524137,0.0695650329330149,800000.0,55652.02634641192,9,6.0,0.16666666666666666,1.0
21,1,Victor Espinoza,Karina Smirnoff,Athlete,Sports,Unknown,Mexico,43,36-45,15.0,5.0,3,0.9692170976780287,0.06956503276369809,800000.0,55652.02621095847,12,2.0,0.16666666666666666,1.0
21,1,Chaka Khan,Keo Motsepe,Singer/Rapper,Entertainment,Illinois,United States,62,>55,13.0,4.333333333333333,3,0.9843517357480235,0.06633796432940098,800000.0,53070.37146352078,13,2.0,0.08333333333333333,1.0
21,1,Kim Zolciak-Biermann,Tony Dovolani,TV Personality,Media,Florida,United States,37,36-45,12.0,4.0,3,0.9607625723945019,0.06474352378652333,800000.0,51794.81902921866,11,-1.0,0.0,1.0
21,2,Tamar Braxton,Valentin Chmerkovskiy,Singer/Rapper,Entertainment,Maryland,United States,38,36-45,24.5,8.166666666666666,3,0.994428438151603,0.0829012385591578,859999.9940000006,71295.06466346834,5,-1.0,1.0,1.5
21,2,Bindi Irwin,Derek Hough,TV Personality,Media,Unknown,Australia,17,≤25,24.0,8.0,3,0.9970860779179032,0.08206550787823086,859999.9940000006,70576.33628288555,1,,0.9166666666666666,0.0
21,2,Alexa PenaVega,Mark Ballas,Actor/Actress,Entertainment,Florida,United States,27,26-35,23.0,7.666666666666667,3,0.9946566531875617,0.080408782219779,859999.9940000006,69151.5522265573,6,9.0,0.8333333333333334,1.0
21,2,Nick Carter,Sharna Burgess,Singer/Rapper,Entertainment,New York,United States,35,26-35,22.5,7.5,3,0.9949289095781967,0.07958768967469126,859999.9940000006,68445.4126427084,2,,0.5,-1.5
21,2,Carlos PenaVega,Witney Carson,Actor/Actress,Entertainment,Missouri,United States,26,26-35,22.5,7.5,3,0.9964726607933228,0.07958768254775388,859999.9940000006,68445.40651354229,4,11.0,0.5,-0.5
21,2,Hayes Grier,Emma Slater,Social Media Personality,Media,North Carolina,United States,15,≤25,22.5,7.5,3,0.9935065509101495,0.07958768254775388,859999.9940000006,68445.40651354229,8,7.0,0.5,1.5
21,2,Alek Skarlatos,Lindsay Arnold,Military,Other,California,United States,22,≤25,22.5,7.5,3,0.997439198104198,0.07958768047670803,859999.9940000006,68445.40473244287,3,,0.5,0.5
21,2,Andy Grammer,Allison Holker,Singer/Rapper,Entertainment,California,United States,31,26-35,22.0,7.333333333333333,3,0.9925168638231315,0.07877136723316087,859999.9940000006,67743.37534789019,7,8.0,0.4166666666666667,1.0
21,2,Victor Espinoza,Karina Smirnoff,Athlete,Sports,Unknown,Mexico,43,36-45,18.5,6.166666666666667,3,0.19676502801921095,0.0731876767544934,859999.9940000006,62941.401569738315,12,2.0,0.16666666666666666,3.5
21,2,Kim Zolciak-Biermann,Tony Dovolani,TV Personality,Media,Florida,United States,37,36-45,18.5,6.166666666666667,3,0.9640424262181642,0.0731876730150481,859999.9940000006,62941.39835381537,11,-1.0,0.16666666666666666,6.5
21,2,Paula Deen,Louis van Amstel,TV Personality,Media,Georgia,United States,68,>55,18.5,6.166666666666667,3,0.9801141606769681,0.0731876730150481,859999.9940000006,62941.39835381537,9,6.0,0.16666666666666666,3.5
21,2,Gary Busey,Anna Trebunskaya,Actor/Actress,Entertainment,Texas,United States,71,>55,16.5,5.5,3,0.9805987595921161,0.07010004453441179,859999.9940000006,60286.03787899392,10,4.0,0.08333333333333333,1.5
21,2,Chaka Khan,Keo Motsepe,Singer/Rapper,Entertainment,Illinois,United States,62,>55,15.0,5.0,3,0.06533269459120511,0.06783930154376308,859999.9940000006,58341.798920600486,13,2.0,0.0,2.0
21,3,Nick Carter,Sharna Burgess,Singer/Rapper,Entertainment,New York,United States,35,26-35,36.0,9.0,4,0.9954751207929485,0.1090637652286006,919999.9880000013,100338.66270154751,2,,0.8888888888888888,6.0
21,3,Alexa PenaVega,Mark Ballas,Actor/Actress,Entertainment,Florida,United States,27,26-35,36.0,9.0,4,0.9963777451066611,0.1090637645090223,919999.9880000013,100338.66203953548,6,9.0,0.8888888888888888,7.0
21,3,Alek Skarlatos,Lindsay Arnold,Military,Other,California,United States,22,≤25,33.0,8.25,4,0.99734160914476,0.10399054590627338,919999.9880000013,95671.30098588509,3,,0.6666666666666666,5.5
21,3,Tamar Braxton,Valentin Chmerkovskiy,Singer/Rapper,Entertainment,Maryland,United States,38,36-45,33.0,8.25,4,0.9952302010164454,0.10399054590627338,919999.9880000013,95671.30098588509,5,-1.0,0.6666666666666666,5.0
21,3,Bindi Irwin,Derek Hough,TV Personality,Media,Unknown,Australia,17,≤25,32.0,8.0,4,0.9941264318939262,0.10232492895652395,919999.9880000013,94138.93341210303,1,,0.5555555555555556,4.0
21,3,Carlos PenaVega,Witney Carson,Actor/Actress,Entertainment,Missouri,United States,26,26-35,31.0,7.75,4,0.9892581075846552,0.10067242912316281,919999.9880000013,92618.63358524076,4,11.0,0.4444444444444444,4.0
21,3,Hayes Grier,Emma Slater,Social Media Personality,Media,North Carolina,United States,15,≤25,30.0,7.5,4,0.9836663996206351,0.09903328154718972,919999.9880000013,91110.61783501529,8,7.0,0.3333333333333333,4.5
21,3,Andy Grammer,Allison Holker,Singer/Rapper,Entertainment,California,United States,31,26-35,29.0,7.25,4,0.9247468032234776,0.09740771462969675,919999.9880000013,89615.09629042856,7,8.0,0.2222222222222222,4.0
21,3,Gary Busey,Anna Trebunskaya,Actor/Actress,Entertainment,Texas,United States,71,>55,25.0,6.25,4,0.9410802646184869,0.09104499707464733,919999.9880000013,83761.3962161357,10,4.0,0.1111111111111111,5.0
21,3,Paula Deen,Louis van Amstel,TV Personality,Media,Georgia,United States,68,>55,20.0,5.0,4,0.9782292419687828,0.08340802711860974,919999.9880000013,76735.38394822474,9,6.0,0.0,2.5
21,4,Bindi Irwin,Derek Hough,TV Personality,Media,Unknown,Australia,17,≤25,28.0,9.333333333333334,3,0.996067292677233,0.10935764284998609,979999.9820000018,107170.48802454899,1,,1.0,2.0
21,4,Hayes Grier,Emma Slater,Social Media Personality,Media,North Carolina,United States,15,≤25,27.0,9.0,3,0.9921552361870776,0.10715550897339625,979999.9820000018,105012.39686512935,8,7.0,0.6666666666666666,2.25
21,4,Nick Carter,Sharna Burgess,Singer/Rapper,Entertainment,New York,United States,35,26-35,27.0,9.0,3,0.9946243362203956,0.10715550897339625,979999.9820000018,105012.39686512935,2,,0.6666666666666666,2.25
21,4,Tamar Braxton,Valentin Chmerkovskiy,Singer/Rapper,Entertainment,Maryland,United States,38,36-45,27.0,9.0,3,0.9945843521929716,0.10715550811630377,979999.9820000018,105012.39602517874,5,-1.0,0.6666666666666666,1.25
21,4,Carlos PenaVega,Witney Carson,Actor/Actress,Entertainment,Missouri,United States,26,26-35,25.0,8.333333333333334,3,0.9956359619416938,0.10281415843444053,979999.9820000018,100757.87341509706,4,11.0,0.5555555555555556,1.25
21,4,Alek Skarlatos,Lindsay Arnold,Military,Other,California,United States,22,≤25,24.0,8.0,3,0.9924045502126626,0.10067593691684551,979999.9820000018,98662.41636634192,3,,0.4444444444444444,0.75
21,4,Andy Grammer,Allison Holker,Singer/Rapper,Entertainment,California,United States,31,26-35,23.0,7.666666666666667,3,0.9495486970683926,0.09856000857289446,979999.9820000018,96588.8066273566,7,8.0,0.3333333333333333,0.5
21,4,Alexa PenaVega,Mark Ballas,Actor/Actress,Entertainment,Florida,United States,27,26-35,21.0,7.0,3,0.9671057401205734,0.09439688453838783,979999.9820000018,92508.94514847633,6,9.0,0.2222222222222222,-1.0
21,4,Paula Deen,Louis van Amstel,TV Personality,Media,Georgia,United States,68,>55,18.0,6.0,3,0.9249041044056551,0.08832868277599229,979999.9820000018,86562.10753055631,9,6.0,0.1111111111111111,-0.25
21,4,Gary Busey,Anna Trebunskaya,Actor/Actress,Entertainment,Texas,United States,71,>55,16.0,5.333333333333333,3,0.15366456294548136,0.08440015984835701,979999.9820000018,82712.15513218715,10,4.0,0.0,-0.25
21,5,Alexa PenaVega,Mark Ballas,Actor/Actress,Entertainment,Florida,United States,27,26-35,40.0,10.0,4,0.9887127459588041,0.12270504818249091,1039999.9760000025,127613.2471648697,6,9.0,1.0,2.0
21,5,Carlos PenaVega,Witney Carson,Actor/Actress,Entertainment,Missouri,United States,26,26-35,39.0,9.75,4,0.9951622809608056,0.1208751505069069,1039999.9760000025,125710.15362617988,4,11.0,0.875,4.0
21,5,Bindi Irwin,Derek Hough,TV Personality,Media,Unknown,Australia,17,≤25,37.0,9.25,4,0.9956244865235617,0.11725628167062539,1039999.9760000025,121946.53012329993,1,,0.75,2.5
21,5,Andy Grammer,Allison Holker,Singer/Rapper,Entertainment,California,United States,31,26-35,36.0,9.0,4,0.9880413486051173,0.11546757174736187,1039999.9760000025,120086.27184603491,7,8.0,0.625,3.5
21,5,Nick Carter,Sharna Burgess,Singer/Rapper,Entertainment,New York,United States,35,26-35,35.0,8.75,4,0.9947526840431683,0.1136927899480667,1039999.9760000025,118240.49881736269,2,,0.5,-0.5
21,5,Hayes Grier,Emma Slater,Social Media Personality,Media,North Carolina,United States,15,≤25,30.0,7.5,4,0.9675159020025929,0.10502532306248687,1039999.9760000025,109226.33346437884,8,7.0,0.375,0.0
21,5,Tamar Braxton,Valentin Chmerkovskiy,Singer/Rapper,Entertainment,Maryland,United States,38,36-45,29.0,7.25,4,0.9689952358418527,0.10333119567872244,1039999.9760000025,107464.44102592289,5,-1.0,0.125,-2.0
21,5,Alek Skarlatos,Lindsay Arnold,Military,Other,California,United States,22,≤25,29.0,7.25,4,0.9773665413851975,0.10333119353951022,1039999.9760000025,107464.43880114224,3,,0.125,-2.0
21,5,Paula Deen,Louis van Amstel,TV Personality,Media,Georgia,United States,68,>55,26.0,6.5,4,0.9438212382549281,0.09831544566382873,1039999.9760000025,102248.06113081143,9,6.0,0.0,3.0
21,6,Tamar Braxton,Valentin Chmerkovskiy,Singer/Rapper,Entertainment,Maryland,United States,38,36-45,40.0,10.0,4,0.984294154187454,0.119858360293435,1099999.970000003,131844.19272702804,5,-1.0,0.75,6.5
21,6,Andy Grammer,Allison Holker,Singer/Rapper,Entertainment,California,United States,31,26-35,40.0,10.0,4,0.9940514652292352,0.11985836008885475,1099999.970000003,131844.19250198978,7,8.0,0.75,8.5
21,6,Bindi Irwin,Derek Hough,TV Personality,Media,Unknown,Australia,17,≤25,40.0,10.0,4,0.9948791437011737,0.11985836008885475,1099999.970000003,131844.19250198978,1,,0.75,6.0
21,6,Nick Carter,Sharna Burgess,Singer/Rapper,Entertainment,New York,United States,35,26-35,39.0,9.75,4,0.9942036169104715,0.11812262781769131,1099999.970000003,129934.88705578196,2,,0.625,6.0
21,6,Carlos PenaVega,Witney Carson,Actor/Actress,Entertainment,Missouri,United States,26,26-35,38.0,9.5,4,0.9945845173439886,0.11639830756489758,1099999.970000003,128038.13482943847,4,11.0,0.5,6.5
21,6,Hayes Grier,Emma Slater,Social Media Personality,Media,North Carolina,United States,15,≤25,32.0,8.0,4,0.968517107121165,0.10630116766032427,1099999.970000003,116931.28123732198,8,7.0,0.375,2.5
21,6,Alek Skarlatos,Lindsay Arnold,Military,Other,California,United States,22,≤25,30.0,7.5,4,0.964831346514925,0.10303381632603444,1099999.970000003,113337.1948676237,3,,0.125,3.0
21,6,Alexa PenaVega,Mark Ballas,Actor/Actress,Entertainment,Florida,United States,27,26-35,30.0,7.5,4,0.9733374842878972,0.10303381632603444,1099999.970000003,113337.1948676237,6,9.0,0.125,4.5
21,6,Paula Deen,Louis van Amstel,TV Personality,Media,Georgia,United States,68,>55,24.0,6.0,4,0.06754909371089417,0.09353518383387331,1099999.970000003,102888.69941120541,9,6.0,0.0,3.0
21,7,Bindi Irwin,Derek Hough,TV Personality,Media,Unknown,Australia,17,≤25,29.0,9.666666666666666,3,0.9914397662269319,0.12893079451866232,1159999.9640000036,149559.71700014017,1,,1.0,-4.0
21,7,Carlos PenaVega,Witney Carson,Actor/Actress,Entertainment,Missouri,United States,26,26-35,28.0,9.333333333333334,3,0.9894113305403825,0.12627046841202394,1159999.9640000036,146473.73881221138,4,11.0,0.5714285714285714,-5.5
21,7,Andy Grammer,Allison Holker,Singer/Rapper,Entertainment,California,United States,31,26-35,28.0,9.333333333333334,3,0.9861350897429085,0.1262257871662939,1159999.9640000036,146421.90856877304,7,8.0,0.5714285714285714,-4.0
21,7,Alek Skarlatos,Lindsay Arnold,Military,Other,California,United States,22,≤25,26.5,8.833333333333334,3,0.9328088278759532,0.12608025058923825,1159999.9640000036,146253.0861446278,3,,0.0,-1.25
21,7,Alexa PenaVega,Mark Ballas,Actor/Actress,Entertainment,Florida,United States,27,26-35,27.5,9.166666666666666,3,0.9472855619475491,0.12556417667721345,1159999.9640000036,145654.4404252577,6,9.0,0.42857142857142855,-6.25
21,7,Nick Carter,Sharna Burgess,Singer/Rapper,Entertainment,New York,United States,35,26-35,27.0,9.0,3,0.982501522197719,0.12381780507028979,1159999.9640000036,143628.64942409564,2,,0.14285714285714285,-4.0
21,7,Tamar Braxton,Valentin Chmerkovskiy,Singer/Rapper,Entertainment,Maryland,United States,38,36-45,27.0,9.0,3,0.9686399490964026,0.1238178050702898,1159999.9640000036,143628.64942409564,5,-1.0,0.14285714285714285,-1.0
21,7,Hayes Grier,Emma Slater,Social Media Personality,Media,North Carolina,United States,15,≤25,28.0,9.333333333333334,3,0.2401460490260334,0.11929291249598845,1159999.9640000036,138379.77420080217,8,7.0,0.5714285714285714,-1.0
21,8,Nick Carter,Sharna Burgess,Singer/Rapper,Entertainment,New York,United States,35,26-35,33.0,11.0,3,0.9858647457561254,0.15914453360842334,1219999.9580000043,194156.32431820675,2,,1.0,-3.0
21,8,Carlos PenaVega,Witney Carson,Actor/Actress,Entertainment,Missouri,United States,26,26-35,28.9998,9.6666,3,0.9890376325544633,0.14667862000299087,1219999.9580000043,178947.91024314746,4,11.0,0.8333333333333334,-4.5001
21,8,Bindi Irwin,Derek Hough,TV Personality,Media,Unknown,Australia,17,≤25,28.0,9.333333333333334,3,0.9896250008495682,0.14362807534243627,1219999.9580000043,175226.2458853937,1,,0.5,-6.0
21,8,Tamar Braxton,Valentin Chmerkovskiy,Singer/Rapper,Entertainment,Maryland,United States,38,36-45,28.0,9.333333333333334,3,0.9622914696618106,0.14362807501051064,1219999.9580000043,175226.24548044446,5,-1.0,0.5,-6.0
21,8,Alexa PenaVega,Mark Ballas,Actor/Actress,Entertainment,Florida,United States,27,26-35,26.9998,8.999933333333333,3,0.859305422290642,0.1406026697307557,1219999.9580000043,171535.25116621042,6,9.0,0.3333333333333333,-1.5000999999999998
21,8,Alek Skarlatos,Lindsay Arnold,Military,Other,California,United States,22,≤25,25.0,8.333333333333334,3,0.9035474267956057,0.13463250859991915,1219999.9580000043,164251.6548373366,3,,0.16666666666666666,-2.5
21,8,Andy Grammer,Allison Holker,Singer/Rapper,Entertainment,California,United States,31,26-35,23.9998,7.999933333333334,3,0.15251734441650222,0.13168551770496406,1219999.9580000043,160656.32606926496,7,8.0,0.0,-8.0001
21,9,Tamar Braxton,Valentin Chmerkovskiy,Singer/Rapper,Entertainment,Maryland,United States,38,36-45,24.5,8.166666666666666,3,0.9274697039967271,0.22203922871468237,1279999.952000005,284210.20209691155,5,-1.0,0.0,-1.25
21,9,Carlos PenaVega,Witney Carson,Actor/Actress,Entertainment,Missouri,United States,26,26-35,27.0,9.0,3,0.967391552011709,0.20148004163218167,1279999.952000005,257894.44361815153,4,11.0,0.4,-0.5
21,9,Nick Carter,Sharna Burgess,Singer/Rapper,Entertainment,New York,United States,35,26-35,27.5,9.166666666666666,3,0.9803455876043438,0.19781676828117012,1279999.952000005,253205.45390469386,2,,0.6,0.25
21,9,Bindi Irwin,Derek Hough,TV Personality,Media,Unknown,Australia,17,≤25,30.0,10.0,3,0.9903763746609506,0.1813320381405636,1279999.952000005,232105.00011598447,1,,0.8,0.5
21,9,Alek Skarlatos,Lindsay Arnold,Military,Other,California,United States,22,≤25,25.5,8.5,3,0.9408494337938158,0.10666590416112036,1279999.952000005,136532.3522062712,3,,0.2,-0.5
21,9,Alexa PenaVega,Mark Ballas,Actor/Actress,Entertainment,Florida,United States,27,26-35,30.0,10.0,3,0.3131571903540207,0.0906660190702818,1279999.952000005,116052.50005799223,6,9.0,0.8,1.25
21,10,Bindi Irwin,Derek Hough,TV Personality,Media,Unknown,Australia,17,≤25,31.5,10.5,3,0.9848570974772686,0.2612951478997684,1339999.9460000054,350135.484075753,1,,0.6666666666666666,1.75
21,10,Carlos PenaVega,Witney Carson,Actor/Actress,Entertainment,Missouri,United States,26,26-35,31.5,10.5,3,0.9522848916831123,0.2612951473500194,1339999.9460000054,350135.48333908943,4,11.0,0.6666666666666666,1.2500999999999998
21,10,Alek Skarlatos,Lindsay Arnold,Military,Other,California,United States,22,≤25,28.5,9.5,3,0.935872173920431,0.24315853391801376,1339999.9460000054,325832.4223195789,3,,0.3333333333333333,1.75
21,10,Nick Carter,Sharna Burgess,Singer/Rapper,Entertainment,New York,United States,35,26-35,27.0,9.0,3,0.9421782416388833,0.23425117083219843,1339999.9460000054,313896.5562655839,2,,0.0,-3.0
21,11,Alek Skarlatos,Lindsay Arnold,Military,Other,California,United States,22,≤25,27.9999,9.3333,3,0.935545547549336,0.25546931933672395,1399999.940000006,357657.0317432559,3,,0.0,1.2499500000000001
21,11,Bindi Irwin,Derek Hough,TV Personality,Media,Unknown,Australia,17,≤25,30.0,10.0,3,0.9799005343889758,0.2530056969191162,1399999.940000006,354207.9605064223,1,,0.3333333333333333,0.0
21,11,Nick Carter,Sharna Burgess,Singer/Rapper,Entertainment,New York,United States,35,26-35,30.0,10.0,3,0.8510251867017894,0.253005695578193,1399999.940000006,354207.95862913004,2,,0.3333333333333333,1.25
21,11,Carlos PenaVega,Witney Carson,Actor/Actress,Entertainment,Missouri,United States,26,26-35,30.0,10.0,3,0.9710968473769069,0.2385192881659669,1399999.940000006,333926.9891211978,4,11.0,0.3333333333333333,1.5
22,1,Ginger Zee,Valentin Chmerkovskiy,News Anchor,Media,California,United States,35,26-35,23.0,7.666666666666667,3,0.9969360201397753,0.08956323111229594,800000.0,71650.58488983675,3,,0.8181818181818182,1.0
22,1,Nyle DiMarco,Peta Murgatroyd,Model,Model,New York,United States,26,26-35,23.0,7.666666666666667,3,0.9986960040334313,0.08956323015447039,800000.0,71650.58412357631,1,,0.8181818181818182,1.0
22,1,Wanya Morris,Lindsay Arnold,Singer/Rapper,Entertainment,Pennsylvania,United States,42,36-45,23.0,7.666666666666667,3,0.996085493829096,0.08956323015447039,800000.0,71650.58412357631,4,9.0,0.8181818181818182,1.0
22,1,Antonio Brown,Sharna Burgess,Athlete,Sports,Florida,United States,27,26-35,21.0,7.0,3,0.9933966537764786,0.08562517447237919,800000.0,68500.13957790335,5,9.0,0.45454545454545453,1.0
22,1,Paige VanZant,Mark Ballas,Athlete,Sports,Oregon,United States,22,≤25,21.0,7.0,3,0.9911262867702054,0.08562517447237919,800000.0,68500.13957790335,2,,0.45454545454545453,1.0
22,1,Von Miller,Witney Carson,Athlete,Sports,Texas,United States,27,26-35,21.0,7.0,3,0.993089589165767,0.08562517295575447,800000.0,68500.13836460358,7,7.0,0.45454545454545453,1.0
22,1,Marla Maples,Tony Dovolani,TV Personality,Media,Georgia,United States,52,46-55,21.0,7.0,3,0.9931385146222982,0.08562517241206002,800000.0,68500.13792964802,10,4.0,0.45454545454545453,1.0
22,1,Jodie Sweetin,Keo Motsepe,Actor/Actress,Entertainment,California,United States,34,26-35,20.0,6.666666666666667,3,0.9930642417067385,0.08369290607424175,800000.0,66954.3248593934,6,8.0,0.2727272727272727,1.0
22,1,Kim Fields,Sasha Farber,Actor/Actress,Entertainment,New York,United States,46,46-55,20.0,6.666666666666667,3,0.991856907474437,0.08369290607424175,800000.0,66954.3248593934,8,7.0,0.2727272727272727,1.0
22,1,Mischa Barton,Artem Chigvintsev,Actor/Actress,Entertainment,Unknown,England,30,26-35,16.0,5.333333333333333,3,0.9868109060719221,0.07619954932993572,800000.0,60959.63946394858,11,3.0,0.18181818181818182,1.0
22,1,Doug Flutie,Karina Smirnoff,Athlete,Sports,Maryland,United States,53,46-55,15.0,5.0,3,0.9790367779555937,0.07438546240219296,800000.0,59508.36992175437,9,6.0,0.09090909090909091,1.0
22,1,Geraldo Rivera,Edyta Sliwinska,Journalist,Media,New York,United States,72,>55,13.0,4.333333333333333,3,0.9792016980656123,0.07083879038557818,800000.0,56671.03230846254,12,2.0,0.0,1.0
22,2,Wanya Morris,Lindsay Arnold,Singer/Rapper,Entertainment,Pennsylvania,United States,42,36-45,24.0,8.0,3,0.9946082942214273,0.09179485979624048,866666.6592592602,79555.5444767799,4,9.0,0.9090909090909091,1.0
22,2,Paige VanZant,Mark Ballas,Athlete,Sports,Oregon,United States,22,≤25,24.0,8.0,3,0.9957110866783044,0.0917948593607163,866666.6592592602,79555.54409932562,2,,0.9090909090909091,3.0
22,2,Ginger Zee,Valentin Chmerkovskiy,News Anchor,Media,California,United States,35,26-35,21.0,7.0,3,0.9932893583334145,0.08581378144219215,866666.6592592602,74371.94328090896,3,,0.7272727272727273,-2.0
22,2,Jodie Sweetin,Keo Motsepe,Actor/Actress,Entertainment,California,United States,34,26-35,21.0,7.0,3,0.9938814904812636,0.08581378144219215,866666.6592592602,74371.94328090896,6,8.0,0.7272727272727273,1.0
22,2,Nyle DiMarco,Peta Murgatroyd,Model,Model,New York,United States,26,26-35,20.0,6.666666666666667,3,0.9969889641698798,0.08386605277105923,866666.6592592602,72683.91178035471,1,,0.36363636363636365,-3.0
22,2,Von Miller,Witney Carson,Athlete,Sports,Texas,United States,27,26-35,20.0,6.666666666666667,3,0.9876619384749695,0.08386605217201877,866666.6592592602,72683.91126118632,7,7.0,0.36363636363636365,-1.0
22,2,Doug Flutie,Karina Smirnoff,Athlete,Sports,Maryland,United States,53,46-55,20.0,6.666666666666667,3,0.9828049818468394,0.0838660520112545,866666.6592592602,72683.9111218573,9,6.0,0.36363636363636365,5.0
22,2,Marla Maples,Tony Dovolani,TV Personality,Media,Georgia,United States,52,46-55,20.0,6.666666666666667,3,0.9884835794643878,0.0838660520112545,866666.6592592602,72683.9111218573,10,4.0,0.36363636363636365,-1.0
22,2,Antonio Brown,Sharna Burgess,Athlete,Sports,Florida,United States,27,26-35,19.0,6.333333333333333,3,0.970918992667076,0.08194257075637484,866666.6592592602,71016.89404854293,5,9.0,0.18181818181818182,-2.0
22,2,Kim Fields,Sasha Farber,Actor/Actress,Entertainment,New York,United States,46,46-55,19.0,6.333333333333333,3,0.955110827639669,0.08194257067193822,866666.6592592602,71016.89397536452,8,7.0,0.18181818181818182,-1.0
22,2,Mischa Barton,Artem Chigvintsev,Actor/Actress,Entertainment,Unknown,England,30,26-35,15.0,5.0,3,0.9522545002488974,0.07450180744602256,866666.6592592602,64568.23256802104,11,3.0,0.09090909090909091,-1.0
22,2,Geraldo Rivera,Edyta Sliwinska,Journalist,Media,New York,United States,72,>55,13.0,4.333333333333333,3,0.13609842025162633,0.07093156011873626,866666.6592592602,61474.018244152525,12,2.0,0.0,0.0
22,3,Nyle DiMarco,Peta Murgatroyd,Model,Model,New York,United States,26,26-35,25.0,8.333333333333334,3,0.9982383148245021,0.09793572520947048,933333.3185185202,91406.67541127298,1,,1.0,1.0
22,3,Wanya Morris,Lindsay Arnold,Singer/Rapper,Entertainment,Pennsylvania,United States,42,36-45,24.0,8.0,3,0.9956770115231943,0.0958645875619594,933333.3185185202,89473.61363761283,4,9.0,0.9,0.5
22,3,Jodie Sweetin,Keo Motsepe,Actor/Actress,Entertainment,California,United States,34,26-35,23.0,7.666666666666667,3,0.9964695357471283,0.0938119337053095,933333.3185185202,87557.80340181594,6,8.0,0.7,1.5
22,3,Paige VanZant,Mark Ballas,Athlete,Sports,Oregon,United States,22,≤25,23.0,7.666666666666667,3,0.9955616485465034,0.09381193370529547,933333.3185185202,87557.80340180284,2,,0.7,1.0
22,3,Kim Fields,Sasha Farber,Actor/Actress,Entertainment,New York,United States,46,46-55,22.0,7.333333333333333,3,0.976494535157064,0.09177988708695124,933333.3185185202,85661.22658811929,8,7.0,0.6,1.0
22,3,Ginger Zee,Valentin Chmerkovskiy,News Anchor,Media,California,United States,35,26-35,21.0,7.0,3,0.9752230014481933,0.08977121070345333,933333.3185185202,83786.4619932794,3,,0.4,-1.0
22,3,Marla Maples,Tony Dovolani,TV Personality,Media,Georgia,United States,52,46-55,21.0,7.0,3,0.9853157697336161,0.08977121070345333,933333.3185185202,83786.4619932794,10,4.0,0.4,0.0
22,3,Von Miller,Witney Carson,Athlete,Sports,Texas,United States,27,26-35,20.0,6.666666666666667,3,0.9801656451459422,0.08778942793402585,933333.3185185202,81936.79810450682,7,7.0,0.1,-0.5
22,3,Antonio Brown,Sharna Burgess,Athlete,Sports,Florida,United States,27,26-35,20.0,6.666666666666667,3,0.9421166371175033,0.08778942236642268,933333.3185185202,81936.79290807727,5,9.0,0.1,-0.5
22,3,Doug Flutie,Karina Smirnoff,Athlete,Sports,Maryland,United States,53,46-55,20.0,6.666666666666667,3,0.978198388864888,0.08778942236642268,933333.3185185202,81936.79290807727,9,6.0,0.1,2.5
22,3,Mischa Barton,Artem Chigvintsev,Actor/Actress,Entertainment,Unknown,England,30,26-35,18.0,6.0,3,0.23387356893409636,0.08388523865723609,933333.3185185202,78292.88817067622,11,3.0,0.0,1.0
22,4,Paige VanZant,Mark Ballas,Athlete,Sports,Oregon,United States,22,≤25,36.0,9.0,4,0.9955571668469507,0.10640597086920187,999999.9777777803,106405.968504625,2,,0.8888888888888888,6.0
22,4,Ginger Zee,Valentin Chmerkovskiy,News Anchor,Media,California,United States,35,26-35,36.0,9.0,4,0.9957367943739351,0.10640596990507602,999999.9777777803,106405.96754049917,3,,0.8888888888888888,7.5
22,4,Wanya Morris,Lindsay Arnold,Singer/Rapper,Entertainment,Pennsylvania,United States,42,36-45,35.0,8.75,4,0.9945813722021051,0.10479961526224582,999999.9777777803,104799.61293336574,4,9.0,0.6666666666666666,5.5
22,4,Antonio Brown,Sharna Burgess,Athlete,Sports,Florida,United States,27,26-35,35.0,8.75,4,0.991866447615812,0.10479961388919337,999999.9777777803,104799.61156031332,5,9.0,0.6666666666666666,8.0
22,4,Nyle DiMarco,Peta Murgatroyd,Model,Model,New York,United States,26,26-35,34.0,8.5,4,0.9984061355010191,0.10320351225448178,999999.9777777803,103203.50996107065,1,,0.5555555555555556,7.0
22,4,Von Miller,Witney Carson,Athlete,Sports,Texas,United States,27,26-35,32.0,8.0,4,0.9722834612472396,0.10004275809724603,999999.9777777803,100042.75587407388,7,7.0,0.3333333333333333,6.0
22,4,Kim Fields,Sasha Farber,Actor/Actress,Entertainment,New York,United States,46,46-55,32.0,8.0,4,0.9808859268994453,0.10004275599232099,999999.9777777803,100042.75376914888,8,7.0,0.3333333333333333,6.5
22,4,Doug Flutie,Karina Smirnoff,Athlete,Sports,Maryland,United States,53,46-55,24.0,6.0,4,0.8588420767087062,0.09724448800635811,999999.9777777803,97244.48584536974,9,6.0,0.0,2.0
22,4,Jodie Sweetin,Keo Motsepe,Actor/Actress,Entertainment,California,United States,34,26-35,27.0,6.75,4,0.9717528938814185,0.09235002516993451,999999.9777777803,92350.02311771196,6,8.0,0.1111111111111111,3.0
22,4,Marla Maples,Tony Dovolani,TV Personality,Media,Georgia,United States,52,46-55,28.0,7.0,4,0.19293843522626178,0.08470529055394169,999999.9777777803,84705.2886716021,10,4.0,0.2222222222222222,4.0
22,5,Nyle DiMarco,Peta Murgatroyd,Model,Model,New York,United States,26,26-35,37.0,9.25,4,0.9982743971046872,0.12339746572245833,1066666.6370370404,131623.9597810681,1,,1.0,6.0
22,5,Jodie Sweetin,Keo Motsepe,Actor/Actress,Entertainment,California,United States,34,26-35,35.0,8.75,4,0.9945456886932704,0.11943468931120074,1066666.6370370404,127396.99839314226,6,8.0,0.875,6.0
22,5,Ginger Zee,Valentin Chmerkovskiy,News Anchor,Media,California,United States,35,26-35,32.0,8.0,4,0.9958456940059662,0.11358579459216737,1066666.6370370404,121158.17753280723,3,,0.75,5.5
22,5,Paige VanZant,Mark Ballas,Athlete,Sports,Oregon,United States,22,≤25,31.0,7.75,4,0.9938898120213073,0.11166388493318745,1066666.6370370404,119108.1406201741,2,,0.625,4.0
22,5,Wanya Morris,Lindsay Arnold,Singer/Rapper,Entertainment,Pennsylvania,United States,42,36-45,30.0,7.5,4,0.9871204040573529,0.10975717662112171,1066666.6370370404,117074.31847713237,4,9.0,0.5,3.0
22,5,Von Miller,Witney Carson,Athlete,Sports,Texas,United States,27,26-35,29.0,7.25,4,0.9803500150827718,0.10786672205183179,1066666.6370370404,115057.83365923658,7,7.0,0.375,4.5
22,5,Doug Flutie,Karina Smirnoff,Athlete,Sports,Maryland,United States,53,46-55,28.0,7.0,4,0.9422371529556144,0.10599378743465966,1066666.6370370404,113060.03678974733,9,6.0,0.125,4.0
22,5,Kim Fields,Sasha Farber,Actor/Actress,Entertainment,New York,United States,46,46-55,28.0,7.0,4,0.9742352015380541,0.10599378655176254,1066666.6370370404,113060.03584799044,8,7.0,0.125,3.0
22,5,Antonio Brown,Sharna Burgess,Athlete,Sports,Florida,United States,27,26-35,26.0,6.5,4,0.9679102518654885,0.1023066927816105,1066666.6370370404,109127.13593574213,5,9.0,0.0,3.0
22,6,Wanya Morris,Lindsay Arnold,Singer/Rapper,Entertainment,Pennsylvania,United States,42,36-45,29.0,9.666666666666666,3,0.9952349933061522,0.1199640902444957,1133333.2962963006,135959.2978339812,4,9.0,1.0,-3.0
22,6,Paige VanZant,Mark Ballas,Athlete,Sports,Oregon,United States,22,≤25,28.0,9.333333333333334,3,0.9959558188485824,0.11757879653197675,1133333.2962963006,133255.96504813724,2,,0.875,-4.0
22,6,Antonio Brown,Sharna Burgess,Athlete,Sports,Florida,United States,27,26-35,27.0,9.0,3,0.9920482242215227,0.11521189285877591,1133333.2962963006,130573.47430617272,5,9.0,0.75,-4.0
22,6,Jodie Sweetin,Keo Motsepe,Actor/Actress,Entertainment,California,United States,34,26-35,25.0,8.333333333333334,3,0.9869576311793944,0.1105373613825283,1133333.2962963006,125275.6721395562,6,8.0,0.5,-1.0
22,6,Nyle DiMarco,Peta Murgatroyd,Model,Model,New York,United States,26,26-35,25.0,8.333333333333334,3,0.9972319602479411,0.1105373613825283,1133333.2962963006,125275.6721395562,1,,0.5,-4.5
22,6,Ginger Zee,Valentin Chmerkovskiy,News Anchor,Media,California,United States,35,26-35,24.0,8.0,3,0.9805377840456251,0.10823252276015798,1133333.2962963006,122663.52178623421,3,,0.125,-6.0
22,6,Kim Fields,Sasha Farber,Actor/Actress,Entertainment,New York,United States,46,46-55,24.0,8.0,3,0.9273248381757777,0.10823252276015798,1133333.2962963006,122663.52178623421,8,7.0,0.125,-4.0
22,6,Von Miller,Witney Carson,Athlete,Sports,Texas,United States,27,26-35,24.0,8.0,3,0.9796015813846558,0.10823252276015798,1133333.2962963006,122663.52178623421,7,7.0,0.125,-4.0
22,6,Doug Flutie,Karina Smirnoff,Athlete,Sports,Maryland,United States,53,46-55,21.0,7.0,3,0.14684725564482348,0.10147292931922125,1133333.2962963006,115002.64947019455,9,6.0,0.0,-1.5
22,7,Nyle DiMarco,Peta Murgatroyd,Model,Model,New York,United States,26,26-35,28.0,9.333333333333334,3,0.9960051298120444,0.12826154622133268,1199999.9555555605,153913.8497650867,1,,1.0,-4.5
22,7,Ginger Zee,Valentin Chmerkovskiy,News Anchor,Media,California,United States,35,26-35,27.5,9.166666666666666,3,0.9333828183486219,0.12693751825603455,1199999.9555555605,152325.0162655746,3,,0.5714285714285714,-2.25
22,7,Paige VanZant,Mark Ballas,Athlete,Sports,Oregon,United States,22,≤25,27.5,9.166666666666666,3,0.9860461706664134,0.12693751825603455,1199999.9555555605,152325.0162655746,2,,0.5714285714285714,-1.75
22,7,Wanya Morris,Lindsay Arnold,Singer/Rapper,Entertainment,Pennsylvania,United States,42,36-45,27.5,9.166666666666666,3,0.9860857724295762,0.12693751825603455,1199999.9555555605,152325.0162655746,4,9.0,0.5714285714285714,-1.25
22,7,Jodie Sweetin,Keo Motsepe,Actor/Actress,Entertainment,California,United States,34,26-35,25.5,8.5,3,0.9477493203533043,0.12358495389088736,1199999.9555555605,148301.93917640083,6,8.0,0.0,-4.75
22,7,Antonio Brown,Sharna Burgess,Athlete,Sports,Florida,United States,27,26-35,26.0,8.666666666666666,3,0.9032422857785838,0.12304622107624723,1199999.9555555605,147655.45982277635,5,9.0,0.14285714285714285,0.0
22,7,Von Miller,Witney Carson,Athlete,Sports,Texas,United States,27,26-35,26.0,8.666666666666666,3,0.24713977232764298,0.12304622107624723,1199999.9555555605,147655.45982277635,7,7.0,0.14285714285714285,-1.5
22,7,Kim Fields,Sasha Farber,Actor/Actress,Entertainment,New York,United States,46,46-55,26.0,8.666666666666666,3,0.10019374420701715,0.12124850296718177,1199999.9555555605,145498.19817179636,8,7.0,0.14285714285714285,-1.0
22,8,Wanya Morris,Lindsay Arnold,Singer/Rapper,Entertainment,Pennsylvania,United States,42,36-45,25.0,8.333333333333334,3,0.9244859625396306,0.1774751416032732,1266666.6148148207,224801.83682839904,4,9.0,0.0,-2.0
22,8,Ginger Zee,Valentin Chmerkovskiy,News Anchor,Media,California,United States,35,26-35,30.0,10.0,3,0.9682362644720892,0.1733920936474713,1266666.6148148207,219629.97629609684,3,,0.8,3.0
22,8,Nyle DiMarco,Peta Murgatroyd,Model,Model,New York,United States,26,26-35,29.0,9.666666666666666,3,0.9937339075078392,0.16965521382913282,1266666.6148148207,214896.59538663222,1,,0.6,2.0
22,8,Paige VanZant,Mark Ballas,Athlete,Sports,Oregon,United States,22,≤25,28.0,9.333333333333334,3,0.9815545251503629,0.1659473336757755,1266666.6148148207,210199.94738464005,2,,0.4,0.0
22,8,Antonio Brown,Sharna Burgess,Athlete,Sports,Florida,United States,27,26-35,27.0,9.0,3,0.8855786367200358,0.16564090386622804,1266666.6148148207,209811.8029751022,5,9.0,0.2,0.0
22,8,Jodie Sweetin,Keo Motsepe,Actor/Actress,Entertainment,California,United States,34,26-35,30.0,10.0,3,0.23997193963396507,0.14788931337811914,1266666.6148148207,187326.45594395034,6,8.0,0.8,2.5
22,9,Wanya Morris,Lindsay Arnold,Singer/Rapper,Entertainment,Pennsylvania,United States,42,36-45,30.0,10.0,3,0.28478903735642763,0.20604769136569595,1333333.2740740809,274730.2429440291,4,9.0,1.0,1.25
22,9,Paige VanZant,Mark Ballas,Athlete,Sports,Oregon,United States,22,≤25,29.5,9.833333333333334,3,0.9172634096596224,0.2037140641030065,1333333.2740740809,271618.74006539886,2,,0.75,1.0
22,9,Nyle DiMarco,Peta Murgatroyd,Model,Model,New York,United States,26,26-35,28.5,9.5,3,0.9693313740565312,0.19906262474046488,1333333.2740740809,265416.82119098416,1,,0.5,0.25
22,9,Ginger Zee,Valentin Chmerkovskiy,News Anchor,Media,California,United States,35,26-35,28.0,9.333333333333334,3,0.9569419731348879,0.1967444809515548,1333333.2740740809,262325.9629431422,3,,0.25,0.25
22,9,Antonio Brown,Sharna Burgess,Athlete,Sports,Florida,United States,27,26-35,27.5,9.166666666666666,3,0.26734126272733993,0.1944311388392777,1333333.2740740809,259241.50693052632,5,9.0,0.0,0.75
22,10,Paige VanZant,Mark Ballas,Athlete,Sports,Oregon,United States,22,≤25,29.666600000000003,9.888866666666669,3,0.8693006518392968,0.3392314885270497,1399999.9333333408,474924.0613224396,2,,1.0,0.8333000000000013
22,10,Nyle DiMarco,Peta Murgatroyd,Model,Model,New York,United States,26,26-35,28.9998,9.6666,3,0.9659315446910945,0.33332609900035776,1399999.9333333408,466656.5163787634,1,,0.5,-9.999999999976694e-05
22,10,Ginger Zee,Valentin Chmerkovskiy,News Anchor,Media,California,United States,35,26-35,28.3332,9.4444,3,0.44584296010255636,0.3274424124725927,1399999.9333333408,458419.3556321381,3,,0.0,-0.8333999999999993
23,1,James Hinchcliffe,Sharna Burgess,Racing Driver,Sports,Unknown,Canada,29,26-35,31.0,7.75,4,0.9968292093328739,0.08445893798460259,800000.0,67567.15038768208,2,,0.9166666666666666,1.0
23,1,Laurie Hernandez,Valentin Chmerkovskiy,Athlete,Sports,New Jersey,United States,16,≤25,31.0,7.75,4,0.9969551065616087,0.08445893798460259,800000.0,67567.15038768208,1,,0.9166666666666666,1.0
23,1,Jana Kramer,Gleb Savchenko,Singer/Rapper,Entertainment,Michigan,United States,32,26-35,27.0,6.75,4,0.9966526872434618,0.07900735079375672,800000.0,63205.88063500537,4,11.0,0.75,1.0
23,1,Marilu Henner,Derek Hough,Actor/Actress,Entertainment,Illinois,United States,64,>55,27.0,6.75,4,0.9979108425862745,0.07900735079375672,800000.0,63205.88063500537,6,9.0,0.75,1.0
23,1,Babyface,Allison Holker,Singer/Rapper,Entertainment,Indiana,United States,57,>55,26.0,6.5,4,0.9956465348941305,0.07767517266685274,800000.0,62140.13813348219,11,4.0,0.5833333333333334,1.0
23,1,Calvin Johnson Jr.,Lindsay Arnold,Athlete,Sports,Georgia,United States,30,26-35,26.0,6.5,4,0.9965452491698475,0.07767517266685274,800000.0,62140.13813348219,3,,0.5833333333333334,1.0
23,1,Terra Jole,Sasha Farber,TV Personality,Media,Texas,United States,36,36-45,25.0,6.25,4,0.9886586063582679,0.07635580057301436,800000.0,61084.640458411486,5,10.0,0.4166666666666667,1.0
23,1,Vanilla Ice,Witney Carson,Singer/Rapper,Entertainment,Texas,United States,48,46-55,25.0,6.25,4,0.9849686765867058,0.07635580057301436,800000.0,61084.640458411486,10,4.0,0.4166666666666667,1.0
23,1,Amber Rose,Maksim Chmerkoskiy,Model,Model,Pennsylvania,United States,32,26-35,24.0,6.0,4,0.9935892396816426,0.07504942590302079,800000.0,60039.54072241663,9,6.0,0.25,1.0
23,1,Ryan Lochte,Cheryl Burke,Athlete,Sports,New York,United States,32,26-35,24.0,6.0,4,0.9877669549421245,0.07504942590302079,800000.0,60039.54072241663,7,8.0,0.25,1.0
23,1,Jake T. Austin,Jenna Johnson,Actor/Actress,Entertainment,New York,United States,21,≤25,22.0,5.5,4,0.9665531631261576,0.07247603367645694,800000.0,57980.82694116556,13,2.0,0.08333333333333333,1.0
23,1,Maureen McCormick,Artem Chigvintsev,Actor/Actress,Entertainment,California,United States,60,>55,22.0,5.5,4,0.9869180974393236,0.07247603253933771,800000.0,57980.82603147017,8,7.0,0.08333333333333333,1.0
23,1,Rick Perry,Emma Slater,Politician,Other,Texas,United States,66,>55,20.0,5.0,4,0.978060381951925,0.06995455794171092,800000.0,55963.646353368735,12,3.0,0.0,1.0
23,2,Laurie Hernandez,Valentin Chmerkovskiy,Athlete,Sports,New Jersey,United States,16,≤25,32.0,8.0,4,0.9960631458372609,0.08308379947784969,859999.9940000006,71452.067052448,1,,1.0,1.0
23,2,Terra Jole,Sasha Farber,TV Personality,Media,Texas,United States,36,36-45,31.0,7.75,4,0.9963533962246333,0.08180016833158307,859999.9940000006,70348.14427436049,5,10.0,0.9166666666666666,6.0
23,2,Babyface,Allison Holker,Singer/Rapper,Entertainment,Indiana,United States,57,>55,30.0,7.5,4,0.9965948440130584,0.08052728269986983,859999.9940000006,69253.4626387244,11,4.0,0.8333333333333334,4.0
23,2,James Hinchcliffe,Sharna Burgess,Racing Driver,Sports,Unknown,Canada,29,26-35,29.0,7.25,4,0.9956423487029017,0.07926532617591281,859999.9940000006,68168.1800356931,2,,0.6666666666666666,-2.0
23,2,Jana Kramer,Gleb Savchenko,Singer/Rapper,Entertainment,Michigan,United States,32,26-35,29.0,7.25,4,0.9945983047984162,0.07926532617591281,859999.9940000006,68168.1800356931,4,11.0,0.6666666666666666,2.0
23,2,Calvin Johnson Jr.,Lindsay Arnold,Athlete,Sports,Georgia,United States,30,26-35,28.0,7.0,4,0.997049015272607,0.0780144777436353,859999.9940000006,67092.45039143955,3,,0.5833333333333334,2.0
23,2,Marilu Henner,Derek Hough,Actor/Actress,Entertainment,Illinois,United States,64,>55,27.0,6.75,4,0.9961434009634461,0.07677490601116796,859999.9940000006,66026.41870895505,6,9.0,0.5,0.0
23,2,Maureen McCormick,Artem Chigvintsev,Actor/Actress,Entertainment,California,United States,60,>55,26.0,6.5,4,0.9532169156222554,0.0755467286039538,859999.9940000006,64970.186146119944,8,7.0,0.3333333333333333,4.0
23,2,Vanilla Ice,Witney Carson,Singer/Rapper,Entertainment,Texas,United States,48,46-55,26.0,6.5,4,0.9633452683629995,0.07554672822439408,859999.9940000006,64970.185819698585,10,4.0,0.3333333333333333,1.0
23,2,Rick Perry,Emma Slater,Politician,Other,Texas,United States,66,>55,22.0,5.5,4,0.9192498820635263,0.07480393126503691,859999.9940000006,64331.38043910821,12,3.0,0.0,2.0
23,2,Ryan Lochte,Cheryl Burke,Athlete,Sports,New York,United States,32,26-35,24.0,6.0,4,0.9778286117496355,0.07312460971272386,859999.9940000006,62887.163914194905,7,8.0,0.08333333333333333,0.0
23,2,Amber Rose,Maksim Chmerkoskiy,Model,Model,Pennsylvania,United States,32,26-35,24.0,6.0,4,0.9913916754583693,0.07312460816021292,859999.9940000006,62887.16257903551,9,6.0,0.08333333333333333,0.0
23,2,Jake T. Austin,Jenna Johnson,Actor/Actress,Entertainment,New York,United States,21,≤25,24.0,6.0,4,0.4163921147161955,0.069122107417747,859999.9940000006,59445.011964529825,13,2.0,0.08333333333333333,2.0
23,3,Calvin Johnson Jr.,Lindsay Arnold,Athlete,Sports,Georgia,United States,30,26-35,32.0,8.0,4,0.9972551493654745,0.09030801381444184,919999.9880000013,83083.37162559044,3,,1.0,3.0
23,3,Laurie Hernandez,Valentin Chmerkovskiy,Athlete,Sports,New Jersey,United States,16,≤25,31.0,7.75,4,0.9967753024991514,0.08885424937297337,919999.9880000013,81745.90835688463,1,,0.9090909090909091,0.0
23,3,Terra Jole,Sasha Farber,TV Personality,Media,Texas,United States,36,36-45,30.0,7.5,4,0.9961579669580867,0.08741262934517449,919999.9880000013,80419.6179486091,5,10.0,0.8181818181818182,2.5
23,3,James Hinchcliffe,Sharna Burgess,Racing Driver,Sports,Unknown,Canada,29,26-35,29.0,7.25,4,0.9957380142332249,0.08598338579689192,919999.9880000013,79104.71390134004,2,,0.7272727272727273,-1.0
23,3,Marilu Henner,Derek Hough,Actor/Actress,Entertainment,Illinois,United States,64,>55,28.0,7.0,4,0.9975291692975184,0.08456673481608326,919999.9880000013,77801.39501599589,6,9.0,0.5454545454545454,0.5
23,3,Maureen McCormick,Artem Chigvintsev,Actor/Actress,Entertainment,California,United States,60,>55,28.0,7.0,4,0.9974030752133802,0.08456673481608326,919999.9880000013,77801.39501599589,8,7.0,0.5454545454545454,3.0
23,3,Jana Kramer,Gleb Savchenko,Singer/Rapper,Entertainment,Michigan,United States,32,26-35,26.0,6.5,4,0.9817056964575429,0.08177192376642106,919999.9880000013,75230.1688838444,4,11.0,0.45454545454545453,-0.5
23,3,Ryan Lochte,Cheryl Burke,Athlete,Sports,New York,United States,32,26-35,25.0,6.25,4,0.9610230629333406,0.08039400278369098,919999.9880000013,73962.48159626777,7,8.0,0.18181818181818182,0.5
23,3,Amber Rose,Maksim Chmerkoskiy,Model,Model,Pennsylvania,United States,32,26-35,25.0,6.25,4,0.9910483179209485,0.08039400277520312,919999.9880000013,73962.48158845893,9,6.0,0.18181818181818182,0.5
23,3,Babyface,Allison Holker,Singer/Rapper,Entertainment,Indiana,United States,57,>55,25.0,6.25,4,0.978530543403268,0.08039400277520312,919999.9880000013,73962.48158845893,11,4.0,0.18181818181818182,-0.5
23,3,Vanilla Ice,Witney Carson,Singer/Rapper,Entertainment,Texas,United States,48,46-55,23.0,5.75,4,0.7836988718513318,0.07767715996891984,919999.9880000013,71462.98623928044,10,4.0,0.0,-1.0
23,3,Rick Perry,Emma Slater,Politician,Other,Texas,United States,66,>55,23.0,5.75,4,0.24208571130228634,0.07767715996891372,919999.9880000013,71462.9862392748,12,3.0,0.0,1.5
23,4,Laurie Hernandez,Valentin Chmerkovskiy,Athlete,Sports,New Jersey,United States,16,≤25,30.0,10.0,3,0.9948876685201969,0.10263031800628222,979999.9820000018,100577.70979881105,1,,1.0,-1.0
23,4,James Hinchcliffe,Sharna Burgess,Racing Driver,Sports,Unknown,Canada,29,26-35,28.0,9.333333333333334,3,0.9960005252842494,0.09878694014291373,979999.9820000018,96811.19956189071,2,,0.9,-0.5
23,4,Terra Jole,Sasha Farber,TV Personality,Media,Texas,United States,36,36-45,25.0,8.333333333333334,3,0.9939383317286268,0.09315629557001684,979999.9820000018,91293.16798180336,5,10.0,0.8,-3.0
23,4,Amber Rose,Maksim Chmerkoskiy,Model,Model,Pennsylvania,United States,32,26-35,24.0,8.0,3,0.9966034037010408,0.09131685392093038,979999.9820000018,89490.51519880857,9,6.0,0.6,0.0
23,4,Maureen McCormick,Artem Chigvintsev,Actor/Actress,Entertainment,California,United States,60,>55,24.0,8.0,3,0.989894606018019,0.09131685392093038,979999.9820000018,89490.51519880857,8,7.0,0.6,-1.0
23,4,Calvin Johnson Jr.,Lindsay Arnold,Athlete,Sports,Georgia,United States,30,26-35,23.0,7.666666666666667,3,0.9779145730945107,0.08949673691729537,979999.9820000018,87706.80056800836,3,,0.3,-2.5
23,4,Jana Kramer,Gleb Savchenko,Singer/Rapper,Entertainment,Michigan,United States,32,26-35,23.0,7.666666666666667,3,0.9774974104934702,0.08949673691729537,979999.9820000018,87706.80056800836,4,11.0,0.3,-3.0
23,4,Vanilla Ice,Witney Carson,Singer/Rapper,Entertainment,Texas,United States,48,46-55,23.0,7.666666666666667,3,0.43036465211521946,0.08949673670555208,979999.9820000018,87706.80036049994,10,4.0,0.3,-1.5
23,4,Ryan Lochte,Cheryl Burke,Athlete,Sports,New York,United States,32,26-35,22.0,7.333333333333333,3,0.9731502741108853,0.08769621582528773,979999.9820000018,85942.28993025025,7,8.0,0.2,-1.0
23,4,Marilu Henner,Derek Hough,Actor/Actress,Entertainment,Illinois,United States,64,>55,21.0,7.0,3,0.9860778318002594,0.0859154574685111,979999.9820000018,84197.1467726628,6,9.0,0.1,-3.0
23,4,Babyface,Allison Holker,Singer/Rapper,Entertainment,Indiana,United States,57,>55,18.0,6.0,3,0.08829072858413849,0.08069085460498493,979999.9820000018,79077.03606045,11,4.0,0.0,-6.0
23,5,James Hinchcliffe,Sharna Burgess,Racing Driver,Sports,Unknown,Canada,29,26-35,29.0,9.666666666666666,3,0.9957295914024406,0.11908797914789164,1039999.9760000025,123851.4954556961,2,,1.0,0.0
23,5,Marilu Henner,Derek Hough,Actor/Actress,Entertainment,Illinois,United States,64,>55,27.0,9.0,3,0.9905742760858237,0.11440473975662785,1039999.9760000025,118980.9266011795,6,9.0,0.75,-0.5
23,5,Terra Jole,Sasha Farber,TV Personality,Media,Texas,United States,36,36-45,27.0,9.0,3,0.9944598787034842,0.11440473975662785,1039999.9760000025,118980.9266011795,5,10.0,0.75,-1.5
23,5,Jana Kramer,Gleb Savchenko,Singer/Rapper,Entertainment,Michigan,United States,32,26-35,26.0,8.666666666666666,3,0.9738205917091407,0.11209803290326656,1039999.9760000025,116581.9515290447,4,11.0,0.625,0.0
23,5,Laurie Hernandez,Valentin Chmerkovskiy,Athlete,Sports,New Jersey,United States,16,≤25,25.0,8.333333333333334,3,0.9929670566757685,0.10981294964452414,1039999.9760000025,114205.46499479459,1,,0.5,-3.0
23,5,Amber Rose,Maksim Chmerkoskiy,Model,Model,Pennsylvania,United States,32,26-35,24.0,8.0,3,0.9850997262177931,0.10754788969776548,1039999.9760000025,111849.80270452701,9,6.0,0.0,-0.5
23,5,Calvin Johnson Jr.,Lindsay Arnold,Athlete,Sports,Georgia,United States,30,26-35,24.0,8.0,3,0.9627013971816044,0.10754788969776548,1039999.9760000025,111849.80270452701,3,,0.0,-4.0
23,5,Maureen McCormick,Artem Chigvintsev,Actor/Actress,Entertainment,California,United States,60,>55,24.0,8.0,3,0.9192295079000328,0.10754788969776548,1039999.9760000025,111849.80270452701,8,7.0,0.0,-2.0
23,5,Ryan Lochte,Cheryl Burke,Athlete,Sports,New York,United States,32,26-35,24.0,8.0,3,0.9096703648480529,0.10754788969776548,1039999.9760000025,111849.80270452701,7,8.0,0.0,-0.5
23,6,Jana Kramer,Gleb Savchenko,Singer/Rapper,Entertainment,Michigan,United States,32,26-35,40.0,10.0,4,0.9938801888902271,0.12177463611958131,1099999.970000003,133952.09607830073,4,11.0,1.0,8.5
23,6,James Hinchcliffe,Sharna Burgess,Racing Driver,Sports,Unknown,Canada,29,26-35,38.0,9.5,4,0.9949508388298816,0.11819772646724802,1099999.970000003,130017.49556804138,2,,0.875,5.0
23,6,Calvin Johnson Jr.,Lindsay Arnold,Athlete,Sports,Georgia,United States,30,26-35,37.0,9.25,4,0.9965461087079217,0.11642869119385191,1099999.970000003,128071.55682037672,3,,0.625,7.0
23,6,Laurie Hernandez,Valentin Chmerkovskiy,Athlete,Sports,New Jersey,United States,16,≤25,37.0,9.25,4,0.9951355139193513,0.11642869119385191,1099999.970000003,128071.55682037672,1,,0.625,3.5
23,6,Marilu Henner,Derek Hough,Actor/Actress,Entertainment,Illinois,United States,64,>55,34.0,8.5,4,0.9948145205748627,0.11119874822240595,1099999.970000003,122318.61970868443,6,9.0,0.5,6.5
23,6,Maureen McCormick,Artem Chigvintsev,Actor/Actress,Entertainment,California,United States,60,>55,31.0,7.75,4,0.9794785677103173,0.10608170191396288,1099999.970000003,116689.86892290843,8,7.0,0.375,3.5
23,6,Ryan Lochte,Cheryl Burke,Athlete,Sports,New York,United States,32,26-35,30.0,7.5,4,0.9682172476161373,0.10440308208461278,1099999.970000003,114843.38716098192,7,8.0,0.125,4.0
23,6,Terra Jole,Sasha Farber,TV Personality,Media,Texas,United States,36,36-45,30.0,7.5,4,0.9536832783764616,0.10440001967446655,1099999.970000003,114840.01850991293,5,10.0,0.125,2.5
23,6,Amber Rose,Maksim Chmerkoskiy,Model,Model,Pennsylvania,United States,32,26-35,28.0,7.0,4,0.06656947215706045,0.10108670313001886,1099999.970000003,111195.37041041996,9,6.0,0.0,2.0
23,7,Calvin Johnson Jr.,Lindsay Arnold,Athlete,Sports,Georgia,United States,30,26-35,37.0,9.25,4,0.996326719341519,0.13018114477277595,1159999.9640000036,151010.12324989936,3,,0.8571428571428571,6.5
23,7,James Hinchcliffe,Sharna Burgess,Racing Driver,Sports,Unknown,Canada,29,26-35,37.0,9.25,4,0.9946572656624875,0.13018114477277595,1159999.9640000036,151010.12324989936,2,,0.8571428571428571,4.0
23,7,Jana Kramer,Gleb Savchenko,Singer/Rapper,Entertainment,Michigan,United States,32,26-35,34.5,8.625,4,0.9878363539726632,0.12511475032538805,1159999.9640000036,145133.10587331958,4,11.0,0.42857142857142855,4.25
23,7,Laurie Hernandez,Valentin Chmerkovskiy,Athlete,Sports,New Jersey,United States,16,≤25,34.5,8.625,4,0.9877219599397552,0.12511475032538805,1159999.9640000036,145133.10587331958,1,,0.42857142857142855,4.75
23,7,Terra Jole,Sasha Farber,TV Personality,Media,Texas,United States,36,36-45,34.5,8.625,4,0.9765171333883964,0.12511475032538805,1159999.9640000036,145133.10587331958,5,10.0,0.42857142857142855,3.75
23,7,Marilu Henner,Derek Hough,Actor/Actress,Entertainment,Illinois,United States,64,>55,32.0,8.0,4,0.9685099521404062,0.12291351278316952,1159999.9640000036,142579.67040359063,6,9.0,0.0,2.5
23,7,Ryan Lochte,Cheryl Burke,Athlete,Sports,New York,United States,32,26-35,33.0,8.25,4,0.7510148855734452,0.12209620159386779,1159999.9640000036,141631.58945342383,7,8.0,0.14285714285714285,4.5
23,7,Maureen McCormick,Artem Chigvintsev,Actor/Actress,Entertainment,California,United States,60,>55,33.0,8.25,4,0.1874011012402411,0.11928374510124652,1159999.9640000036,138369.14002323156,8,7.0,0.14285714285714285,4.5
23,8,James Hinchcliffe,Sharna Burgess,Racing Driver,Sports,Unknown,Canada,29,26-35,34.9998,11.6666,3,0.9912474047871225,0.1613406754997875,1219999.9580000043,196835.61733343307,2,,1.0,-1.5000999999999998
23,8,Laurie Hernandez,Valentin Chmerkovskiy,Athlete,Sports,New Jersey,United States,16,≤25,33.0,11.0,3,0.9916352996647269,0.1552433056994751,1219999.9580000043,189396.82643314142,1,,0.8333333333333334,-2.0
23,8,Calvin Johnson Jr.,Lindsay Arnold,Athlete,Sports,Georgia,United States,30,26-35,30.0,10.0,3,0.9958972697495815,0.14627221712860092,1219999.9580000043,178452.09875346062,3,,0.5,-3.5
23,8,Jana Kramer,Gleb Savchenko,Singer/Rapper,Entertainment,Michigan,United States,32,26-35,30.0,10.0,3,0.9932537756270776,0.14627156978949005,1219999.9580000043,178451.30899977256,4,11.0,0.5,-5.0
23,8,Marilu Henner,Derek Hough,Actor/Actress,Entertainment,Illinois,United States,64,>55,23.0,7.666666666666667,3,0.923522597996993,0.1369242491420278,1219999.9580000043,167047.57820245603,6,9.0,0.0,-5.5
23,8,Terra Jole,Sasha Farber,TV Personality,Media,Texas,United States,36,36-45,24.0,8.0,3,0.9697800919211024,0.13194913643518094,1219999.9580000043,160977.9409090576,5,10.0,0.16666666666666666,-3.0
23,8,Ryan Lochte,Cheryl Burke,Athlete,Sports,New York,United States,32,26-35,26.0,8.666666666666666,3,0.26430424178097556,0.12199884630543768,1219999.9580000043,148838.58736868296,7,8.0,0.3333333333333333,-2.0
23,9,Jana Kramer,Gleb Savchenko,Singer/Rapper,Entertainment,Michigan,United States,32,26-35,40.0,10.0,4,0.9700449869675227,0.1726506244946957,1279999.952000005,220992.79106598138,4,11.0,0.8,2.75
23,9,Laurie Hernandez,Valentin Chmerkovskiy,Athlete,Sports,New Jersey,United States,16,≤25,40.0,10.0,4,0.9927912108004777,0.1726506244946957,1279999.952000005,220992.79106598138,1,,0.8,2.75
23,9,Terra Jole,Sasha Farber,TV Personality,Media,Texas,United States,36,36-45,38.0,9.5,4,0.9024255792688877,0.1670934382933991,1279999.952000005,213879.59299506663,5,10.0,0.6,1.75
23,9,Calvin Johnson Jr.,Lindsay Arnold,Athlete,Sports,Georgia,United States,30,26-35,37.0,9.25,4,0.9528446024150142,0.16434878884040524,1279999.952000005,210366.44182697765,3,,0.4,0.0
23,9,James Hinchcliffe,Sharna Burgess,Racing Driver,Sports,Unknown,Canada,29,26-35,36.0,9.0,4,0.9600104729806144,0.16162826193978583,1279999.952000005,206884.16752477008,2,,0.0,-0.5
23,9,Marilu Henner,Derek Hough,Actor/Actress,Entertainment,Illinois,United States,64,>55,36.0,9.0,4,0.16236000334929024,0.16162826193701843,1279999.952000005,206884.16752122782,6,9.0,0.0,2.0
23,10,Calvin Johnson Jr.,Lindsay Arnold,Athlete,Sports,Georgia,United States,30,26-35,28.0,9.333333333333334,3,0.9372476943696063,0.20542126380187353,1339999.9460000054,275264.4824017634,3,,0.0,-1.0
23,10,Laurie Hernandez,Valentin Chmerkovskiy,Athlete,Sports,New Jersey,United States,16,≤25,30.0,10.0,3,0.9780037829340957,0.20317600336015987,1339999.9460000054,272255.83353111113,1,,0.75,-1.5
23,10,James Hinchcliffe,Sharna Burgess,Racing Driver,Sports,Unknown,Canada,29,26-35,29.5,9.833333333333334,3,0.9471935260060881,0.20089297707613582,1339999.9460000054,269196.5784338023,2,,0.5,-2.7499000000000002
23,10,Jana Kramer,Gleb Savchenko,Singer/Rapper,Entertainment,Michigan,United States,32,26-35,29.0,9.666666666666666,3,0.9694919831381394,0.19874038265145755,1339999.9460000054,266312.1020209735,4,11.0,0.25,-0.5
23,10,Terra Jole,Sasha Farber,TV Personality,Media,Texas,United States,36,36-45,30.0,10.0,3,0.23541362952620432,0.19176937311037315,1339999.9460000054,256970.9496123549,5,10.0,0.75,3.0
23,11,Laurie Hernandez,Valentin Chmerkovskiy,Athlete,Sports,New Jersey,United States,16,≤25,39.333200000000005,9.8333,4,0.9768426116201463,0.25604712348242076,1399999.940000006,358465.9575125632,1,,1.0,-0.3333999999999975
23,11,James Hinchcliffe,Sharna Burgess,Racing Driver,Sports,Unknown,Canada,29,26-35,38.9998,9.74995,4,0.9098232346831767,0.2544779658894763,1399999.940000006,356269.1369765904,2,,0.6666666666666666,1.4999000000000002
23,11,Calvin Johnson Jr.,Lindsay Arnold,Athlete,Sports,Georgia,United States,30,26-35,38.3331,9.583275,4,0.9455625648596079,0.25134631669103824,1399999.940000006,351884.828286676,3,,0.3333333333333333,0.6665500000000009
23,11,Jana Kramer,Gleb Savchenko,Singer/Rapper,Entertainment,Michigan,United States,32,26-35,35.5,8.875,4,0.8859661010510008,0.23812859393706468,1399999.940000006,333380.0172241763,4,11.0,0.0,-2.25
24,1,Simone Biles,Sasha Farber,Athlete,Sports,Ohio,United States,20,≤25,32.0,8.0,4,0.997675603533476,0.0938071163944906,800000.0,75045.69311559248,4,9.0,1.0,1.0
24,1,Rashad Jennings,Emma Slater,Athlete,Sports,Virginia,United States,32,26-35,31.0,7.75,4,0.9966276295526878,0.09220985268747318,800000.0,73767.88214997854,1,,0.9090909090909091,1.0
24,1,David Ross,Lindsay Arnold,Athlete,Sports,Georgia,United States,40,36-45,28.0,7.0,4,0.9976418046621462,0.08750852901930053,800000.0,70006.82321544042,2,,0.6363636363636364,1.0
24,1,Heather Morris,Maksim Chmerkoskiy,Actor/Actress,Entertainment,California,United States,30,26-35,28.0,7.0,4,0.9959158686423333,0.08750852901930053,800000.0,70006.82321544042,8,6.0,0.6363636363636364,1.0
24,1,Nancy Kerrigan,Artem Chigvintsev,Athlete,Sports,Massachusetts,United States,47,46-55,28.0,7.0,4,0.9967112669845821,0.08750852464359599,800000.0,70006.8197148768,7,7.0,0.6363636363636364,1.0
24,1,Normani,Valentin Chmerkovskiy,Singer/Rapper,Entertainment,Georgia,United States,20,≤25,27.0,6.75,4,0.9965719140460657,0.08597127629068196,800000.0,68777.02103254557,3,,0.5454545454545454,1.0
24,1,Erika Jayne,Gleb Savchenko,Singer/Rapper,Entertainment,Georgia,United States,45,36-45,24.0,6.0,4,0.9926639276853767,0.08144742342211886,800000.0,65157.93873769508,9,5.0,0.36363636363636365,1.0
24,1,Nick Viall,Peta Murgatroyd,TV Personality,Media,Wisconsin,United States,36,36-45,24.0,6.0,4,0.9910328134405036,0.08144742097358096,800000.0,65157.936778864765,6,7.0,0.36363636363636365,1.0
24,1,Bonner Bolton,Sharna Burgess,Athlete,Sports,Texas,United States,29,26-35,22.0,5.5,4,0.9881084492235445,0.0785039786469238,800000.0,62803.18291753904,5,8.0,0.2727272727272727,1.0
24,1,Charo,Keo Motsepe,Actor/Actress,Entertainment,Unknown,Spain,66,>55,21.0,5.25,4,0.9863435588650094,0.07705416068082091,800000.0,61643.32854465673,11,3.0,0.18181818181818182,1.0
24,1,Mr. T,Kym Herjavec,Actor/Actress,Entertainment,Illinois,United States,64,>55,20.0,5.0,4,0.9861049547873181,0.07561938600928172,800000.0,60495.50880742538,10,4.0,0.09090909090909091,1.0
24,1,Chris Kattan,Witney Carson,Comedian,Entertainment,California,United States,46,46-55,17.0,4.25,4,0.8777783885809533,0.07141380221243095,800000.0,57131.04176994476,12,2.0,0.0,1.0
24,2,Normani,Valentin Chmerkovskiy,Singer/Rapper,Entertainment,Georgia,United States,20,≤25,32.0,8.0,4,0.9948318255992948,0.08987048074367597,866666.6592592602,77887.74931214533,3,,0.9090909090909091,5.0
24,2,Rashad Jennings,Emma Slater,Athlete,Sports,Virginia,United States,32,26-35,32.0,8.0,4,0.9953540590501434,0.08987048074367597,866666.6592592602,77887.74931214533,1,,0.9090909090909091,1.0
24,2,Heather Morris,Maksim Chmerkoskiy,Actor/Actress,Entertainment,California,United States,30,26-35,30.0,7.5,4,0.994995573601026,0.087008565337127,866666.6592592602,75407.42264766892,8,6.0,0.8181818181818182,2.0
24,2,Simone Biles,Sasha Farber,Athlete,Sports,Ohio,United States,20,≤25,29.0,7.25,4,0.9974710116069375,0.08559577652873504,866666.6592592602,74183.00569086098,4,9.0,0.7272727272727273,-3.0
24,2,Bonner Bolton,Sharna Burgess,Athlete,Sports,Texas,United States,29,26-35,28.0,7.0,4,0.9871282424667953,0.08419538889518738,866666.6592592602,72969.33641882626,5,8.0,0.45454545454545453,6.0
24,2,Erika Jayne,Gleb Savchenko,Singer/Rapper,Entertainment,Georgia,United States,45,36-45,28.0,7.0,4,0.9943540906770592,0.08419538889518738,866666.6592592602,72969.33641882626,9,5.0,0.45454545454545453,4.0
24,2,Nancy Kerrigan,Artem Chigvintsev,Athlete,Sports,Massachusetts,United States,47,46-55,28.0,7.0,4,0.9946031889741228,0.08419538889518738,866666.6592592602,72969.33641882626,7,7.0,0.45454545454545453,0.0
24,2,David Ross,Lindsay Arnold,Athlete,Sports,Georgia,United States,40,36-45,27.0,6.75,4,0.992491888483968,0.08280758943918562,866666.6592592602,71766.5769005714,2,,0.36363636363636365,-1.0
24,2,Charo,Keo Motsepe,Actor/Actress,Entertainment,Unknown,Spain,66,>55,25.0,6.25,4,0.946332439953644,0.08007029072426447,866666.6592592602,69394.25136791602,11,3.0,0.18181818181818182,4.0
24,2,Nick Viall,Peta Murgatroyd,TV Personality,Media,Wisconsin,United States,36,36-45,25.0,6.25,4,0.9667461745775636,0.0800702890020394,866666.6592592602,69394.24987532097,6,7.0,0.18181818181818182,1.0
24,2,Chris Kattan,Witney Carson,Comedian,Entertainment,California,United States,46,46-55,22.0,5.5,4,0.19159417841131052,0.0760601803978672,866666.6592592602,65918.82244807623,12,2.0,0.0,5.0
24,2,Mr. T,Kym Herjavec,Actor/Actress,Entertainment,Illinois,United States,64,>55,22.0,5.5,4,0.9176847951603867,0.0760601803978672,866666.6592592602,65918.82244807623,10,4.0,0.0,2.0
24,3,Normani,Valentin Chmerkovskiy,Singer/Rapper,Entertainment,Georgia,United States,20,≤25,34.0,8.5,4,0.9952725356018831,0.09910157447171364,933333.3185185202,92494.80137209476,3,,1.0,3.5
24,3,Heather Morris,Maksim Chmerkoskiy,Actor/Actress,Entertainment,California,United States,30,26-35,33.0,8.25,4,0.9948857456470989,0.09752654974982776,933333.3185185202,91024.7783216683,8,6.0,0.8,2.5
24,3,Nancy Kerrigan,Artem Chigvintsev,Athlete,Sports,Massachusetts,United States,47,46-55,33.0,8.25,4,0.9960160984930511,0.09752654974982776,933333.3185185202,91024.7783216683,7,7.0,0.8,2.5
24,3,Simone Biles,Sasha Farber,Athlete,Sports,Ohio,United States,20,≤25,32.0,8.0,4,0.996960172933985,0.09596497627392522,933333.3185185202,89567.30976729369,4,9.0,0.7,0.0
24,3,David Ross,Lindsay Arnold,Athlete,Sports,Georgia,United States,40,36-45,31.0,7.75,4,0.9926852559620851,0.09441698352502716,933333.3185185202,88122.51655792205,2,,0.6,1.5
24,3,Rashad Jennings,Emma Slater,Athlete,Sports,Virginia,United States,32,26-35,28.0,7.0,4,0.9913309885448796,0.08985485348564573,933333.3185185202,83864.52858875315,1,,0.5,-1.5
24,3,Erika Jayne,Gleb Savchenko,Singer/Rapper,Entertainment,Georgia,United States,45,36-45,26.0,6.5,4,0.9797327861164992,0.08688014597950555,933333.3185185202,81088.13496042539,9,5.0,0.3,1.0
24,3,Nick Viall,Peta Murgatroyd,TV Personality,Media,Wisconsin,United States,36,36-45,26.0,6.5,4,0.9435788134176617,0.08688014597950555,933333.3185185202,81088.13496042539,6,7.0,0.3,1.0
24,3,Mr. T,Kym Herjavec,Actor/Actress,Entertainment,Illinois,United States,64,>55,24.0,6.0,4,0.7977719789571193,0.08395400172309196,933333.3185185202,78357.06703112299,10,4.0,0.0,2.0
24,3,Bonner Bolton,Sharna Burgess,Athlete,Sports,Texas,United States,29,26-35,24.0,6.0,4,0.9407423558398678,0.08394803312781748,933333.3185185202,78351.49634228856,5,8.0,0.0,1.0
24,3,Charo,Keo Motsepe,Actor/Actress,Entertainment,Unknown,Spain,66,>55,24.0,6.0,4,0.15280242144026726,0.08394618593411227,933333.3185185202,78349.77229485773,11,3.0,0.0,1.5
24,4,Rashad Jennings,Emma Slater,Athlete,Sports,Virginia,United States,32,26-35,39.0,9.75,4,0.9953345339365618,0.11000052170683569,999999.9777777803,110000.51926237992,1,,1.0,3.5
24,4,Simone Biles,Sasha Farber,Athlete,Sports,Ohio,United States,20,≤25,36.0,9.0,4,0.9968133002489675,0.10521935169533705,999999.9777777803,105219.3493571295,4,9.0,0.8888888888888888,3.5
24,4,Heather Morris,Maksim Chmerkoskiy,Actor/Actress,Entertainment,California,United States,30,26-35,35.0,8.75,4,0.9941384943077243,0.10365242643936043,999999.9777777803,103652.42413597343,8,6.0,0.7777777777777778,2.5
24,4,Nancy Kerrigan,Artem Chigvintsev,Athlete,Sports,Massachusetts,United States,47,46-55,33.0,8.25,4,0.9921944454361611,0.10055623574468396,999999.9777777803,100556.2335101012,7,7.0,0.6666666666666666,2.5
24,4,Bonner Bolton,Sharna Burgess,Athlete,Sports,Texas,United States,29,26-35,32.0,8.0,4,0.961857290820781,0.09902586669979668,999999.9777777803,99025.86449922211,5,8.0,0.4444444444444444,2.0
24,4,Normani,Valentin Chmerkovskiy,Singer/Rapper,Entertainment,Georgia,United States,20,≤25,32.0,8.0,4,0.9869441522991991,0.09902586669979668,999999.9777777803,99025.86449922211,3,,0.4444444444444444,0.0
24,4,David Ross,Lindsay Arnold,Athlete,Sports,Georgia,United States,40,36-45,31.0,7.75,4,0.9865216518633995,0.09750644167436381,999999.9777777803,97506.43950755424,2,,0.3333333333333333,2.0
24,4,Erika Jayne,Gleb Savchenko,Singer/Rapper,Entertainment,Georgia,United States,45,36-45,30.0,7.5,4,0.9693945034957978,0.09599719312774567,999999.9777777803,95997.19099447495,9,5.0,0.1111111111111111,1.0
24,4,Nick Viall,Peta Murgatroyd,TV Personality,Media,Wisconsin,United States,36,36-45,30.0,7.5,4,0.9644692663695649,0.09599719312774567,999999.9777777803,95997.19099447495,6,7.0,0.1111111111111111,2.5
24,4,Mr. T,Kym Herjavec,Actor/Actress,Entertainment,Illinois,United States,64,>55,28.0,7.0,4,0.25874768312305335,0.0930189030843343,999999.9777777803,93018.9010172478,10,4.0,0.0,3.0
24,5,Normani,Valentin Chmerkovskiy,Singer/Rapper,Entertainment,Georgia,United States,20,≤25,39.0,9.75,4,0.994733759818261,0.12024702088731885,1066666.6370370404,128263.48538359915,3,,1.0,2.5
24,5,Simone Biles,Sasha Farber,Athlete,Sports,Ohio,United States,20,≤25,38.0,9.5,4,0.9965908365064463,0.11845864225394243,1066666.6370370404,126355.88156098663,4,9.0,0.875,3.0
24,5,Nancy Kerrigan,Artem Chigvintsev,Athlete,Sports,Massachusetts,United States,47,46-55,36.0,9.0,4,0.994340586530344,0.11491656860964997,1066666.6370370404,122577.66977869165,7,7.0,0.75,1.5
24,5,Heather Morris,Maksim Chmerkoskiy,Actor/Actress,Entertainment,California,United States,30,26-35,34.0,8.5,4,0.9877986221948757,0.11142191635274522,1066666.6370370404,118850.04080820516,8,6.0,0.5,0.5
24,5,Nick Viall,Peta Murgatroyd,TV Personality,Media,Wisconsin,United States,36,36-45,34.0,8.5,4,0.978842589380156,0.11142191464271023,1066666.6370370404,118850.0389841679,6,7.0,0.5,4.0
24,5,David Ross,Lindsay Arnold,Athlete,Sports,Georgia,United States,40,36-45,29.0,7.25,4,0.9402447063310688,0.10957152755430401,1066666.6370370404,116876.29281136087,2,,0.0,-1.0
24,5,Rashad Jennings,Emma Slater,Athlete,Sports,Virginia,United States,32,26-35,32.0,8.0,4,0.9811091703389107,0.10797687327552723,1066666.6370370404,115175.32829458131,1,,0.25,2.0
24,5,Bonner Bolton,Sharna Burgess,Athlete,Sports,Texas,United States,29,26-35,30.0,7.5,4,0.9666354932620561,0.10628243975809024,1066666.6370370404,113367.93259285395,5,8.0,0.125,3.0
24,5,Erika Jayne,Gleb Savchenko,Singer/Rapper,Entertainment,Georgia,United States,45,36-45,32.0,8.0,4,0.2952892950351127,0.09970309666571191,1066666.6370370404,106349.96682259388,9,5.0,0.25,3.0
24,6,Nick Viall,Peta Murgatroyd,TV Personality,Media,Wisconsin,United States,36,36-45,30.5,7.625,4,0.9334755617757715,0.13019496064611163,1133333.2962963006,147554.28391022483,6,7.0,0.0,0.25
24,6,Normani,Valentin Chmerkovskiy,Singer/Rapper,Entertainment,Georgia,United States,20,≤25,36.0,9.0,4,0.9951669326466658,0.1298614642011733,1133333.2962963006,147176.3212849798,3,,0.8571428571428571,2.0
24,6,David Ross,Lindsay Arnold,Athlete,Sports,Georgia,United States,40,36-45,31.0,7.75,4,0.9582224510362615,0.1283361337905889,1133333.2962963006,145447.61354281116,2,,0.14285714285714285,0.0
24,6,Rashad Jennings,Emma Slater,Athlete,Sports,Virginia,United States,32,26-35,35.0,8.75,4,0.9867600833080296,0.12775320006848664,1133333.2962963006,144786.95534601875,1,,0.7142857142857143,-2.0
24,6,Simone Biles,Sasha Farber,Athlete,Sports,Ohio,United States,20,≤25,34.5,8.625,4,0.9960109489411524,0.12671228574223714,1133333.2962963006,143607.25248148837,4,9.0,0.5714285714285714,-0.75
24,6,Bonner Bolton,Sharna Burgess,Athlete,Sports,Texas,United States,29,26-35,31.5,7.875,4,0.908126396427531,0.12647742160459205,1133333.2962963006,143341.07313418924,5,8.0,0.2857142857142857,-0.25
24,6,Nancy Kerrigan,Artem Chigvintsev,Athlete,Sports,Massachusetts,United States,47,46-55,33.5,8.375,4,0.9838078064893842,0.12463325509190595,1133333.2962963006,141251.01782144746,7,7.0,0.42857142857142855,0.25
24,6,Heather Morris,Maksim Chmerkoskiy,Actor/Actress,Entertainment,California,United States,30,26-35,37.0,9.25,4,0.3992501970248899,0.10603127885490449,1133333.2962963006,120168.77877514114,8,6.0,1.0,1.0
24,7,Normani,Valentin Chmerkovskiy,Singer/Rapper,Entertainment,Georgia,United States,20,≤25,42.0,10.5,4,0.9924616909973968,0.15658439197811871,1199999.9555555605,187901.26341443692,3,,1.0,1.5
24,7,Simone Biles,Sasha Farber,Athlete,Sports,Ohio,United States,20,≤25,39.0,9.75,4,0.992974275010163,0.1494145374056823,1199999.9555555605,179297.4382461734,4,9.0,0.6666666666666666,0.5
24,7,Rashad Jennings,Emma Slater,Athlete,Sports,Virginia,United States,32,26-35,39.0,9.75,4,0.9924609872722694,0.14941438930666828,1199999.9555555605,179297.26052736316,1,,0.6666666666666666,3.5
24,7,Bonner Bolton,Sharna Burgess,Athlete,Sports,Texas,United States,29,26-35,31.0,7.75,4,0.8991244268011677,0.14350960294933945,1199999.9555555605,172211.5171610035,5,8.0,0.0,0.5
24,7,David Ross,Lindsay Arnold,Athlete,Sports,Georgia,United States,40,36-45,32.0,8.0,4,0.9275060257724438,0.13955703420731178,1199999.9555555605,167468.43484623998,2,,0.16666666666666666,1.5
24,7,Nick Viall,Peta Murgatroyd,TV Personality,Media,Wisconsin,United States,36,36-45,34.0,8.5,4,0.28790561512408797,0.13777330673804122,1199999.9555555605,165327.9619623921,6,7.0,0.3333333333333333,0.0
24,7,Nancy Kerrigan,Artem Chigvintsev,Athlete,Sports,Massachusetts,United States,47,46-55,36.0,9.0,4,0.155064965874132,0.12374673741483834,1199999.9555555605,148496.07939795163,7,7.0,0.5,0.0
24,8,Normani,Valentin Chmerkovskiy,Singer/Rapper,Entertainment,Georgia,United States,20,≤25,39.5,9.875,4,0.9924740501202777,0.21764906525052208,1266666.6148148207,275688.80469848885,3,,1.0,1.75
24,8,Rashad Jennings,Emma Slater,Athlete,Sports,Virginia,United States,32,26-35,37.5,9.375,4,0.9909458523921946,0.20984066032501622,1266666.6148148207,265798.15886439494,1,,0.75,1.25
24,8,Simone Biles,Sasha Farber,Athlete,Sports,Ohio,United States,20,≤25,36.0,9.0,4,0.988230997774601,0.20404555724489204,1266666.6148148207,258457.6952633911,4,9.0,0.5,0.75
24,8,David Ross,Lindsay Arnold,Athlete,Sports,Georgia,United States,40,36-45,32.5,8.125,4,0.8675788774262786,0.19073493913130915,1266666.6148148207,241597.57967636624,2,,0.25,0.75
24,8,Bonner Bolton,Sharna Burgess,Athlete,Sports,Texas,United States,29,26-35,29.0,7.25,4,0.1271665359902932,0.17772977804826057,1266666.6148148207,225124.37631217964,5,8.0,0.0,-1.25
24,9,David Ross,Lindsay Arnold,Athlete,Sports,Georgia,United States,40,36-45,35.0,8.75,4,0.8980730166343905,0.2648123711263366,1333333.2740740809,353083.14580919896,2,,0.0,1.5
24,9,Rashad Jennings,Emma Slater,Athlete,Sports,Virginia,United States,32,26-35,38.5,9.625,4,0.9479644193561494,0.2528705564157915,1333333.2740740809,337160.72690280183,1,,0.6666666666666666,-0.25
24,9,Normani,Valentin Chmerkovskiy,Singer/Rapper,Entertainment,Georgia,United States,20,≤25,38.0,9.5,4,0.9694298878573444,0.25050803444706465,1333333.2740740809,334010.69775116735,3,,0.3333333333333333,-2.0
24,9,Simone Biles,Sasha Farber,Athlete,Sports,Ohio,United States,20,≤25,40.0,10.0,4,0.15046477083362989,0.23180903801080738,1333333.2740740809,309078.70361091284,4,9.0,1.0,0.5
24,10,Rashad Jennings,Emma Slater,Athlete,Sports,Virginia,United States,32,26-35,39.6666,9.91665,4,0.9015706235959696,0.3414702218696122,1399999.9333333408,478058.28785277816,1,,1.0,1.0833000000000013
24,10,Normani,Valentin Chmerkovskiy,Singer/Rapper,Entertainment,Georgia,United States,20,≤25,39.333200000000005,9.8333,4,0.7771574341269063,0.3392389275208609,1399999.9333333408,474934.4759132793,3,,0.5,-0.08339999999999748
24,10,David Ross,Lindsay Arnold,Athlete,Sports,Georgia,United States,40,36-45,36.3333,9.083325,4,0.7855068758182602,0.31929085060952694,1399999.9333333408,447007.1695672834,2,,0.0,1.9166500000000006
25,1,Jordan Fisher,Lindsay Arnold,Actor/Actress,Entertainment,Alabama,United States,23,≤25,22.0,7.333333333333333,3,0.9963965495781008,0.08358685255233793,800000.0,66869.48204187035,1,,0.9166666666666666,1.0
25,1,Lindsey Stirling,Mark Ballas,Musician,Entertainment,California,United States,31,26-35,22.0,7.333333333333333,3,0.9970911008007229,0.08358685255233793,800000.0,66869.48204187035,2,,0.9166666666666666,1.0
25,1,Vanessa Lachey,Maksim Chmerkoskiy,TV Personality,Media,Unknown,Philippines,36,36-45,21.0,7.0,3,0.9961221045406665,0.08169376207379049,800000.0,65355.009659032396,7,7.0,0.8333333333333334,1.0
25,1,Nikki Bella,Artem Chigvintsev,Athlete,Sports,California,United States,33,26-35,20.0,6.666666666666667,3,0.9954607294966332,0.07982353759790634,800000.0,63858.83007832507,8,7.0,0.75,1.0
25,1,Victoria Arlen,Valentin Chmerkovskiy,Athlete,Sports,New Hamshire,United States,22,≤25,19.0,6.333333333333333,3,0.9949101518823779,0.07797692445308735,800000.0,62381.53956246988,5,9.0,0.5833333333333334,1.0
25,1,Frankie Muniz,Witney Carson,Actor/Actress,Entertainment,New Jersey,United States,31,26-35,19.0,6.333333333333333,3,0.994158192794784,0.07797692294429473,800000.0,62381.53835543578,3,,0.5833333333333334,1.0
25,1,Derek Fisher,Sharna Burgess,Athlete,Sports,Arkansas,United States,43,36-45,18.0,6.0,3,0.9844565301095299,0.076154583832557,800000.0,60923.66706604559,11,4.0,0.3333333333333333,1.0
25,1,Nick Lachey,Peta Murgatroyd,Singer/Rapper,Entertainment,Kentucky,United States,43,36-45,18.0,6.0,3,0.9857553900257858,0.076154583832557,800000.0,60923.66706604559,9,6.0,0.3333333333333333,1.0
25,1,Sasha Pieterse,Gleb Savchenko,Actor/Actress,Entertainment,Unknown,South Africa,21,≤25,18.0,6.0,3,0.9858143866327919,0.076154583832557,800000.0,60923.66706604559,10,5.0,0.3333333333333333,1.0
25,1,Debbie Gibson,Alan Bersten,Singer/Rapper,Entertainment,New York,United States,47,46-55,17.0,5.666666666666667,3,0.9900773144609507,0.07435702909066624,800000.0,59485.623272533,12,2.0,0.25,1.0
25,1,Drew Scott,Emma Slater,TV Personality,Media,Unknown,Canada,39,36-45,16.0,5.333333333333333,3,0.9902138693571056,0.07258448959342999,800000.0,58067.59167474399,4,10.0,0.16666666666666666,1.0
25,1,Terrell Owens,Cheryl Burke,Athlete,Sports,Alabama,United States,43,36-45,15.0,5.0,3,0.9719082095338518,0.07083677303081044,800000.0,56669.41842464836,6,8.0,0.08333333333333333,1.0
25,1,Barbara Corcoran,Keo Motsepe,Entrepreneur,Other,New Jersey,United States,68,>55,14.0,4.666666666666667,3,0.9536278003343927,0.06911310461366753,800000.0,55290.48369093402,13,2.0,0.0,1.0
25,2,Frankie Muniz,Witney Carson,Actor/Actress,Entertainment,New Jersey,United States,31,26-35,24.0,8.0,3,0.995485399153506,0.08166782135309736,866666.6592592602,70778.77790107096,3,,0.9166666666666666,5.0
25,2,Jordan Fisher,Lindsay Arnold,Actor/Actress,Entertainment,Alabama,United States,23,≤25,24.0,8.0,3,0.9953070664223953,0.08166782135309736,866666.6592592602,70778.77790107096,1,,0.9166666666666666,2.0
25,2,Vanessa Lachey,Maksim Chmerkoskiy,TV Personality,Media,Unknown,Philippines,36,36-45,23.5,7.833333333333333,3,0.9936597658053514,0.08084600106183204,866666.6592592602,70066.53365472857,7,7.0,0.8333333333333334,2.5
25,2,Lindsey Stirling,Mark Ballas,Musician,Entertainment,California,United States,31,26-35,22.5,7.5,3,0.9973175315287763,0.0792194221363795,866666.6592592602,68656.83193138511,2,,0.6666666666666666,0.5
25,2,Sasha Pieterse,Gleb Savchenko,Actor/Actress,Entertainment,Unknown,South Africa,21,≤25,22.5,7.5,3,0.9966061209740104,0.0792194221363795,866666.6592592602,68656.83193138511,10,5.0,0.6666666666666666,4.5
25,2,Victoria Arlen,Valentin Chmerkovskiy,Athlete,Sports,New Hamshire,United States,22,≤25,22.0,7.333333333333333,3,0.9928031656547289,0.07841426107184717,866666.6592592602,67959.02568142123,5,9.0,0.5833333333333334,3.0
25,2,Drew Scott,Emma Slater,TV Personality,Media,Unknown,Canada,39,36-45,20.5,6.833333333333333,3,0.9657847211512548,0.07602845993342607,866666.6592592602,65891.33137912888,4,10.0,0.4166666666666667,4.5
25,2,Debbie Gibson,Alan Bersten,Singer/Rapper,Entertainment,New York,United States,47,46-55,20.5,6.833333333333333,3,0.22843917681742856,0.07602845973033241,866666.6592592602,65891.33120311439,12,2.0,0.4166666666666667,3.5
25,2,Nikki Bella,Artem Chigvintsev,Athlete,Sports,California,United States,33,26-35,19.5,6.5,3,0.9830184733933306,0.07445995433494411,866666.6592592602,64531.959872063075,8,7.0,0.25,-0.5
25,2,Terrell Owens,Cheryl Burke,Athlete,Sports,Alabama,United States,43,36-45,19.5,6.5,3,0.9676262774606579,0.07445995413185048,866666.6592592602,64531.9596960486,6,8.0,0.25,4.5
25,2,Derek Fisher,Sharna Burgess,Athlete,Sports,Arkansas,United States,43,36-45,19.0,6.333333333333333,3,0.9701882643593079,0.07368139924300313,866666.6592592602,63857.2121314813,11,4.0,0.08333333333333333,1.0
25,2,Nick Lachey,Peta Murgatroyd,Singer/Rapper,Entertainment,Kentucky,United States,43,36-45,19.0,6.333333333333333,3,0.9755516819018333,0.07368139924300313,866666.6592592602,63857.2121314813,9,6.0,0.08333333333333333,1.0
25,2,Barbara Corcoran,Keo Motsepe,Entrepreneur,Other,New Jersey,United States,68,>55,17.0,5.666666666666667,3,0.17157736353198536,0.07062562427080771,866666.6592592602,61208.87384488064,13,2.0,0.0,3.0
25,3,Lindsey Stirling,Mark Ballas,Musician,Entertainment,California,United States,31,26-35,27.0,9.0,3,0.9964680710989553,0.10050457520263986,933333.3185185202,93804.26870017404,2,,1.0,2.5
25,3,Jordan Fisher,Lindsay Arnold,Actor/Actress,Entertainment,Alabama,United States,23,≤25,25.0,8.333333333333334,3,0.9951403574499186,0.09645313870992694,933333.3185185202,90022.92803366325,1,,0.9,1.5
25,3,Vanessa Lachey,Maksim Chmerkoskiy,TV Personality,Media,Unknown,Philippines,36,36-45,23.0,7.666666666666667,3,0.9871112519775042,0.09246837452452578,933333.3185185202,86303.81485298903,7,7.0,0.7,1.0
25,3,Drew Scott,Emma Slater,TV Personality,Media,Unknown,Canada,39,36-45,23.0,7.666666666666667,3,0.9929416665186283,0.0924683744879091,933333.3185185202,86303.81481881347,4,10.0,0.7,3.5
25,3,Victoria Arlen,Valentin Chmerkovskiy,Athlete,Sports,New Hamshire,United States,22,≤25,22.0,7.333333333333333,3,0.9867815462464021,0.09050550471778915,933333.3185185202,84471.80306244774,5,9.0,0.6,1.5
25,3,Derek Fisher,Sharna Burgess,Athlete,Sports,Arkansas,United States,43,36-45,21.0,7.0,3,0.9556817904579815,0.0885658263096081,933333.3185185202,82661.4365768814,11,4.0,0.1,1.5
25,3,Frankie Muniz,Witney Carson,Actor/Actress,Entertainment,New Jersey,United States,31,26-35,21.0,7.0,3,0.9786279169031757,0.0885658263096081,933333.3185185202,82661.4365768814,3,,0.1,1.0
25,3,Nick Lachey,Peta Murgatroyd,Singer/Rapper,Entertainment,Kentucky,United States,43,36-45,21.0,7.0,3,0.9477397385115497,0.0885658263096081,933333.3185185202,82661.4365768814,9,6.0,0.1,1.5
25,3,Nikki Bella,Artem Chigvintsev,Athlete,Sports,California,United States,33,26-35,21.0,7.0,3,0.9357501199616294,0.0885658263096081,933333.3185185202,82661.4365768814,8,7.0,0.1,0.5
25,3,Terrell Owens,Cheryl Burke,Athlete,Sports,Alabama,United States,43,36-45,21.0,7.0,3,0.9605882266849026,0.08856582255913904,933333.3185185202,82661.43307644366,6,8.0,0.1,3.0
25,3,Sasha Pieterse,Gleb Savchenko,Actor/Actress,Entertainment,Unknown,South Africa,21,≤25,19.0,6.333333333333333,3,0.9527197182784973,0.08477090455963784,933333.3185185202,79119.50966646355,10,5.0,0.0,0.5
25,4,Jordan Fisher,Lindsay Arnold,Actor/Actress,Entertainment,Alabama,United States,23,≤25,29.0,9.666666666666666,3,0.9943115404615038,0.09870745346412578,999999.9777777803,98707.45127062706,1,,1.0,2.5
25,4,Victoria Arlen,Valentin Chmerkovskiy,Athlete,Sports,New Hamshire,United States,22,≤25,27.0,9.0,3,0.9954911632664504,0.09508229730155665,999999.9777777803,95082.29518861695,5,9.0,0.9,2.5
25,4,Lindsey Stirling,Mark Ballas,Musician,Entertainment,California,United States,31,26-35,26.0,8.666666666666666,3,0.992481963235759,0.09329187894094733,999999.9777777803,93291.8768677947,2,,0.8,1.75
25,4,Drew Scott,Emma Slater,TV Personality,Media,Unknown,Canada,39,36-45,24.0,8.0,3,0.9767598643362211,0.08976106022616498,999999.9777777803,89761.05823147498,4,10.0,0.2,1.75
25,4,Frankie Muniz,Witney Carson,Actor/Actress,Entertainment,New Jersey,United States,31,26-35,24.0,8.0,3,0.9743535061684381,0.08976106022616498,999999.9777777803,89761.05823147498,3,,0.2,0.0
25,4,Nikki Bella,Artem Chigvintsev,Athlete,Sports,California,United States,33,26-35,24.0,8.0,3,0.9773180000081206,0.08976106006263196,999999.9777777803,89761.05806794197,8,7.0,0.2,2.25
25,4,Sasha Pieterse,Gleb Savchenko,Actor/Actress,Entertainment,Unknown,South Africa,21,≤25,24.0,8.0,3,0.9394062106476329,0.08976106006263196,999999.9777777803,89761.05806794197,10,5.0,0.2,0.75
25,4,Vanessa Lachey,Maksim Chmerkoskiy,TV Personality,Media,Unknown,Philippines,36,36-45,24.0,8.0,3,0.9793438173843839,0.08976106006263196,999999.9777777803,89761.05806794197,7,7.0,0.2,0.25
25,4,Terrell Owens,Cheryl Burke,Athlete,Sports,Alabama,United States,43,36-45,24.0,8.0,3,0.9774186017671253,0.08976105906761168,999999.9777777803,89761.0570729217,6,8.0,0.2,2.25
25,4,Nick Lachey,Peta Murgatroyd,Singer/Rapper,Entertainment,Kentucky,United States,43,36-45,22.0,7.333333333333333,3,0.9405805855543137,0.0890210255810556,999999.9777777803,89021.0236028108,9,6.0,0.0,1.5
25,4,Derek Fisher,Sharna Burgess,Athlete,Sports,Arkansas,United States,43,36-45,23.0,7.666666666666667,3,0.2711091335087156,0.08533098500447725,999999.9777777803,85330.98310823335,11,4.0,0.1,2.0
25,5,Jordan Fisher,Lindsay Arnold,Actor/Actress,Entertainment,Alabama,United States,23,≤25,30.0,10.0,3,0.9940090217105524,0.10754551890633843,1066666.6370370404,114715.21698022746,1,,1.0,2.5
25,5,Frankie Muniz,Witney Carson,Actor/Actress,Entertainment,New Jersey,United States,31,26-35,29.0,9.666666666666666,3,0.9947978860771545,0.10557287217858452,1066666.6370370404,112611.06052907209,3,,0.8888888888888888,4.0
25,5,Lindsey Stirling,Mark Ballas,Musician,Entertainment,California,United States,31,26-35,28.0,9.333333333333334,3,0.9955520917727883,0.10361573924348341,1066666.6370370404,110523.45212295334,2,,0.7777777777777778,0.5
25,5,Nikki Bella,Artem Chigvintsev,Athlete,Sports,California,United States,33,26-35,27.0,9.0,3,0.9926055853765248,0.10167463130355935,1066666.6370370404,108452.93704454864,8,7.0,0.5555555555555556,3.0
25,5,Victoria Arlen,Valentin Chmerkovskiy,Athlete,Sports,New Hamshire,United States,22,≤25,27.0,9.0,3,0.992443630992071,0.10167462951756888,1066666.6370370404,108452.9351394922,5,9.0,0.5555555555555556,2.5
25,5,Nick Lachey,Peta Murgatroyd,Singer/Rapper,Entertainment,Kentucky,United States,43,36-45,22.0,7.333333333333333,3,0.8400140652620741,0.0979665138208828,1066666.6370370404,104497.61183956379,9,6.0,0.0,0.5
25,5,Drew Scott,Emma Slater,TV Personality,Media,Unknown,Canada,39,36-45,25.0,8.333333333333334,3,0.97213611538278,0.09784421688611787,1066666.6370370404,104367.16177943816,4,10.0,0.3333333333333333,1.0
25,5,Terrell Owens,Cheryl Burke,Athlete,Sports,Alabama,United States,43,36-45,25.0,8.333333333333334,3,0.9695730779242909,0.09784421640023841,1066666.6370370404,104367.16126116674,6,8.0,0.3333333333333333,2.0
25,5,Vanessa Lachey,Maksim Chmerkoskiy,TV Personality,Media,Unknown,Philippines,36,36-45,24.0,8.0,3,0.9543220234246969,0.09595799080477495,1066666.6370370404,102355.18734856055,7,7.0,0.1111111111111111,0.5
25,5,Sasha Pieterse,Gleb Savchenko,Actor/Actress,Entertainment,Unknown,South Africa,21,≤25,24.0,8.0,3,0.30959015899845177,0.09030367093845133,1066666.6370370404,96323.9129920174,10,5.0,0.1111111111111111,2.5
25,6,Lindsey Stirling,Mark Ballas,Musician,Entertainment,California,United States,31,26-35,40.0,10.0,4,0.9948652666201946,0.12153491415499461,1133333.2962963006,137739.56487436796,2,,1.0,7.0
25,6,Jordan Fisher,Lindsay Arnold,Actor/Actress,Entertainment,Alabama,United States,23,≤25,39.0,9.75,4,0.9940887711383466,0.11974220435488674,1133333.2962963006,135707.82716730903,1,,0.875,5.0
25,6,Terrell Owens,Cheryl Burke,Athlete,Sports,Alabama,United States,43,36-45,37.0,9.25,4,0.9955309516403862,0.1161971926109599,1133333.2962963006,131690.14732215533,6,8.0,0.75,6.5
25,6,Nikki Bella,Artem Chigvintsev,Athlete,Sports,California,United States,33,26-35,36.0,9.0,4,0.9954284465260363,0.11444512744476776,1133333.2962963006,129704.47353202886,8,7.0,0.5,6.0
25,6,Vanessa Lachey,Maksim Chmerkoskiy,TV Personality,Media,Unknown,Philippines,36,36-45,36.0,9.0,4,0.9914650153989744,0.11444512744476776,1133333.2962963006,129704.47353202886,7,7.0,0.5,6.0
25,6,Frankie Muniz,Witney Carson,Actor/Actress,Entertainment,New Jersey,United States,31,26-35,31.0,7.75,4,0.9730193149176203,0.1058888247476154,1133333.2962963006,120007.33079215625,3,,0.25,3.5
25,6,Victoria Arlen,Valentin Chmerkovskiy,Athlete,Sports,New Hamshire,United States,22,≤25,31.0,7.75,4,0.9558678986143161,0.1058888247476154,1133333.2962963006,120007.33079215625,5,9.0,0.25,2.0
25,6,Drew Scott,Emma Slater,TV Personality,Media,Unknown,Canada,39,36-45,30.0,7.5,4,0.9655439429699254,0.10421695075863313,1133333.2962963006,118112.54033323094,4,10.0,0.125,3.0
25,6,Nick Lachey,Peta Murgatroyd,Singer/Rapper,Entertainment,Kentucky,United States,43,36-45,26.0,6.5,4,0.152173665563771,0.09764083373575916,1133333.2962963006,110659.60795086696,9,6.0,0.0,2.0
25,7,Frankie Muniz,Witney Carson,Actor/Actress,Entertainment,New Jersey,United States,31,26-35,30.0,10.0,3,0.9847676637204658,0.13314086339294268,1199999.9555555605,159769.03015416017,3,,1.0,0.5
25,7,Drew Scott,Emma Slater,TV Personality,Media,Unknown,Canada,39,36-45,28.5,9.5,3,0.9821670728394465,0.12918466709740373,1199999.9555555605,155021.59477534436,4,10.0,0.7142857142857143,1.75
25,7,Victoria Arlen,Valentin Chmerkovskiy,Athlete,Sports,New Hamshire,United States,22,≤25,28.5,9.5,3,0.971997727039162,0.12918466709740373,1199999.9555555605,155021.59477534436,5,9.0,0.7142857142857143,0.75
25,7,Jordan Fisher,Lindsay Arnold,Actor/Actress,Entertainment,Alabama,United States,23,≤25,27.0,9.0,3,0.9800384801990891,0.12527727128456165,1199999.9555555605,150332.71997359587,1,,0.42857142857142855,-1.5
25,7,Vanessa Lachey,Maksim Chmerkoskiy,TV Personality,Media,Unknown,Philippines,36,36-45,27.0,9.0,3,0.2907666115122268,0.12527726815473672,1199999.9555555605,150332.7162178061,7,7.0,0.42857142857142855,1.5
25,7,Lindsey Stirling,Mark Ballas,Musician,Entertainment,California,United States,31,26-35,25.5,8.5,3,0.9309246631059273,0.12142280096292467,1199999.9555555605,145707.35575894127,2,,0.2857142857142857,-1.25
25,7,Terrell Owens,Cheryl Burke,Athlete,Sports,Alabama,United States,43,36-45,24.5,8.166666666666666,3,0.9604418034597133,0.1188853537299445,1199999.9555555605,142662.4191921405,6,8.0,0.14285714285714285,-0.25
25,7,Nikki Bella,Artem Chigvintsev,Athlete,Sports,California,United States,33,26-35,24.0,8.0,3,0.1027223417631948,0.1176271082800824,1199999.9555555605,141152.52470822798,8,7.0,0.0,-1.5
25,8,Jordan Fisher,Lindsay Arnold,Actor/Actress,Entertainment,Alabama,United States,23,≤25,30.0,10.0,3,0.976328457573284,0.18247563259982516,1266666.6148148207,231135.7918314135,1,,1.0,-4.5
25,8,Lindsey Stirling,Mark Ballas,Musician,Entertainment,California,United States,31,26-35,27.0,9.0,3,0.94406921161994,0.17024690658639588,1266666.6148148207,215646.07284848508,2,,0.8,-6.5
25,8,Frankie Muniz,Witney Carson,Actor/Actress,Entertainment,New Jersey,United States,31,26-35,26.5,8.833333333333334,3,0.9755531268949582,0.16823916842834202,1266666.6148148207,213102.93795238846,3,,0.6,-2.25
25,8,Drew Scott,Emma Slater,TV Personality,Media,Unknown,Canada,39,36-45,23.5,7.833333333333333,3,0.9674451134361272,0.1650042461844637,1266666.6148148207,209005.3699445459,4,10.0,0.0,-3.25
25,8,Victoria Arlen,Valentin Chmerkovskiy,Athlete,Sports,New Hamshire,United States,22,≤25,24.0,8.0,3,0.9497609215456496,0.1618093654301187,1266666.6148148207,204958.52115470273,5,9.0,0.2,-3.5
25,8,Terrell Owens,Cheryl Burke,Athlete,Sports,Alabama,United States,43,36-45,25.5,8.5,3,0.2137227650559188,0.15222468077085463,1266666.6148148207,192817.92108328515,6,8.0,0.4,-5.75
25,9,Jordan Fisher,Lindsay Arnold,Actor/Actress,Entertainment,Alabama,United States,23,≤25,29.0,9.666666666666666,3,0.9845029045346788,0.20983929866944964,1333333.2740740809,279785.7191243462,1,,1.0,1.0
25,9,Drew Scott,Emma Slater,TV Personality,Media,Unknown,Canada,39,36-45,24.0,8.0,3,0.8830738749769801,0.2078555095383334,1333333.2740740809,277140.6670670824,4,10.0,0.0,-2.25
25,9,Lindsey Stirling,Mark Ballas,Musician,Entertainment,California,United States,31,26-35,28.5,9.5,3,0.9708907740321784,0.20733465418058028,1333333.2740740809,276446.1932876104,2,,0.75,1.5
25,9,Frankie Muniz,Witney Carson,Actor/Actress,Entertainment,New Jersey,United States,31,26-35,25.5,8.5,3,0.8888763367521049,0.19674468711308607,1333333.2740740809,262326.2378251717,3,,0.25,-2.25
25,9,Victoria Arlen,Valentin Chmerkovskiy,Athlete,Sports,New Hamshire,United States,22,≤25,28.0,9.333333333333334,3,0.38439447138235544,0.17822585049855066,1333333.2740740809,237634.45676987022,5,9.0,0.5,-0.25
25,10,Jordan Fisher,Lindsay Arnold,Actor/Actress,Entertainment,Alabama,United States,23,≤25,40.0,10.0,4,0.9314554791928512,0.2541184759864595,1399999.9333333408,355765.84943981346,1,,0.6666666666666666,5.0
25,10,Lindsey Stirling,Mark Ballas,Musician,Entertainment,California,United States,31,26-35,40.0,10.0,4,0.8610750566134346,0.2541184759864595,1399999.9333333408,355765.84943981346,2,,0.6666666666666666,6.5
25,10,Frankie Muniz,Witney Carson,Actor/Actress,Entertainment,New Jersey,United States,31,26-35,38.8887,9.722175,4,0.7334915199690785,0.24903994041833452,1399999.9333333408,348655.8999830075,3,,0.3333333333333333,6.19435
25,10,Drew Scott,Emma Slater,TV Personality,Media,Unknown,Canada,39,36-45,37.5,9.375,4,0.8223240493744728,0.24272310760874644,1399999.9333333408,339812.3344707063,4,10.0,0.0,7.0
26,1,Josh Norman,Sharna Burgess,Athlete,Sports,South Carolina,United States,30,26-35,24.0,8.0,3,0.9958956355334139,0.1071746285813758,800000.0,85739.70286510064,2,,0.8888888888888888,1.0
26,1,Adam Rippon,Jenna Johnson,Athlete,Sports,Pennsylvania,United States,28,26-35,24.0,8.0,3,0.9955265791728866,0.10717462822892361,800000.0,85739.70258313889,1,,0.8888888888888888,1.0
26,1,Mirai Nagasu,Alan Bersten,Athlete,Sports,California,United States,25,≤25,23.0,7.666666666666667,3,0.9957020637301898,0.10472916237375787,800000.0,83783.3298990063,4,3.0,0.6666666666666666,1.0
26,1,Tonya Harding,Sasha Farber,Athlete,Sports,Oregon,United States,47,46-55,23.0,7.666666666666667,3,0.9935273283892717,0.10472916237375787,800000.0,83783.3298990063,3,,0.6666666666666666,1.0
26,1,Chris Mazdzer,Witney Carson,Athlete,Sports,Massachusetts,United States,29,26-35,21.0,7.0,3,0.9911264076960868,0.0999113297245726,800000.0,79929.06377965808,5,3.0,0.4444444444444444,1.0
26,1,Jennie Finch Daigle,Keo Motsepe,Athlete,Sports,California,United States,37,36-45,21.0,7.0,3,0.9912844413698196,0.0999113297245726,800000.0,79929.06377965808,6,3.0,0.4444444444444444,1.0
26,1,Kareem Abdul-Jabbar,Lindsay Arnold,Athlete,Sports,New York,United States,71,>55,17.0,5.666666666666667,3,0.9138526129176976,0.09772604932069157,800000.0,78180.83945655325,8,2.0,0.0,1.0
26,1,Arike Ogunbowale,Gleb Savchenko,Athlete,Sports,Wisconsin,United States,21,≤25,20.0,6.666666666666667,3,0.959132793189505,0.09754204140141046,800000.0,78033.63312112837,7,2.0,0.3333333333333333,1.0
26,1,Johnny Damon,Emma Slater,Athlete,Sports,Kansas,United States,44,36-45,18.0,6.0,3,0.19584221045820066,0.0928994379522665,800000.0,74319.5503618132,9,1.0,0.1111111111111111,1.0
26,1,Jamie Anderson,Artem Chigvintsev,Athlete,Sports,California,United States,27,26-35,19.0,6.333333333333333,3,0.2858810261359985,0.08820223031867103,800000.0,70561.78425493682,10,1.0,0.2222222222222222,1.0
26,2,Mirai Nagasu,Alan Bersten,Athlete,Sports,California,United States,25,≤25,37.0,9.25,4,0.9926206747756154,0.1324332832543314,999999.9333333556,132433.2744254488,4,3.0,0.8571428571428571,14.0
26,2,Adam Rippon,Jenna Johnson,Athlete,Sports,Pennsylvania,United States,28,26-35,37.0,9.25,4,0.9929321578710366,0.13242623173406665,999999.9333333556,132426.22290565414,1,,0.8571428571428571,13.0
26,2,Jennie Finch Daigle,Keo Motsepe,Athlete,Sports,California,United States,37,36-45,31.5,7.875,4,0.9377709826075843,0.12776972142143897,999999.9333333556,127769.71290346039,6,3.0,0.14285714285714285,10.5
26,2,Josh Norman,Sharna Burgess,Athlete,Sports,South Carolina,United States,30,26-35,31.5,7.875,4,0.961392468266675,0.12776958801765465,999999.9333333556,127769.57949968496,2,,0.14285714285714285,7.5
26,2,Tonya Harding,Sasha Farber,Athlete,Sports,Oregon,United States,47,46-55,33.0,8.25,4,0.9686048807245353,0.12402362767507415,999999.9333333556,124023.61940683506,3,,0.42857142857142855,10.0
26,2,Chris Mazdzer,Witney Carson,Athlete,Sports,Massachusetts,United States,29,26-35,33.0,8.25,4,0.9729137052152735,0.1240234308379985,999999.9333333556,124023.42256977253,5,3.0,0.42857142857142855,12.0
26,2,Kareem Abdul-Jabbar,Lindsay Arnold,Athlete,Sports,New York,United States,71,>55,29.5,7.375,4,0.0706317717307635,0.11686865422642374,999999.9333333556,116868.64643518273,8,2.0,0.0,12.5
26,2,Arike Ogunbowale,Gleb Savchenko,Athlete,Sports,Wisconsin,United States,21,≤25,35.0,8.75,4,0.11151939476024555,0.11468546283301201,999999.9333333556,114685.45518731704,7,2.0,0.7142857142857143,15.0
26,3,Adam Rippon,Jenna Johnson,Athlete,Sports,Pennsylvania,United States,28,26-35,41.0,10.25,4,0.9913308525559257,0.18412861246188678,1199999.8666667112,220954.31040379067,1,,1.0,8.5
26,3,Josh Norman,Sharna Burgess,Athlete,Sports,South Carolina,United States,30,26-35,38.0,9.5,4,0.9854029586129205,0.17499481228280978,1199999.8666667112,209993.7514067379,2,,0.8,7.0
26,3,Mirai Nagasu,Alan Bersten,Athlete,Sports,California,United States,25,≤25,35.0,8.75,4,0.20025691127417602,0.16603417970889067,1199999.8666667112,199240.99351278556,4,3.0,0.4,6.0
26,3,Tonya Harding,Sasha Farber,Athlete,Sports,Oregon,United States,47,46-55,35.0,8.75,4,0.9450928513541536,0.16603417970889067,1199999.8666667112,199240.99351278556,3,,0.4,6.0
26,3,Chris Mazdzer,Witney Carson,Athlete,Sports,Massachusetts,United States,29,26-35,33.0,8.25,4,0.12102826662705012,0.16015918106123614,1199999.8666667112,192190.995918933,5,3.0,0.2,6.0
26,3,Jennie Finch Daigle,Keo Motsepe,Athlete,Sports,California,United States,37,36-45,29.0,7.25,4,0.08729909400363128,0.14864903477628594,1199999.8666667112,178378.82191167845,6,3.0,0.0,4.0
26,4,Adam Rippon,Jenna Johnson,Athlete,Sports,Pennsylvania,United States,28,26-35,29.0,9.666666666666666,3,0.7082557240617772,0.33783357130901764,1399999.8000000666,472966.93226593296,1,,1.0,-4.0
26,4,Josh Norman,Sharna Burgess,Athlete,Sports,South Carolina,United States,30,26-35,28.5,9.5,3,0.7369320879758835,0.3333294648724651,1399999.8000000666,466661.1841555804,2,,0.5,-1.5
26,4,Tonya Harding,Sasha Farber,Athlete,Sports,Oregon,United States,47,46-55,28.0,9.333333333333334,3,0.6165171817361292,0.32883696381851724,1399999.8000000666,460371.68357855326,3,,0.0,-2.5
27,1,Tinashe,Brandon Armstrong,Singer/Rapper,Entertainment,Kentucky,United States,25,≤25,23.0,7.666666666666667,3,0.9946387699696428,0.08272973068882773,800000.0,66183.78455106218,10,4.0,0.9166666666666666,1.0
27,1,DeMarcus Ware,Lindsay Arnold,Athlete,Sports,Alabama,United States,36,36-45,23.0,7.666666666666667,3,0.9967321629337597,0.08272972535294056,800000.0,66183.78028235244,7,7.0,0.9166666666666666,1.0
27,1,Juan Pablo Di Pace,Cheryl Burke,Actor/Actress,Entertainment,Unknown,Argentina,39,36-45,22.0,7.333333333333333,3,0.9955741689543985,0.08095299558510516,800000.0,64762.39646808412,5,8.0,0.75,1.0
27,1,Alexis Ren,Alan Bersten,Social Media Personality,Media,California,United States,21,≤25,22.0,7.333333333333333,3,0.9968910785738789,0.08095299551464037,800000.0,64762.396411712296,4,,0.75,1.0
27,1,Bobby Bones,Sharna Burgess,Radio Personality,Media,Arkansas,United States,38,36-45,20.0,6.666666666666667,3,0.9951623455821516,0.07748060510804754,800000.0,61984.48408643803,1,,0.5,1.0
27,1,Mary Lou Retton,Sasha Farber,Athlete,Sports,West Virginia,United States,50,46-55,20.0,6.666666666666667,3,0.9944535931926384,0.07748060301309789,800000.0,61984.48241047831,9,6.0,0.5,1.0
27,1,Milo Manheim,Witney Carson,Actor/Actress,Entertainment,California,United States,17,≤25,20.0,6.666666666666667,3,0.995466028347312,0.07748060301309789,800000.0,61984.48241047831,2,,0.5,1.0
27,1,Joe Amabile,Jenna Johnson,TV Personality,Media,Illinois,United States,32,26-35,14.0,4.666666666666667,3,0.9764235252194334,0.07747249381734521,800000.0,61977.99505387617,6,8.0,0.0,1.0
27,1,Nancy McKeon,Valentin Chmerkovskiy,Actor/Actress,Entertainment,New York,United States,52,46-55,19.5,6.5,3,0.9910631973204432,0.0766295937065829,800000.0,61303.67496526632,11,3.0,0.4166666666666667,1.0
27,1,Evanna Lynch,Keo Motsepe,Actor/Actress,Entertainment,Unknown,Ireland,27,26-35,18.0,6.0,3,0.9835444069025763,0.07411455477372667,800000.0,59291.643818981334,3,,0.16666666666666666,1.0
27,1,John Schneider,Emma Slater,Actor/Actress,Entertainment,New York,United States,58,>55,18.0,6.0,3,0.9888058809707222,0.07411455477372667,800000.0,59291.643818981334,8,7.0,0.16666666666666666,1.0
27,1,Danelle Umstead,Artem Chigvintsev,Athlete,Sports,New Mexico,United States,46,46-55,18.0,6.0,3,0.9821948757129825,0.07411455470326186,800000.0,59291.64376260949,12,2.0,0.16666666666666666,1.0
27,1,Nikki Glaser,Gleb Savchenko,Comedian,Entertainment,Ohio,United States,34,26-35,17.5,5.833333333333333,3,0.14330036335670177,0.0637469899495995,800000.0,50997.5919596796,13,1.0,0.08333333333333333,1.0
27,2,Milo Manheim,Witney Carson,Actor/Actress,Entertainment,California,United States,17,≤25,26.0,8.666666666666666,3,0.9963726648298615,0.08917349142732071,874999.9906250013,78026.80416290426,2,,0.8181818181818182,6.0
27,2,Juan Pablo Di Pace,Cheryl Burke,Actor/Actress,Entertainment,Unknown,Argentina,39,36-45,26.0,8.666666666666666,3,0.9945891036522883,0.0891734905800162,874999.9906250013,78026.80342151281,5,8.0,0.8181818181818182,4.0
27,2,Tinashe,Brandon Armstrong,Singer/Rapper,Entertainment,Kentucky,United States,25,≤25,26.0,8.666666666666666,3,0.9926710326689606,0.08917349030844367,874999.9906250013,78026.80318388685,10,4.0,0.8181818181818182,3.0
27,2,Alexis Ren,Alan Bersten,Social Media Personality,Media,California,United States,21,≤25,24.5,8.166666666666666,3,0.9957952268513051,0.08657954006241055,874999.9906250013,75757.09674292615,4,,0.7272727272727273,2.5
27,2,Evanna Lynch,Keo Motsepe,Actor/Actress,Entertainment,Unknown,Ireland,27,26-35,24.0,8.0,3,0.9966607927524505,0.08572385671989874,874999.9906250013,75008.37382625035,3,,0.6363636363636364,6.0
27,2,DeMarcus Ware,Lindsay Arnold,Athlete,Sports,Alabama,United States,36,36-45,23.5,7.833333333333333,3,0.9961539031793113,0.08487272887338387,874999.9906250013,74263.63696852916,7,7.0,0.5454545454545454,0.5
27,2,Mary Lou Retton,Sasha Farber,Athlete,Sports,West Virginia,United States,50,46-55,23.0,7.666666666666667,3,0.9889342065230371,0.084026198507226,874999.9906250013,73522.92290607723,9,6.0,0.45454545454545453,3.0
27,2,John Schneider,Emma Slater,Actor/Actress,Entertainment,New York,United States,58,>55,21.5,7.166666666666667,3,0.9680021830750112,0.08151460369060981,874999.9906250013,71325.27746508428,8,7.0,0.36363636363636365,3.5
27,2,Nancy McKeon,Valentin Chmerkovskiy,Actor/Actress,Entertainment,New York,United States,52,46-55,20.5,6.833333333333333,3,0.9286440205888029,0.07986388620713317,874999.9906250013,69880.89968251769,11,3.0,0.2727272727272727,1.0
27,2,Bobby Bones,Sharna Burgess,Radio Personality,Media,Arkansas,United States,38,36-45,19.5,6.5,3,0.9659638167223905,0.0782322770358449,874999.9906250013,68453.24167293678,1,,0.18181818181818182,-0.5
27,2,Joe Amabile,Jenna Johnson,TV Personality,Media,Illinois,United States,32,26-35,17.5,5.833333333333333,3,0.9287218970863789,0.07768164897096935,874999.9906250013,67971.44212133282,6,8.0,0.0,3.5
27,2,Danelle Umstead,Artem Chigvintsev,Athlete,Sports,New Mexico,United States,46,46-55,18.5,6.166666666666667,3,0.16074335130131262,0.07398478761674314,874999.9906250013,64736.68847104296,12,2.0,0.09090909090909091,0.5
27,3,Juan Pablo Di Pace,Cheryl Burke,Actor/Actress,Entertainment,Unknown,Argentina,39,36-45,30.0,10.0,3,0.9936488242599499,0.10045931581279852,949999.9812500024,95436.34813854666,5,8.0,1.0,4.0
27,3,Evanna Lynch,Keo Motsepe,Actor/Actress,Entertainment,Unknown,Ireland,27,26-35,27.0,9.0,3,0.9960726374782383,0.0949884255582147,949999.9812500024,90239.00249927121,3,,0.7,4.5
27,3,Milo Manheim,Witney Carson,Actor/Actress,Entertainment,California,United States,17,≤25,27.0,9.0,3,0.995883569905044,0.094988425457533,949999.9812500024,90239.0024036236,2,,0.7,3.5
27,3,Tinashe,Brandon Armstrong,Singer/Rapper,Entertainment,Kentucky,United States,25,≤25,27.0,9.0,3,0.991565426930817,0.09498842467425747,949999.9812500024,90239.00165951187,10,4.0,0.7,2.0
27,3,Alexis Ren,Alan Bersten,Social Media Personality,Media,California,United States,21,≤25,26.0,8.666666666666666,3,0.9954645900694485,0.09319920214324509,949999.9812500024,88539.24028859803,4,,0.5,2.0
27,3,DeMarcus Ware,Lindsay Arnold,Athlete,Sports,Alabama,United States,36,36-45,26.0,8.666666666666666,3,0.9948377052686946,0.09319920214324509,949999.9812500024,88539.24028859803,7,7.0,0.5,1.5
27,3,Joe Amabile,Jenna Johnson,TV Personality,Media,Illinois,United States,32,26-35,18.0,6.0,3,0.9497129903825711,0.09040121878562747,949999.9812500024,85881.15615132346,6,8.0,0.0,2.0
27,3,Mary Lou Retton,Sasha Farber,Athlete,Sports,West Virginia,United States,50,46-55,24.0,8.0,3,0.9476384361813184,0.08967397466125676,949999.9812500024,85190.27424680711,9,6.0,0.4,2.0
27,3,Bobby Bones,Sharna Burgess,Radio Personality,Media,Arkansas,United States,38,36-45,23.0,7.666666666666667,3,0.9306692362054854,0.08793846140543175,949999.9812500024,83541.53668631423,1,,0.3,1.5
27,3,John Schneider,Emma Slater,Actor/Actress,Entertainment,New York,United States,58,>55,21.0,7.0,3,0.9744211017151232,0.08452229288012655,949999.9812500024,80296.17665132743,8,7.0,0.1,1.5
27,3,Nancy McKeon,Valentin Chmerkovskiy,Actor/Actress,Entertainment,New York,United States,52,46-55,22.0,7.333333333333333,3,0.26816646314320997,0.07564105647826357,949999.9812500024,71859.00223608076,11,3.0,0.2,1.25
27,4,Joe Amabile,Jenna Johnson,TV Personality,Media,Illinois,United States,32,26-35,15.0,5.0,3,0.9145922622177352,0.11753448384270036,1024999.9718750035,120472.84263311094,6,8.0,0.0,-1.25
27,4,Milo Manheim,Witney Carson,Actor/Actress,Entertainment,California,United States,17,≤25,29.0,9.666666666666666,3,0.9954701058131136,0.11286253587965887,1024999.9718750035,115684.09610239192,2,,1.0,1.5
27,4,Mary Lou Retton,Sasha Farber,Athlete,Sports,West Virginia,United States,50,46-55,26.0,8.666666666666666,3,0.9938639132418794,0.10588816469592742,1024999.9718750035,108535.36583522135,9,6.0,0.7777777777777778,1.5
27,4,Alexis Ren,Alan Bersten,Social Media Personality,Media,California,United States,21,≤25,25.0,8.333333333333334,3,0.9954205038379079,0.10358855840757096,1024999.9718750035,106178.26945433239,4,,0.6666666666666666,0.25
27,4,Juan Pablo Di Pace,Cheryl Burke,Actor/Actress,Entertainment,Unknown,Argentina,39,36-45,24.0,8.0,3,0.989808599808828,0.10130517225356002,1024999.9718750035,103837.79871069141,5,8.0,0.4444444444444444,-1.0
27,4,Evanna Lynch,Keo Motsepe,Actor/Actress,Entertainment,Unknown,Ireland,27,26-35,24.0,8.0,3,0.9914925187566795,0.10130516367630277,1024999.9718750035,103837.78991900297,3,,0.4444444444444444,0.0
27,4,DeMarcus Ware,Lindsay Arnold,Athlete,Sports,Alabama,United States,36,36-45,22.0,7.333333333333333,3,0.963468909817511,0.09680614700021418,1024999.9718750035,99226.297952547,7,7.0,0.3333333333333333,-0.75
27,4,Bobby Bones,Sharna Burgess,Radio Personality,Media,Arkansas,United States,38,36-45,20.0,6.666666666666667,3,0.9482074772393813,0.09598295376766967,1024999.9718750035,98382.52491234118,1,,0.1111111111111111,0.25
27,4,John Schneider,Emma Slater,Actor/Actress,Entertainment,New York,United States,58,>55,21.0,7.0,3,0.9490288598527761,0.0946061769099865,1024999.9718750035,96971.32867193778,8,7.0,0.2222222222222222,-0.25
27,4,Tinashe,Brandon Armstrong,Singer/Rapper,Entertainment,Kentucky,United States,25,≤25,26.0,8.666666666666666,3,0.17716256095180075,0.07012064356640928,1024999.9718750035,71873.65768342666,10,4.0,0.7777777777777778,0.0
27,5,Alexis Ren,Alan Bersten,Social Media Personality,Media,California,United States,21,≤25,29.0,9.666666666666666,3,0.9945698394318192,0.1214513025223785,1099999.9625000048,133596.42822019308,4,,0.875,1.5
27,5,Juan Pablo Di Pace,Cheryl Burke,Actor/Actress,Entertainment,Unknown,Argentina,39,36-45,29.0,9.666666666666666,3,0.9933299766520839,0.1214513025223785,1099999.9625000048,133596.42822019308,5,8.0,0.875,-0.5
27,5,Milo Manheim,Witney Carson,Actor/Actress,Entertainment,California,United States,17,≤25,27.0,9.0,3,0.9953129754167529,0.11653944251320468,1099999.9625000048,128193.38239429661,2,,0.75,0.0
27,5,DeMarcus Ware,Lindsay Arnold,Athlete,Sports,Alabama,United States,36,36-45,26.0,8.666666666666666,3,0.9787756048842255,0.11412377696857216,1099999.9625000048,125536.15038578829,7,7.0,0.625,0.0
27,5,Mary Lou Retton,Sasha Farber,Athlete,Sports,West Virginia,United States,50,46-55,25.0,8.333333333333334,3,0.980672454232513,0.1117353063859743,1099999.9625000048,122908.83283449827,9,6.0,0.5,0.5
27,5,Evanna Lynch,Keo Motsepe,Actor/Actress,Entertainment,Unknown,Ireland,27,26-35,24.0,8.0,3,0.9624259862001869,0.10937401020145487,1099999.9625000048,120311.4071200755,3,,0.25,-1.5
27,5,John Schneider,Emma Slater,Actor/Actress,Entertainment,New York,United States,58,>55,24.0,8.0,3,0.8800724924749346,0.10937401020145487,1099999.9625000048,120311.4071200755,8,7.0,0.25,1.5
27,5,Bobby Bones,Sharna Burgess,Radio Personality,Media,Arkansas,United States,38,36-45,21.0,7.0,3,0.9404080606948969,0.10244744424999669,1099999.9625000048,112692.18483321769,1,,0.125,-1.0
27,5,Joe Amabile,Jenna Johnson,TV Personality,Media,Illinois,United States,32,26-35,17.0,5.666666666666667,3,0.833022870433443,0.09350340443458548,1099999.9625000048,102853.74137166681,6,8.0,0.0,-0.5
27,6,Juan Pablo Di Pace,Cheryl Burke,Actor/Actress,Entertainment,Unknown,Argentina,39,36-45,30.0,10.0,3,0.9875385417482502,0.12160160911502296,1174999.9531250058,142881.88501007727,5,8.0,0.875,3.0
27,6,Milo Manheim,Witney Carson,Actor/Actress,Entertainment,California,United States,17,≤25,30.0,10.0,3,0.9933464243647244,0.12160160874779632,1174999.9531250058,142881.88457858597,2,,0.875,0.5
27,6,Evanna Lynch,Keo Motsepe,Actor/Actress,Entertainment,Unknown,Ireland,27,26-35,29.0,9.666666666666666,3,0.9948897439486422,0.11921062003558615,1174999.9531250058,140072.4729538166,3,,0.75,2.5
27,6,Alexis Ren,Alan Bersten,Social Media Personality,Media,California,United States,21,≤25,27.0,9.0,3,0.9937918681609448,0.11449847038383659,1174999.9531250058,134535.69733389287,4,,0.625,1.0
27,6,John Schneider,Emma Slater,Actor/Actress,Entertainment,New York,United States,58,>55,19.0,6.333333333333333,3,0.9341407278311032,0.11323327280454663,1174999.9531250058,133049.0902375333,8,7.0,0.0,-1.0
27,6,DeMarcus Ware,Lindsay Arnold,Athlete,Sports,Alabama,United States,36,36-45,26.0,8.666666666666666,3,0.9927793281218087,0.11217828257705646,1174999.9531250058,131809.476769685,7,7.0,0.5,2.0
27,6,Bobby Bones,Sharna Burgess,Radio Personality,Media,Arkansas,United States,38,36-45,22.0,7.333333333333333,3,0.9116024216393729,0.10313847320284762,1174999.9531250058,121187.70117873063,1,,0.125,1.0
27,6,Joe Amabile,Jenna Johnson,TV Personality,Media,Illinois,United States,32,26-35,22.0,7.333333333333333,3,0.9010603000934617,0.10313847320284762,1174999.9531250058,121187.70117873063,6,8.0,0.125,3.5
27,6,Mary Lou Retton,Sasha Farber,Athlete,Sports,West Virginia,United States,50,46-55,24.0,8.0,3,0.26286897658744934,0.09139918993045959,1174999.9531250058,107394.04388395352,9,6.0,0.375,-1.0
27,7,Evanna Lynch,Keo Motsepe,Actor/Actress,Entertainment,Unknown,Ireland,27,26-35,29.5,9.833333333333334,3,0.9921166344489353,0.13091630234033413,1249999.943750007,163645.3705613766,3,,1.0,2.75
27,7,Milo Manheim,Witney Carson,Actor/Actress,Entertainment,California,United States,17,≤25,29.0,9.666666666666666,3,0.9836830012920899,0.12961553952486451,1249999.943750007,162019.41711520747,2,,0.8571428571428571,1.0
27,7,Juan Pablo Di Pace,Cheryl Burke,Actor/Actress,Entertainment,Unknown,Argentina,39,36-45,28.0,9.333333333333334,3,0.9591549082377602,0.1270314065623916,1249999.943750007,158789.25105747377,5,8.0,0.7142857142857143,-0.5
27,7,Joe Amabile,Jenna Johnson,TV Personality,Media,Illinois,United States,32,26-35,23.5,7.833333333333333,3,0.9620735841506269,0.12640603708665368,1249999.943750007,158007.53924797842,6,8.0,0.0,3.25
27,7,Alexis Ren,Alan Bersten,Social Media Personality,Media,California,United States,21,≤25,27.5,9.166666666666666,3,0.9794002043563962,0.12574809399173806,1249999.943750007,157185.11041634317,4,,0.5714285714285714,-0.75
27,7,John Schneider,Emma Slater,Actor/Actress,Entertainment,New York,United States,58,>55,27.0,9.0,3,0.2145282366406969,0.12447064120341235,1249999.943750007,155588.29450279276,8,7.0,0.42857142857142855,1.5
27,7,Bobby Bones,Sharna Burgess,Radio Personality,Media,Arkansas,United States,38,36-45,26.5,8.833333333333334,3,0.8961441265916852,0.1231990593819583,1249999.943750007,153998.81729750166,1,,0.14285714285714285,2.75
27,7,DeMarcus Ware,Lindsay Arnold,Athlete,Sports,Alabama,United States,36,36-45,26.5,8.833333333333334,3,0.25749720671827064,0.11261291990864751,1249999.943750007,140766.14355133343,7,7.0,0.14285714285714285,0.25
27,8,Juan Pablo Di Pace,Cheryl Burke,Actor/Actress,Entertainment,Unknown,Argentina,39,36-45,30.0,10.0,3,0.22671728184438925,0.17896870343291446,1324999.9343750083,237133.520303792,5,8.0,1.0,0.0
27,8,Alexis Ren,Alan Bersten,Social Media Personality,Media,California,United States,21,≤25,29.0,9.666666666666666,3,0.9636254656830414,0.17500135754889956,1324999.9343750083,231876.7872678293,4,,0.6,1.0
27,8,Evanna Lynch,Keo Motsepe,Actor/Actress,Entertainment,Unknown,Ireland,27,26-35,29.0,9.666666666666666,3,0.9921573182285974,0.17500135754889956,1324999.9343750083,231876.7872678293,3,,0.6,0.0
27,8,Milo Manheim,Witney Carson,Actor/Actress,Entertainment,California,United States,17,≤25,27.5,9.166666666666666,3,0.9715079668006584,0.16911184434651805,1324999.9343750083,224073.18266117305,2,,0.4,-1.25
27,8,Bobby Bones,Sharna Burgess,Radio Personality,Media,Arkansas,United States,38,36-45,22.5,7.5,3,0.8873663688934313,0.15251116513559063,1324999.9343750083,202077.28379611362,1,,0.0,0.25
27,8,Joe Amabile,Jenna Johnson,TV Personality,Media,Illinois,United States,32,26-35,23.0,7.666666666666667,3,0.1353380041278045,0.1494055719871778,1324999.9343750083,197962.37307827116,6,8.0,0.2,0.5
27,9,Evanna Lynch,Keo Motsepe,Actor/Actress,Entertainment,Unknown,Ireland,27,26-35,30.0,10.0,3,0.6374232515086065,0.25694466100832103,1399999.9250000094,359722.5061408023,3,,0.6666666666666666,0.25
27,9,Milo Manheim,Witney Carson,Actor/Actress,Entertainment,California,United States,17,≤25,30.0,10.0,3,0.8520918303765771,0.25694466100832103,1399999.9250000094,359722.5061408023,2,,0.6666666666666666,0.5
27,9,Alexis Ren,Alan Bersten,Social Media Personality,Media,California,United States,21,≤25,28.5,9.5,3,0.9017981724783463,0.24766175500989981,1399999.9250000094,346726.43843923043,4,,0.3333333333333333,0.5
27,9,Bobby Bones,Sharna Burgess,Radio Personality,Media,Arkansas,United States,38,36-45,27.0,9.0,3,0.5820631338555625,0.23844892297345802,1399999.9250000094,333828.47427917423,1,,0.0,0.25
28,1,James Van Der Beek,Emma Slater,Actor/Actress,Entertainment,Connecticut,United States,42,36-45,21.0,7.0,3,0.9998206334090144,0.09412353073761212,960000.0,90358.58950810763,5,10.0,1.0,1.0
28,1,Hannah Brown,Alan Bersten,TV Personality,Media,Alabama,United States,24,≤25,20.0,6.666666666666667,3,0.9998148785015866,0.09168033311769314,960000.0,88013.11979298541,1,,0.9090909090909091,1.0
28,1,Lauren Alaina,Gleb Savchenko,Singer/Rapper,Entertainment,Georgia,United States,24,≤25,19.0,6.333333333333333,3,0.9997937681640071,0.08926850932814584,960000.0,85697.76895502,4,,0.8181818181818182,1.0
28,1,Sailor Brinkley-Cook,Valentin Chmerkovskiy,Model,Model,New York,United States,21,≤25,18.0,6.0,3,0.9998628282240563,0.08688922985890407,960000.0,83413.6606645479,9,6.0,0.7272727272727273,1.0
28,1,Mary Wilson,Brandon Armstrong,Singer/Rapper,Entertainment,Nevada,United States,75,>55,17.0,5.666666666666667,3,0.9996959340324912,0.08454370444917661,960000.0,81161.95627120955,12,2.0,0.5454545454545454,1.0
28,1,Karamo Brown,Jenna Johnson,TV Personality,Media,Texas,United States,38,36-45,17.0,5.666666666666667,3,0.9996656143047581,0.08454370416220935,960000.0,81161.95599572099,8,7.0,0.5454545454545454,1.0
28,1,Ally Brooke,Sasha Farber,Singer/Rapper,Entertainment,Texas,United States,26,26-35,16.0,5.333333333333333,3,0.9995653189147364,0.08223307810027995,960000.0,78943.75497626876,3,,0.36363636363636365,1.0
28,1,Kel Mitchell,Witney Carson,Actor/Actress,Entertainment,Illinois,United States,41,36-45,16.0,5.333333333333333,3,0.99960004566025,0.08223307810027995,960000.0,78943.75497626876,2,,0.36363636363636365,1.0
28,1,Kate Flannery,Pasha Pashkov,Actor/Actress,Entertainment,Pennsylvania,United States,55,46-55,15.0,5.0,3,0.9990957973815904,0.07995831293375436,960000.0,76759.98041640419,7,8.0,0.18181818181818182,1.0
28,1,Ray Lewis,Cheryl Burke,Athlete,Sports,Florida,United States,44,36-45,15.0,5.0,3,0.9992863544257692,0.07995831293375436,960000.0,76759.98041640419,11,-1.0,0.18181818181818182,1.0
28,1,Sean Spicer,Lindsay Arnold,Politician,Other,New York,United States,48,46-55,12.0,4.0,3,0.9989388458574567,0.0733511802792429,960000.0,70417.13306807318,6,9.0,0.09090909090909091,1.0
28,1,Lamar Odom,Peta Murgatroyd,Athlete,Sports,New York,United States,39,36-45,11.0,3.6666666666666665,3,0.9990585408323154,0.07121702599894732,960000.0,68368.34495898943,10,4.0,0.0,1.0
28,2,Mary Wilson,Brandon Armstrong,Singer/Rapper,Entertainment,Nevada,United States,75,>55,15.0,5.0,3,0.006867366493520394,0.10994669612325683,1031999.9928000007,113464.98960758491,12,2.0,0.09090909090909091,-2.0
28,2,Ray Lewis,Cheryl Burke,Athlete,Sports,Florida,United States,44,36-45,15.0,5.0,3,0.9971715851501428,0.10994669612325683,1031999.9928000007,113464.98960758491,11,-1.0,0.09090909090909091,0.0
28,2,Sailor Brinkley-Cook,Valentin Chmerkovskiy,Model,Model,New York,United States,21,≤25,18.0,6.0,3,0.9997657190917825,0.0916222477874056,1031999.9928000007,94554.15905692246,9,6.0,0.36363636363636365,0.0
28,2,Karamo Brown,Jenna Johnson,TV Personality,Media,Texas,United States,38,36-45,19.0,6.333333333333333,3,0.9996341056506532,0.08680002447344864,1031999.9928000007,89577.62463163889,8,7.0,0.45454545454545453,2.0
28,2,Lauren Alaina,Gleb Savchenko,Singer/Rapper,Entertainment,Georgia,United States,24,≤25,19.0,6.333333333333333,3,0.9996075049976818,0.08680002447344864,1031999.9928000007,89577.62463163889,4,,0.45454545454545453,0.0
28,2,Ally Brooke,Sasha Farber,Singer/Rapper,Entertainment,Texas,United States,26,26-35,20.0,6.666666666666667,3,0.9997155672707847,0.08246002346677625,1031999.9928000007,85098.74362400098,3,,0.6363636363636364,4.0
28,2,James Van Der Beek,Emma Slater,Actor/Actress,Entertainment,Connecticut,United States,42,36-45,20.0,6.666666666666667,3,0.9995900179410843,0.08246002346677625,1031999.9928000007,85098.74362400098,5,10.0,0.6363636363636364,-1.0
28,2,Kel Mitchell,Witney Carson,Actor/Actress,Entertainment,Illinois,United States,41,36-45,20.0,6.666666666666667,3,0.9997439317888597,0.08246002346677625,1031999.9928000007,85098.74362400098,2,,0.6363636363636364,4.0
28,2,Kate Flannery,Pasha Pashkov,Actor/Actress,Entertainment,Pennsylvania,United States,55,46-55,21.0,7.0,3,0.9998297027231022,0.07853335586962823,1031999.9928000007,81046.42269201623,7,8.0,0.9090909090909091,6.0
28,2,Hannah Brown,Alan Bersten,TV Personality,Media,Alabama,United States,24,≤25,24.0,8.0,3,0.9998148785015866,0.06871668679495258,1031999.9928000007,70915.62027763097,1,,1.0,4.0
28,2,Lamar Odom,Peta Murgatroyd,Athlete,Sports,New York,United States,39,36-45,12.0,4.0,3,0.9989612620006828,0.06871668393175753,1031999.9928000007,70915.6173228137,10,4.0,0.0,1.0
28,2,Sean Spicer,Lindsay Arnold,Politician,Other,New York,United States,48,46-55,16.0,5.333333333333333,3,0.9962932453644394,0.051537514022516266,1031999.9928000007,53186.71410016672,6,9.0,0.2727272727272727,4.0
28,3,Ally Brooke,Sasha Farber,Singer/Rapper,Entertainment,Texas,United States,26,26-35,24.0,8.0,3,0.9998007633889894,0.11062424417845196,1103999.9856000014,122129.163980022,3,,0.8888888888888888,4.0
28,3,Kate Flannery,Pasha Pashkov,Actor/Actress,Entertainment,Pennsylvania,United States,55,46-55,24.0,8.0,3,0.9998297027231022,0.11062424417845196,1103999.9856000014,122129.163980022,7,8.0,0.8888888888888888,4.5
28,3,James Van Der Beek,Emma Slater,Actor/Actress,Entertainment,Connecticut,United States,42,36-45,23.0,7.666666666666667,3,0.9998206334090144,0.10798686789850258,1103999.9856000014,119217.5006049361,5,10.0,0.6666666666666666,1.0
28,3,Sailor Brinkley-Cook,Valentin Chmerkovskiy,Model,Model,New York,United States,21,≤25,23.0,7.666666666666667,3,0.9998865221887622,0.10798686731036655,1103999.9856000014,119217.49995563393,9,6.0,0.6666666666666666,2.5
28,3,Hannah Brown,Alan Bersten,TV Personality,Media,Alabama,United States,24,≤25,21.0,7.0,3,0.9996590929285945,0.10280057389981902,1103999.9856000014,113491.83210507207,1,,0.5555555555555556,0.5
28,3,Kel Mitchell,Witney Carson,Actor/Actress,Entertainment,Illinois,United States,41,36-45,20.0,6.666666666666667,3,0.9995321339777996,0.10025340649817689,1103999.9856000014,110679.75933033838,2,,0.3333333333333333,2.0
28,3,Lauren Alaina,Gleb Savchenko,Singer/Rapper,Entertainment,Georgia,United States,24,≤25,20.0,6.666666666666667,3,0.999457360702076,0.10025340649817689,1103999.9856000014,110679.75933033838,4,,0.3333333333333333,0.5
28,3,Karamo Brown,Jenna Johnson,TV Personality,Media,Texas,United States,38,36-45,16.0,5.333333333333333,3,0.9986077307660653,0.0903914790651478,1103999.9856000014,99792.191586286,8,7.0,0.2222222222222222,-0.5
28,3,Sean Spicer,Lindsay Arnold,Politician,Other,New York,United States,48,46-55,15.0,5.0,3,0.9977491079353291,0.08801081614122463,1103999.9856000014,97163.93975255637,6,9.0,0.1111111111111111,1.5
28,3,Lamar Odom,Peta Murgatroyd,Athlete,Sports,New York,United States,39,36-45,12.0,4.0,3,0.998975570004525,0.08106809433168165,1103999.9856000014,89499.1749747961,10,4.0,0.0,0.5
28,4,Kate Flannery,Pasha Pashkov,Actor/Actress,Entertainment,Pennsylvania,United States,55,46-55,26.0,6.5,4,0.9979502558271529,0.129022028555111,1175999.9784000022,151729.902793935,7,8.0,0.2222222222222222,2.5
28,4,James Van Der Beek,Emma Slater,Actor/Actress,Entertainment,Connecticut,United States,42,36-45,28.0,7.0,4,0.9994856070720356,0.11980616970174088,1175999.9784000022,140892.05298143427,5,10.0,0.3333333333333333,4.0
28,4,Sailor Brinkley-Cook,Valentin Chmerkovskiy,Model,Model,New York,United States,21,≤25,31.0,7.75,4,0.999865218034407,0.10821202462073835,1175999.9784000022,127257.33861660882,9,6.0,0.5555555555555556,6.5
28,4,Ally Brooke,Sasha Farber,Singer/Rapper,Entertainment,Texas,United States,26,26-35,32.0,8.0,4,0.9997463512159701,0.10483039895701611,1175999.9784000022,123280.54690911456,3,,0.6666666666666666,6.0
28,4,Hannah Brown,Alan Bersten,TV Personality,Media,Alabama,United States,24,≤25,32.0,8.0,4,0.99979688317066,0.10483039895701611,1175999.9784000022,123280.54690911456,1,,0.6666666666666666,4.0
28,4,Kel Mitchell,Witney Carson,Actor/Actress,Entertainment,Illinois,United States,41,36-45,32.0,8.0,4,0.9997568240066848,0.10483039895701611,1175999.9784000022,123280.54690911456,2,,0.6666666666666666,6.0
28,4,Lauren Alaina,Gleb Savchenko,Singer/Rapper,Entertainment,Georgia,United States,24,≤25,32.0,8.0,4,0.9997204041627229,0.10483039895701611,1175999.9784000022,123280.54690911456,4,,0.6666666666666666,6.5
28,4,Lamar Odom,Peta Murgatroyd,Athlete,Sports,New York,United States,39,36-45,20.0,5.0,4,0.0023697793071580193,0.08386431759315696,1175999.9784000022,98624.43567808351,10,4.0,0.0,4.0
28,4,Sean Spicer,Lindsay Arnold,Politician,Other,New York,United States,48,46-55,21.0,5.25,4,0.9973376384977768,0.079870778850318,1175999.9784000022,93928.03420276532,6,9.0,0.1111111111111111,2.5
28,4,Karamo Brown,Jenna Johnson,TV Personality,Media,Texas,United States,38,36-45,28.0,7.0,4,0.9995156026076951,0.05990308485087044,1175999.9784000022,70446.02649071714,8,7.0,0.3333333333333333,4.5
28,5,Ally Brooke,Sasha Farber,Singer/Rapper,Entertainment,Texas,United States,26,26-35,27.0,9.0,3,0.9997269294781945,0.11876497138262446,1247999.971200003,148218.68086508452,3,,1.0,1.5
28,5,James Van Der Beek,Emma Slater,Actor/Actress,Entertainment,Connecticut,United States,42,36-45,26.0,8.666666666666666,3,0.9996783295041055,0.11625933169946329,1247999.971200003,145091.6426126618,5,10.0,0.75,1.5
28,5,Kel Mitchell,Witney Carson,Actor/Actress,Entertainment,Illinois,United States,41,36-45,26.0,8.666666666666666,3,0.9996867640088942,0.11625933169946329,1247999.971200003,145091.6426126618,2,,0.75,3.0
28,5,Hannah Brown,Alan Bersten,TV Personality,Media,Alabama,United States,24,≤25,25.0,8.333333333333334,3,0.9996951345965398,0.11377398515215785,1247999.971200003,141989.93019320257,1,,0.625,2.0
28,5,Kate Flannery,Pasha Pashkov,Actor/Actress,Entertainment,Pennsylvania,United States,55,46-55,24.0,8.0,3,0.999222785417039,0.11131013356495467,1247999.971200003,138915.04348333192,7,8.0,0.375,0.0
28,5,Sailor Brinkley-Cook,Valentin Chmerkovskiy,Model,Model,New York,United States,21,≤25,24.0,8.0,3,0.9997772476118577,0.11131013356495467,1247999.971200003,138915.04348333192,9,6.0,0.375,0.5
28,5,Lauren Alaina,Gleb Savchenko,Singer/Rapper,Entertainment,Georgia,United States,24,≤25,23.0,7.666666666666667,3,0.9988294882136811,0.10886934921472517,1247999.971200003,135868.9446845401,4,,0.25,1.5
28,5,Karamo Brown,Jenna Johnson,TV Personality,Media,Texas,United States,38,36-45,21.0,7.0,3,0.9994731367988506,0.10406572814897504,1247999.971200003,129874.02573282819,8,7.0,0.125,2.5
28,5,Sean Spicer,Lindsay Arnold,Politician,Other,New York,United States,48,46-55,19.0,6.333333333333333,3,0.998437191386058,0.09938703557268144,1247999.971200003,124035.01753236011,6,9.0,0.0,2.0
28,6,Sailor Brinkley-Cook,Valentin Chmerkovskiy,Model,Model,New York,United States,21,≤25,27.0,9.0,3,0.010467901839555998,0.11495514173914918,1319999.9640000034,151740.78295729222,9,6.0,0.75,-2.0
28,6,James Van Der Beek,Emma Slater,Actor/Actress,Entertainment,Connecticut,United States,42,36-45,27.0,9.0,3,0.999287241219721,0.11494704784141586,1319999.9640000034,151730.0990125756,5,10.0,0.75,-0.5
28,6,Kate Flannery,Pasha Pashkov,Actor/Actress,Entertainment,Pennsylvania,United States,55,46-55,27.0,9.0,3,0.9996392736190897,0.11494704784141586,1319999.9640000034,151730.0990125756,7,8.0,0.75,0.5
28,6,Kel Mitchell,Witney Carson,Actor/Actress,Entertainment,Illinois,United States,41,36-45,26.0,8.666666666666666,3,0.9988490617540123,0.11261838098502953,1319999.9640000034,148656.25884597766,2,,0.5,-3.0
28,6,Lauren Alaina,Gleb Savchenko,Singer/Rapper,Entertainment,Georgia,United States,24,≤25,26.0,8.666666666666666,3,0.9988848531111688,0.11261838098502953,1319999.9640000034,148656.25884597766,4,,0.5,-3.0
28,6,Ally Brooke,Sasha Farber,Singer/Rapper,Entertainment,Texas,United States,26,26-35,25.0,8.333333333333334,3,0.9987935964661724,0.110305475521986,1319999.9640000034,145603.22371802476,3,,0.25,-3.5
28,6,Karamo Brown,Jenna Johnson,TV Personality,Media,Texas,United States,38,36-45,25.0,8.333333333333334,3,0.9989650942641349,0.110305475521986,1319999.9640000034,145603.22371802476,8,7.0,0.25,-1.5
28,6,Hannah Brown,Alan Bersten,TV Personality,Media,Alabama,United States,24,≤25,24.0,8.0,3,0.99894604997077,0.1080139046657536,1319999.9640000034,142578.35027029456,1,,0.125,-4.0
28,6,Sean Spicer,Lindsay Arnold,Politician,Other,New York,United States,48,46-55,21.0,7.0,3,0.99828821645203,0.10128914489823442,1319999.9640000034,133701.66761926055,6,9.0,0.0,0.0
28,7,Kate Flannery,Pasha Pashkov,Actor/Actress,Entertainment,Pennsylvania,United States,55,46-55,24.0,8.0,3,0.9968233453092904,0.1758655593408071,1391999.9568000042,244804.85100501208,7,8.0,0.14285714285714285,0.0
28,7,Kel Mitchell,Witney Carson,Actor/Actress,Entertainment,Illinois,United States,41,36-45,25.5,8.5,3,0.999194295956377,0.16552052684409424,1391999.9568000042,230404.5662164931,2,,0.42857142857142855,-0.25
28,7,James Van Der Beek,Emma Slater,Actor/Actress,Entertainment,Connecticut,United States,42,36-45,27.0,9.0,3,0.9995399710318891,0.15632494235999955,1391999.9568000042,217604.31301188254,5,10.0,0.7142857142857143,0.5
28,7,Lauren Alaina,Gleb Savchenko,Singer/Rapper,Entertainment,Georgia,United States,24,≤25,27.0,9.0,3,0.9994649765894047,0.15632494235999955,1391999.9568000042,217604.31301188254,4,,0.7142857142857143,2.0
28,7,Sean Spicer,Lindsay Arnold,Politician,Other,New York,United States,48,46-55,21.0,7.0,3,0.9985850031363059,0.10049460473942193,1391999.9568000042,139888.4854559088,6,9.0,0.0,1.0
28,7,Karamo Brown,Jenna Johnson,TV Personality,Media,Texas,United States,38,36-45,24.5,8.166666666666666,3,0.014907232865917358,0.08613823321976456,1391999.9568000042,119904.41692074096,8,7.0,0.2857142857142857,1.75
28,7,Hannah Brown,Alan Bersten,TV Personality,Media,Alabama,United States,24,≤25,26.0,8.666666666666666,3,0.9991627919559437,0.08116871995591328,1391999.9568000042,112986.85467214293,1,,0.5714285714285714,0.5
28,7,Ally Brooke,Sasha Farber,Singer/Rapper,Entertainment,Texas,United States,26,26-35,27.0,9.0,3,0.999434502698059,0.07816247117999978,1391999.9568000042,108802.15650594127,3,,0.7142857142857143,0.0
28,8,Lauren Alaina,Gleb Savchenko,Singer/Rapper,Entertainment,Georgia,United States,24,≤25,24.0,8.0,3,0.9952213907028781,0.20895375486664755,1463999.949600005,305908.28659350384,4,,0.16666666666666666,-1.0
28,8,Ally Brooke,Sasha Farber,Singer/Rapper,Entertainment,Texas,United States,26,26-35,30.0,10.0,3,0.9991413554781516,0.16716300528634304,1463999.949600005,244726.6313141916,3,,0.6666666666666666,2.5
28,8,Hannah Brown,Alan Bersten,TV Personality,Media,Alabama,United States,24,≤25,30.9998,10.333266666666669,3,0.9995580010810653,0.1617716941393687,1463999.949600005,236833.7520667432,1,,0.8333333333333334,3.4999000000000002
28,8,James Van Der Beek,Emma Slater,Actor/Actress,Entertainment,Connecticut,United States,42,36-45,31.9998,10.6666,3,0.9994724302328807,0.15671629725926411,1463999.949600005,229432.65128906208,5,10.0,1.0,2.4999000000000002
28,8,Sean Spicer,Lindsay Arnold,Politician,Other,New York,United States,48,46-55,20.0,6.666666666666667,3,0.9983406828697657,0.1253722518752198,1463999.949600005,183544.97042656093,6,9.0,0.0,-0.5
28,8,Kate Flannery,Pasha Pashkov,Actor/Actress,Entertainment,Pennsylvania,United States,55,46-55,25.9998,8.6666,3,0.008541469188549526,0.09644093671627132,1463999.949600005,141189.5264919985,7,8.0,0.3333333333333333,-0.5000999999999998
28,8,Kel Mitchell,Witney Carson,Actor/Actress,Entertainment,Illinois,United States,41,36-45,29.9998,9.999933333333331,3,0.9992622998936396,0.08358205985688533,1463999.949600005,122364.13141794472,2,,0.5,1.9999000000000002
28,9,Hannah Brown,Alan Bersten,TV Personality,Media,Alabama,United States,24,≤25,35.5,8.875,4,0.9988761534029792,0.2187952232504516,1535999.9424000059,336069.4503100901,1,,0.4,4.75
28,9,James Van Der Beek,Emma Slater,Actor/Actress,Entertainment,Connecticut,United States,42,36-45,36.0,9.0,4,0.9992088126615557,0.21575640078971817,1535999.9424000059,331401.8191854397,5,10.0,0.6,4.5
28,9,Ally Brooke,Sasha Farber,Singer/Rapper,Entertainment,Texas,United States,26,26-35,40.0,10.0,4,0.9994428190010493,0.1941807612501373,1535999.9424000059,298261.6380954002,3,,1.0,6.5
28,9,Sean Spicer,Lindsay Arnold,Politician,Other,New York,United States,48,46-55,25.0,6.25,4,0.002626736296586805,0.1553446066699408,1535999.9424000059,238609.30689718062,6,9.0,0.0,2.0
28,9,Lauren Alaina,Gleb Savchenko,Singer/Rapper,Entertainment,Georgia,United States,24,≤25,35.0,8.75,4,0.9990452051194577,0.11096043460379122,1535999.9424000059,170435.22116010293,4,,0.2,4.0
28,9,Kel Mitchell,Witney Carson,Actor/Actress,Entertainment,Illinois,United States,41,36-45,37.0,9.25,4,0.9992619874583116,0.1049625734359609,1535999.9424000059,161222.50675179233,2,,0.8,5.75
28,10,Kel Mitchell,Witney Carson,Actor/Actress,Entertainment,Illinois,United States,41,36-45,28.5,9.5,3,0.9992411897026025,0.27929210136154126,1607999.9352000065,449101.680891232,2,,0.75,-0.7499000000000002
28,10,Ally Brooke,Sasha Farber,Singer/Rapper,Entertainment,Texas,United States,26,26-35,29.5,9.833333333333334,3,0.9994139190438969,0.2698245728227612,1607999.9352000065,433877.8956143694,3,,1.0,-0.25
28,10,James Van Der Beek,Emma Slater,Actor/Actress,Entertainment,Connecticut,United States,42,36-45,25.5,8.5,3,0.007256730358769391,0.1560749971754124,1607999.9352000065,250968.58534440433,5,10.0,0.0,-3.2499000000000002
28,10,Hannah Brown,Alan Bersten,TV Personality,Media,Alabama,United States,24,≤25,27.0,9.0,3,0.9965032199519976,0.14740416432014256,1607999.9352000065,237025.88667500034,1,,0.25,-1.9999000000000002
28,10,Lauren Alaina,Gleb Savchenko,Singer/Rapper,Entertainment,Georgia,United States,24,≤25,27.0,9.0,3,0.9971813256219378,0.14740416432014256,1607999.9352000065,237025.88667500034,4,,0.25,1.5
28,11,Ally Brooke,Sasha Farber,Singer/Rapper,Entertainment,Texas,United States,26,26-35,30.0,10.0,3,0.9951105740726456,0.2545821344366647,1679999.9280000073,427697.9675236849,3,,1.0,-5.0
28,11,Kel Mitchell,Witney Carson,Actor/Actress,Entertainment,Illinois,United States,41,36-45,29.5,9.833333333333334,3,0.999255509753248,0.25152234596459555,1679999.9280000073,422557.52311091346,2,,0.6666666666666666,-3.75
28,11,Hannah Brown,Alan Bersten,TV Personality,Media,Alabama,United States,24,≤25,29.0,9.666666666666666,3,0.9917678854630793,0.2484701314864927,1679999.9280000073,417429.8030074601,1,,0.3333333333333333,-3.25
28,11,Lauren Alaina,Gleb Savchenko,Singer/Rapper,Entertainment,Georgia,United States,24,≤25,28.5,9.5,3,0.49922919693413326,0.24542538811224712,1679999.9280000073,412314.634357949,4,,0.0,-3.25
29,1,Skai Jackson,Alan Bersten,Actor/Actress,Entertainment,New York,United States,18,≤25,21.0,7.0,3,0.9998172979947474,0.07234782126559088,960000.0,69453.90841496724,5,10.0,0.9285714285714286,1.0
29,1,Justina Machado,Sasha Farber,Actor/Actress,Entertainment,Illinois,United States,48,46-55,21.0,7.0,3,0.9998007633889894,0.072347820468049,960000.0,69453.90764932704,4,,0.9285714285714286,1.0
29,1,Kaitlyn Bristowe,Artem Chigvintsev,TV Personality,Media,Unknown,Canada,35,26-35,20.0,6.666666666666667,3,0.9998115760519533,0.07074891573723129,960000.0,67918.95910774203,1,,0.7857142857142857,1.0
29,1,Nev Schulman,Jenna Johnson,Producer,Other,New York,United States,35,26-35,20.0,6.666666666666667,3,0.9997993811112417,0.07074891514318803,960000.0,67918.95853746051,2,,0.7857142857142857,1.0
29,1,Monica Aldama,Valentin Chmerkovskiy,TV Personality,Media,Alabama,United States,48,46-55,19.0,6.333333333333333,3,0.9997188157570103,0.06916608300298524,960000.0,66399.43968286584,10,7.0,0.7142857142857143,1.0
29,1,AJ McLean,Cheryl Burke,Singer/Rapper,Entertainment,Florida,United States,42,36-45,18.0,6.0,3,0.9996602823280074,0.06760100257524015,960000.0,64896.962472230545,7,9.0,0.35714285714285715,1.0
29,1,Anne Heche,Keo Motsepe,Actor/Actress,Entertainment,Ohio,United States,51,46-55,18.0,6.0,3,0.9995299806547508,0.06760100257524015,960000.0,64896.962472230545,13,4.0,0.35714285714285715,1.0
29,1,Jeannie Mai,Brandon Armstrong,TV Personality,Media,California,United States,41,36-45,18.0,6.0,3,0.9995897620698029,0.06760100086637892,960000.0,64896.960831723765,9,-1.0,0.35714285714285715,1.0
29,1,Jesse Metcalfe,Sharna Burgess,Actor/Actress,Entertainment,California,United States,41,36-45,18.0,6.0,3,0.9995897620698029,0.06760100086637892,960000.0,64896.960831723765,12,5.0,0.35714285714285715,1.0
29,1,Johnny Weir,Britt Stewart,Athlete,Sports,Pennsylvania,United States,36,36-45,18.0,6.0,3,0.9996531407108094,0.06760100086637892,960000.0,64896.960831723765,6,10.0,0.35714285714285715,1.0
29,1,Veron Davis,Peta Murgatroyd,Athlete,Sports,Washington D.C.,United States,36,36-45,17.0,5.666666666666667,3,0.9996281532810787,0.06605565543348325,960000.0,63413.42921614392,11,6.0,0.2857142857142857,1.0
29,1,Nelly,Daniella Karagach,Singer/Rapper,Entertainment,Texas,United States,45,36-45,16.0,5.333333333333333,3,0.9995733484053632,0.06453213404029956,960000.0,61950.84867868758,3,,0.21428571428571427,1.0
29,1,Chrishell Stause,Gleb Savchenko,Actor/Actress,Entertainment,Kentucky,United States,39,36-45,13.0,4.333333333333333,3,0.9970218095387868,0.06010701364796031,960000.0,57702.7331020419,8,8.0,0.14285714285714285,1.0
29,1,Charles Oakley,Emma Slater,Athlete,Sports,Ohio,United States,56,>55,12.0,4.0,3,0.9977230981526003,0.05867796460532136,960000.0,56330.846021108504,15,2.0,0.07142857142857142,1.0
29,1,Carole Baskin,Pasha Pashkov,TV Personality,Media,Texas,United States,59,>55,11.0,3.6666666666666665,3,0.9981720700058713,0.05726266890627403,960000.0,54972.16215002307,14,3.0,0.0,1.0
29,2,Skai Jackson,Alan Bersten,Actor/Actress,Entertainment,New York,United States,18,≤25,15.0,5.0,3,0.9991338794150294,0.09325939659889296,1031999.9928000007,96243.69661858994,5,10.0,0.0,-6.0
29,2,Monica Aldama,Valentin Chmerkovskiy,TV Personality,Media,Alabama,United States,48,46-55,16.0,5.333333333333333,3,0.9995523641759572,0.08743068467575664,1031999.9928000007,90228.46595587999,10,7.0,0.14285714285714285,-3.0
29,2,Anne Heche,Keo Motsepe,Actor/Actress,Entertainment,Ohio,United States,51,46-55,18.0,6.0,3,0.9993417107272499,0.07771616469592368,1031999.9928000007,80203.0814066369,13,4.0,0.2857142857142857,0.0
29,2,Jeannie Mai,Brandon Armstrong,TV Personality,Media,California,United States,41,36-45,18.0,6.0,3,0.9993720155294837,0.07771616469592368,1031999.9928000007,80203.0814066369,9,-1.0,0.2857142857142857,0.0
29,2,Johnny Weir,Britt Stewart,Athlete,Sports,Pennsylvania,United States,36,36-45,18.0,6.0,3,0.9995323094649258,0.07771616469592368,1031999.9928000007,80203.0814066369,6,10.0,0.2857142857142857,0.0
29,2,Veron Davis,Peta Murgatroyd,Athlete,Sports,Washington D.C.,United States,36,36-45,18.0,6.0,3,0.9992101206373483,0.07771616469592368,1031999.9928000007,80203.0814066369,11,6.0,0.2857142857142857,1.0
29,2,AJ McLean,Cheryl Burke,Singer/Rapper,Entertainment,Florida,United States,42,36-45,19.0,6.333333333333333,3,0.9998396516298442,0.07362584045352372,1031999.9928000007,75981.86681793048,7,9.0,0.7142857142857143,1.0
29,2,Jesse Metcalfe,Sharna Burgess,Actor/Actress,Entertainment,California,United States,41,36-45,20.0,6.666666666666667,3,0.9997988989013151,0.06994454861491212,1031999.9928000007,72182.7736669886,12,5.0,0.7857142857142857,2.0
29,2,Justina Machado,Sasha Farber,Actor/Actress,Entertainment,Illinois,United States,48,46-55,21.0,7.0,3,0.9997849068634564,0.06661385598233023,1031999.9928000007,68745.49889414509,4,,0.8571428571428571,0.0
29,2,Nev Schulman,Jenna Johnson,Producer,Other,New York,United States,35,26-35,21.0,7.0,3,0.9997717267920045,0.06661385598233023,1031999.9928000007,68745.49889414509,2,,0.8571428571428571,1.0
29,2,Kaitlyn Bristowe,Artem Chigvintsev,TV Personality,Media,Unknown,Canada,35,26-35,22.0,7.333333333333333,3,0.999828404015901,0.06358595357531079,1031999.9928000007,65620.70363190191,1,,1.0,2.0
29,2,Charles Oakley,Emma Slater,Athlete,Sports,Ohio,United States,56,>55,15.0,5.0,3,0.008470182927690112,0.04662969829944648,1031999.9928000007,48121.84830929497,15,2.0,0.0,3.0
29,2,Carole Baskin,Pasha Pashkov,TV Personality,Media,Texas,United States,59,>55,16.0,5.333333333333333,3,0.9983919680179701,0.04371534233787832,1031999.9928000007,45114.232977939995,14,3.0,0.14285714285714285,5.0
29,2,Chrishell Stause,Gleb Savchenko,Actor/Actress,Entertainment,Kentucky,United States,39,36-45,18.0,6.0,3,0.9994455236586185,0.03885808234796184,1031999.9928000007,40101.54070331845,8,8.0,0.2857142857142857,5.0
29,2,Nelly,Daniella Karagach,Singer/Rapper,Entertainment,Texas,United States,45,36-45,18.0,6.0,3,0.9993818252250006,0.03885808234796184,1031999.9928000007,40101.54070331845,3,,0.2857142857142857,2.0
29,3,Anne Heche,Keo Motsepe,Actor/Actress,Entertainment,Ohio,United States,51,46-55,15.0,5.0,3,0.9956835670948662,0.10600484757580722,1103999.9856000014,117029.35019722152,13,4.0,0.07692307692307693,-1.5
29,3,Nelly,Daniella Karagach,Singer/Rapper,Entertainment,Texas,United States,45,36-45,18.0,6.0,3,0.9988900729258596,0.08833737396136566,1103999.9856000014,97524.45958128963,3,,0.15384615384615385,1.0
29,3,Justina Machado,Sasha Farber,Actor/Actress,Entertainment,Illinois,United States,48,46-55,19.0,6.333333333333333,3,0.9988221476802406,0.08368803873441669,1103999.9856000014,92391.59355768838,4,,0.3076923076923077,-1.0
29,3,Jesse Metcalfe,Sharna Burgess,Actor/Actress,Entertainment,California,United States,41,36-45,20.0,6.666666666666667,3,0.9994945196363149,0.07950363700691593,1103999.9856000014,87772.01411078293,12,5.0,0.38461538461538464,1.0
29,3,AJ McLean,Cheryl Burke,Singer/Rapper,Entertainment,Florida,United States,42,36-45,21.0,7.0,3,0.9997064236906096,0.07571774971067648,1103999.9856000014,83592.39459025134,7,9.0,0.46153846153846156,1.5
29,3,Chrishell Stause,Gleb Savchenko,Actor/Actress,Entertainment,Kentucky,United States,39,36-45,22.0,7.333333333333333,3,0.9998243571889848,0.07227603397117827,1103999.9856000014,79792.74046340602,8,8.0,0.6153846153846154,4.5
29,3,Jeannie Mai,Brandon Armstrong,TV Personality,Media,California,United States,41,36-45,22.0,7.333333333333333,3,0.9997357048558934,0.07227603397117827,1103999.9856000014,79792.74046340602,9,-1.0,0.6153846153846154,2.0
29,3,Veron Davis,Peta Murgatroyd,Athlete,Sports,Washington D.C.,United States,36,36-45,22.0,7.333333333333333,3,0.9997451039985193,0.07227603397117827,1103999.9856000014,79792.74046340602,11,6.0,0.6153846153846154,2.5
29,3,Kaitlyn Bristowe,Artem Chigvintsev,TV Personality,Media,Unknown,Canada,35,26-35,23.0,7.666666666666667,3,0.999828404015901,0.06913359784818948,1103999.9856000014,76323.49102887747,1,,0.8461538461538461,1.5
29,3,Johnny Weir,Britt Stewart,Athlete,Sports,Pennsylvania,United States,36,36-45,24.0,8.0,3,0.9998798589528525,0.06625303139120518,1103999.9856000014,73143.34570184696,6,10.0,0.9230769230769231,3.0
29,3,Nev Schulman,Jenna Johnson,Producer,Other,New York,United States,35,26-35,24.0,8.0,3,0.9998172979947474,0.06625303139120518,1103999.9856000014,73143.34570184696,2,,0.9230769230769231,2.0
29,3,Carole Baskin,Pasha Pashkov,TV Personality,Media,Texas,United States,59,>55,12.0,4.0,3,0.0030614049761596754,0.06625302863066244,1103999.9856000014,73143.34265420782,14,3.0,0.0,0.5
29,3,Skai Jackson,Alan Bersten,Actor/Actress,Entertainment,New York,United States,18,≤25,18.0,6.0,3,0.9982659234225424,0.04416868698068283,1103999.9856000014,48762.229790644815,5,10.0,0.15384615384615385,-1.5
29,3,Monica Aldama,Valentin Chmerkovskiy,TV Personality,Media,Alabama,United States,48,46-55,21.0,7.0,3,0.9996608858798414,0.03785887485533824,1103999.9856000014,41796.19729512567,10,7.0,0.46153846153846156,1.0
29,4,Jeannie Mai,Brandon Armstrong,TV Personality,Media,California,United States,41,36-45,21.0,7.0,3,0.9958547940762849,0.10458510570972042,1175999.9784000022,122992.08205559316,9,-1.0,0.0,1.5
29,4,Chrishell Stause,Gleb Savchenko,Actor/Actress,Entertainment,Kentucky,United States,39,36-45,22.0,7.333333333333333,3,0.9985867952845355,0.09983123748445441,1175999.9784000022,117401.53312536389,8,8.0,0.3333333333333333,2.0
29,4,Veron Davis,Peta Murgatroyd,Athlete,Sports,Washington D.C.,United States,36,36-45,22.0,7.333333333333333,3,0.9988080591615517,0.09983123748445441,1175999.9784000022,117401.53312536389,11,6.0,0.3333333333333333,2.0
29,4,AJ McLean,Cheryl Burke,Singer/Rapper,Entertainment,Florida,United States,42,36-45,24.0,8.0,3,0.9994860393417506,0.09151196804071943,1175999.9784000022,107618.07243922775,7,9.0,0.5,2.5
29,4,Johnny Weir,Britt Stewart,Athlete,Sports,Pennsylvania,United States,36,36-45,24.0,8.0,3,0.9995719798159675,0.09151196804071943,1175999.9784000022,107618.07243922775,6,10.0,0.5,3.0
29,4,Monica Aldama,Valentin Chmerkovskiy,TV Personality,Media,Alabama,United States,48,46-55,24.0,8.0,3,0.9994191444942103,0.09151196804071943,1175999.9784000022,107618.07243922775,10,7.0,0.5,4.0
29,4,Nev Schulman,Jenna Johnson,Producer,Other,New York,United States,35,26-35,24.0,8.0,3,0.9994055506461668,0.09151196804071943,1175999.9784000022,107618.07243922775,2,,0.5,1.5
29,4,Kaitlyn Bristowe,Artem Chigvintsev,TV Personality,Media,Unknown,Canada,35,26-35,25.0,8.333333333333334,3,0.9997056901071267,0.0878514894655098,1175999.9784000022,103313.34971384755,1,,0.9166666666666666,1.5
29,4,Anne Heche,Keo Motsepe,Actor/Actress,Entertainment,Ohio,United States,51,46-55,21.0,7.0,3,0.012223033288228137,0.05229255285486021,1175999.9784000022,61496.04102779658,13,4.0,0.0,1.5
29,4,Jesse Metcalfe,Sharna Burgess,Actor/Actress,Entertainment,California,United States,41,36-45,21.0,7.0,3,0.9940378947383031,0.05229255285486021,1175999.9784000022,61496.04102779658,12,5.0,0.0,0.5
29,4,Nelly,Daniella Karagach,Singer/Rapper,Entertainment,Texas,United States,45,36-45,21.0,7.0,3,0.9976328880410738,0.05229255285486021,1175999.9784000022,61496.04102779658,3,,0.0,1.5
29,4,Justina Machado,Sasha Farber,Actor/Actress,Entertainment,Illinois,United States,48,46-55,24.0,8.0,3,0.9993106525154527,0.04575598402035971,1175999.9784000022,53809.036219613874,4,,0.5,1.5
29,4,Skai Jackson,Alan Bersten,Actor/Actress,Entertainment,New York,United States,18,≤25,28.0,9.333333333333334,3,0.9996820192052522,0.039219415108042936,1175999.9784000022,46122.03131991922,5,10.0,1.0,6.5
29,5,Chrishell Stause,Gleb Savchenko,Actor/Actress,Entertainment,Kentucky,United States,39,36-45,19.0,6.333333333333333,3,0.9942317357593393,0.11916333184494683,1247999.971200003,148715.83471059005,8,8.0,0.0,-1.5
29,5,Veron Davis,Peta Murgatroyd,Athlete,Sports,Washington D.C.,United States,36,36-45,21.0,7.0,3,0.9988195132738552,0.10781444363823228,1247999.971200003,134552.42255545824,11,6.0,0.18181818181818182,-0.5
29,5,AJ McLean,Cheryl Burke,Singer/Rapper,Entertainment,Florida,United States,42,36-45,24.0,8.0,3,0.9995201813084678,0.09433763874498678,1247999.971200003,117733.3704368198,7,9.0,0.2727272727272727,1.5
29,5,Justina Machado,Sasha Farber,Actor/Actress,Entertainment,Illinois,United States,48,46-55,24.0,8.0,3,0.9994477994215064,0.09433763874498678,1247999.971200003,117733.3704368198,4,,0.2727272727272727,2.5
29,5,Skai Jackson,Alan Bersten,Actor/Actress,Entertainment,New York,United States,18,≤25,24.0,8.0,3,0.9995259569855386,0.09433763874498678,1247999.971200003,117733.3704368198,5,10.0,0.2727272727272727,3.0
29,5,Monica Aldama,Valentin Chmerkovskiy,TV Personality,Media,Alabama,United States,48,46-55,26.0,8.666666666666666,3,0.9996621990435741,0.08708089758217015,1247999.971200003,108676.95767461877,10,7.0,0.7272727272727273,2.5
29,5,Nev Schulman,Jenna Johnson,Producer,Other,New York,United States,35,26-35,26.0,8.666666666666666,3,0.9996486974365375,0.08708089758217015,1247999.971200003,108676.95767461877,2,,0.7272727272727273,1.0
29,5,Kaitlyn Bristowe,Artem Chigvintsev,TV Personality,Media,Unknown,Canada,35,26-35,27.0,9.0,3,0.9996758898500222,0.08385567927265342,1247999.971200003,104651.88531722815,1,,0.9090909090909091,2.0
29,5,Johnny Weir,Britt Stewart,Athlete,Sports,Pennsylvania,United States,36,36-45,29.0,9.666666666666666,3,0.9998170661985215,0.07807252917740663,1247999.971200003,97434.51416491487,6,10.0,1.0,2.5
29,5,Jesse Metcalfe,Sharna Burgess,Actor/Actress,Entertainment,California,United States,41,36-45,19.0,6.333333333333333,3,0.008362706820617136,0.059581665922473416,1247999.971200003,74357.91735529502,12,5.0,0.0,-0.5
29,5,Jeannie Mai,Brandon Armstrong,TV Personality,Media,California,United States,41,36-45,24.0,8.0,3,0.9994051888620762,0.04716881937249339,1247999.971200003,58866.6852184099,9,-1.0,0.2727272727272727,1.0
29,5,Nelly,Daniella Karagach,Singer/Rapper,Entertainment,Texas,United States,45,36-45,24.0,8.0,3,0.9995868881018678,0.04716881937249339,1247999.971200003,58866.6852184099,3,,0.2727272727272727,3.0
29,6,Skai Jackson,Alan Bersten,Actor/Actress,Entertainment,New York,United States,18,≤25,18.0,6.0,3,0.9994525400231017,0.13421507798097082,1319999.9640000034,177163.89810313913,5,10.0,0.0,-5.0
29,6,Johnny Weir,Britt Stewart,Athlete,Sports,Pennsylvania,United States,36,36-45,22.0,7.333333333333333,3,0.9988635113891207,0.10981233763910069,1319999.9640000034,144952.2817303691,6,10.0,0.2,-1.0
29,6,Nelly,Daniella Karagach,Singer/Rapper,Entertainment,Texas,United States,45,36-45,24.0,8.0,3,0.9994604779582554,0.10066130988380179,1319999.9640000034,132872.92542281153,3,,0.3,1.5
29,6,Jeannie Mai,Brandon Armstrong,TV Personality,Media,California,United States,41,36-45,25.0,8.333333333333334,3,0.9993613155182477,0.09663485764950781,1319999.9640000034,127558.00861849576,9,-1.0,0.5,2.0
29,6,Nev Schulman,Jenna Johnson,Producer,Other,New York,United States,35,26-35,26.0,8.666666666666666,3,0.9994255801153124,0.09291813249824694,1319999.9640000034,122651.93155263351,2,,0.6,1.0
29,6,AJ McLean,Cheryl Burke,Singer/Rapper,Entertainment,Florida,United States,42,36-45,27.0,9.0,3,0.9996842194144664,0.08947672031095676,1319999.9640000034,118109.2675893013,7,9.0,0.7,1.5
29,6,Justina Machado,Sasha Farber,Actor/Actress,Entertainment,Illinois,United States,48,46-55,27.0,9.0,3,0.9995763935729952,0.08947672031095676,1319999.9640000034,118109.2675893013,4,,0.7,1.5
29,6,Kaitlyn Bristowe,Artem Chigvintsev,TV Personality,Media,Unknown,Canada,35,26-35,27.0,9.0,3,0.9995605615031579,0.08947672031095676,1319999.9640000034,118109.2675893013,1,,0.7,1.0
29,6,Monica Aldama,Valentin Chmerkovskiy,TV Personality,Media,Alabama,United States,48,46-55,27.0,9.0,3,0.9996106486041558,0.08947672031095676,1319999.9640000034,118109.2675893013,10,7.0,0.7,1.5
29,6,Veron Davis,Peta Murgatroyd,Athlete,Sports,Washington D.C.,United States,36,36-45,21.0,7.0,3,0.009809485297540407,0.0575207481626442,1319999.9640000034,75927.3855039436,11,6.0,0.1,-0.5
29,6,Chrishell Stause,Gleb Savchenko,Actor/Actress,Entertainment,Kentucky,United States,39,36-45,24.0,8.0,3,0.9995127568431378,0.05033065494190089,1319999.9640000034,66436.46271140577,8,8.0,0.3,1.0
29,7,Monica Aldama,Valentin Chmerkovskiy,TV Personality,Media,Alabama,United States,48,46-55,22.0,7.333333333333333,3,0.008037697631971282,0.12990233186999398,1391999.9568000042,180824.04035125143,10,7.0,0.0,-2.0
29,7,Kaitlyn Bristowe,Artem Chigvintsev,TV Personality,Media,Unknown,Canada,35,26-35,24.0,8.0,3,0.9985603090153266,0.11907713799854422,1391999.9568000042,165755.3709498417,1,,0.1111111111111111,-1.5
29,7,Jeannie Mai,Brandon Armstrong,TV Personality,Media,California,United States,41,36-45,25.0,8.333333333333334,3,0.9959585932706396,0.11431405266912587,1391999.9568000042,159125.1563770566,9,-1.0,0.2222222222222222,0.5
29,7,AJ McLean,Cheryl Burke,Singer/Rapper,Entertainment,Florida,United States,42,36-45,26.0,8.666666666666666,3,0.9988969140638482,0.10991735850480158,1391999.9568000042,153004.95829025438,7,9.0,0.3333333333333333,1.0
29,7,Chrishell Stause,Gleb Savchenko,Actor/Actress,Entertainment,Kentucky,United States,39,36-45,26.0,8.666666666666666,3,0.9991949844506168,0.10991735850480158,1391999.9568000042,153004.95829025438,8,8.0,0.3333333333333333,3.5
29,7,Justina Machado,Sasha Farber,Actor/Actress,Entertainment,Illinois,United States,48,46-55,26.0,8.666666666666666,3,0.9984577361435689,0.10991735850480158,1391999.9568000042,153004.95829025438,4,,0.3333333333333333,1.0
29,7,Nelly,Daniella Karagach,Singer/Rapper,Entertainment,Texas,United States,45,36-45,27.0,9.0,3,0.9994977793142531,0.10584634537762423,1391999.9568000042,147338.10819309126,3,,0.6666666666666666,1.5
29,7,Nev Schulman,Jenna Johnson,Producer,Other,New York,United States,35,26-35,30.0,10.0,3,0.9995604176783638,0.09526171119268294,1391999.9568000042,132604.29786490914,2,,1.0,2.0
29,7,Johnny Weir,Britt Stewart,Athlete,Sports,Pennsylvania,United States,36,36-45,27.0,9.0,3,0.9995039649293763,0.052923172688812116,1391999.9568000042,73669.05409654563,6,10.0,0.6666666666666666,-1.0
29,7,Skai Jackson,Alan Bersten,Actor/Actress,Entertainment,New York,United States,18,≤25,27.0,9.0,3,0.999446982839215,0.052923172688812116,1391999.9568000042,73669.05409654563,5,10.0,0.6666666666666666,1.5
29,8,Nelly,Daniella Karagach,Singer/Rapper,Entertainment,Texas,United States,45,36-45,24.0,8.0,3,0.9989793976926397,0.15330753428177452,1463999.949600005,224442.22246181895,3,,0.0,0.0
29,8,Skai Jackson,Alan Bersten,Actor/Actress,Entertainment,New York,United States,18,≤25,26.9998,8.999933333333333,3,0.9978131531881682,0.13627437387668606,1463999.949600005,199505.67648724065,5,10.0,0.14285714285714285,4.4999
29,8,AJ McLean,Cheryl Burke,Singer/Rapper,Entertainment,Florida,United States,42,36-45,27.0,9.0,3,0.9949451927489361,0.13627336443691696,1463999.949600005,199504.19866746955,7,9.0,0.2857142857142857,0.0
29,8,Chrishell Stause,Gleb Savchenko,Actor/Actress,Entertainment,Kentucky,United States,39,36-45,27.0,9.0,3,0.015867483240354432,0.13627336443691696,1463999.949600005,199504.19866746955,8,8.0,0.2857142857142857,1.5
29,8,Justina Machado,Sasha Farber,Actor/Actress,Entertainment,Illinois,United States,48,46-55,28.9998,9.6666,3,0.9994315006679464,0.12687607670377193,1463999.949600005,185746.56989976848,4,,0.7142857142857143,0.9999000000000002
29,8,Johnny Weir,Britt Stewart,Athlete,Sports,Pennsylvania,United States,36,36-45,30.0,10.0,3,0.9996368609321385,0.12264602844746979,1463999.949600005,179553.77946573656,6,10.0,0.8571428571428571,4.0
29,8,Nev Schulman,Jenna Johnson,Producer,Other,New York,United States,35,26-35,30.0,10.0,3,0.9995147201779321,0.12264602844746979,1463999.949600005,179553.77946573656,2,,0.8571428571428571,2.0
29,8,Kaitlyn Bristowe,Artem Chigvintsev,TV Personality,Media,Unknown,Canada,35,26-35,28.0,9.333333333333334,3,0.9992249544500309,0.065703229368994,1463999.949600005,96189.5244847648,1,,0.5714285714285714,0.5
29,9,Justina Machado,Sasha Farber,Actor/Actress,Entertainment,Illinois,United States,48,46-55,25.9998,8.6666,3,0.9944988417921174,0.194559751825665,1535999.9424000059,298843.7675975809,4,,0.3333333333333333,-9.999999999976694e-05
29,9,Nev Schulman,Jenna Johnson,Producer,Other,New York,United States,35,26-35,28.9998,9.6666,3,0.9985420700940075,0.17443274283422416,1535999.9424000059,267928.6829460434,2,,0.5,-0.5000999999999998
29,9,Johnny Weir,Britt Stewart,Athlete,Sports,Pennsylvania,United States,36,36-45,30.0,10.0,3,0.9997452327070698,0.16861715538198405,1535999.9424000059,258995.94095438035,6,10.0,0.8333333333333334,1.5
29,9,Kaitlyn Bristowe,Artem Chigvintsev,TV Personality,Media,Unknown,Canada,35,26-35,30.0,10.0,3,0.9995969299933598,0.16861715538198405,1535999.9424000059,258995.94095438035,1,,0.8333333333333334,3.0
29,9,Nelly,Daniella Karagach,Singer/Rapper,Entertainment,Texas,United States,45,36-45,24.0,8.0,3,0.9964711548495647,0.10538572123552571,1535999.9424000059,161872.46174755058,3,,0.0,-1.5
29,9,AJ McLean,Cheryl Burke,Singer/Rapper,Entertainment,Florida,United States,42,36-45,24.9998,8.333266666666667,3,0.010071756841149186,0.10117110192350486,1535999.9424000059,155398.8067270486,7,9.0,0.16666666666666666,-0.5000999999999998
29,9,Skai Jackson,Alan Bersten,Actor/Actress,Entertainment,New York,United States,18,≤25,28.9998,9.6666,3,0.9990931108946511,0.08721637141711208,1535999.9424000059,133964.3414730217,5,10.0,0.5,0.9999000000000002
29,10,Johnny Weir,Britt Stewart,Athlete,Sports,Pennsylvania,United States,36,36-45,28.5,9.5,3,0.005154277537173622,0.20406881025652732,1607999.9352000065,328142.63366883836,6,10.0,0.2,-0.75
29,10,Skai Jackson,Alan Bersten,Actor/Actress,Entertainment,New York,United States,18,≤25,28.5,9.5,3,0.008023048528225359,0.20406881025652732,1607999.9352000065,328142.63366883836,5,10.0,0.2,0.7500999999999998
29,10,Kaitlyn Bristowe,Artem Chigvintsev,TV Personality,Media,Unknown,Canada,35,26-35,30.0,10.0,3,0.9995480645207174,0.1938653700838156,1607999.9352000065,311735.5025323008,1,,0.8,1.0
29,10,Nev Schulman,Jenna Johnson,Producer,Other,New York,United States,35,26-35,30.0,10.0,3,0.9994503214399353,0.1938653700838156,1607999.9352000065,311735.5025323008,2,,0.8,0.0
29,10,Nelly,Daniella Karagach,Singer/Rapper,Entertainment,Texas,United States,45,36-45,28.0,9.333333333333334,3,0.9981767555917946,0.1038564480119097,1607999.9352000065,167001.16167325363,3,,0.0,2.0
29,10,Justina Machado,Sasha Farber,Actor/Actress,Entertainment,Illinois,United States,48,46-55,29.0,9.666666666666666,3,0.9992131830871143,0.10027519130740442,1607999.9352000065,161242.50112447457,4,,0.6,9.999999999976694e-05
29,11,Justina Machado,Sasha Farber,Actor/Actress,Entertainment,Illinois,United States,48,46-55,30.0,10.0,3,0.9988076507895832,0.25225391024211635,1679999.9280000073,423786.55104447575,4,,0.3333333333333333,2.0000999999999998
29,11,Kaitlyn Bristowe,Artem Chigvintsev,TV Personality,Media,Unknown,Canada,35,26-35,30.0,10.0,3,0.996480366786558,0.25225391024211635,1679999.9280000073,423786.55104447575,1,,0.3333333333333333,0.0
29,11,Nev Schulman,Jenna Johnson,Producer,Other,New York,United States,35,26-35,30.0,10.0,3,0.9975166914137845,0.252253908920008,1679999.9280000073,423786.5488233338,2,,0.3333333333333333,0.5000999999999998
29,11,Nelly,Daniella Karagach,Singer/Rapper,Entertainment,Texas,United States,45,36-45,28.5,9.5,3,0.9973864313811012,0.24323827059575934,1679999.9280000073,408640.277087722,3,,0.0,2.25
30,1,JoJo Siwa,Jenna Johnson,Social Media Personality,Media,Nebraska,United States,18,≤25,29.0,7.25,4,0.9998452452195112,0.07172727054321283,960000.0,68858.17972148432,2,,1.0,1.0
30,1,Suni Lee,Sasha Farber,Athlete,Sports,Minnesota,United States,18,≤25,28.0,7.0,4,0.9997620883488003,0.07059489205500417,960000.0,67771.09637280401,5,9.0,0.8571428571428571,1.0
30,1,Amanda Kloots,Alan Bersten,TV Personality,Media,Ohio,United States,39,36-45,28.0,7.0,4,0.9998433030605796,0.07059489036678007,960000.0,67771.09475210887,4,,0.8571428571428571,1.0
30,1,Melanie C,Gleb Savchenko,Singer/Rapper,Entertainment,Unknown,England,47,46-55,27.0,6.75,4,0.9995596560858034,0.06947072031564244,960000.0,66691.89150301674,11,5.0,0.7857142857142857,1.0
30,1,Kenya Moore,Brandon Armstrong,TV Personality,Media,Michigan,United States,50,46-55,26.0,6.5,4,0.9997470246796009,0.06835544106312352,960000.0,65621.22342059859,10,6.0,0.6428571428571429,1.0
30,1,Melora Hardin,Artem Chigvintsev,Actor/Actress,Entertainment,Texas,United States,54,46-55,26.0,6.5,4,0.9997241351389146,0.06835543703584508,960000.0,65621.21955441128,6,9.0,0.6428571428571429,1.0
30,1,Olivia Jade,Valentin Chmerkovskiy,Social Media Personality,Media,California,United States,21,≤25,25.0,6.25,4,0.9997254098367365,0.06724979332181298,960000.0,64559.80158894046,8,8.0,0.5,1.0
30,1,Christine Chiu,Pasha Pashkov,TV Personality,Media,Unknown,Taiwan China,38,36-45,25.0,6.25,4,0.9998087486979048,0.0672497923740637,960000.0,64559.80067910115,14,3.0,0.5,1.0
30,1,Brian Austin Green,Sharna Burgess,Actor/Actress,Entertainment,California,United States,48,46-55,24.0,6.0,4,0.999677735493312,0.06615462189065745,960000.0,63508.43701503115,13,4.0,0.21428571428571427,1.0
30,1,Cody Rigsby,Cheryl Burke,Fitness Instructor,Other,California,United States,34,26-35,24.0,6.0,4,0.999710344350054,0.06615462189065745,960000.0,63508.43701503115,3,,0.21428571428571427,1.0
30,1,Matt James,Lindsay Arnold,Athlete,Sports,North Carolina,United States,29,26-35,24.0,6.0,4,0.9996891955626277,0.06615462116201219,960000.0,63508.436315531704,12,4.0,0.21428571428571427,1.0
30,1,"Mike ""The Miz"" Mizanin",Witney Carson,Athlete,Sports,Ohio,United States,40,36-45,24.0,6.0,4,0.9996824877507547,0.06615461977070718,960000.0,63508.43497987889,9,7.0,0.21428571428571427,1.0
30,1,Jimmie Allen,Emma Slater,Singer/Rapper,Entertainment,Delaware,United States,36,36-45,22.0,5.5,4,0.9994342785672656,0.0639991114353009,960000.0,61439.14697788887,7,8.0,0.14285714285714285,1.0
30,1,Iman Shumpert,Daniella Karagach,Athlete,Sports,Illinois,United States,31,26-35,21.0,5.25,4,0.9990941245286659,0.06294031153976654,960000.0,60422.69907817587,1,,0.07142857142857142,1.0
30,1,Martin Kove,Britt Stewart,Actor/Actress,Entertainment,New York,United States,75,>55,13.0,3.25,4,0.9997192006826029,0.05484385523541338,960000.0,52650.101025996846,15,2.0,0.0,1.0
30,2,Matt James,Lindsay Arnold,Athlete,Sports,North Carolina,United States,29,26-35,22.0,5.5,4,0.9987173482892641,0.08562178200611562,1039999.9911111122,89046.65252527782,12,4.0,0.07142857142857142,-2.0
30,2,Brian Austin Green,Sharna Burgess,Actor/Actress,Entertainment,California,United States,48,46-55,23.0,5.75,4,0.9980118561181673,0.0818990959937926,1039999.9911111122,85175.05910555243,13,4.0,0.14285714285714285,-1.0
30,2,Christine Chiu,Pasha Pashkov,TV Personality,Media,Unknown,Taiwan China,38,36-45,24.0,6.0,4,0.9994242673005478,0.07848663380290383,1039999.9911111122,81626.09845736109,14,3.0,0.21428571428571427,-1.0
30,2,Cody Rigsby,Cheryl Burke,Fitness Instructor,Other,California,United States,34,26-35,24.0,6.0,4,0.9995143222106214,0.07848663380290383,1039999.9911111122,81626.09845736109,3,,0.21428571428571427,0.0
30,2,Kenya Moore,Brandon Armstrong,TV Personality,Media,Michigan,United States,50,46-55,24.0,6.0,4,0.9994722132015318,0.07848663380290383,1039999.9911111122,81626.09845736109,10,6.0,0.21428571428571427,-2.0
30,2,"Mike ""The Miz"" Mizanin",Witney Carson,Athlete,Sports,Ohio,United States,40,36-45,26.0,6.5,4,0.9997102190492405,0.07244920066565866,1039999.9911111122,75347.16804829218,9,7.0,0.5,2.0
30,2,Melora Hardin,Artem Chigvintsev,Actor/Actress,Entertainment,Texas,United States,54,46-55,27.0,6.75,4,0.9996493177239605,0.06976589703668254,1039999.9911111122,72556.5322980086,6,9.0,0.5714285714285714,1.0
30,2,Olivia Jade,Valentin Chmerkovskiy,Social Media Personality,Media,California,United States,21,≤25,27.0,6.75,4,0.9996995339308937,0.06976589703668254,1039999.9911111122,72556.5322980086,8,8.0,0.5714285714285714,2.0
30,2,Suni Lee,Sasha Farber,Athlete,Sports,Minnesota,United States,18,≤25,28.0,7.0,4,0.9997709124388768,0.06727425794578813,1039999.9911111122,69965.22766562633,5,9.0,0.7857142857142857,0.0
30,2,Melanie C,Gleb Savchenko,Singer/Rapper,Entertainment,Unknown,England,47,46-55,30.0,7.5,4,0.9996039681999637,0.06278930756556726,1039999.9911111122,65300.87931006284,11,5.0,0.8571428571428571,3.0
30,2,Martin Kove,Britt Stewart,Actor/Actress,Entertainment,New York,United States,75,>55,15.0,3.75,4,0.0019158775483658055,0.06278930547259048,1039999.9911111122,65300.87713336701,15,2.0,0.0,2.0
30,2,JoJo Siwa,Jenna Johnson,Social Media Personality,Media,Nebraska,United States,18,≤25,31.0,7.75,4,0.9998187219134035,0.06076384609653159,1039999.9911111122,63194.399400269846,2,,0.9285714285714286,2.0
30,2,Amanda Kloots,Alan Bersten,TV Personality,Media,Ohio,United States,39,36-45,32.0,8.0,4,0.9998187219134035,0.058864975965354685,1039999.9911111122,61219.5744807247,4,,1.0,4.0
30,2,Iman Shumpert,Daniella Karagach,Athlete,Sports,Illinois,United States,31,26-35,25.0,6.25,4,0.9996875293978577,0.03767358428818314,1039999.9911111122,39180.5273248342,1,,0.42857142857142855,4.0
30,2,Jimmie Allen,Emma Slater,Singer/Rapper,Entertainment,Delaware,United States,36,36-45,27.0,6.75,4,0.9997207691219852,0.03488294851834127,1039999.9911111122,36278.2661490043,7,8.0,0.5714285714285714,5.0
30,3,Cody Rigsby,Cheryl Burke,Fitness Instructor,Other,California,United States,34,26-35,18.0,6.0,3,0.9959319289802049,0.09081453131597747,1119999.9822222241,101712.27345941438,3,,0.0,-3.0
30,3,Iman Shumpert,Daniella Karagach,Athlete,Sports,Illinois,United States,31,26-35,19.0,6.333333333333333,3,0.9994898108701521,0.08603481939301612,1119999.9822222241,96358.99619067031,1,,0.07692307692307693,-1.0
30,3,Jimmie Allen,Emma Slater,Singer/Rapper,Entertainment,Delaware,United States,36,36-45,20.0,6.666666666666667,3,0.9985045307608428,0.08173307863845235,1119999.9822222241,91541.04662203428,7,8.0,0.23076923076923078,-1.0
30,3,Christine Chiu,Pasha Pashkov,TV Personality,Media,Unknown,Taiwan China,38,36-45,21.0,7.0,3,0.010712731987463387,0.0778410274600523,1119999.9822222241,87181.94937141823,14,3.0,0.38461538461538464,-2.0
30,3,Kenya Moore,Brandon Armstrong,TV Personality,Media,Michigan,United States,50,46-55,21.0,7.0,3,0.9992592791990612,0.0778410274600523,1119999.9822222241,87181.94937141823,10,6.0,0.38461538461538464,-2.5
30,3,Suni Lee,Sasha Farber,Athlete,Sports,Minnesota,United States,18,≤25,21.0,7.0,3,0.9990895426578101,0.0778410274600523,1119999.9822222241,87181.94937141823,5,9.0,0.38461538461538464,-3.5
30,3,Melanie C,Gleb Savchenko,Singer/Rapper,Entertainment,Unknown,England,47,46-55,22.0,7.333333333333333,3,0.9993250709286874,0.07430279909996938,1119999.9822222241,83219.1336710272,11,5.0,0.6153846153846154,-2.5
30,3,"Mike ""The Miz"" Mizanin",Witney Carson,Athlete,Sports,Ohio,United States,40,36-45,22.0,7.333333333333333,3,0.9996953456602276,0.07430279909996938,1119999.9822222241,83219.1336710272,9,7.0,0.6153846153846154,-1.0
30,3,Melora Hardin,Artem Chigvintsev,Actor/Actress,Entertainment,Texas,United States,54,46-55,23.0,7.666666666666667,3,0.9994810512718958,0.071072242757821,1119999.9822222241,79600.9106252531,6,9.0,0.7692307692307693,-1.5
30,3,Amanda Kloots,Alan Bersten,TV Personality,Media,Ohio,United States,39,36-45,24.0,8.0,3,0.9997341622598092,0.06811089943296776,1119999.9822222241,76284.20615406359,4,,0.8461538461538461,-2.0
30,3,JoJo Siwa,Jenna Johnson,Social Media Personality,Media,Nebraska,United States,18,≤25,24.0,8.0,3,0.9997341600927195,0.06811089943296776,1119999.9822222241,76284.20615406359,2,,0.8461538461538461,-2.5
30,3,Olivia Jade,Valentin Chmerkovskiy,Social Media Personality,Media,California,United States,21,≤25,24.0,8.0,3,0.9997117970603989,0.06811089943296776,1119999.9822222241,76284.20615406359,8,8.0,0.8461538461538461,-0.5
30,3,Brian Austin Green,Sharna Burgess,Actor/Actress,Entertainment,California,United States,48,46-55,19.0,6.333333333333333,3,0.9992928792493565,0.04301740969650806,1119999.9822222241,48179.498095335155,13,4.0,0.07692307692307693,-2.5
30,3,Matt James,Lindsay Arnold,Athlete,Sports,North Carolina,United States,29,26-35,20.0,6.666666666666667,3,0.9983669930332288,0.040866539319226174,1119999.9822222241,45770.52331101714,12,4.0,0.23076923076923078,-2.0
30,4,Matt James,Lindsay Arnold,Athlete,Sports,North Carolina,United States,29,26-35,28.5,7.125,4,0.008483835280988266,0.09841274636168117,1199999.9733333364,118095.2930096778,12,4.0,0.08333333333333333,3.25
30,4,Kenya Moore,Brandon Armstrong,TV Personality,Media,Michigan,United States,50,46-55,29.5,7.375,4,0.9981626051842025,0.0950767211743708,1199999.9733333364,114092.06287386602,10,6.0,0.25,2.75
30,4,Jimmie Allen,Emma Slater,Singer/Rapper,Entertainment,Delaware,United States,36,36-45,32.5,8.125,4,0.9996960017414787,0.08630040872062311,1199999.9733333364,103560.48816340377,7,8.0,0.4166666666666667,2.75
30,4,"Mike ""The Miz"" Mizanin",Witney Carson,Athlete,Sports,Ohio,United States,40,36-45,32.5,8.125,4,0.9997068124340486,0.08630040872062311,1199999.9733333364,103560.48816340377,9,7.0,0.4166666666666667,3.25
30,4,Melanie C,Gleb Savchenko,Singer/Rapper,Entertainment,Unknown,England,47,46-55,33.0,8.25,4,0.9989873259492582,0.08499282680993434,1199999.9733333364,101991.38990544608,11,5.0,0.5833333333333334,1.5
30,4,Amanda Kloots,Alan Bersten,TV Personality,Media,Ohio,United States,39,36-45,34.0,8.5,4,0.9996990183697215,0.08249303785963595,1199999.9733333364,98991.64323174905,4,,0.6666666666666666,1.0
30,4,Suni Lee,Sasha Farber,Athlete,Sports,Minnesota,United States,18,≤25,34.0,8.5,4,0.9996050443590846,0.08249303785963595,1199999.9733333364,98991.64323174905,5,9.0,0.6666666666666666,3.0
30,4,JoJo Siwa,Jenna Johnson,Social Media Personality,Media,Nebraska,United States,18,≤25,35.0,8.75,4,0.9996990183697215,0.08013609398813046,1199999.9733333364,96163.31064879429,2,,0.8333333333333334,2.0
30,4,Olivia Jade,Valentin Chmerkovskiy,Social Media Personality,Media,California,United States,21,≤25,35.0,8.75,4,0.9997479137662832,0.08013609398813046,1199999.9733333364,96163.31064879429,8,8.0,0.8333333333333334,4.0
30,4,Melora Hardin,Artem Chigvintsev,Actor/Actress,Entertainment,Texas,United States,54,46-55,36.5,9.125,4,0.9996746173650475,0.07684282994185836,1199999.9733333364,92211.39388108814,6,9.0,1.0,4.75
30,4,Brian Austin Green,Sharna Burgess,Actor/Actress,Entertainment,California,United States,48,46-55,26.0,6.5,4,0.004775140839524966,0.05393775503548365,1199999.9733333364,64725.30460424041,13,4.0,0.0,1.5
30,4,Cody Rigsby,Cheryl Burke,Fitness Instructor,Other,California,United States,34,26-35,29.0,7.25,4,0.999585474066965,0.04835798746559802,1199999.9733333364,58029.583669171436,3,,0.16666666666666666,2.5
30,4,Iman Shumpert,Daniella Karagach,Athlete,Sports,Illinois,United States,31,26-35,31.5,7.875,4,0.9996366909282878,0.044520052074294526,1199999.9733333364,53424.06130195218,1,,0.3333333333333333,3.25
30,5,"Mike ""The Miz"" Mizanin",Witney Carson,Athlete,Sports,Ohio,United States,40,36-45,32.0,8.0,4,0.999406422541546,0.11583300648707089,1279999.9644444485,148266.2441849443,9,7.0,0.1,5.0
30,5,Jimmie Allen,Emma Slater,Singer/Rapper,Entertainment,Delaware,United States,36,36-45,34.0,8.5,4,0.9968903176984035,0.10901930042352866,1279999.9644444485,139544.70066587534,7,8.0,0.3,7.0
30,5,Melanie C,Gleb Savchenko,Singer/Rapper,Entertainment,Unknown,England,47,46-55,36.0,9.0,4,0.014460035232934121,0.10296267279046117,1279999.9644444485,131792.2175108957,11,5.0,0.4,7.0
30,5,Melora Hardin,Artem Chigvintsev,Actor/Actress,Entertainment,Texas,United States,54,46-55,36.0,9.0,4,0.9988953744530206,0.10296267279046117,1279999.9644444485,131792.2175108957,6,9.0,0.4,6.5
30,5,Olivia Jade,Valentin Chmerkovskiy,Social Media Personality,Media,California,United States,21,≤25,36.0,9.0,4,0.9991551149230692,0.10296267279046117,1279999.9644444485,131792.2175108957,8,8.0,0.4,6.0
30,5,Suni Lee,Sasha Farber,Athlete,Sports,Minnesota,United States,18,≤25,36.0,9.0,4,0.9990083461015827,0.10296267279046117,1279999.9644444485,131792.2175108957,5,9.0,0.4,7.5
30,5,Amanda Kloots,Alan Bersten,TV Personality,Media,Ohio,United States,39,36-45,39.0,9.75,4,0.9993112958560679,0.09504246739427712,1279999.9644444485,121654.35488538737,4,,0.9,7.5
30,5,JoJo Siwa,Jenna Johnson,Social Media Personality,Media,Nebraska,United States,18,≤25,40.0,10.0,4,0.9993113057570708,0.09266640576882172,1279999.9644444485,118612.99608928664,2,,1.0,8.0
30,5,Iman Shumpert,Daniella Karagach,Athlete,Sports,Illinois,United States,31,26-35,28.0,7.0,4,0.9984021698877805,0.06619028912569101,1279999.9644444485,84723.56772745226,1,,0.0,4.5
30,5,Cody Rigsby,Cheryl Burke,Fitness Instructor,Other,California,United States,34,26-35,32.0,8.0,4,0.9993858099041834,0.05791650324353544,1279999.9644444485,74133.12209247216,3,,0.1,7.0
30,5,Kenya Moore,Brandon Armstrong,TV Personality,Media,Michigan,United States,50,46-55,36.0,9.0,4,0.9991434884797797,0.05148133639523059,1279999.9644444485,65896.10875544784,10,6.0,0.4,7.5
30,6,Kenya Moore,Brandon Armstrong,TV Personality,Media,Michigan,United States,50,46-55,32.0,8.0,4,0.004744147756141831,0.14090173183359297,1359999.9555555605,191626.34903138794,10,6.0,0.0,1.25
30,6,Melora Hardin,Artem Chigvintsev,Actor/Actress,Entertainment,Texas,United States,54,46-55,34.0,8.5,4,0.9943086160259507,0.13261339491068563,1359999.9555555605,180354.21118460447,6,9.0,0.1111111111111111,-1.25
30,6,Olivia Jade,Valentin Chmerkovskiy,Social Media Personality,Media,California,United States,21,≤25,36.0,9.0,4,0.9989588585932343,0.1252459842869645,1359999.9555555605,170334.53306378418,8,8.0,0.3333333333333333,0.5
30,6,Suni Lee,Sasha Farber,Athlete,Sports,Minnesota,United States,18,≤25,36.0,9.0,4,0.9982247553104763,0.1252459842869645,1359999.9555555605,170334.53306378418,5,9.0,0.3333333333333333,1.0
30,6,Amanda Kloots,Alan Bersten,TV Personality,Media,Ohio,United States,39,36-45,38.0,9.5,4,0.9993717899050062,0.11865409055059516,1359999.9555555605,161369.55787529488,4,,0.6666666666666666,2.0
30,6,JoJo Siwa,Jenna Johnson,Social Media Personality,Media,Nebraska,United States,18,≤25,40.0,10.0,4,0.999500342365995,0.112721386171383,1359999.9555555605,153301.08018324204,2,,0.8888888888888888,2.5
30,6,"Mike ""The Miz"" Mizanin",Witney Carson,Athlete,Sports,Ohio,United States,40,36-45,34.0,8.5,4,0.9953670565653423,0.06630669745534282,1359999.9555555605,90177.10559230224,9,7.0,0.1111111111111111,0.75
30,6,Cody Rigsby,Cheryl Burke,Fitness Instructor,Other,California,United States,34,26-35,36.0,9.0,4,0.9990510442402687,0.06262299214348226,1359999.9555555605,85167.26653189209,3,,0.3333333333333333,3.5
30,6,Jimmie Allen,Emma Slater,Singer/Rapper,Entertainment,Delaware,United States,36,36-45,38.0,9.5,4,0.9994884358899407,0.05932704527529758,1359999.9555555605,80684.77893764744,7,8.0,0.6666666666666666,2.75
30,6,Iman Shumpert,Daniella Karagach,Athlete,Sports,Illinois,United States,31,26-35,40.0,10.0,4,0.9995408642862248,0.0563606930856915,1359999.9555555605,76650.54009162102,1,,0.8888888888888888,4.25
30,7,Amanda Kloots,Alan Bersten,TV Personality,Media,Ohio,United States,39,36-45,34.0,8.5,4,0.9983366393124342,0.13334900803867963,1439999.9466666726,192022.56446375238,4,,0.125,-2.5
30,7,Iman Shumpert,Daniella Karagach,Athlete,Sports,Illinois,United States,31,26-35,34.0,8.5,4,0.9955487205607931,0.13334900803867963,1439999.9466666726,192022.56446375238,1,,0.125,3.0
30,7,Suni Lee,Sasha Farber,Athlete,Sports,Minnesota,United States,18,≤25,34.0,8.5,4,0.9972912855874198,0.13334900803867963,1439999.9466666726,192022.56446375238,5,9.0,0.125,-1.0
30,7,Cody Rigsby,Cheryl Burke,Fitness Instructor,Other,California,United States,34,26-35,36.0,9.0,4,0.9991906114802462,0.12594073002009404,1439999.9466666726,181354.64451209723,3,,0.5,2.0
30,7,Jimmie Allen,Emma Slater,Singer/Rapper,Entertainment,Delaware,United States,36,36-45,38.0,9.5,4,0.9995133002972871,0.11931227071978538,1439999.9466666726,171809.66347317054,7,8.0,0.625,2.0
30,7,JoJo Siwa,Jenna Johnson,Social Media Personality,Media,Nebraska,United States,18,≤25,39.0,9.75,4,0.999170469170277,0.11625298180541369,1439999.9466666726,167404.28759963738,2,,0.875,-0.5
30,7,Olivia Jade,Valentin Chmerkovskiy,Social Media Personality,Media,California,United States,21,≤25,42.0,10.5,4,0.9994175581192218,0.10794919758845042,1439999.9466666726,155446.8387700787,8,8.0,1.0,3.0
30,7,"Mike ""The Miz"" Mizanin",Witney Carson,Athlete,Sports,Ohio,United States,40,36-45,32.0,8.0,4,0.004643294348837226,0.07084166039032491,1439999.9466666726,102011.9871838464,9,7.0,0.0,0.0
30,7,Melora Hardin,Artem Chigvintsev,Actor/Actress,Entertainment,Texas,United States,54,46-55,38.0,9.5,4,0.9994946374665555,0.05965613535989269,1439999.9466666726,85904.83173658527,6,9.0,0.625,1.0
30,8,Jimmie Allen,Emma Slater,Singer/Rapper,Entertainment,Delaware,United States,36,36-45,32.0,8.0,4,0.003436167899533412,0.1820686300286361,1519999.937777785,276744.30631481344,7,8.0,0.0,-3.0
30,8,Olivia Jade,Valentin Chmerkovskiy,Social Media Personality,Media,California,United States,21,≤25,36.0,9.0,4,0.0078463852016183,0.16183878280961675,1519999.937777785,245994.9398006499,8,8.0,0.2857142857142857,0.0
30,8,Cody Rigsby,Cheryl Burke,Fitness Instructor,Other,California,United States,34,26-35,38.0,9.5,4,0.999393478776058,0.15332095235957982,1519999.937777785,233047.83804659205,3,,0.42857142857142855,1.0
30,8,JoJo Siwa,Jenna Johnson,Social Media Personality,Media,Nebraska,United States,18,≤25,41.0,10.25,4,0.9995242721964589,0.14210234636299118,1519999.937777785,215995.55762982383,2,,0.5714285714285714,0.5
30,8,Melora Hardin,Artem Chigvintsev,Actor/Actress,Entertainment,Texas,United States,54,46-55,42.0,10.5,4,0.9994051636153373,0.13871895724442923,1519999.937777785,210852.80638013163,6,9.0,0.7142857142857143,4.0
30,8,Iman Shumpert,Daniella Karagach,Athlete,Sports,Illinois,United States,31,26-35,35.0,8.75,4,0.9969662091872922,0.08323137395031768,1519999.937777785,126511.68322564242,1,,0.14285714285714285,-2.5
30,8,Amanda Kloots,Alan Bersten,TV Personality,Media,Ohio,United States,39,36-45,42.0,10.5,4,0.9994366338555588,0.06935947862221462,1519999.937777785,105426.40319006582,4,,0.7142857142857143,2.0
30,8,Suni Lee,Sasha Farber,Athlete,Sports,Minnesota,United States,18,≤25,42.0,10.5,4,0.9988660105694546,0.06935947862221462,1519999.937777785,105426.40319006582,5,9.0,0.7142857142857143,3.0
30,9,Melora Hardin,Artem Chigvintsev,Actor/Actress,Entertainment,Texas,United States,54,46-55,36.0,9.0,4,0.002615918305635622,0.23210285825535776,1599999.928888897,371364.5567034821,6,9.0,0.2,-1.0
30,9,Suni Lee,Sasha Farber,Athlete,Sports,Minnesota,United States,18,≤25,37.5,9.375,4,0.016917129963321648,0.2228187441727198,1599999.928888897,356509.974831465,5,9.0,0.4,1.75
30,9,Amanda Kloots,Alan Bersten,TV Personality,Media,Ohio,United States,39,36-45,39.5,9.875,4,0.9995813473047028,0.2115367827280748,1599999.928888897,338458.8373223057,4,,0.8,2.75
30,9,Cody Rigsby,Cheryl Burke,Fitness Instructor,Other,California,United States,34,26-35,35.5,8.875,4,0.9982458232898068,0.11768595625244824,1599999.928888897,188297.521635139,3,,0.0,-0.25
30,9,Iman Shumpert,Daniella Karagach,Athlete,Sports,Illinois,United States,31,26-35,37.5,9.375,4,0.9984951982762013,0.1114093720863599,1599999.928888897,178254.9874157325,1,,0.4,1.75
30,9,JoJo Siwa,Jenna Johnson,Social Media Personality,Media,Nebraska,United States,18,≤25,40.0,10.0,4,0.9995968683164694,0.10444628650503955,1599999.928888897,167114.05098077265,2,,1.0,0.5
30,10,Iman Shumpert,Daniella Karagach,Athlete,Sports,Illinois,United States,31,26-35,40.0,10.0,4,0.9991493135547929,0.253409508145668,1679999.920000009,425727.9534119638,1,,0.6666666666666666,2.5
30,10,JoJo Siwa,Jenna Johnson,Social Media Personality,Media,Nebraska,United States,18,≤25,40.0,10.0,4,0.9995282527743289,0.253409508145668,1679999.920000009,425727.9534119638,2,,0.6666666666666666,-0.5
30,10,Amanda Kloots,Alan Bersten,TV Personality,Media,Ohio,United States,39,36-45,39.0,9.75,4,0.8895105675769783,0.2488579155872562,1679999.920000009,418081.2782779594,4,,0.3333333333333333,-1.5
30,10,Cody Rigsby,Cheryl Burke,Fitness Instructor,Other,California,United States,34,26-35,38.0,9.5,4,0.09297158780703134,0.2443230681214078,1679999.920000009,410462.73489812185,3,,0.0,0.0
31,1,Vinny Guadagnino,Koko Iwasaki,TV Personality,Media,New York,United States,34,26-35,17.0,4.25,4,0.9992369875098301,0.08486574526728122,960000.0,81471.11545658996,7,8.0,0.0,1.0
31,1,Jason Lewis,Peta Murgatroyd,Actor/Actress,Entertainment,California,United States,51,46-55,18.0,4.5,4,0.00769360071599462,0.08015098190325246,960000.0,76944.94262712236,16,1.0,0.06666666666666667,1.0
31,1,Jessie James Decker,Alan Bersten,Singer/Rapper,Entertainment,Unknown,Italy,34,26-35,20.0,5.0,4,0.9993881084201627,0.0721358841136821,960000.0,69250.44874913481,10,6.0,0.13333333333333333,1.0
31,1,Sam Champion,Cheryl Burke,News Anchor,Media,Kentucky,United States,61,>55,20.0,5.0,4,0.9991744675629386,0.0721358841136821,960000.0,69250.44874913481,13,4.0,0.13333333333333333,1.0
31,1,Teresa Giudice,Pasha Pashkov,TV Personality,Media,New Jersey,United States,50,46-55,20.0,5.0,4,0.9988478837965843,0.0721358841136821,960000.0,69250.44874913481,15,2.0,0.13333333333333333,1.0
31,1,Cheryl Ladd,Louis van Amstel,Actor/Actress,Entertainment,South Dakota,United States,71,>55,21.0,5.25,4,0.9984110003180614,0.068700842176604,960000.0,65952.80848953984,14,3.0,0.3333333333333333,1.0
31,1,Trevor Donovan,Emma Slater,Actor/Actress,Entertainment,California,United States,39,36-45,21.0,5.25,4,0.9987790147287965,0.068700842176604,960000.0,65952.80848953984,6,9.0,0.3333333333333333,1.0
31,1,Joseph Baena,Daniella Karagach,Actor/Actress,Entertainment,California,United States,24,≤25,23.0,5.75,4,0.9995786744402174,0.06272685616011608,960000.0,60217.78191371144,11,5.0,0.4666666666666667,1.0
31,1,Heidi D'Amelio,Artem Chigvintsev,Social Media Personality,Media,Louisiana,United States,50,46-55,24.0,6.0,4,0.9996377969519591,0.06011323726234537,960000.0,57708.70777185155,8,8.0,0.5333333333333333,1.0
31,1,Jordin Sparks,Brandon Armstrong,Singer/Rapper,Entertainment,Arizona,United States,32,26-35,26.0,6.5,4,0.9998404570710299,0.05548914226616861,960000.0,53269.57657552187,9,7.0,0.6,1.0
31,1,Daniel Durant,Britt Stewart,Actor/Actress,Entertainment,Michigan,United States,32,26-35,27.0,6.75,4,0.9998735366973243,0.053433988925019896,960000.0,51296.6293680191,5,9.0,0.6666666666666666,1.0
31,1,Gabby Windey,Valentin Chmerkovskiy,TV Personality,Media,Illinois,United States,31,26-35,28.0,7.0,4,0.9998481744624894,0.05152563224585335,960000.0,49464.60695601922,2,,0.7333333333333333,1.0
31,1,Selma Blair,Sasha Farber,Actor/Actress,Entertainment,Michigan,United States,50,46-55,28.0,7.0,4,0.9998265398730598,0.05152563224585335,960000.0,49464.60695601922,12,-1.0,0.7333333333333333,1.0
31,1,Shangela,Gleb Savchenko,TV Personality,Media,Texas,United States,40,36-45,28.0,7.0,4,0.9998254335527941,0.05152563224585335,960000.0,49464.60695601922,4,,0.7333333333333333,1.0
31,1,Wayne Brady,Witney Carson,Comedian,Entertainment,Georgia,United States,50,46-55,29.0,7.25,4,0.9998457750961464,0.04974888636760827,960000.0,47758.93091290394,3,,0.9333333333333333,1.0
31,1,Charli D'Amelio,Mark Ballas,Social Media Personality,Media,Connecticut,United States,18,≤25,32.0,8.0,4,0.9998243573609428,0.04508492841639369,960000.0,43281.53127973794,1,,1.0,1.0
31,2,Cheryl Ladd,Louis van Amstel,Actor/Actress,Entertainment,South Dakota,United States,71,>55,21.0,5.25,4,0.9968525335819741,0.08892611535817485,1039999.9911111122,92483.15918204759,14,3.0,0.0,0.0
31,2,Teresa Giudice,Pasha Pashkov,TV Personality,Media,New Jersey,United States,50,46-55,23.0,5.75,4,0.00626262342988315,0.08119341001105988,1039999.9911111122,84441.14568978317,15,2.0,0.07142857142857142,3.0
31,2,Joseph Baena,Daniella Karagach,Actor/Actress,Entertainment,California,United States,24,≤25,24.0,6.0,4,0.9993375683094748,0.07781035140155981,1039999.9911111122,80922.76476597472,11,5.0,0.14285714285714285,1.0
31,2,Jessie James Decker,Alan Bersten,Singer/Rapper,Entertainment,Unknown,Italy,34,26-35,25.0,6.25,4,0.9982990539220437,0.07469793746999398,1039999.9911111122,77685.85430481215,10,6.0,0.21428571428571427,5.0
31,2,Sam Champion,Cheryl Burke,News Anchor,Media,Kentucky,United States,61,>55,26.0,6.5,4,0.9977353073654754,0.07182493998549412,1039999.9911111122,74697.93694647006,13,4.0,0.2857142857142857,6.0
31,2,Jordin Sparks,Brandon Armstrong,Singer/Rapper,Entertainment,Arizona,United States,32,26-35,27.0,6.75,4,0.9996034123660065,0.0691647571215937,1039999.9911111122,71931.34679165969,9,7.0,0.35714285714285715,1.0
31,2,Heidi D'Amelio,Artem Chigvintsev,Social Media Personality,Media,Louisiana,United States,50,46-55,28.0,7.0,4,0.9997175708123072,0.06669458731261428,1039999.9911111122,69362.37021227815,8,8.0,0.5,4.0
31,2,Selma Blair,Sasha Farber,Actor/Actress,Entertainment,Michigan,United States,50,46-55,28.0,7.0,4,0.9996753519182004,0.06669458731261428,1039999.9911111122,69362.37021227815,12,-1.0,0.5,0.0
31,2,Shangela,Gleb Savchenko,TV Personality,Media,Texas,United States,40,36-45,28.0,7.0,4,0.9996732816435999,0.06669458731261428,1039999.9911111122,69362.37021227815,4,,0.5,0.0
31,2,Daniel Durant,Britt Stewart,Actor/Actress,Entertainment,Michigan,United States,32,26-35,29.0,7.25,4,0.999794540366207,0.0643947740363108,1039999.9911111122,66970.56442536532,5,9.0,0.7142857142857143,2.0
31,2,Trevor Donovan,Emma Slater,Actor/Actress,Entertainment,California,United States,39,36-45,30.0,7.5,4,0.9998503473613342,0.062248281639983506,1039999.9911111122,64738.212352264854,6,9.0,0.7857142857142857,9.0
31,2,Charli D'Amelio,Mark Ballas,Social Media Personality,Media,Connecticut,United States,18,≤25,32.0,8.0,4,0.9998308722979489,0.05835776415906323,1039999.9911111122,60692.07420669014,1,,0.8571428571428571,0.0
31,2,Gabby Windey,Valentin Chmerkovskiy,TV Personality,Media,Illinois,United States,31,26-35,32.0,8.0,4,0.9998243573609428,0.05835776415906323,1039999.9911111122,60692.07420669014,2,,0.8571428571428571,4.0
31,2,Wayne Brady,Witney Carson,Comedian,Entertainment,Georgia,United States,50,46-55,32.0,8.0,4,0.9998193425887898,0.05835776415906323,1039999.9911111122,60692.07420669014,3,,0.8571428571428571,3.0
31,2,Vinny Guadagnino,Koko Iwasaki,TV Personality,Media,New York,United States,34,26-35,27.0,6.75,4,0.9997414917650582,0.03458237856079685,1039999.9911111122,35965.67339582984,7,8.0,0.35714285714285715,10.0
31,3,Vinny Guadagnino,Koko Iwasaki,TV Personality,Media,New York,United States,34,26-35,23.0,5.75,4,0.9991560559917247,0.09977380005010074,1119999.9822222241,111746.65428235657,7,8.0,0.0,3.0
31,3,Sam Champion,Cheryl Burke,News Anchor,Media,Kentucky,United States,61,>55,25.0,6.25,4,0.9994763057207952,0.09179189636536882,1119999.9822222241,102806.92229735732,13,4.0,0.15384615384615385,2.5
31,3,Trevor Donovan,Emma Slater,Actor/Actress,Entertainment,California,United States,39,36-45,27.0,6.75,4,0.9986387077687916,0.08499249688643037,1119999.9822222241,95191.59500182446,6,9.0,0.3076923076923077,3.0
31,3,Selma Blair,Sasha Farber,Actor/Actress,Entertainment,Michigan,United States,50,46-55,28.0,7.0,4,0.9994171814774726,0.08195705067746666,1119999.9822222241,91791.89530174858,12,-1.0,0.38461538461538464,0.0
31,3,Jordin Sparks,Brandon Armstrong,Singer/Rapper,Entertainment,Arizona,United States,32,26-35,29.0,7.25,4,0.9996060128950608,0.07913094557914384,1119999.9822222241,88626.65764186888,9,7.0,0.46153846153846156,1.5
31,3,Shangela,Gleb Savchenko,TV Personality,Media,Texas,United States,40,36-45,30.0,7.5,4,0.9997129973199734,0.07649324748109564,1119999.9822222241,85672.4358189473,4,,0.6153846153846154,1.0
31,3,Daniel Durant,Britt Stewart,Actor/Actress,Entertainment,Michigan,United States,32,26-35,31.0,7.75,4,0.9998439596720838,0.07402572344839978,1119999.9822222241,82908.80894619503,5,9.0,0.6923076923076923,2.0
31,3,Heidi D'Amelio,Artem Chigvintsev,Social Media Personality,Media,Louisiana,United States,50,46-55,32.0,8.0,4,0.9997980154068736,0.07171241966292805,1119999.9822222241,80317.90874759208,8,8.0,0.7692307692307693,4.0
31,3,Charli D'Amelio,Mark Ballas,Social Media Personality,Media,Connecticut,United States,18,≤25,33.0,8.25,4,0.9997146906217578,0.06953931610263034,1119999.9822222241,77884.03279869161,1,,0.8461538461538461,0.5
31,3,Gabby Windey,Valentin Chmerkovskiy,TV Personality,Media,Illinois,United States,31,26-35,33.0,8.25,4,0.9997037015981208,0.06953931610263034,1119999.9822222241,77884.03279869161,2,,0.8461538461538461,2.5
31,3,Wayne Brady,Witney Carson,Comedian,Entertainment,Georgia,United States,50,46-55,33.0,8.25,4,0.9996952430338814,0.06953931610263034,1119999.9822222241,77884.03279869161,3,,0.8461538461538461,2.0
31,3,Cheryl Ladd,Louis van Amstel,Actor/Actress,Entertainment,South Dakota,United States,71,>55,24.0,6.0,4,0.0041970641193310254,0.04780827927728246,1119999.9822222241,53545.271940631486,14,3.0,0.07692307692307693,1.5
31,3,Jessie James Decker,Alan Bersten,Singer/Rapper,Entertainment,Unknown,Italy,34,26-35,26.0,6.5,4,0.9988153056802089,0.044130719474320734,1119999.9822222241,49426.40502669318,10,6.0,0.23076923076923078,3.0
31,3,Joseph Baena,Daniella Karagach,Actor/Actress,Entertainment,California,United States,24,≤25,29.0,7.25,4,0.9996447961725294,0.03956547278957192,1119999.9822222241,44313.32882093444,11,5.0,0.46153846153846156,3.0
31,4,Joseph Baena,Daniella Karagach,Actor/Actress,Entertainment,California,United States,24,≤25,28.0,7.0,4,0.9994254478797282,0.09813272116280193,1199999.9733333364,117759.26277849005,11,5.0,0.08333333333333333,2.0
31,4,Trevor Donovan,Emma Slater,Actor/Actress,Entertainment,California,United States,39,36-45,28.0,7.0,4,0.9984276901817316,0.09813272116280193,1199999.9733333364,117759.26277849005,6,9.0,0.08333333333333333,-1.0
31,4,Daniel Durant,Britt Stewart,Actor/Actress,Entertainment,Michigan,United States,32,26-35,29.0,7.25,4,0.9971243416043334,0.09474883434283934,1199999.9733333364,113698.59868477192,5,9.0,0.25,0.0
31,4,Selma Blair,Sasha Farber,Actor/Actress,Entertainment,Michigan,United States,50,46-55,32.0,8.0,4,0.9996420262191388,0.08586613140078263,1199999.9733333364,103039.35539117591,12,-1.0,0.5,2.0
31,4,Shangela,Gleb Savchenko,TV Personality,Media,Texas,United States,40,36-45,32.0,8.0,4,0.9995780142772477,0.08586613140078263,1199999.9733333364,103039.35539117591,4,,0.5,2.0
31,4,Heidi D'Amelio,Artem Chigvintsev,Social Media Personality,Media,Louisiana,United States,50,46-55,34.0,8.5,4,0.9996901681748408,0.08081518264341156,1199999.9733333364,96978.21701702259,8,8.0,0.6666666666666666,3.0
31,4,Jordin Sparks,Brandon Armstrong,Singer/Rapper,Entertainment,Arizona,United States,32,26-35,34.0,8.5,4,0.9996891038395564,0.08081518264341156,1199999.9733333364,96978.21701702259,9,7.0,0.6666666666666666,3.5
31,4,Charli D'Amelio,Mark Ballas,Social Media Personality,Media,Connecticut,United States,18,≤25,36.0,9.0,4,0.9996759928625788,0.07632545039904792,1199999.9733333364,91590.5384435124,1,,0.8333333333333334,2.0
31,4,Gabby Windey,Valentin Chmerkovskiy,TV Personality,Media,Illinois,United States,31,26-35,36.0,9.0,4,0.9996759928625788,0.07632545039904792,1199999.9733333364,91590.5384435124,2,,0.8333333333333334,2.0
31,4,Wayne Brady,Witney Carson,Comedian,Entertainment,Georgia,United States,50,46-55,36.0,9.0,4,0.9996759928625788,0.07632545039904792,1199999.9733333364,91590.5384435124,3,,0.8333333333333334,2.0
31,4,Sam Champion,Cheryl Burke,News Anchor,Media,Kentucky,United States,61,>55,25.0,6.25,4,0.006590745361450183,0.05495432361565056,1199999.9733333364,65945.1868733322,13,4.0,0.0,-0.5
31,4,Vinny Guadagnino,Koko Iwasaki,TV Personality,Media,New York,United States,34,26-35,29.0,7.25,4,0.9970961986754646,0.04737441717141967,1199999.9733333364,56849.29934238596,7,8.0,0.25,1.0
31,4,Jessie James Decker,Alan Bersten,Singer/Rapper,Entertainment,Unknown,Italy,34,26-35,31.0,7.75,4,0.9996669537843416,0.04431800325895433,1199999.9733333364,53181.60272893192,10,6.0,0.4166666666666667,3.0
31,5,Vinny Guadagnino,Koko Iwasaki,TV Personality,Media,New York,United States,34,26-35,31.0,7.75,4,0.998865884860622,0.10918826466842696,1279999.9644444485,139760.97489333755,7,8.0,0.0,4.0
31,5,Daniel Durant,Britt Stewart,Actor/Actress,Entertainment,Michigan,United States,32,26-35,33.5,8.375,4,0.9945143159721264,0.10103988695133177,1279999.9644444485,129331.05170517576,5,9.0,0.09090909090909091,1.25
31,5,Jordin Sparks,Brandon Armstrong,Singer/Rapper,Entertainment,Arizona,United States,32,26-35,35.5,8.875,4,0.9972681505237735,0.0953474991144226,1279999.9644444485,122044.79547632801,9,7.0,0.2727272727272727,3.25
31,5,Jessie James Decker,Alan Bersten,Singer/Rapper,Entertainment,Unknown,Italy,34,26-35,36.0,9.0,4,0.9982457845804438,0.09402322833017425,1279999.9644444485,120349.7289195753,10,6.0,0.36363636363636365,5.0
31,5,Shangela,Gleb Savchenko,TV Personality,Media,Texas,United States,40,36-45,38.5,9.625,4,0.9994337108147435,0.08791782405173186,1279999.9644444485,112534.81166025005,4,,0.5454545454545454,4.25
31,5,Heidi D'Amelio,Artem Chigvintsev,Social Media Personality,Media,Louisiana,United States,50,46-55,39.0,9.75,4,0.9995158705837128,0.08679067249022639,1279999.9644444485,111092.05770159955,8,8.0,0.6363636363636364,3.5
31,5,Selma Blair,Sasha Farber,Actor/Actress,Entertainment,Michigan,United States,50,46-55,40.0,10.0,4,0.9994452239471318,0.08462090573221488,1279999.9644444485,108314.75632849208,12,-1.0,0.7272727272727273,6.0
31,5,Gabby Windey,Valentin Chmerkovskiy,TV Personality,Media,Illinois,United States,31,26-35,41.0,10.25,4,0.9995313069610928,0.08255698125250048,1279999.9644444485,105672.93306784162,2,,0.8181818181818182,4.0
31,5,Wayne Brady,Witney Carson,Comedian,Entertainment,Georgia,United States,50,46-55,41.0,10.25,4,0.9995313069610928,0.08255698125250048,1279999.9644444485,105672.93306784162,3,,0.8181818181818182,4.0
31,5,Charli D'Amelio,Mark Ballas,Social Media Personality,Media,Connecticut,United States,18,≤25,42.0,10.5,4,0.9994391050148185,0.08059133888852767,1279999.9644444485,103156.91091184592,1,,1.0,4.5
31,5,Joseph Baena,Daniella Karagach,Actor/Actress,Entertainment,California,United States,24,≤25,35.0,8.75,4,0.016700169804694926,0.04835480310285564,1279999.9644444485,61894.14625237353,11,5.0,0.18181818181818182,3.0
31,5,Trevor Donovan,Emma Slater,Actor/Actress,Entertainment,California,United States,39,36-45,36.0,9.0,4,0.997367314433185,0.047011614165087125,1279999.9644444485,60174.86445978765,6,9.0,0.36363636363636365,4.5
31,6,Jessie James Decker,Alan Bersten,Singer/Rapper,Entertainment,Unknown,Italy,34,26-35,32.0,8.0,4,0.0097797818494338,0.1275900681230561,1359999.9555555605,173522.4869766872,10,6.0,0.1111111111111111,0.5
31,6,Trevor Donovan,Emma Slater,Actor/Actress,Entertainment,California,United States,39,36-45,34.0,8.5,4,0.9991372682957264,0.12008477021891449,1359999.9555555605,163315.2821606234,6,9.0,0.2222222222222222,3.0
31,6,Wayne Brady,Witney Carson,Comedian,Entertainment,Georgia,United States,50,46-55,34.0,8.5,4,0.9989505317915992,0.12008477021891449,1359999.9555555605,163315.2821606234,3,,0.2222222222222222,-1.0
31,6,Heidi D'Amelio,Artem Chigvintsev,Social Media Personality,Media,Louisiana,United States,50,46-55,36.0,9.0,4,0.9995099818619485,0.11341339428095747,1359999.9555555605,154242.21118150742,8,8.0,0.6666666666666666,1.0
31,6,Shangela,Gleb Savchenko,TV Personality,Media,Texas,United States,40,36-45,36.0,9.0,4,0.9994099568108884,0.11341339428095747,1359999.9555555605,154242.21118150742,4,,0.6666666666666666,2.0
31,6,Gabby Windey,Valentin Chmerkovskiy,TV Personality,Media,Illinois,United States,31,26-35,37.0,9.25,4,0.9995362740470457,0.11034816749134312,1359999.9555555605,150073.5028838642,2,,0.8888888888888888,0.5
31,6,Charli D'Amelio,Mark Ballas,Social Media Personality,Media,Connecticut,United States,18,≤25,40.0,10.0,4,0.999523737149329,0.10207205513639518,1359999.9555555605,138817.99044896217,1,,1.0,2.0
31,6,Vinny Guadagnino,Koko Iwasaki,TV Personality,Media,New York,United States,34,26-35,28.0,7.0,4,0.9988709199393383,0.07290861003054719,1359999.9555555605,99155.70640116186,7,8.0,0.0,-0.5
31,6,Daniel Durant,Britt Stewart,Actor/Actress,Entertainment,Michigan,United States,32,26-35,34.0,8.5,4,0.9992396980701492,0.060042385109457246,1359999.9555555605,81657.6410803117,5,9.0,0.2222222222222222,2.5
31,6,Jordin Sparks,Brandon Armstrong,Singer/Rapper,Entertainment,Arizona,United States,32,26-35,34.0,8.5,4,0.9987694236583746,0.060042385109457246,1359999.9555555605,81657.6410803117,9,7.0,0.2222222222222222,0.0
31,7,Jordin Sparks,Brandon Armstrong,Singer/Rapper,Entertainment,Arizona,United States,32,26-35,34.5,8.625,4,0.008942786527878128,0.12387428016498103,1439999.9466666726,178378.95683094516,9,7.0,0.125,-0.5
31,7,Heidi D'Amelio,Artem Chigvintsev,Social Media Personality,Media,Louisiana,United States,50,46-55,35.0,8.75,4,0.9948604964032612,0.12210464764175653,1439999.9466666726,175830.68609188226,8,8.0,0.25,-2.0
31,7,Gabby Windey,Valentin Chmerkovskiy,TV Personality,Media,Illinois,United States,31,26-35,35.5,8.875,4,0.9983393713406018,0.12038486392059894,1439999.9466666726,173354.1976251371,2,,0.375,-2.75
31,7,Daniel Durant,Britt Stewart,Actor/Actress,Entertainment,Michigan,United States,32,26-35,36.5,9.125,4,0.9994401461876683,0.11708664856108159,1439999.9466666726,168604.76768333692,5,9.0,0.5,1.5
31,7,Shangela,Gleb Savchenko,TV Personality,Media,Texas,United States,40,36-45,36.5,9.125,4,0.9987246476656451,0.11708664856108159,1439999.9466666726,168604.76768333692,4,,0.5,-1.0
31,7,Wayne Brady,Witney Carson,Comedian,Entertainment,Georgia,United States,50,46-55,38.0,9.5,4,0.9992158551705896,0.11246480729213998,1439999.9466666726,161949.31650255917,3,,0.75,-1.5
31,7,Charli D'Amelio,Mark Ballas,Social Media Personality,Media,Connecticut,United States,18,≤25,39.0,9.75,4,0.9992157975088195,0.10958109435859056,1439999.9466666726,157796.77003204604,1,,0.875,-1.5
31,7,Trevor Donovan,Emma Slater,Actor/Actress,Entertainment,California,United States,39,36-45,39.0,9.75,4,0.9995133002972871,0.10958109435859056,1439999.9466666726,157796.77003204604,6,9.0,0.875,1.5
31,7,Vinny Guadagnino,Koko Iwasaki,TV Personality,Media,New York,United States,34,26-35,31.5,7.875,4,0.9989207611205778,0.06783591514117929,1439999.9466666726,97683.7141853831,7,8.0,0.0,0.25
31,8,Daniel Durant,Britt Stewart,Actor/Actress,Entertainment,Michigan,United States,32,26-35,39.0,9.75,4,0.9991917650861535,0.15676533142817234,1519999.937777785,238283.29401653577,5,9.0,0.2857142857142857,2.5
31,8,Trevor Donovan,Emma Slater,Actor/Actress,Entertainment,California,United States,39,36-45,39.0,9.75,4,0.9989456379848385,0.15676533142817234,1519999.937777785,238283.29401653577,6,9.0,0.2857142857142857,2.5
31,8,Shangela,Gleb Savchenko,TV Personality,Media,Texas,United States,40,36-45,42.0,10.5,4,0.9993905211194265,0.14556780802133915,1519999.937777785,221263.05913488404,4,,0.7142857142857143,3.0
31,8,Charli D'Amelio,Mark Ballas,Social Media Personality,Media,Connecticut,United States,18,≤25,45.0,11.25,4,0.9994855436653312,0.1358632877022392,1519999.937777785,206512.1888536889,1,,0.8571428571428571,2.5
31,8,Wayne Brady,Witney Carson,Comedian,Entertainment,Georgia,United States,50,46-55,45.0,11.25,4,0.9994453931080625,0.1358632877022392,1519999.937777785,206512.1888536889,3,,0.8571428571428571,5.5
31,8,Vinny Guadagnino,Koko Iwasaki,TV Personality,Media,New York,United States,34,26-35,29.0,7.25,4,0.0024770257601538018,0.10541117020071916,1519999.937777785,160224.97214617662,7,8.0,0.0,0.5
31,8,Heidi D'Amelio,Artem Chigvintsev,Social Media Personality,Media,Louisiana,United States,50,46-55,35.0,8.75,4,0.006027821296852958,0.08734068439689548,1519999.937777785,132757.83484875027,8,8.0,0.14285714285714285,-0.5
31,8,Gabby Windey,Valentin Chmerkovskiy,TV Personality,Media,Illinois,United States,31,26-35,40.0,10.0,4,0.9992883021283158,0.07642309912022316,1519999.937777785,116163.10590752469,2,,0.5714285714285714,1.5
31,9,Shangela,Gleb Savchenko,TV Personality,Media,Texas,United States,40,36-45,36.5,9.125,4,0.9988943751422351,0.22425175193927413,1599999.928888897,358802.78715604916,4,,0.4,0.0
31,9,Wayne Brady,Witney Carson,Comedian,Entertainment,Georgia,United States,50,46-55,36.5,9.125,4,0.998973537396374,0.22425175193927413,1599999.928888897,358802.78715604916,3,,0.4,-0.75
31,9,Charli D'Amelio,Mark Ballas,Social Media Personality,Media,Connecticut,United States,18,≤25,40.0,10.0,4,0.9995813360687628,0.20462972413513833,1599999.928888897,327407.5440647759,1,,0.8,0.5
31,9,Trevor Donovan,Emma Slater,Actor/Actress,Entertainment,California,United States,39,36-45,32.5,8.125,4,0.0021724409106890154,0.12592598335666602,1599999.928888897,201481.56441593004,6,9.0,0.0,-3.25
31,9,Daniel Durant,Britt Stewart,Actor/Actress,Entertainment,Michigan,United States,32,26-35,34.5,8.625,4,0.003242620605208245,0.11862592656207832,1599999.928888897,189801.47406370484,5,9.0,0.2,-1.0
31,9,Gabby Windey,Valentin Chmerkovskiy,TV Personality,Media,Illinois,United States,31,26-35,40.0,10.0,4,0.9995813360687628,0.10231486206756917,1599999.928888897,163703.77203238796,2,,0.8,2.25
31,10,Charli D'Amelio,Mark Ballas,Social Media Personality,Media,Connecticut,United States,18,≤25,40.0,10.0,4,0.9995699307792616,0.2545781976875983,1679999.920000009,427691.35174891166,1,,0.6666666666666666,-2.5
31,10,Gabby Windey,Valentin Chmerkovskiy,TV Personality,Media,Illinois,United States,31,26-35,40.0,10.0,4,0.9995968869379686,0.2545781976875983,1679999.920000009,427691.35174891166,2,,0.6666666666666666,0.0
31,10,Shangela,Gleb Savchenko,TV Personality,Media,Texas,United States,40,36-45,38.0,9.5,4,0.03581284825338292,0.24542180231240168,1679999.920000009,412308.60825109284,4,,0.0,-2.0
31,10,Wayne Brady,Witney Carson,Comedian,Entertainment,Georgia,United States,50,46-55,38.0,9.5,4,0.04597420989228074,0.24542180231240168,1679999.920000009,412308.60825109284,3,,0.0,-3.5
32,1,Harry Jowsey,Rylee Arnold,TV Personality,Media,Unknown,Australia,26,26-35,12.0,4.0,3,0.9956839150822101,0.09405405829667042,960000.0,90291.89596480361,6,9.0,0.0,1.0
32,1,Matt Walsh,Koko Iwasaki,Comedian,Entertainment,Illinois,United States,58,>55,12.0,4.0,3,0.009669952079541131,0.09405405829667042,960000.0,90291.89596480361,14,1.0,0.0,1.0
32,1,Tyson Beckford,Jenna Johnson,Model,Model,New York,United States,52,46-55,12.0,4.0,3,0.9989220282087776,0.09405405829667042,960000.0,90291.89596480361,12,3.0,0.0,1.0
32,1,Alyson Hannigan,Sasha Farber,Actor/Actress,Entertainment,Washington D.C.,United States,49,46-55,13.0,4.333333333333333,3,0.9997501039730184,0.08681913129192093,960000.0,83346.36604024409,5,,0.23076923076923078,1.0
32,1,Jamie Lynn Spears,Alan Bersten,Actor/Actress,Entertainment,Mississippi,United States,32,26-35,15.0,5.0,3,0.9992952921173769,0.07524324789139035,960000.0,72233.51797573474,13,2.0,0.3076923076923077,1.0
32,1,Mauricio Umansky,Emma Slater,TV Personality,Media,Unknown,Mexico,53,46-55,15.0,5.0,3,0.9993163006881687,0.07524324789139035,960000.0,72233.51797573474,9,6.0,0.3076923076923077,1.0
32,1,Barry Williams,Peta Murgatroyd,Actor/Actress,Entertainment,California,United States,68,>55,16.0,5.333333333333333,3,0.9995491211833822,0.07054054519209736,960000.0,67718.92338441347,7,8.0,0.46153846153846156,1.0
32,1,Mira Sorvino,Gleb Savchenko,Actor/Actress,Entertainment,New York,United States,55,46-55,17.0,5.666666666666667,3,0.9995850934879384,0.06639110160135303,960000.0,63735.45753729891,10,5.0,0.5384615384615384,1.0
32,1,Adrian Peterson,Britt Stewart,Athlete,Sports,Texas,United States,38,36-45,18.0,6.0,3,0.9998458019203924,0.06270270727285533,960000.0,60194.59898194112,11,4.0,0.6153846153846154,1.0
32,1,Xochitl Gomez,Valentin Chmerkovskiy,Actor/Actress,Entertainment,California,United States,17,≤25,18.0,6.0,3,0.9998206334090144,0.06270270727285533,960000.0,60194.59898194112,1,,0.6153846153846154,1.0
32,1,Lele Pons,Brandon Armstrong,Social Media Personality,Media,Unknown,Venezuela,27,26-35,19.0,6.333333333333333,3,0.9995548267026791,0.05940256495850201,960000.0,57026.46236016193,8,7.0,0.7692307692307693,1.0
32,1,Ariana Madix,Pasha Pashkov,TV Personality,Media,Florida,United States,38,36-45,21.0,7.0,3,0.9998148785015866,0.05374517808899643,960000.0,51595.370965436574,3,,0.8461538461538461,1.0
32,1,Jason Mraz,Daniella Karagach,Singer/Rapper,Entertainment,Virginia,United States,46,46-55,21.0,7.0,3,0.9998148785015866,0.05374517808899643,960000.0,51595.370965436574,2,,0.8461538461538461,1.0
32,1,Charity Lawson,Artem Chigvintsev,TV Personality,Media,Georgia,United States,27,26-35,22.0,7.333333333333333,3,0.9998206334090144,0.05130221555963125,960000.0,49250.126937246,4,,1.0,1.0
32,2,Mauricio Umansky,Emma Slater,TV Personality,Media,Unknown,Mexico,53,46-55,12.0,4.0,3,0.9971056149766706,0.08006766036979529,1031999.9928000007,82629.82492514164,9,6.0,0.0,-3.0
32,2,Jamie Lynn Spears,Alan Bersten,Actor/Actress,Entertainment,Mississippi,United States,32,26-35,16.0,5.333333333333333,3,0.009301343872259258,0.07789982386555969,1031999.9928000007,80392.61766837892,13,2.0,0.3333333333333333,1.0
32,2,Harry Jowsey,Rylee Arnold,TV Personality,Media,Unknown,Australia,26,26-35,15.0,5.0,3,0.9991025500193288,0.07717417092563097,1031999.9928000007,79643.74383959718,6,9.0,0.08333333333333333,3.0
32,2,Barry Williams,Peta Murgatroyd,Actor/Actress,Entertainment,California,United States,68,>55,15.0,5.0,3,0.9977706121907927,0.07663059313845302,1031999.9928000007,79082.77156714331,7,8.0,0.08333333333333333,-1.0
32,2,Mira Sorvino,Gleb Savchenko,Actor/Actress,Entertainment,New York,United States,55,46-55,18.0,6.0,3,0.9994702670882045,0.0766003971926279,1031999.9928000007,79051.60935126919,10,5.0,0.4166666666666667,1.0
32,2,Adrian Peterson,Britt Stewart,Athlete,Sports,Texas,United States,38,36-45,15.0,5.0,3,0.9994494059175086,0.07659245527536705,1031999.9928000007,79043.41329271317,11,4.0,0.08333333333333333,-3.0
32,2,Ariana Madix,Pasha Pashkov,TV Personality,Media,Florida,United States,38,36-45,20.0,6.666666666666667,3,0.9996943356730299,0.07658198004918823,1031999.9928000007,79032.60285937205,3,,0.6666666666666666,-1.0
32,2,Lele Pons,Brandon Armstrong,Social Media Personality,Media,Unknown,Venezuela,27,26-35,21.0,7.0,3,0.9995548267026791,0.07658189238498689,1031999.9928000007,79032.5123899169,8,7.0,0.75,2.0
32,2,Alyson Hannigan,Sasha Farber,Actor/Actress,Entertainment,Washington D.C.,United States,49,46-55,19.0,6.333333333333333,3,0.9997246381101917,0.076532427489065,1031999.9928000007,78981.46461768165,5,,0.5833333333333334,6.0
32,2,Jason Mraz,Daniella Karagach,Singer/Rapper,Entertainment,Virginia,United States,46,46-55,24.0,8.0,3,0.9998148785015866,0.07651925144605434,1031999.9928000007,78967.86694138953,2,,0.9166666666666666,3.0
32,2,Xochitl Gomez,Valentin Chmerkovskiy,Actor/Actress,Entertainment,California,United States,17,≤25,24.0,8.0,3,0.9998263541679595,0.07633596898582654,1031999.9928000007,78778.71944375406,1,,0.9166666666666666,6.0
32,2,Charity Lawson,Artem Chigvintsev,TV Personality,Media,Georgia,United States,27,26-35,21.0,7.0,3,0.999721756678105,0.0763175481582058,1031999.9928000007,78759.70914978208,4,,0.75,-1.0
32,2,Tyson Beckford,Jenna Johnson,Model,Model,New York,United States,52,46-55,18.0,6.0,3,0.9997940034229279,0.07616583071923934,1031999.9928000007,78603.13675386106,12,3.0,0.4166666666666667,6.0
32,3,Tyson Beckford,Jenna Johnson,Model,Model,New York,United States,52,46-55,20.0,5.0,4,0.004065672283128216,0.1337654806090725,1103999.9856000014,147677.0886661933,12,3.0,0.0,4.0
32,3,Alyson Hannigan,Sasha Farber,Actor/Actress,Entertainment,Washington D.C.,United States,49,46-55,24.0,6.0,4,0.9994314415163543,0.11147123476982065,1103999.9856000014,123064.24158069638,5,,0.2727272727272727,5.5
32,3,Mira Sorvino,Gleb Savchenko,Actor/Actress,Entertainment,New York,United States,55,46-55,26.0,6.5,4,0.9994395554745916,0.10289652473270793,1103999.9856000014,113597.76182319973,10,5.0,0.5454545454545454,4.5
32,3,Lele Pons,Brandon Armstrong,Social Media Personality,Media,Unknown,Venezuela,27,26-35,27.0,6.75,4,0.9988454008668765,0.09908554247634771,1103999.9856000014,109390.4374670562,8,7.0,0.6363636363636364,4.0
32,3,Charity Lawson,Artem Chigvintsev,TV Personality,Media,Georgia,United States,27,26-35,32.0,8.0,4,0.9998503528208531,0.0836034269482345,1103999.9856000014,92298.18214696166,4,,0.7272727272727273,5.0
32,3,Xochitl Gomez,Valentin Chmerkovskiy,Actor/Actress,Entertainment,California,United States,17,≤25,32.0,8.0,4,0.999840638318903,0.0836034269482345,1103999.9856000014,92298.18214696166,1,,0.7272727272727273,7.0
32,3,Ariana Madix,Pasha Pashkov,TV Personality,Media,Florida,United States,38,36-45,34.0,8.5,4,0.9997131110166743,0.07868557844886331,1103999.9856000014,86868.87747447287,3,,0.9090909090909091,6.5
32,3,Jason Mraz,Daniella Karagach,Singer/Rapper,Entertainment,Virginia,United States,46,46-55,34.0,8.5,4,0.9997888441886473,0.07868557844886331,1103999.9856000014,86868.87747447287,2,,0.9090909090909091,6.5
32,3,Adrian Peterson,Britt Stewart,Athlete,Sports,Texas,United States,38,36-45,22.0,5.5,4,0.9974160090191091,0.06080249146231699,1103999.9856000014,67125.94969884216,11,4.0,0.09090909090909091,2.0
32,3,Mauricio Umansky,Emma Slater,TV Personality,Media,Unknown,Mexico,53,46-55,23.0,5.75,4,0.9990826931124667,0.05815890499193741,1103999.9856000014,64207.43027361075,9,6.0,0.18181818181818182,4.0
32,3,Harry Jowsey,Rylee Arnold,TV Personality,Media,Unknown,Australia,26,26-35,24.0,6.0,4,0.9995159811202888,0.05573561738491033,1103999.9856000014,61532.12079034819,6,9.0,0.2727272727272727,6.0
32,3,Barry Williams,Peta Murgatroyd,Actor/Actress,Entertainment,California,United States,68,>55,25.0,6.25,4,0.9976764567102694,0.053506192778690904,1103999.9856000014,59070.83605718566,7,8.0,0.45454545454545453,4.5
32,4,Barry Williams,Peta Murgatroyd,Actor/Actress,Entertainment,California,United States,68,>55,18.0,6.0,3,0.9983429886458235,0.1352664079432351,1175999.9784000022,159073.29281949037,7,8.0,0.0,1.5
32,4,Mira Sorvino,Gleb Savchenko,Actor/Actress,Entertainment,New York,United States,55,46-55,21.0,7.0,3,0.9974220113006717,0.1159426363000954,1175999.9784000022,136348.5377845515,10,5.0,0.3,1.5
32,4,Lele Pons,Brandon Armstrong,Social Media Personality,Media,Unknown,Venezuela,27,26-35,22.0,7.333333333333333,3,0.9985487196779302,0.11067251670782377,1175999.9784000022,130150.87725787464,8,7.0,0.6,0.5
32,4,Charity Lawson,Artem Chigvintsev,TV Personality,Media,Georgia,United States,27,26-35,24.0,8.0,3,0.9997930023403775,0.10144980736645134,1175999.9784000022,119304.97127163116,4,,0.7,1.5
32,4,Jason Mraz,Daniella Karagach,Singer/Rapper,Entertainment,Virginia,United States,46,46-55,24.0,8.0,3,0.999782755308231,0.10144980736645134,1175999.9784000022,119304.97127163116,2,,0.7,0.0
32,4,Ariana Madix,Pasha Pashkov,TV Personality,Media,Florida,United States,38,36-45,25.0,8.333333333333334,3,0.9997252159165326,0.09739181523411299,1175999.9784000022,114532.77261165388,3,,0.9,2.5
32,4,Xochitl Gomez,Valentin Chmerkovskiy,Actor/Actress,Entertainment,California,United States,17,≤25,27.0,9.0,3,0.9997541355253587,0.09017760696544566,1175999.9784000022,106048.86384352799,1,,1.0,1.5
32,4,Alyson Hannigan,Sasha Farber,Actor/Actress,Entertainment,Washington D.C.,United States,49,46-55,18.0,6.0,3,0.9991569308183479,0.06763320397161755,1175999.9784000022,79536.64640974518,5,,0.0,-0.5
32,4,Mauricio Umansky,Emma Slater,TV Personality,Media,Unknown,Mexico,53,46-55,19.0,6.333333333333333,3,0.9990856245085562,0.06407356184467147,1175999.9784000022,75350.50734534486,9,6.0,0.2,3.5
32,4,Adrian Peterson,Britt Stewart,Athlete,Sports,Texas,United States,38,36-45,21.0,7.0,3,0.017298900244891037,0.0579713181500477,1175999.9784000022,68174.26889227575,11,4.0,0.3,3.0
32,4,Harry Jowsey,Rylee Arnold,TV Personality,Media,Unknown,Australia,26,26-35,21.0,7.0,3,0.997985110801134,0.0579713181500477,1175999.9784000022,68174.26889227575,6,9.0,0.3,3.0
32,5,Harry Jowsey,Rylee Arnold,TV Personality,Media,Unknown,Australia,26,26-35,18.0,6.0,3,0.9990852211110082,0.15505957181195346,1247999.971200003,193514.3411556027,6,9.0,0.0,-3.0
32,5,Mira Sorvino,Gleb Savchenko,Actor/Actress,Entertainment,New York,United States,55,46-55,22.0,7.333333333333333,3,0.012613314675929506,0.12686692367308228,1247999.971200003,158329.91709023967,10,5.0,0.2222222222222222,-2.0
32,5,Ariana Madix,Pasha Pashkov,TV Personality,Media,Florida,United States,38,36-45,24.0,8.0,3,0.9993460481256485,0.11629468047416888,1247999.971200003,145135.75788247632,3,,0.3333333333333333,-5.0
32,5,Lele Pons,Brandon Armstrong,Social Media Personality,Media,Unknown,Venezuela,27,26-35,24.0,8.0,3,0.9983862265541475,0.11629468047416888,1247999.971200003,145135.75788247632,8,7.0,0.3333333333333333,-1.5
32,5,Jason Mraz,Daniella Karagach,Singer/Rapper,Entertainment,Virginia,United States,46,46-55,27.0,9.0,3,0.9996101080920844,0.10337304978895126,1247999.971200003,129009.56315946765,2,,0.7777777777777778,-3.5
32,5,Charity Lawson,Artem Chigvintsev,TV Personality,Media,Georgia,United States,27,26-35,28.0,9.333333333333334,3,0.999594630611023,0.09968115528548495,1247999.971200003,124402.07892546825,4,,0.8888888888888888,-2.0
32,5,Xochitl Gomez,Valentin Chmerkovskiy,Actor/Actress,Entertainment,California,United States,17,≤25,28.0,9.333333333333334,3,0.999594630611023,0.09968115528548495,1247999.971200003,124402.07892546825,1,,0.8888888888888888,-2.0
32,5,Alyson Hannigan,Sasha Farber,Actor/Actress,Entertainment,Washington D.C.,United States,49,46-55,21.0,7.0,3,0.9990240973627477,0.0664541027325364,1247999.971200003,82934.71829632747,5,,0.1111111111111111,-1.5
32,5,Barry Williams,Peta Murgatroyd,Actor/Actress,Entertainment,California,United States,68,>55,24.0,8.0,3,0.998095945693139,0.05814734023708444,1247999.971200003,72567.87894123816,7,8.0,0.3333333333333333,-0.5
32,5,Mauricio Umansky,Emma Slater,TV Personality,Media,Unknown,Mexico,53,46-55,24.0,8.0,3,0.9989811787710471,0.05814734023708444,1247999.971200003,72567.87894123816,9,6.0,0.3333333333333333,0.5
32,6,Barry Williams,Peta Murgatroyd,Actor/Actress,Entertainment,California,United States,68,>55,32.0,8.0,4,0.9983560772143678,0.14069791868533785,1319999.9640000034,185721.24759952136,7,8.0,0.25,7.0
32,6,Mauricio Umansky,Emma Slater,TV Personality,Media,Unknown,Mexico,53,46-55,33.0,8.25,4,0.01175265382531601,0.13643434552104194,1319999.9640000034,180093.33117613939,9,6.0,0.375,7.0
32,6,Lele Pons,Brandon Armstrong,Social Media Personality,Media,Unknown,Venezuela,27,26-35,37.0,9.25,4,0.9977751439452769,0.12168468694443357,1319999.9640000034,160623.782386004,8,7.0,0.5,7.5
32,6,Charity Lawson,Artem Chigvintsev,TV Personality,Media,Georgia,United States,27,26-35,38.0,9.5,4,0.9992889302224544,0.11848245842490188,1319999.9640000034,156396.84085550238,4,,0.625,7.0
32,6,Jason Mraz,Daniella Karagach,Singer/Rapper,Entertainment,Virginia,United States,46,46-55,39.0,9.75,4,0.9993026547051859,0.11544444674831496,1319999.9640000034,152386.66555177607,2,,0.75,7.5
32,6,Ariana Madix,Pasha Pashkov,TV Personality,Media,Florida,United States,38,36-45,41.0,10.25,4,0.9993026547051859,0.10981301045891997,1319999.9640000034,144953.16985250637,3,,0.875,8.0
32,6,Xochitl Gomez,Valentin Chmerkovskiy,Actor/Actress,Entertainment,California,United States,17,≤25,42.0,10.5,4,0.9992017758029681,0.10719841503405511,1319999.9640000034,141501.90398581018,1,,1.0,7.5
32,6,Harry Jowsey,Rylee Arnold,TV Personality,Media,Unknown,Australia,26,26-35,29.0,7.25,4,0.9987609457083646,0.07762643764441128,1319999.9640000034,102466.8948960714,6,9.0,0.0,4.0
32,6,Alyson Hannigan,Sasha Farber,Actor/Actress,Entertainment,Washington D.C.,United States,49,46-55,31.0,7.75,4,0.9949721200545824,0.07261828053858335,1319999.9640000034,95856.12769667218,5,,0.125,6.5
32,7,Charity Lawson,Artem Chigvintsev,TV Personality,Media,Georgia,United States,27,26-35,36.0,9.0,4,0.9993814537378575,0.1523721483064059,1391999.9568000042,212102.02386004088,4,,0.42857142857142855,4.0
32,7,Jason Mraz,Daniella Karagach,Singer/Rapper,Entertainment,Virginia,United States,46,46-55,36.0,9.0,4,0.9993679151206094,0.1523721483064059,1391999.9568000042,212102.02386004088,2,,0.42857142857142855,4.5
32,7,Lele Pons,Brandon Armstrong,Social Media Personality,Media,Unknown,Venezuela,27,26-35,36.5,9.125,4,0.01983925515870129,0.15028485866076444,1391999.9568000042,209196.51676347884,8,7.0,0.7142857142857143,6.25
32,7,Ariana Madix,Pasha Pashkov,TV Personality,Media,Florida,United States,38,36-45,37.0,9.25,4,0.9993292545854983,0.14825398224726427,1391999.9568000042,206369.53688362046,3,,0.8571428571428571,6.5
32,7,Xochitl Gomez,Valentin Chmerkovskiy,Actor/Actress,Entertainment,California,United States,17,≤25,37.0,9.25,4,0.9995219631544536,0.14825398224726427,1391999.9568000042,206369.53688362046,1,,0.8571428571428571,4.5
32,7,Harry Jowsey,Rylee Arnold,TV Personality,Media,Unknown,Australia,26,26-35,32.0,8.0,4,0.9990847274860744,0.08570933312475147,1391999.9568000042,119307.38800701122,6,9.0,0.0,7.0
32,7,Barry Williams,Peta Murgatroyd,Actor/Actress,Entertainment,California,United States,68,>55,32.5,8.125,4,0.9965818889464122,0.08439072804032777,1391999.9568000042,117471.88978645716,7,8.0,0.14285714285714285,4.25
32,7,Alyson Hannigan,Sasha Farber,Actor/Actress,Entertainment,Washington D.C.,United States,49,46-55,35.0,8.75,4,0.9990698628774468,0.07836281906681604,1391999.9568000042,109081.04075573447,5,,0.2857142857142857,7.0
32,8,Jason Mraz,Daniella Karagach,Singer/Rapper,Entertainment,Virginia,United States,46,46-55,33.0,8.25,4,0.9948323628811846,0.2009680323391312,1463999.949600005,294217.18921570026,2,,0.16666666666666666,-3.0
32,8,Charity Lawson,Artem Chigvintsev,TV Personality,Media,Georgia,United States,27,26-35,39.0,9.75,4,0.9995133002972871,0.1700498743104997,1463999.949600005,248953.00742005874,4,,0.6666666666666666,0.5
32,8,Xochitl Gomez,Valentin Chmerkovskiy,Actor/Actress,Entertainment,California,United States,17,≤25,40.0,10.0,4,0.9992157975088195,0.16579862755901836,1463999.949600005,242729.18239015288,1,,0.8333333333333334,-1.0
32,8,Ariana Madix,Pasha Pashkov,TV Personality,Media,Florida,United States,38,36-45,42.0,10.5,4,0.9994272218953384,0.157903455006093,1463999.949600005,231170.65017058683,3,,1.0,0.5
32,8,Harry Jowsey,Rylee Arnold,TV Personality,Media,Unknown,Australia,26,26-35,28.0,7.0,4,0.9986247237348702,0.11842758984471753,1463999.949600005,173377.98556391653,6,9.0,0.0,-0.5
32,8,Barry Williams,Peta Murgatroyd,Actor/Actress,Entertainment,California,United States,68,>55,35.0,8.75,4,0.016337654176792567,0.09474207255250311,1463999.949600005,138702.38944186457,7,8.0,0.3333333333333333,1.5
32,8,Alyson Hannigan,Sasha Farber,Actor/Actress,Entertainment,Washington D.C.,United States,49,46-55,36.0,9.0,4,0.998877324761605,0.09211034838803703,1463999.949600005,134849.5453977251,5,,0.5,2.5
32,9,Ariana Madix,Pasha Pashkov,TV Personality,Media,Florida,United States,38,36-45,37.0,9.25,4,0.9988613315787739,0.2221655720705933,1535999.9424000059,341246.30590369564,3,,0.4,0.0
32,9,Charity Lawson,Artem Chigvintsev,TV Personality,Media,Georgia,United States,27,26-35,38.0,9.5,4,0.9992677164296849,0.21631910980153723,1535999.9424000059,332266.14019518177,4,,0.6,1.0
32,9,Xochitl Gomez,Valentin Chmerkovskiy,Actor/Actress,Entertainment,California,United States,17,≤25,41.0,10.25,4,0.9995212984841139,0.2004908826411376,1535999.9424000059,307953.9841885137,1,,0.8,2.0
32,9,Harry Jowsey,Rylee Arnold,TV Personality,Media,Unknown,Australia,26,26-35,30.0,7.5,4,0.008235975139017837,0.13700210191288864,1535999.9424000059,210435.2206468767,6,9.0,0.0,-1.0
32,9,Alyson Hannigan,Sasha Farber,Actor/Actress,Entertainment,Washington D.C.,United States,49,46-55,32.0,8.0,4,0.9986946277362742,0.12843947081091536,1535999.9424000059,197283.01976745322,5,,0.2,-1.5
32,9,Jason Mraz,Daniella Karagach,Singer/Rapper,Entertainment,Virginia,United States,46,46-55,43.0,10.75,4,0.9994545953028353,0.09558286276292789,1535999.9424000059,146815.27169828492,2,,1.0,3.5
32,10,Xochitl Gomez,Valentin Chmerkovskiy,Actor/Actress,Entertainment,California,United States,17,≤25,30.0,10.0,3,0.9995809397227684,0.20702088612678943,1607999.9352000065,332889.57147692534,1,,1.0,-5.0
32,10,Charity Lawson,Artem Chigvintsev,TV Personality,Media,Georgia,United States,27,26-35,29.5,9.833333333333334,3,0.9995762504586555,0.20465151988864966,1607999.9352000065,329079.6307195315,4,,0.75,-4.75
32,10,Ariana Madix,Pasha Pashkov,TV Personality,Media,Florida,United States,38,36-45,29.0,9.666666666666666,3,0.999372670815556,0.2022924167112931,1607999.9352000065,325286.19296321203,3,,0.5,-6.5
32,10,Jason Mraz,Daniella Karagach,Singer/Rapper,Entertainment,Virginia,United States,46,46-55,28.5,9.5,3,0.9995450088443646,0.19994384722105585,1607999.9352000065,321509.6933750978,2,,0.25,-2.25
32,10,Alyson Hannigan,Sasha Farber,Actor/Actress,Entertainment,Washington D.C.,United States,49,46-55,25.5,8.5,3,0.9972926620604443,0.186091330052212,1607999.9352000065,299234.84666523995,5,,0.0,-5.25
32,11,Xochitl Gomez,Valentin Chmerkovskiy,Actor/Actress,Entertainment,California,United States,17,≤25,30.0,10.0,3,0.9993672205332644,0.20410942032034296,1679999.9280000073,342903.8114422994,1,,0.75,-5.5
32,11,Jason Mraz,Daniella Karagach,Singer/Rapper,Entertainment,Virginia,United States,46,46-55,30.0,10.0,3,0.9990415020459995,0.20410941974995164,1679999.9280000073,342903.81048404204,2,,0.75,-6.5
32,11,Charity Lawson,Artem Chigvintsev,TV Personality,Media,Georgia,United States,27,26-35,29.5,9.833333333333334,3,0.9992065025006739,0.2018014983402951,1679999.9280000073,339026.50268198934,4,,0.25,-4.25
32,11,Ariana Madix,Pasha Pashkov,TV Personality,Media,Florida,United States,38,36-45,29.5,9.833333333333334,3,0.9990536919319669,0.20180149768387884,1679999.9280000073,339026.5015792101,3,,0.25,-3.75
32,11,Alyson Hannigan,Sasha Farber,Actor/Actress,Entertainment,Washington D.C.,United States,49,46-55,26.5,8.833333333333334,3,0.9906887754792287,0.18817816390553138,1679999.9280000073,316139.3018124663,5,,0.0,-2.75
33,1,Chandler Kinney,Brandon Armstrong,Actor/Actress,Entertainment,California,United States,24,≤25,23.0,7.666666666666667,3,0.9998206334090144,0.08408607780626262,960000.0,80722.63469401211,3,,1.0,1.0
33,1,Dwight Howard,Daniella Karagach,Athlete,Sports,Georgia,United States,38,36-45,22.0,7.333333333333333,3,0.9998214624903655,0.08224817718131434,960000.0,78958.25009406178,6,7.0,0.9166666666666666,1.0
33,1,Joey Graziadei,Jenna Johnson,TV Personality,Media,Louisiana,United States,29,26-35,21.0,7.0,3,0.9998030435523328,0.08043161510684113,960000.0,77214.35050256748,1,,0.75,1.0
33,1,Stephen Nedoroscik,Rylee Arnold,Athlete,Sports,Florida,United States,26,26-35,21.0,7.0,3,0.999816736242741,0.08043161343327339,960000.0,77214.34889594246,4,,0.75,1.0
33,1,Danny Amendola,Witney Carson,Athlete,Sports,Texas,United States,39,36-45,20.0,6.666666666666667,3,0.999810048380235,0.07863704562100556,960000.0,75491.56379616533,5,,0.6666666666666666,1.0
33,1,Jenn Tran,Sasha Farber,TV Personality,Media,Florida,United States,26,26-35,19.0,6.333333333333333,3,0.9996491438541066,0.07686507121142609,960000.0,73790.46836296906,7,6.0,0.5,1.0
33,1,Phaedra Parks,Val Chmerkovskiy,TV Personality,Media,Georgia,United States,51,46-55,19.0,6.333333333333333,3,0.9997087946184614,0.07686507121142609,960000.0,73790.46836296906,8,5.0,0.5,1.0
33,1,Anna Delvey,Ezra Sosa,Con artist,Other,Unknown,Russia,33,26-35,18.0,6.0,3,0.9992454685237975,0.07511614882222047,960000.0,72111.50286933164,12,2.0,0.25,1.0
33,1,Brooks Nader,Gleb Savchenko,Model,Model,New York,United States,27,26-35,18.0,6.0,3,0.9997841130480694,0.07511614882222047,960000.0,72111.50286933164,9,4.0,0.25,1.0
33,1,Ilona Maher,Alan Bersten,Athlete,Sports,California,United States,28,26-35,18.0,6.0,3,0.999177257416124,0.07511614882222047,960000.0,72111.50286933164,2,,0.25,1.0
33,1,Tori Spelling,Pasha Pashkov,Actor/Actress,Entertainment,California,United States,51,46-55,17.0,5.666666666666667,3,0.9988303391868425,0.07339052399114297,960000.0,70454.90303149725,12,2.0,0.16666666666666666,1.0
33,1,Reginald VelJohnson,Emma Slater,Actor/Actress,Entertainment,New York,United States,74,>55,16.0,5.333333333333333,3,0.9984850736573427,0.07168809012765255,960000.0,68820.56652254645,10,3.0,0.08333333333333333,1.0
33,1,Eric Roberts,Britt Stewart,Actor/Actress,Entertainment,California,United States,68,>55,15.0,5.0,3,0.9978210649645195,0.07000826784299372,960000.0,67207.93712927397,10,3.0,0.0,1.0
33,2,Anna Delvey,Ezra Sosa,Con artist,Other,Unknown,Russia,33,26-35,17.0,5.666666666666667,3,0.00883330305896969,0.10224399754050979,1049999.9887500014,107356.19626729045,12,2.0,0.16666666666666666,-1.0
33,2,Jenn Tran,Sasha Farber,TV Personality,Media,Florida,United States,26,26-35,19.0,6.333333333333333,3,0.9970889902318038,0.09148147205006274,1049999.9887500014,96055.54462339944,7,6.0,0.25,0.0
33,2,Brooks Nader,Gleb Savchenko,Model,Model,New York,United States,27,26-35,20.0,6.666666666666667,3,0.9997740990670915,0.08690739867626326,1049999.9887500014,91252.76763236831,9,4.0,0.4166666666666667,2.0
33,2,Danny Amendola,Witney Carson,Athlete,Sports,Texas,United States,39,36-45,21.0,7.0,3,0.999574123266019,0.08276895131731966,1049999.9887500014,86907.39795203505,5,,0.5,1.0
33,2,Ilona Maher,Alan Bersten,Athlete,Sports,California,United States,28,26-35,21.0,7.0,3,0.9995769352523666,0.08276895131731966,1049999.9887500014,86907.39795203505,2,,0.5,3.0
33,2,Phaedra Parks,Val Chmerkovskiy,TV Personality,Media,Georgia,United States,51,46-55,21.0,7.0,3,0.9995573052120342,0.08276895131731966,1049999.9887500014,86907.39795203505,8,5.0,0.5,2.0
33,2,Dwight Howard,Daniella Karagach,Athlete,Sports,Georgia,United States,38,36-45,22.0,7.333333333333333,3,0.9996326044738961,0.07900672642845172,1049999.9887500014,82957.06186104874,6,7.0,0.75,0.0
33,2,Joey Graziadei,Jenna Johnson,TV Personality,Media,Louisiana,United States,29,26-35,22.0,7.333333333333333,3,0.999630904934572,0.07900672642845172,1049999.9887500014,82957.06186104874,1,,0.75,1.0
33,2,Stephen Nedoroscik,Rylee Arnold,Athlete,Sports,Florida,United States,26,26-35,22.0,7.333333333333333,3,0.9996565608339466,0.07900672642845172,1049999.9887500014,82957.06186104874,4,,0.75,1.0
33,2,Chandler Kinney,Brandon Armstrong,Actor/Actress,Entertainment,California,United States,24,≤25,24.0,8.0,3,0.9997759389439485,0.07242283283374297,1049999.9887500014,76043.97366067335,3,,1.0,1.0
33,2,Eric Roberts,Britt Stewart,Actor/Actress,Entertainment,California,United States,68,>55,15.0,5.0,3,0.995824543185278,0.05793826481853782,1049999.9887500014,60835.177407659314,10,3.0,0.0,0.0
33,2,Reginald VelJohnson,Emma Slater,Actor/Actress,Entertainment,New York,United States,74,>55,15.0,5.0,3,0.9984143856618514,0.05793826481853782,1049999.9887500014,60835.177407659314,10,3.0,0.0,-1.0
33,2,Tori Spelling,Pasha Pashkov,Actor/Actress,Entertainment,California,United States,51,46-55,19.0,6.333333333333333,3,0.01950910196839847,0.04574073602503137,1049999.9887500014,48027.77231169972,12,2.0,0.25,2.0
33,3,Dwight Howard,Daniella Karagach,Athlete,Sports,Georgia,United States,38,36-45,26.0,6.5,4,0.9969720068038207,0.11743873044464496,1139999.9775000028,133880.15006452415,6,7.0,0.2,2.0
33,3,Ilona Maher,Alan Bersten,Athlete,Sports,California,United States,28,26-35,28.0,7.0,4,0.9994792949338067,0.10905024999818748,1139999.9775000028,124317.28254430341,2,,0.3,5.0
33,3,Phaedra Parks,Val Chmerkovskiy,TV Personality,Media,Georgia,United States,51,46-55,28.0,7.0,4,0.99942729775464,0.10905024999818748,1139999.9775000028,124317.28254430341,8,5.0,0.3,4.5
33,3,Danny Amendola,Witney Carson,Athlete,Sports,Texas,United States,39,36-45,30.0,7.5,4,0.9997018575073763,0.10178023357397552,1139999.9775000028,116029.46398427713,5,,0.5,5.0
33,3,Brooks Nader,Gleb Savchenko,Model,Model,New York,United States,27,26-35,30.5,7.625,4,0.9998010771357742,0.10011170520943587,1139999.9775000028,114127.3416862438,9,4.0,0.6,6.25
33,3,Stephen Nedoroscik,Rylee Arnold,Athlete,Sports,Florida,United States,26,26-35,31.0,7.75,4,0.9997123534843503,0.09849700033879027,1139999.9775000028,112286.57817003869,4,,0.7,5.0
33,3,Chandler Kinney,Brandon Armstrong,Actor/Actress,Entertainment,California,United States,24,≤25,34.5,8.625,4,0.9997479004537447,0.08850455131869416,1139999.9775000028,100895.18651195918,3,,0.9,5.75
33,3,Joey Graziadei,Jenna Johnson,TV Personality,Media,Louisiana,United States,29,26-35,35.0,8.75,4,0.9996344794290546,0.08724020062169427,1139999.9775000028,99453.8267458272,1,,1.0,7.0
33,3,Reginald VelJohnson,Emma Slater,Actor/Actress,Entertainment,New York,United States,74,>55,21.0,5.25,4,0.0016963932459474096,0.07270016579998019,1139999.9775000028,82878.1873762239,10,3.0,0.0,2.5
33,3,Eric Roberts,Britt Stewart,Actor/Actress,Entertainment,California,United States,68,>55,23.0,5.75,4,0.0047049576418694726,0.06637841252701467,1139999.9775000028,75671.38878728263,10,3.0,0.1,4.0
33,3,Jenn Tran,Sasha Farber,TV Personality,Media,Florida,United States,26,26-35,31.0,7.75,4,0.9996371695390003,0.04924850016939514,1139999.9775000028,56143.28908501934,7,6.0,0.7,6.0
33,4,Brooks Nader,Gleb Savchenko,Model,Model,New York,United States,27,26-35,32.0,8.0,4,0.009456215806794729,0.13700133603323097,1229999.9662500042,168511.6386970796,9,4.0,0.125,6.0
33,4,Chandler Kinney,Brandon Armstrong,Actor/Actress,Entertainment,California,United States,24,≤25,32.0,8.0,4,0.9987285706042048,0.13700133603323097,1229999.9662500042,168511.6386970796,3,,0.125,4.0
33,4,Jenn Tran,Sasha Farber,TV Personality,Media,Florida,United States,26,26-35,32.0,8.0,4,0.9986585702409121,0.13700133603323097,1229999.9662500042,168511.6386970796,7,6.0,0.125,6.5
33,4,Stephen Nedoroscik,Rylee Arnold,Athlete,Sports,Florida,United States,26,26-35,33.0,8.25,4,0.999729660802982,0.13284978052166505,1229999.9662500042,163405.2255579685,4,,0.75,5.5
33,4,Danny Amendola,Witney Carson,Athlete,Sports,Texas,United States,39,36-45,36.0,9.0,4,0.9996366361867481,0.12177896578571559,1229999.9662500042,149788.1238063906,5,,0.875,7.5
33,4,Joey Graziadei,Jenna Johnson,TV Personality,Media,Louisiana,United States,29,26-35,36.0,9.0,4,0.9995641590792056,0.12177896578571559,1229999.9662500042,149788.1238063906,1,,0.875,7.0
33,4,Dwight Howard,Daniella Karagach,Athlete,Sports,Georgia,United States,38,36-45,29.0,7.25,4,0.9936280536604489,0.07558694377397998,1229999.9662500042,92971.93829093635,6,7.0,0.0,3.5
33,4,Ilona Maher,Alan Bersten,Athlete,Sports,California,United States,28,26-35,32.0,8.0,4,0.9985272544463186,0.06850066801661549,1229999.9662500042,84255.8193485398,2,,0.125,5.5
33,4,Phaedra Parks,Val Chmerkovskiy,TV Personality,Media,Georgia,United States,51,46-55,32.0,8.0,4,0.9975129434499461,0.06850066801661549,1229999.9662500042,84255.8193485398,8,5.0,0.125,5.5
33,5,Stephen Nedoroscik,Rylee Arnold,Athlete,Sports,Florida,United States,26,26-35,24.0,8.0,3,0.9969629391783276,0.19080966962985535,1319999.9550000057,251868.755324975,4,,0.0,-3.5
33,5,Danny Amendola,Witney Carson,Athlete,Sports,Texas,United States,39,36-45,25.5,8.5,3,0.9993737150864342,0.17958557185649515,1319999.9550000057,237052.9467692239,5,,0.42857142857142855,-2.25
33,5,Joey Graziadei,Jenna Johnson,TV Personality,Media,Louisiana,United States,29,26-35,26.0,8.666666666666666,3,0.9994039861231946,0.17613200329977674,1319999.9550000057,232494.23642976614,1,,0.7142857142857143,-4.5
33,5,Dwight Howard,Daniella Karagach,Athlete,Sports,Georgia,United States,38,36-45,24.0,8.0,3,0.996958897638348,0.09540483481492767,1319999.9550000057,125934.3776624875,6,7.0,0.0,-1.0
33,5,Phaedra Parks,Val Chmerkovskiy,TV Personality,Media,Georgia,United States,51,46-55,24.0,8.0,3,0.008975788794184186,0.09540483481492767,1319999.9550000057,125934.3776624875,8,5.0,0.0,-2.0
33,5,Jenn Tran,Sasha Farber,TV Personality,Media,Florida,United States,26,26-35,25.5,8.5,3,0.9992049872711755,0.08979278592824758,1319999.9550000057,118526.47338461195,7,6.0,0.42857142857142855,-2.75
33,5,Ilona Maher,Alan Bersten,Athlete,Sports,California,United States,28,26-35,26.0,8.666666666666666,3,0.9995438993668228,0.08806600164988837,1319999.9550000057,116247.11821488307,2,,0.7142857142857143,-1.0
33,5,Chandler Kinney,Brandon Armstrong,Actor/Actress,Entertainment,California,United States,24,≤25,27.0,9.0,3,0.9993843587948766,0.08480429800588153,1319999.9550000057,111941.6695515707,3,,1.0,-3.75
33,6,Ilona Maher,Alan Bersten,Athlete,Sports,California,United States,28,26-35,24.0,8.0,3,0.9973302654985258,0.20214252305508726,1409999.943750007,285020.94613715756,2,,0.0,-4.0
33,6,Danny Amendola,Witney Carson,Athlete,Sports,Texas,United States,39,36-45,28.0,9.333333333333334,3,0.998086702534115,0.17326502079284276,1409999.943750007,244303.66957175208,5,,0.16666666666666666,-4.0
33,6,Jenn Tran,Sasha Farber,TV Personality,Media,Florida,United States,26,26-35,31.0,10.333333333333334,3,0.03678942071442354,0.1564974386763606,1409999.943750007,220661.3797306886,7,6.0,0.5,-0.5
33,6,Chandler Kinney,Brandon Armstrong,Actor/Actress,Entertainment,California,United States,24,≤25,32.0,10.666666666666666,3,0.9994175634626428,0.1516068938705539,1409999.943750007,213765.71182959428,3,,0.8333333333333334,0.0
33,6,Joey Graziadei,Jenna Johnson,TV Personality,Media,Louisiana,United States,29,26-35,32.0,10.666666666666666,3,0.9990971526651282,0.1516068938705539,1409999.943750007,213765.71182959428,1,,0.8333333333333334,-2.0
33,6,Stephen Nedoroscik,Rylee Arnold,Athlete,Sports,Florida,United States,26,26-35,28.0,9.333333333333334,3,0.9980253789303338,0.08663251039642138,1409999.943750007,122151.83478587604,4,,0.16666666666666666,-2.5
33,6,Dwight Howard,Daniella Karagach,Athlete,Sports,Georgia,United States,38,36-45,31.0,10.333333333333334,3,0.9990937502723997,0.0782487193381803,1409999.943750007,110330.6898653443,6,7.0,0.5,1.0
33,7,Dwight Howard,Daniella Karagach,Athlete,Sports,Georgia,United States,38,36-45,24.0,8.0,3,0.0077632084869272144,0.24695635979653538,1499999.9325000085,370434.5230252509,6,7.0,0.0,0.0
33,7,Joey Graziadei,Jenna Johnson,TV Personality,Media,Louisiana,United States,29,26-35,27.5,9.166666666666666,3,0.9995794474916583,0.2155255515108239,1499999.9325000085,323288.31271826295,1,,0.8,0.75
33,7,Chandler Kinney,Brandon Armstrong,Actor/Actress,Entertainment,California,United States,24,≤25,30.0,10.0,3,0.9995212086071983,0.19756508948360396,1499999.9325000085,296347.6208897641,3,,1.0,1.5
33,7,Danny Amendola,Witney Carson,Athlete,Sports,Texas,United States,39,36-45,25.5,8.5,3,0.9985852712161613,0.11621475783615084,1499999.9325000085,174322.1289097311,5,,0.2,0.0
33,7,Ilona Maher,Alan Bersten,Athlete,Sports,California,United States,28,26-35,26.0,8.666666666666666,3,0.9932050895696057,0.11397985873295177,1499999.9325000085,170969.78040578816,2,,0.4,0.0
33,7,Stephen Nedoroscik,Rylee Arnold,Athlete,Sports,Florida,United States,26,26-35,27.0,9.0,3,0.999295009422659,0.10975838263993415,1499999.9325000085,164637.56655121132,4,,0.6,1.5
33,8,Chandler Kinney,Brandon Armstrong,Actor/Actress,Entertainment,California,United States,24,≤25,29.0,9.666666666666666,3,0.9991678707462242,0.20475433153206973,1589999.92125001,325559.3710115893,3,,0.75,-1.5
33,8,Joey Graziadei,Jenna Johnson,TV Personality,Media,Louisiana,United States,29,26-35,29.0,9.666666666666666,3,0.9992778355567465,0.20475433153206973,1589999.92125001,325559.3710115893,1,,0.75,-1.5
33,8,Ilona Maher,Alan Bersten,Athlete,Sports,California,United States,28,26-35,28.5,9.5,3,0.9992442764528887,0.20236840511179144,1589999.92125001,321765.7481912385,2,,0.5,2.25
33,8,Danny Amendola,Witney Carson,Athlete,Sports,Texas,United States,39,36-45,27.0,9.0,3,0.9938686826764527,0.1952437159462776,1589999.92125001,310437.49297914066,5,,0.25,-0.5
33,8,Stephen Nedoroscik,Rylee Arnold,Athlete,Sports,Florida,United States,26,26-35,26.5,8.833333333333334,3,0.9962316263789867,0.19287921587779147,1589999.92125001,306677.9380564521,4,,0.0,-0.75
33,9,Chandler Kinney,Brandon Armstrong,Actor/Actress,Entertainment,California,United States,24,≤25,30.0,10.0,3,0.9995026882768165,0.2041232556280871,1679999.9100000113,342927.05108409567,3,,1.0,0.0
33,9,Joey Graziadei,Jenna Johnson,TV Personality,Media,Louisiana,United States,29,26-35,29.5,9.833333333333334,3,0.9993460816192489,0.20182752631310744,1679999.9100000113,339070.2260415454,1,,0.5,1.0
33,9,Stephen Nedoroscik,Rylee Arnold,Athlete,Sports,Florida,United States,26,26-35,29.5,9.833333333333334,3,0.999251344388404,0.20182752569878137,1679999.9100000113,339070.2250094777,4,,0.5,1.25
33,9,Ilona Maher,Alan Bersten,Athlete,Sports,California,United States,28,26-35,28.5,9.5,3,0.7499971700017145,0.19725127465293427,1679999.9100000113,331382.12366431707,2,,0.25,1.25
33,9,Danny Amendola,Witney Carson,Athlete,Sports,Texas,United States,39,36-45,28.0,9.333333333333334,3,0.3484051658133898,0.19497041770708978,1679999.9100000113,327550.28420057544,5,,0.0,1.25
34,1,Whitney Leavitt,Mark Ballas,TV Personality,Media,Utah,United States,32,26-35,15.0,7.5,2,0.9998206334090144,0.07994333265196243,960000.0,76745.59934588394,6,10.0,0.9230769230769231,1.0
34,1,Robert Irwin,Witney Carson (Xoshitl Gomez week 9),Conservationist,Other,Unknown,Australia,22,≤25,15.0,7.5,2,0.9998579053580479,0.0799433233224509,960000.0,76745.59038955286,1,,0.9230769230769231,1.0
34,1,Hilaria Baldwin,Gleb Savchenko,Entrepreneur,Other,New York,United States,41,36-45,14.0,7.0,2,0.9997678670137086,0.07725823682965581,960000.0,74167.90735646957,11,4.0,0.8461538461538461,1.0
34,1,Alix Earle,Val Chmerkovskiy (Joey Graziadei week 9),Social Media Personality,Media,Florida,United States,24,≤25,13.0,6.5,2,0.9998416322755678,0.074627843443566,960000.0,71642.72970582337,2,,0.6923076923076923,1.0
34,1,Lauren Jauregui,Brandon Armstrong,Singer/Rapper,Entertainment,Florida,United States,29,26-35,13.0,6.5,2,0.999808753002058,0.07462784302818498,960000.0,71642.72930705758,12,3.0,0.6923076923076923,1.0
34,1,Jen Affleck,Jan Ravnik,TV Personality,Media,Utah,United States,26,26-35,12.0,6.0,2,0.9997371093249939,0.07205010463869704,960000.0,69168.10045314916,9,7.0,0.46153846153846156,1.0
34,1,Danielle Fishel,Pasha Pashkov,Actor/Actress,Entertainment,California,United States,44,36-45,12.0,6.0,2,0.999684726909333,0.07205010139397053,960000.0,69168.09733821171,8,8.0,0.46153846153846156,1.0
34,1,Elaine Hendrix,Alan Bersten (Rashad Jennings week 9),Actor/Actress,Entertainment,Georgia,United States,55,46-55,12.0,6.0,2,0.99971273238832,0.0720501009785895,960000.0,69168.09693944592,5,,0.46153846153846156,1.0
34,1,Jordan Chiles,Ezra Sosa (Apolo Anton Ohno week 9),Athlete,Sports,Texas,United States,24,≤25,10.0,5.0,2,0.9995523122361255,0.06704806494281916,960000.0,64366.1423451064,3,,0.15384615384615385,1.0
34,1,Scott Hoying,Rylee Arnold,Singer/Rapper,Entertainment,California,United States,34,26-35,10.0,5.0,2,0.9994801078987419,0.06704806494281916,960000.0,64366.1423451064,10,6.0,0.15384615384615385,1.0
34,1,Baron Davis,Britt Stewart,Athlete,Sports,California,United States,46,46-55,10.0,5.0,2,0.9989871793821298,0.06704806169809266,960000.0,64366.139230168956,13,2.0,0.15384615384615385,1.0
34,1,Dylan Efron,Daniella Karagach (Rumer Willis week 9),TV Personality,Media,California,United States,33,26-35,10.0,5.0,2,0.9995357567172035,0.06704806169809266,960000.0,64366.139230168956,4,,0.15384615384615385,1.0
34,1,Andy Richter,Emma Slater/Kaitlyn Bristowe (week 9),Comedian,Entertainment,California,United States,59,>55,9.0,4.5,2,0.998610411791054,0.06462843021554962,960000.0,62043.29300692763,7,9.0,0.0,1.0
34,1,Corey Feldman,Jenna Johnson,Actor/Actress,Entertainment,California,United States,54,46-55,9.0,4.5,2,0.9929988695866258,0.06462843021554962,960000.0,62043.29300692763,13,2.0,0.0,1.0
34,2,Baron Davis,Britt Stewart,Athlete,Sports,California,United States,46,46-55,18.0,6.0,3,0.011286486589560973,0.0853885854967025,1031999.9928000007,88121.01961779923,13,2.0,0.15384615384615385,8.0
34,2,Scott Hoying,Rylee Arnold,Singer/Rapper,Entertainment,California,United States,34,26-35,18.0,6.0,3,0.9951994175289468,0.0853885854967025,1031999.9928000007,88121.01961779923,10,6.0,0.15384615384615385,8.0
34,2,Danielle Fishel,Pasha Pashkov,Actor/Actress,Entertainment,California,United States,44,36-45,19.0,6.333333333333333,3,0.9984461481449095,0.08089444965446214,1031999.9928000007,83483.07146096496,8,8.0,0.3076923076923077,7.0
34,2,Dylan Efron,Daniella Karagach (Rumer Willis week 9),TV Personality,Media,California,United States,33,26-35,20.0,6.666666666666667,3,0.9997320460847582,0.07684972737397515,1031999.9928000007,79308.91809662437,4,,0.38461538461538464,10.0
34,2,Alix Earle,Val Chmerkovskiy (Joey Graziadei week 9),Social Media Personality,Media,Florida,United States,24,≤25,21.0,7.0,3,0.9997741603507342,0.07319021672090542,1031999.9928000007,75532.30312900488,2,,0.46153846153846156,8.0
34,2,Elaine Hendrix,Alan Bersten (Rashad Jennings week 9),Actor/Actress,Entertainment,Georgia,United States,55,46-55,21.0,7.0,3,0.9997325354513474,0.07319021672090542,1031999.9928000007,75532.30312900488,5,,0.46153846153846156,9.0
34,2,Hilaria Baldwin,Gleb Savchenko,Entrepreneur,Other,New York,United States,41,36-45,21.0,7.0,3,0.9996474014236911,0.07319021672090542,1031999.9928000007,75532.30312900488,11,4.0,0.46153846153846156,7.0
34,2,Lauren Jauregui,Brandon Armstrong,Singer/Rapper,Entertainment,Florida,United States,29,26-35,21.0,7.0,3,0.9997272730009514,0.07319021672090542,1031999.9928000007,75532.30312900488,12,3.0,0.46153846153846156,8.0
34,2,Jen Affleck,Jan Ravnik,TV Personality,Media,Utah,United States,26,26-35,22.0,7.333333333333333,3,0.9998415060497762,0.06986338883935644,1031999.9928000007,72099.0167791995,9,7.0,0.7692307692307693,10.0
34,2,Jordan Chiles,Ezra Sosa (Apolo Anton Ohno week 9),Athlete,Sports,Texas,United States,24,≤25,22.0,7.333333333333333,3,0.9998024881764499,0.06986338883935644,1031999.9928000007,72099.0167791995,3,,0.7692307692307693,12.0
34,2,Robert Irwin,Witney Carson (Xoshitl Gomez week 9),Conservationist,Other,Unknown,Australia,22,≤25,22.0,7.333333333333333,3,0.9998579053580479,0.06986338883935644,1031999.9928000007,72099.0167791995,1,,0.7692307692307693,7.0
34,2,Whitney Leavitt,Mark Ballas,TV Personality,Media,Utah,United States,32,26-35,22.0,7.333333333333333,3,0.9998263541679595,0.06986338883935644,1031999.9928000007,72099.0167791995,6,10.0,0.7692307692307693,7.0
34,2,Corey Feldman,Jenna Johnson,Actor/Actress,Entertainment,California,United States,54,46-55,15.0,5.0,3,0.006509720365067847,0.051233150728764304,1031999.9928000007,52872.611183206114,13,2.0,0.0,6.0
34,2,Andy Richter,Emma Slater/Kaitlyn Bristowe (week 9),Comedian,Entertainment,California,United States,59,>55,16.0,5.333333333333333,3,0.9987821212002304,0.048031079008346016,1031999.9928000007,49568.07319078935,7,9.0,0.07692307692307693,7.0
34,3,Lauren Jauregui,Brandon Armstrong,Singer/Rapper,Entertainment,Florida,United States,29,26-35,18.0,6.0,3,0.007857263693345039,0.11830888758816933,1103999.9856000014,130613.01019369114,12,3.0,0.0,2.5
34,3,Jen Affleck,Jan Ravnik,TV Personality,Media,Utah,United States,26,26-35,19.0,6.333333333333333,3,0.9979369133575604,0.1120821043586227,1103999.9856000014,123738.64159793731,9,7.0,0.18181818181818182,3.5
34,3,Elaine Hendrix,Alan Bersten (Rashad Jennings week 9),Actor/Actress,Entertainment,Georgia,United States,55,46-55,21.0,7.0,3,0.9997480679347027,0.1014076187375389,1103999.9856000014,111954.00962597337,5,,0.2727272727272727,4.5
34,3,Hilaria Baldwin,Gleb Savchenko,Entrepreneur,Other,New York,United States,41,36-45,22.0,7.333333333333333,3,0.9995722845444347,0.09679818173171609,1103999.9856000014,106865.19123792088,11,4.0,0.45454545454545453,4.0
34,3,Robert Irwin,Witney Carson (Xoshitl Gomez week 9),Conservationist,Other,Unknown,Australia,22,≤25,22.0,7.333333333333333,3,0.9997390071643576,0.09679818173171609,1103999.9856000014,106865.19123792088,1,,0.45454545454545453,3.5
34,3,Alix Earle,Val Chmerkovskiy (Joey Graziadei week 9),Social Media Personality,Media,Florida,United States,24,≤25,23.0,7.666666666666667,3,0.9998421061323953,0.09258956531766828,1103999.9856000014,102218.87877741618,2,,0.7272727272727273,5.0
34,3,Jordan Chiles,Ezra Sosa (Apolo Anton Ohno week 9),Athlete,Sports,Texas,United States,24,≤25,24.0,8.0,3,0.9998024939142012,0.08873166692351118,1103999.9856000014,97959.75900582047,3,,0.9090909090909091,7.0
34,3,Whitney Leavitt,Mark Ballas,TV Personality,Media,Utah,United States,32,26-35,24.0,8.0,3,0.9998093252191866,0.08873166692351118,1103999.9856000014,97959.75900582047,6,10.0,0.9090909090909091,4.5
34,3,Andy Richter,Emma Slater/Kaitlyn Bristowe (week 9),Comedian,Entertainment,California,United States,59,>55,18.0,6.0,3,0.9959602486963314,0.05915444379408467,1103999.9856000014,65306.50509684557,7,9.0,0.0,4.5
34,3,Danielle Fishel,Pasha Pashkov,Actor/Actress,Entertainment,California,United States,44,36-45,21.0,7.0,3,0.999697356921093,0.05070380936876945,1103999.9856000014,55977.004812986685,8,8.0,0.2727272727272727,4.5
34,3,Scott Hoying,Rylee Arnold,Singer/Rapper,Entertainment,California,United States,34,26-35,22.0,7.333333333333333,3,0.9997368744720112,0.048399090865858044,1103999.9856000014,53432.59561896044,10,6.0,0.45454545454545453,6.0
34,3,Dylan Efron,Daniella Karagach (Rumer Willis week 9),TV Personality,Media,California,United States,33,26-35,23.0,7.666666666666667,3,0.9998344959299135,0.04629478265883414,1103999.9856000014,51109.43938870809,4,,0.7272727272727273,6.5
34,4,Danielle Fishel,Pasha Pashkov,Actor/Actress,Entertainment,California,United States,44,36-45,21.0,7.0,3,0.9985652405525308,0.10769493778973027,1175999.9784000022,126649.24451451238,8,8.0,0.1,1.0
34,4,Scott Hoying,Rylee Arnold,Singer/Rapper,Entertainment,California,United States,34,26-35,21.0,7.0,3,0.9990578594626381,0.10769493778973027,1175999.9784000022,126649.24451451238,10,6.0,0.1,1.5
34,4,Robert Irwin,Witney Carson (Xoshitl Gomez week 9),Conservationist,Other,Unknown,Australia,22,≤25,22.0,7.333333333333333,3,0.9984957870242104,0.10279971356725272,1175999.9784000022,120892.4609346156,1,,0.3,0.0
34,4,Dylan Efron,Daniella Karagach (Rumer Willis week 9),TV Personality,Media,California,United States,33,26-35,23.0,7.666666666666667,3,0.9994653027641216,0.0983301609977875,1175999.9784000022,115636.26720946685,4,,0.4,1.5
34,4,Hilaria Baldwin,Gleb Savchenko,Entrepreneur,Other,New York,United States,41,36-45,23.0,7.666666666666667,3,0.013063228706655734,0.0983301609977875,1175999.9784000022,115636.26720946685,11,4.0,0.4,1.0
34,4,Alix Earle,Val Chmerkovskiy (Joey Graziadei week 9),Social Media Personality,Media,Florida,United States,24,≤25,24.0,8.0,3,0.9997810064167831,0.0942330711269251,1175999.9784000022,110818.08960982978,2,,0.7,1.5
34,4,Elaine Hendrix,Alan Bersten (Rashad Jennings week 9),Actor/Actress,Entertainment,Georgia,United States,55,46-55,24.0,8.0,3,0.9997459879881772,0.0942330711269251,1175999.9784000022,110818.08960982978,5,,0.7,1.5
34,4,Jordan Chiles,Ezra Sosa (Apolo Anton Ohno week 9),Athlete,Sports,Texas,United States,24,≤25,24.0,8.0,3,0.9997887948378827,0.0942330711269251,1175999.9784000022,110818.08960982978,3,,0.7,1.0
34,4,Whitney Leavitt,Mark Ballas,TV Personality,Media,Utah,United States,32,26-35,25.0,8.333333333333334,3,0.9996550818155941,0.090463748432621,1175999.9784000022,106385.36620274554,6,10.0,1.0,1.5
34,4,Andy Richter,Emma Slater/Kaitlyn Bristowe (week 9),Comedian,Entertainment,California,United States,59,>55,18.0,6.0,3,0.9982840588601078,0.06282204654542167,1175999.9784000022,73878.72538045981,7,9.0,0.0,1.0
34,4,Jen Affleck,Jan Ravnik,TV Personality,Media,Utah,United States,26,26-35,23.0,7.666666666666667,3,0.9994448252787314,0.04916508049889375,1175999.9784000022,57818.133604733426,9,7.0,0.4,0.5
34,5,Dylan Efron,Daniella Karagach (Rumer Willis week 9),TV Personality,Media,California,United States,33,26-35,36.0,9.0,4,0.9996488090760969,0.10755910297485019,1247999.971200003,134233.7574149112,4,,1.0,6.5
34,5,Alix Earle,Val Chmerkovskiy (Joey Graziadei week 9),Social Media Personality,Media,Florida,United States,24,≤25,35.0,8.75,4,0.9997415063620579,0.10591825711288118,1247999.971200003,132185.98182643022,2,,0.7777777777777778,6.0
34,5,Robert Irwin,Witney Carson (Xoshitl Gomez week 9),Conservationist,Other,Unknown,Australia,22,≤25,35.0,8.75,4,0.9996373206711646,0.10591825711288118,1247999.971200003,132185.98182643022,1,,0.7777777777777778,6.5
34,5,Whitney Leavitt,Mark Ballas,TV Personality,Media,Utah,United States,32,26-35,33.0,8.25,4,0.9997433415968385,0.10266381322435747,1247999.971200003,128124.43594728061,6,10.0,0.6666666666666666,4.5
34,5,Jordan Chiles,Ezra Sosa (Apolo Anton Ohno week 9),Athlete,Sports,Texas,United States,24,≤25,32.0,8.0,4,0.9997213843611865,0.1010511089907585,1247999.971200003,126111.78111019498,3,,0.5555555555555556,4.0
34,5,Elaine Hendrix,Alan Bersten (Rashad Jennings week 9),Actor/Actress,Entertainment,Georgia,United States,55,46-55,30.0,7.5,4,0.998643071239413,0.09785789096316774,1247999.971200003,122126.64510372638,5,,0.3333333333333333,4.5
34,5,Scott Hoying,Rylee Arnold,Singer/Rapper,Entertainment,California,United States,34,26-35,30.0,7.5,4,0.999020310808716,0.09785789096316774,1247999.971200003,122126.64510372638,10,6.0,0.3333333333333333,4.0
34,5,Danielle Fishel,Pasha Pashkov,Actor/Actress,Entertainment,California,United States,44,36-45,29.0,7.25,4,0.9980486738145645,0.0962790875293295,1247999.971200003,120156.29846376578,8,8.0,0.1111111111111111,4.0
34,5,Jen Affleck,Jan Ravnik,TV Personality,Media,Utah,United States,26,26-35,29.0,7.25,4,0.999085898210343,0.0962790875293295,1247999.971200003,120156.29846376578,9,7.0,0.1111111111111111,5.0
34,5,Andy Richter,Emma Slater/Kaitlyn Bristowe (week 9),Comedian,Entertainment,California,United States,59,>55,24.0,6.0,4,0.9971508800821121,0.0886155035992771,1247999.971200003,110592.14593977158,7,9.0,0.0,3.0
34,6,Scott Hoying,Rylee Arnold,Singer/Rapper,Entertainment,California,United States,34,26-35,28.0,7.0,4,0.008355545302989936,0.1426256728074744,1319999.9640000034,188265.88297134248,10,6.0,0.1111111111111111,3.5
34,6,Dylan Efron,Daniella Karagach (Rumer Willis week 9),TV Personality,Media,California,United States,33,26-35,32.0,8.0,4,0.9981278255846161,0.12479746426367162,1319999.9640000034,164732.64833533825,4,,0.2222222222222222,4.5
34,6,Alix Earle,Val Chmerkovskiy (Joey Graziadei week 9),Social Media Personality,Media,Florida,United States,24,≤25,35.0,8.75,4,0.9993291773026267,0.11410053906098336,1319999.9640000034,150612.70745287903,2,,0.4444444444444444,5.5
34,6,Elaine Hendrix,Alan Bersten (Rashad Jennings week 9),Actor/Actress,Entertainment,Georgia,United States,55,46-55,36.0,9.0,4,0.9993785359244852,0.11093107973066324,1319999.9640000034,146429.02125095698,5,,0.5555555555555556,6.0
34,6,Robert Irwin,Witney Carson (Xoshitl Gomez week 9),Conservationist,Other,Unknown,Australia,22,≤25,36.0,9.0,4,0.9990985790955503,0.11093107973066324,1319999.9640000034,146429.02125095698,1,,0.5555555555555556,7.0
34,6,Jordan Chiles,Ezra Sosa (Apolo Anton Ohno week 9),Athlete,Sports,Texas,United States,24,≤25,39.0,9.75,4,0.999401772665436,0.10239791997018043,1319999.9640000034,135165.2506743134,3,,0.8888888888888888,7.5
34,6,Whitney Leavitt,Mark Ballas,TV Personality,Media,Utah,United States,32,26-35,39.0,9.75,4,0.9994838274278565,0.10239791997018043,1319999.9640000034,135165.2506743134,6,10.0,0.8888888888888888,7.0
34,6,Andy Richter,Emma Slater/Kaitlyn Bristowe (week 9),Comedian,Entertainment,California,United States,59,>55,27.0,6.75,4,0.9979576699226878,0.07395405246901576,1319999.9640000034,97619.34659675517,7,9.0,0.0,4.5
34,6,Jen Affleck,Jan Ravnik,TV Personality,Media,Utah,United States,26,26-35,32.0,8.0,4,0.9981002620491559,0.06239873213183581,1319999.9640000034,82366.32416766913,9,7.0,0.2222222222222222,4.5
34,6,Danielle Fishel,Pasha Pashkov,Actor/Actress,Entertainment,California,United States,44,36-45,36.0,9.0,4,0.9993151071759452,0.05546553986533162,1319999.9640000034,73214.51062547849,8,8.0,0.5555555555555556,7.5
34,7,Elaine Hendrix,Alan Bersten (Rashad Jennings week 9),Actor/Actress,Entertainment,Georgia,United States,55,46-55,32.0,8.0,4,0.9955237845065863,0.15417027621020954,1391999.9568000042,214605.0178244564,5,,0.125,1.0
34,7,Danielle Fishel,Pasha Pashkov,Actor/Actress,Entertainment,California,United States,44,36-45,35.0,8.75,4,0.9913842991337101,0.14095568148403714,1391999.9568000042,196210.30253649486,8,8.0,0.375,3.0
34,7,Jordan Chiles,Ezra Sosa (Apolo Anton Ohno week 9),Athlete,Sports,Texas,United States,24,≤25,38.0,9.5,4,0.9993033981096564,0.12982760165972052,1391999.9568000042,180720.01590177912,3,,0.5,3.0
34,7,Robert Irwin,Witney Carson (Xoshitl Gomez week 9),Conservationist,Other,Unknown,Australia,22,≤25,41.0,10.25,4,0.9995694840543913,0.12032802128216975,1391999.9568000042,167496.6004266103,1,,0.75,3.0
34,7,Whitney Leavitt,Mark Ballas,TV Personality,Media,Utah,United States,32,26-35,42.0,10.5,4,0.9994391050148185,0.1174630684627122,1391999.9568000042,163508.58622569134,6,10.0,0.875,4.5
34,7,Alix Earle,Val Chmerkovskiy (Joey Graziadei week 9),Social Media Personality,Media,Florida,United States,24,≤25,43.0,10.75,4,0.999495855670291,0.11473136925966539,1391999.9568000042,159706.06105305956,2,,1.0,4.0
34,7,Andy Richter,Emma Slater/Kaitlyn Bristowe (week 9),Comedian,Entertainment,California,United States,59,>55,29.0,7.25,4,0.9979323484253647,0.08505946246169062,1391999.9568000042,118402.76807210493,7,9.0,0.0,2.5
34,7,Jen Affleck,Jan Ravnik,TV Personality,Media,Utah,United States,26,26-35,34.0,8.5,4,0.017923902861360582,0.07255071834993448,1391999.9568000042,100990.59680891808,9,7.0,0.25,2.5
34,7,Dylan Efron,Daniella Karagach (Rumer Willis week 9),TV Personality,Media,California,United States,33,26-35,38.0,9.5,4,0.999271874361901,0.06491380082986026,1391999.9568000042,90360.00795088956,4,,0.5,1.0
34,8,Dylan Efron,Daniella Karagach (Rumer Willis week 9),TV Personality,Media,California,United States,33,26-35,38.0,9.5,4,0.9992131974995104,0.1537893467326105,1463999.949600005,225147.59586555947,4,,0.42857142857142855,3.0
34,8,Robert Irwin,Witney Carson (Xoshitl Gomez week 9),Conservationist,Other,Unknown,Australia,22,≤25,38.0,9.5,4,0.9993512662786092,0.1537893467326105,1463999.949600005,225147.59586555947,1,,0.42857142857142855,1.0
34,8,Alix Earle,Val Chmerkovskiy (Joey Graziadei week 9),Social Media Personality,Media,Florida,United States,24,≤25,38.5,9.625,4,0.9994568844896684,0.15179208254120682,1463999.949600005,222223.6011900066,2,,0.7142857142857143,1.75
34,8,Jordan Chiles,Ezra Sosa (Apolo Anton Ohno week 9),Athlete,Sports,Texas,United States,24,≤25,39.0,9.75,4,0.9995617023057684,0.14984603025083373,1463999.949600005,219374.58073498143,3,,0.8571428571428571,0.0
34,8,Whitney Leavitt,Mark Ballas,TV Personality,Media,Utah,United States,32,26-35,39.5,9.875,4,0.9994970170201385,0.14794924510580507,1463999.949600005,216597.68737825743,6,10.0,1.0,0.25
34,8,Andy Richter,Emma Slater/Kaitlyn Bristowe (week 9),Comedian,Entertainment,California,United States,59,>55,34.0,8.5,4,0.9982518099690699,0.08594110526097551,1463999.949600005,125817.77377063688,7,9.0,0.0,3.5
34,8,Danielle Fishel,Pasha Pashkov,Actor/Actress,Entertainment,California,United States,44,36-45,37.0,9.25,4,0.010128730427838345,0.07897290772544228,1463999.949600005,115616.33292981336,8,8.0,0.14285714285714285,0.5
34,8,Elaine Hendrix,Alan Bersten (Rashad Jennings week 9),Actor/Actress,Entertainment,Georgia,United States,55,46-55,37.5,9.375,4,0.998881744921527,0.07791993565051565,1463999.949600005,114074.78186519055,5,,0.2857142857142857,0.75
34,9,Jordan Chiles,Ezra Sosa (Apolo Anton Ohno week 9),Athlete,Sports,Texas,United States,24,≤25,39.0,9.75,4,0.9989220154528882,0.16736976629800046,1535999.9424000059,257079.95139323117,3,,0.3333333333333333,0.5
34,9,Alix Earle,Val Chmerkovskiy (Joey Graziadei week 9),Social Media Personality,Media,Florida,United States,24,≤25,40.0,10.0,4,0.998897863777664,0.16318552224515653,1535999.9424000059,250652.95276907532,2,,0.5,-1.5
34,9,Dylan Efron,Daniella Karagach (Rumer Willis week 9),TV Personality,Media,California,United States,33,26-35,42.0,10.5,4,0.999485094504414,0.15541478327564287,1535999.9424000059,238717.09815949685,4,,0.6666666666666666,2.0
34,9,Robert Irwin,Witney Carson (Xoshitl Gomez week 9),Conservationist,Other,Unknown,Australia,22,≤25,42.0,10.5,4,0.999498450497698,0.15541478327564287,1535999.9424000059,238717.09815949685,1,,0.6666666666666666,0.5
34,9,Whitney Leavitt,Mark Ballas,TV Personality,Media,Utah,United States,32,26-35,42.0,10.5,4,0.9994271287847771,0.15541478327564287,1535999.9424000059,238717.09815949685,6,10.0,0.6666666666666666,0.0
34,9,Andy Richter,Emma Slater/Kaitlyn Bristowe (week 9),Comedian,Entertainment,California,United States,59,>55,29.0,7.25,4,0.003075528881872561,0.1125417384122122,1535999.9424000059,172864.10371875446,7,9.0,0.0,0.0
34,9,Elaine Hendrix,Alan Bersten (Rashad Jennings week 9),Actor/Actress,Entertainment,Georgia,United States,55,46-55,36.0,9.0,4,0.9980476232608658,0.09065862321770192,1535999.9424000059,139251.640040454,5,,0.16666666666666666,2.0
34,10,Dylan Efron,Daniella Karagach (Rumer Willis week 9),TV Personality,Media,California,United States,33,26-35,27.5,9.166666666666666,3,0.9991660550278422,0.23150669696367188,1607999.9352000065,372262.7537159519,4,,0.0,-5.25
34,10,Whitney Leavitt,Mark Ballas,TV Personality,Media,Utah,United States,32,26-35,29.0,9.666666666666666,3,0.009057943029673365,0.21953221305087797,1607999.9352000065,353007.7843601258,6,10.0,0.6,-5.25
34,10,Robert Irwin,Witney Carson (Xoshitl Gomez week 9),Conservationist,Other,Unknown,Australia,22,≤25,29.5,9.833333333333334,3,0.9996445074334118,0.21581132821004562,1607999.9352000065,347024.6017771807,1,,1.0,-4.25
34,10,Elaine Hendrix,Alan Bersten (Rashad Jennings week 9),Actor/Actress,Entertainment,Georgia,United States,55,46-55,28.5,9.5,3,0.9971764947855883,0.11169182762498278,1607999.9352000065,179600.4515833426,5,,0.2,-4.5
34,10,Jordan Chiles,Ezra Sosa (Apolo Anton Ohno week 9),Athlete,Sports,Texas,United States,24,≤25,28.5,9.5,3,0.9989992353055834,0.11169182762498278,1607999.9352000065,179600.4515833426,3,,0.2,-5.25
34,10,Alix Earle,Val Chmerkovskiy (Joey Graziadei week 9),Social Media Personality,Media,Florida,United States,24,≤25,29.0,9.666666666666666,3,0.9995836595719467,0.10976610652543899,1607999.9352000065,176503.8921800629,2,,0.6,-4.75
34,11,Alix Earle,Val Chmerkovskiy (Joey Graziadei week 9),Social Media Personality,Media,Florida,United States,24,≤25,30.0,10.0,3,0.9996319620786003,0.20210773818152813,1679999.9280000073,339540.9855932116,2,,1.0,-5.0
34,11,Jordan Chiles,Ezra Sosa (Apolo Anton Ohno week 9),Athlete,Sports,Texas,United States,24,≤25,29.666600000000003,9.888866666666669,3,0.9990146231579101,0.20060098609884883,1679999.9280000073,337009.6422027965,3,,0.5,-4.666699999999999
34,11,Robert Irwin,Witney Carson (Xoshitl Gomez week 9),Conservationist,Other,Unknown,Australia,22,≤25,29.666600000000003,9.888866666666669,3,0.9992938089317234,0.20060098609884883,1679999.9280000073,337009.6422027965,1,,0.5,-6.166699999999999
34,11,Dylan Efron,Daniella Karagach (Rumer Willis week 9),TV Personality,Media,California,United States,33,26-35,29.3332,9.777733333333334,3,0.9863084885426765,0.19909639086142847,1679999.9280000073,334481.92231226113,4,,0.25,-6.333399999999999
34,11,Elaine Hendrix,Alan Bersten (Rashad Jennings week 9),Actor/Actress,Entertainment,Georgia,United States,55,46-55,28.9998,9.6666,3,0.49472602787307013,0.19759389875934583,1679999.9280000073,331957.7356889417,5,,0.0,-3.5000999999999998
