season,week,celebrity_name,partner,celebrity_industry,industry_category,home_state,home_country,age,age_group,judge_total,judge_mean,judge_count,p_survive_next,vote_share_hat,total_votes_hat,votes_hat,placement,elimination_week
1,1,Rachel Hunter,Jonathan Roberts,Model,Model,Unknown,New Zealand,35,26-35,20.0,6.666666666666667,3,0.9889250821935511,0.18103328263413437,800000.0,144826.6261073075,4,4.0
1,1,Joey McIntyre,Ashly DelGrosso,Singer/Rapper,Entertainment,Massachusetts,United States,32,26-35,20.0,6.666666666666667,3,0.9873279028057048,0.18088876903158274,800000.0,144711.0152252662,3,
1,1,John O'Hurley,Charlotte Jorgensen,Actor/Actress,Entertainment,Maine,United States,50,46-55,20.0,6.666666666666667,3,0.9859075839924677,0.18076035477339686,800000.0,144608.2838187175,2,
1,1,Evander Holyfield,Edyta Sliwinska,Athlete,Sports,Alabama,United States,42,36-45,18.0,6.0,3,0.9783542948851502,0.16473838913838895,800000.0,131790.71131071117,5,3.0
1,1,Trista Sutter,Louis van Amstel,TV Personality,Media,Indiana,United States,32,26-35,18.0,6.0,3,0.9375008152393246,0.1614074567878197,800000.0,129125.96543025576,6,2.0
1,1,Kelly Monaco,Alec Mazo,Actor/Actress,Entertainment,Pennsylvania,United States,29,26-35,13.0,4.333333333333333,3,0.8776032260252119,0.13117174763467745,800000.0,104937.39810774196,1,
1,2,John O'Hurley,Charlotte Jorgensen,Actor/Actress,Entertainment,Maine,United States,50,46-55,26.0,8.666666666666666,3,0.9809375529816153,0.19986037508220938,920000.0,183871.54507563263,2,
1,2,Rachel Hunter,Jonathan Roberts,Model,Model,Unknown,New Zealand,35,26-35,24.0,8.0,3,0.9583733725576786,0.18942050144754446,920000.0,174266.86133174092,4,4.0
1,2,Joey McIntyre,Ashly DelGrosso,Singer/Rapper,Entertainment,Massachusetts,United States,32,26-35,21.0,7.0,3,0.9762501524061478,0.17674508093949473,920000.0,162605.47446433516,3,
1,2,Kelly Monaco,Alec Mazo,Actor/Actress,Entertainment,Pennsylvania,United States,29,26-35,17.0,5.666666666666667,3,0.9106447338349426,0.15340707785098187,920000.0,141134.51162290332,1,
1,2,Trista Sutter,Louis van Amstel,TV Personality,Media,Indiana,United States,32,26-35,19.0,6.333333333333333,3,0.6865172501089742,0.14458486505257273,920000.0,133018.07584836692,6,2.0
1,2,Evander Holyfield,Edyta Sliwinska,Athlete,Sports,Alabama,United States,42,36-45,14.0,4.666666666666667,3,0.7987185094439063,0.13598209962719693,920000.0,125103.53165702117,5,3.0
1,3,Rachel Hunter,Jonathan Roberts,Model,Model,Unknown,New Zealand,35,26-35,26.0,8.666666666666666,3,0.9574726722159284,0.22954921063551387,1040000.0,238731.17906093443,4,4.0
1,3,John O'Hurley,Charlotte Jorgensen,Actor/Actress,Entertainment,Maine,United States,50,46-55,24.0,8.0,3,0.9817855830015406,0.22246064638345142,1040000.0,231359.07223878946,2,
1,3,Joey McIntyre,Ashly DelGrosso,Singer/Rapper,Entertainment,Massachusetts,United States,32,26-35,22.0,7.333333333333333,3,0.9583031979523032,0.20944652125558647,1040000.0,217824.38210580993,3,
1,3,Kelly Monaco,Alec Mazo,Actor/Actress,Entertainment,Pennsylvania,United States,29,26-35,21.0,7.0,3,0.964923385887865,0.20493055823598608,1040000.0,213127.78056542552,1,
1,3,Evander Holyfield,Edyta Sliwinska,Athlete,Sports,Alabama,United States,42,36-45,13.0,4.333333333333333,3,0.43829942472923855,0.13361306348946206,1040000.0,138957.58602904054,5,3.0
1,4,Kelly Monaco,Alec Mazo,Actor/Actress,Entertainment,Pennsylvania,United States,29,26-35,26.0,8.666666666666666,3,0.9862677238148412,0.3074153661914575,1160000.0000000002,356601.8247820907,1,
1,4,John O'Hurley,Charlotte Jorgensen,Actor/Actress,Entertainment,Maine,United States,50,46-55,21.0,7.0,3,0.9057278805547594,0.24195157222383926,1160000.0000000002,280663.8237796536,2,
1,4,Rachel Hunter,Jonathan Roberts,Model,Model,Unknown,New Zealand,35,26-35,25.0,8.333333333333334,3,0.5282049554707101,0.23593901450555702,1160000.0000000002,273689.2568264462,4,4.0
1,4,Joey McIntyre,Ashly DelGrosso,Singer/Rapper,Entertainment,Massachusetts,United States,32,26-35,20.0,6.666666666666667,3,0.737870803012461,0.21469404707914616,1160000.0000000002,249045.0946118096,3,
1,5,John O'Hurley,Charlotte Jorgensen,Actor/Actress,Entertainment,Maine,United States,50,46-55,27.0,9.0,3,0.9792116690447005,0.3911810681317093,1280000.0,500711.76720858784,2,
1,5,Kelly Monaco,Alec Mazo,Actor/Actress,Entertainment,Pennsylvania,United States,29,26-35,23.5,7.833333333333333,3,0.9286812498893836,0.3213357944270835,1280000.0,411309.81686666684,1,
1,5,Joey McIntyre,Ashly DelGrosso,Singer/Rapper,Entertainment,Massachusetts,United States,32,26-35,22.5,7.5,3,0.8035622742202004,0.2874831374412073,1280000.0,367978.4159247453,3,
1,6,Kelly Monaco,Alec Mazo,Actor/Actress,Entertainment,Pennsylvania,United States,29,26-35,27.5,9.166666666666666,3,0.89214961662138,0.5461262759551382,1400000.0,764576.7863371935,1,
1,6,John O'Hurley,Charlotte Jorgensen,Actor/Actress,Entertainment,Maine,United States,50,46-55,27.0,9.0,3,0.861610304943685,0.45387372404486176,1400000.0,635423.2136628064,2,
2,1,Drew Lachey,Cheryl Burke,Singer/Rapper,Entertainment,Ohio,United States,29,26-35,24.0,8.0,3,0.9873900243526121,0.11563828175152618,800000.0,92510.62540122095,1,
2,1,Tatum O'Neal,Nick Kosovich,Actor/Actress,Entertainment,California,United States,42,36-45,23.0,7.666666666666667,3,0.9832163648009223,0.11265033995489054,800000.0,90120.27196391244,9,2.0
2,1,Giselle Fernandez,Jonathan Roberts,News Anchor,Media,Unknown,Mexico,44,36-45,23.0,7.666666666666667,3,0.9664331597060641,0.11170897836545048,800000.0,89367.18269236038,8,3.0
2,1,Stacy Keibler,Tony Dovolani,Athlete,Sports,Maryland,United States,26,26-35,22.0,7.333333333333333,3,0.9873279028057048,0.10992830009708804,800000.0,87942.64007767042,3,
2,1,Jerry Rice,Anna Trebunskaya,Athlete,Sports,Mississippi,United States,43,36-45,21.0,7.0,3,0.9863833310711029,0.10679453147379189,800000.0,85435.62517903351,2,
2,1,Tia Carrere,Maksim Chmerkoskiy,Actor/Actress,Entertainment,Hawaii,United States,39,36-45,20.0,6.666666666666667,3,0.981330942671193,0.10340783263186056,800000.0,82726.26610548844,6,5.0
2,1,Lisa Rinna,Louis van Amstel,Actor/Actress,Entertainment,California,United States,42,36-45,19.0,6.333333333333333,3,0.9681566916975363,0.09967956789877848,800000.0,79743.65431902278,4,7.0
2,1,George Hamilton,Edyta Sliwinska,Actor/Actress,Entertainment,Tennessee,United States,66,>55,18.0,6.0,3,0.9648114742449617,0.09660092278671997,800000.0,77280.73822937597,5,6.0
2,1,Master P,Ashly DelGrosso,Singer/Rapper,Entertainment,Louisiana,United States,35,26-35,12.0,4.0,3,0.8776957391321091,0.08081040566583865,800000.0,64648.32453267092,7,4.0
2,1,Kenny Mayne,Andrea Hale,Sports Broadcaster,Media,Washington,United States,46,46-55,13.0,4.333333333333333,3,0.3410161386136555,0.06278083937405526,800000.0,50224.671499244214,10,1.0
2,2,Stacy Keibler,Tony Dovolani,Athlete,Sports,Maryland,United States,26,26-35,29.0,9.666666666666666,3,0.9835328625017127,0.13742233625094188,885714.2857142858,121716.92639369139,3,
2,2,Drew Lachey,Cheryl Burke,Singer/Rapper,Entertainment,Ohio,United States,29,26-35,27.0,9.0,3,0.9785855204297517,0.13193359398861196,885714.2857142858,116855.46896134203,1,
2,2,Jerry Rice,Anna Trebunskaya,Athlete,Sports,Mississippi,United States,43,36-45,23.0,7.666666666666667,3,0.9756513358902007,0.11862829779790465,885714.2857142858,105070.7780495727,2,
2,2,Giselle Fernandez,Jonathan Roberts,News Anchor,Media,Unknown,Mexico,44,36-45,24.0,8.0,3,0.9150018534044652,0.11844945122325086,885714.2857142858,104912.37108345077,8,3.0
2,2,Tia Carrere,Maksim Chmerkoskiy,Actor/Actress,Entertainment,Hawaii,United States,39,36-45,22.0,7.333333333333333,3,0.9595362058104105,0.11426209625528608,885714.2857142858,101203.57096896767,6,5.0
2,2,George Hamilton,Edyta Sliwinska,Actor/Actress,Entertainment,Tennessee,United States,66,>55,22.0,7.333333333333333,3,0.9325580451135781,0.11273115437067582,885714.2857142858,99847.59387117003,5,6.0
2,2,Lisa Rinna,Louis van Amstel,Actor/Actress,Entertainment,California,United States,42,36-45,20.0,6.666666666666667,3,0.8647353265860779,0.10287758676089577,885714.2857142858,91120.14827393627,4,7.0
2,2,Master P,Ashly DelGrosso,Singer/Rapper,Entertainment,Louisiana,United States,35,26-35,16.0,5.333333333333333,3,0.7570093617722026,0.08888517200656744,885714.2857142858,78726.86663438831,7,4.0
2,2,Tatum O'Neal,Nick Kosovich,Actor/Actress,Entertainment,California,United States,42,36-45,17.0,5.666666666666667,3,0.3736531745302228,0.07481031134586547,885714.2857142858,66260.56147776656,9,2.0
2,3,Stacy Keibler,Tony Dovolani,Athlete,Sports,Maryland,United States,26,26-35,27.0,9.0,3,0.9843279991005933,0.1430331022107047,971428.5714285715,138946.4421475417,3,
2,3,Drew Lachey,Cheryl Burke,Singer/Rapper,Entertainment,Ohio,United States,29,26-35,27.0,9.0,3,0.9795396311493514,0.1426910642636778,971428.5714285715,138614.17671328702,1,
2,3,Tia Carrere,Maksim Chmerkoskiy,Actor/Actress,Entertainment,Hawaii,United States,39,36-45,26.0,8.666666666666666,3,0.98219102115986,0.13958225540603064,971428.5714285715,135594.19096585835,6,5.0
2,3,Lisa Rinna,Louis van Amstel,Actor/Actress,Entertainment,California,United States,42,36-45,25.0,8.333333333333334,3,0.9746274113649505,0.13559611584678957,971428.5714285715,131721.94110830987,4,7.0
2,3,George Hamilton,Edyta Sliwinska,Actor/Actress,Entertainment,Tennessee,United States,66,>55,22.0,7.333333333333333,3,0.9338484661511841,0.12245729640535997,971428.5714285715,118958.51650806399,5,6.0
2,3,Jerry Rice,Anna Trebunskaya,Athlete,Sports,Mississippi,United States,43,36-45,19.0,6.333333333333333,3,0.9045571463731376,0.11169639707549235,971428.5714285715,108505.071444764,2,
2,3,Giselle Fernandez,Jonathan Roberts,News Anchor,Media,Unknown,Mexico,44,36-45,22.0,7.333333333333333,3,0.7427883478522587,0.11130033957747183,971428.5714285715,108120.32987525835,8,3.0
2,3,Master P,Ashly DelGrosso,Singer/Rapper,Entertainment,Louisiana,United States,35,26-35,14.0,4.666666666666667,3,0.7295264522442466,0.0936434292144731,971428.5714285715,90967.90266548816,7,4.0
2,4,Drew Lachey,Cheryl Burke,Singer/Rapper,Entertainment,Ohio,United States,29,26-35,28.0,9.333333333333334,3,0.9841113727923914,0.16123993956953847,1057142.8571428573,170453.65040208356,1,
2,4,Stacy Keibler,Tony Dovolani,Athlete,Sports,Maryland,United States,26,26-35,26.0,8.666666666666666,3,0.9781357045870918,0.15551457709257643,1057142.8571428573,164401.1243550094,3,
2,4,Lisa Rinna,Louis van Amstel,Actor/Actress,Entertainment,California,United States,42,36-45,26.0,8.666666666666666,3,0.9746175197497259,0.1552412530506245,1057142.8571428573,164112.1817963745,4,7.0
2,4,Tia Carrere,Maksim Chmerkoskiy,Actor/Actress,Entertainment,Hawaii,United States,39,36-45,25.0,8.333333333333334,3,0.9667047115322723,0.151930837875815,1057142.8571428573,160612.60004014728,6,5.0
2,4,Jerry Rice,Anna Trebunskaya,Athlete,Sports,Mississippi,United States,43,36-45,24.0,8.0,3,0.9575504734092892,0.14852961179828147,1057142.8571428573,157017.01818675472,2,
2,4,George Hamilton,Edyta Sliwinska,Actor/Actress,Entertainment,Tennessee,United States,66,>55,21.0,7.0,3,0.952652580316785,0.14022414174823547,1057142.8571428573,148236.94984813465,5,6.0
2,4,Master P,Ashly DelGrosso,Singer/Rapper,Entertainment,Louisiana,United States,35,26-35,8.0,2.6666666666666665,3,0.3432505538575444,0.08731963886492856,1057142.8571428573,92309.33251435307,7,4.0
2,5,Stacy Keibler,Tony Dovolani,Athlete,Sports,Maryland,United States,26,26-35,30.0,10.0,3,0.9763217770216552,0.20430421681534988,1142857.1428571427,233490.53350325697,3,
2,5,Drew Lachey,Cheryl Burke,Singer/Rapper,Entertainment,Ohio,United States,29,26-35,27.0,9.0,3,0.9846366062432405,0.18680478029344297,1142857.1428571427,213491.17747822052,1,
2,5,Lisa Rinna,Louis van Amstel,Actor/Actress,Entertainment,California,United States,42,36-45,25.0,8.333333333333334,3,0.9820848950352958,0.17171541878160593,1142857.1428571427,196246.19289326388,4,7.0
2,5,George Hamilton,Edyta Sliwinska,Actor/Actress,Entertainment,Tennessee,United States,66,>55,24.0,8.0,3,0.8857560000281756,0.1569008524508111,1142857.1428571427,179315.25994378407,5,6.0
2,5,Jerry Rice,Anna Trebunskaya,Athlete,Sports,Mississippi,United States,43,36-45,23.0,7.666666666666667,3,0.8915843005605201,0.15128682747007555,1142857.1428571427,172899.23139437204,2,
2,5,Tia Carrere,Maksim Chmerkoskiy,Actor/Actress,Entertainment,Hawaii,United States,39,36-45,22.0,7.333333333333333,3,0.6424707986368539,0.12898790418871453,1142857.1428571427,147414.74764424516,6,5.0
2,6,Stacy Keibler,Tony Dovolani,Athlete,Sports,Maryland,United States,26,26-35,30.0,10.0,3,0.9708642017697527,0.23411340417047607,1228571.4285714286,287625.03940944205,3,
2,6,Drew Lachey,Cheryl Burke,Singer/Rapper,Entertainment,Ohio,United States,29,26-35,30.0,10.0,3,0.9656239703456745,0.23350080285543473,1228571.4285714286,286872.41493667697,1,
2,6,Lisa Rinna,Louis van Amstel,Actor/Actress,Entertainment,California,United States,42,36-45,27.0,9.0,3,0.9212045497054631,0.2069985690017021,1228571.4285714286,254312.5276306626,4,7.0
2,6,Jerry Rice,Anna Trebunskaya,Athlete,Sports,Mississippi,United States,43,36-45,23.0,7.666666666666667,3,0.8046547086639835,0.17107112744728978,1228571.4285714286,210173.09943524175,2,
2,6,George Hamilton,Edyta Sliwinska,Actor/Actress,Entertainment,Tennessee,United States,66,>55,23.0,7.666666666666667,3,0.5985020158533959,0.15431609652509742,1228571.4285714286,189588.3471594054,5,6.0
2,7,Drew Lachey,Cheryl Burke,Singer/Rapper,Entertainment,Ohio,United States,29,26-35,27.5,9.166666666666666,3,0.9712895364566964,0.2774553548798276,1314285.7142857143,364655.6092706306,1,
2,7,Stacy Keibler,Tony Dovolani,Athlete,Sports,Maryland,United States,26,26-35,27.5,9.166666666666666,3,0.9644644723786864,0.2765101432915994,1314285.7142857143,363413.33118324494,3,
2,7,Lisa Rinna,Louis van Amstel,Actor/Actress,Entertainment,California,United States,42,36-45,26.5,8.833333333333334,3,0.910762490973547,0.2598501373006122,1314285.7142857143,341517.323309376,4,7.0
2,7,Jerry Rice,Anna Trebunskaya,Athlete,Sports,Mississippi,United States,43,36-45,20.5,6.833333333333333,3,0.633106869377234,0.18618436452796072,1314285.7142857143,244699.45052246266,2,
2,8,Drew Lachey,Cheryl Burke,Singer/Rapper,Entertainment,Ohio,United States,29,26-35,28.9998,9.6666,3,0.9466991615361228,0.3776646944532119,1400000.0,528730.5722344966,1,
2,8,Stacy Keibler,Tony Dovolani,Athlete,Sports,Maryland,United States,26,26-35,28.6665,9.5555,3,0.8985183778865244,0.3576293692063787,1400000.0,500681.1168889302,3,
2,8,Jerry Rice,Anna Trebunskaya,Athlete,Sports,Mississippi,United States,43,36-45,26.666600000000003,8.888866666666667,3,0.6635982395591913,0.2647059363404094,1400000.0,370588.31087657314,2,
3,1,Mario Lopez,Karina Smirnoff,Actor/Actress,Entertainment,California,United States,32,26-35,26.0,8.666666666666666,3,0.9843771455847481,0.10888444069354063,800000.0,87107.5525548325,2,
3,1,Emmitt Smith,Cheryl Burke,Athlete,Sports,Florida,United States,37,36-45,24.0,8.0,3,0.987688304768177,0.10492778960796423,800000.0,83942.23168637138,1,
3,1,Vivica A. Fox,Nick Kosovich,Actor/Actress,Entertainment,Indiana,United States,42,36-45,22.0,7.333333333333333,3,0.9897288693078926,0.099985169724589,800000.0,79988.1357796712,8,4.0
3,1,Willa Ford,Maksim Chmerkoskiy,Singer/Rapper,Entertainment,Florida,United States,25,≤25,22.0,7.333333333333333,3,0.9873279028057048,0.09986521122147038,800000.0,79892.1689771763,7,5.0
3,1,Joey Lawrence,Edyta Sliwinska,Actor/Actress,Entertainment,Pennsylvania,United States,30,26-35,21.0,7.0,3,0.9873279028057048,0.09711854685497981,800000.0,77694.83748398385,3,
3,1,Monique Coleman,Louis van Amstel,Actor/Actress,Entertainment,South Carolina,United States,25,≤25,19.0,6.333333333333333,3,0.984407274816265,0.09140492179260885,800000.0,73123.93743408709,4,8.0
3,1,Shanna Moakler,Jesse DeSoto,Model,Model,Rhode Island,United States,31,26-35,18.0,6.0,3,0.9685626224411358,0.08803337237434537,800000.0,70426.6978994763,10,2.0
3,1,Harry Hamlin,Ashly DelGrosso,Actor/Actress,Entertainment,California,United States,54,46-55,17.0,5.666666666666667,3,0.9367422056475645,0.08420008982359185,800000.0,67360.07185887349,9,3.0
3,1,Jerry Springer,Kym Johnson,TV Personality,Media,Unknown,England,62,>55,16.0,5.333333333333333,3,0.9545790343567084,0.0827035049587563,800000.0,66162.80396700503,5,7.0
3,1,Sara Evans,Tony Dovolani,Singer/Rapper,Entertainment,Missouri,United States,35,26-35,15.0,5.0,3,0.9088622314180997,0.07887299022050451,800000.0,63098.392176403606,6,-1.0
3,1,Tucker Carlson,Elena Grinenko,TV Personality,Media,California,United States,37,36-45,12.0,4.0,3,0.6063837135355652,0.0640039627276492,800000.0,51203.170182119364,11,1.0
3,2,Joey Lawrence,Edyta Sliwinska,Actor/Actress,Entertainment,Pennsylvania,United States,30,26-35,29.0,9.666666666666666,3,0.9825943252705526,0.12687702858643204,866666.6666666667,109960.09144157445,3,
3,2,Monique Coleman,Louis van Amstel,Actor/Actress,Entertainment,South Carolina,United States,25,≤25,26.0,8.666666666666666,3,0.9737126375440903,0.117184634904769,866666.6666666667,101560.01691746648,4,8.0
3,2,Emmitt Smith,Cheryl Burke,Athlete,Sports,Florida,United States,37,36-45,24.0,8.0,3,0.9862511808600836,0.10928163180877495,866666.6666666667,94710.74756760497,1,
3,2,Vivica A. Fox,Nick Kosovich,Actor/Actress,Entertainment,Indiana,United States,42,36-45,24.0,8.0,3,0.9815844360984622,0.10902693433496892,866666.6666666667,94490.00975697307,8,4.0
3,2,Willa Ford,Maksim Chmerkoskiy,Singer/Rapper,Entertainment,Florida,United States,25,≤25,23.0,7.666666666666667,3,0.9762501524061478,0.10420205918074185,866666.6666666667,90308.45128997628,7,5.0
3,2,Mario Lopez,Karina Smirnoff,Actor/Actress,Entertainment,California,United States,32,26-35,21.0,7.0,3,0.923713276885556,0.09343584077591785,866666.6666666667,80977.72867246214,2,
3,2,Sara Evans,Tony Dovolani,Singer/Rapper,Entertainment,Missouri,United States,35,26-35,21.0,7.0,3,0.9044388984656808,0.09253970694075697,866666.6666666667,80201.07934865604,6,-1.0
3,2,Harry Hamlin,Ashly DelGrosso,Actor/Actress,Entertainment,California,United States,54,46-55,21.0,7.0,3,0.8535260086111394,0.09021370644775827,866666.6666666667,78185.21225472384,9,3.0
3,2,Shanna Moakler,Jesse DeSoto,Model,Model,Rhode Island,United States,31,26-35,22.0,7.333333333333333,3,0.5149293492268222,0.07928710986464761,866666.6666666667,68715.49521602794,10,2.0
3,2,Jerry Springer,Kym Johnson,TV Personality,Media,Unknown,England,62,>55,19.0,6.333333333333333,3,0.6941835217292727,0.07795134715523233,866666.6666666667,67557.83420120136,5,7.0
3,3,Vivica A. Fox,Nick Kosovich,Actor/Actress,Entertainment,Indiana,United States,42,36-45,27.0,9.0,3,0.9829173357344132,0.133241298637217,933333.3333333334,124358.54539473588,8,4.0
3,3,Monique Coleman,Louis van Amstel,Actor/Actress,Entertainment,South Carolina,United States,25,≤25,27.0,9.0,3,0.9726233395652222,0.13255726779115748,933333.3333333334,123720.11660508031,4,8.0
3,3,Sara Evans,Tony Dovolani,Singer/Rapper,Entertainment,Missouri,United States,35,26-35,25.0,8.333333333333334,3,0.9835328625017127,0.12447351992100572,933333.3333333334,116175.28525960534,6,-1.0
3,3,Willa Ford,Maksim Chmerkoskiy,Singer/Rapper,Entertainment,Florida,United States,25,≤25,22.0,7.333333333333333,3,0.9540667672832736,0.1074237928655238,933333.3333333334,100262.20667448889,7,5.0
3,3,Joey Lawrence,Edyta Sliwinska,Actor/Actress,Entertainment,Pennsylvania,United States,30,26-35,22.0,7.333333333333333,3,0.9537707325445275,0.10740789345501925,933333.3333333334,100247.36722468464,3,
3,3,Mario Lopez,Karina Smirnoff,Actor/Actress,Entertainment,California,United States,32,26-35,22.0,7.333333333333333,3,0.8918323192669778,0.10413253560160725,933333.3333333334,97190.36656150011,2,
3,3,Harry Hamlin,Ashly DelGrosso,Actor/Actress,Entertainment,California,United States,54,46-55,22.0,7.333333333333333,3,0.8746998424434157,0.10324432123469131,933333.3333333334,96361.36648571189,9,3.0
3,3,Jerry Springer,Kym Johnson,TV Personality,Media,Unknown,England,62,>55,21.0,7.0,3,0.8501036597861639,0.09775926852492839,933333.3333333334,91241.98395659983,5,7.0
3,3,Emmitt Smith,Cheryl Burke,Athlete,Sports,Florida,United States,37,36-45,19.0,6.333333333333333,3,0.8161218320435824,0.08976010196884975,933333.3333333334,83776.09517092643,1,
3,4,Mario Lopez,Karina Smirnoff,Actor/Actress,Entertainment,California,United States,32,26-35,29.0,9.666666666666666,3,0.9759306983657368,0.15284343690779,1000000.0,152843.43690779002,2,
3,4,Willa Ford,Maksim Chmerkoskiy,Singer/Rapper,Entertainment,Florida,United States,25,≤25,28.0,9.333333333333334,3,0.9812940383643578,0.14892310508850062,1000000.0,148923.10508850063,7,5.0
3,4,Joey Lawrence,Edyta Sliwinska,Actor/Actress,Entertainment,Pennsylvania,United States,30,26-35,27.0,9.0,3,0.9812940383643578,0.14400685011850858,1000000.0,144006.8501185086,3,
3,4,Emmitt Smith,Cheryl Burke,Athlete,Sports,Florida,United States,37,36-45,24.0,8.0,3,0.9278771022491403,0.12454242673788213,1000000.0,124542.42673788212,1,
3,4,Monique Coleman,Louis van Amstel,Actor/Actress,Entertainment,South Carolina,United States,25,≤25,24.0,8.0,3,0.925955177306564,0.12442280362557015,1000000.0,124422.80362557014,4,8.0
3,4,Jerry Springer,Kym Johnson,TV Personality,Media,Unknown,England,62,>55,22.0,7.333333333333333,3,0.8523244337823056,0.11127371190851011,1000000.0,111273.71190851011,5,7.0
3,4,Sara Evans,Tony Dovolani,Singer/Rapper,Entertainment,Missouri,United States,35,26-35,20.0,6.666666666666667,3,0.7176149353341341,0.09823376659196971,1000000.0,98233.7665919697,6,-1.0
3,4,Vivica A. Fox,Nick Kosovich,Actor/Actress,Entertainment,Indiana,United States,42,36-45,24.0,8.0,3,0.40214692868089535,0.09575389902126871,1000000.0,95753.8990212687,8,4.0
3,5,Willa Ford,Maksim Chmerkoskiy,Singer/Rapper,Entertainment,Florida,United States,25,≤25,27.0,9.0,3,0.9830663958548346,0.1616015095653129,1066666.6666666667,172374.9435363338,7,5.0
3,5,Emmitt Smith,Cheryl Burke,Athlete,Sports,Florida,United States,37,36-45,27.0,9.0,3,0.980997467761819,0.16143442505016806,1066666.6666666667,172196.7200535126,1,
3,5,Mario Lopez,Karina Smirnoff,Actor/Actress,Entertainment,California,United States,32,26-35,27.0,9.0,3,0.9781999337841332,0.16120877375912498,1066666.6666666667,171956.02534306666,2,
3,5,Monique Coleman,Louis van Amstel,Actor/Actress,Entertainment,South Carolina,United States,25,≤25,27.0,9.0,3,0.9631614858512012,0.16000115475252408,1066666.6666666667,170667.89840269237,4,8.0
3,5,Joey Lawrence,Edyta Sliwinska,Actor/Actress,Entertainment,Pennsylvania,United States,30,26-35,25.0,8.333333333333334,3,0.891642424961148,0.13101781090166462,1066666.6666666667,139752.33162844228,3,
3,5,Sara Evans,Tony Dovolani,Singer/Rapper,Entertainment,Missouri,United States,35,26-35,24.0,8.0,3,0.7320709522306766,0.11289527532198336,1066666.6666666667,120421.6270101156,6,-1.0
3,5,Jerry Springer,Kym Johnson,TV Personality,Media,Unknown,England,62,>55,24.0,8.0,3,0.713307053675025,0.11184105064922202,1066666.6666666667,119297.1206925035,5,7.0
3,6,Mario Lopez,Karina Smirnoff,Actor/Actress,Entertainment,California,United States,32,26-35,28.0,9.333333333333334,3,0.9610099389105083,0.2326377032819351,1133333.3333333333,263656.0637195264,2,
3,6,Emmitt Smith,Cheryl Burke,Athlete,Sports,Florida,United States,37,36-45,25.0,8.333333333333334,3,0.9685796116463045,0.21396934058153683,1133333.3333333333,242498.5859924084,1,
3,6,Joey Lawrence,Edyta Sliwinska,Actor/Actress,Entertainment,Pennsylvania,United States,30,26-35,24.0,8.0,3,0.9503899165570853,0.20500397548856952,1133333.3333333333,232337.83888704545,3,
3,6,Monique Coleman,Louis van Amstel,Actor/Actress,Entertainment,South Carolina,United States,25,≤25,23.0,7.666666666666667,3,0.9084569416868794,0.19399790186011748,1133333.3333333333,219864.2887747998,4,8.0
3,6,Jerry Springer,Kym Johnson,TV Personality,Media,Unknown,England,62,>55,18.0,6.0,3,0.73351784391043,0.15439107878784114,1133333.3333333333,174976.55595955328,5,7.0
3,7,Joey Lawrence,Edyta Sliwinska,Actor/Actress,Entertainment,Pennsylvania,United States,30,26-35,28.5,9.5,3,0.9579670367519006,0.2217294116328158,1200000.0,266075.29395937896,3,
3,7,Emmitt Smith,Cheryl Burke,Athlete,Sports,Florida,United States,37,36-45,28.5,9.5,3,0.9559710129513582,0.22150823342896417,1200000.0,265809.880114757,1,
3,7,Mario Lopez,Karina Smirnoff,Actor/Actress,Entertainment,California,United States,32,26-35,28.0,9.333333333333334,3,0.9499876388951707,0.21537854178345406,1200000.0,258454.25014014487,2,
3,7,Monique Coleman,Louis van Amstel,Actor/Actress,Entertainment,South Carolina,United States,25,≤25,27.0,9.0,3,0.9203441069057854,0.20123625892055463,1200000.0,241483.51070466556,4,8.0
3,7,Jerry Springer,Kym Johnson,TV Personality,Media,Unknown,England,62,>55,23.0,7.666666666666667,3,0.5455898675961078,0.14014755423421146,1200000.0,168177.06508105376,5,7.0
3,8,Mario Lopez,Karina Smirnoff,Actor/Actress,Entertainment,California,United States,32,26-35,28.5,9.5,3,0.9687480274194518,0.3248958137800524,1266666.6666666665,411534.69745473296,2,
3,8,Joey Lawrence,Edyta Sliwinska,Actor/Actress,Entertainment,Pennsylvania,United States,30,26-35,27.0,9.0,3,0.7516237473194927,0.24095690898776514,1266666.6666666665,305212.0847178358,3,
3,8,Emmitt Smith,Cheryl Burke,Athlete,Sports,Florida,United States,37,36-45,27.0,9.0,3,0.7424633132516159,0.23985579763821505,1266666.6666666665,303817.34367507236,1,
3,8,Monique Coleman,Louis van Amstel,Actor/Actress,Entertainment,South Carolina,United States,25,≤25,26.5,8.833333333333334,3,0.45335276297296995,0.19429147959396734,1266666.6666666665,246102.54081902525,4,8.0
3,9,Joey Lawrence,Edyta Sliwinska,Actor/Actress,Entertainment,Pennsylvania,United States,30,26-35,29.5,9.833333333333334,3,0.8588549848601652,0.33415203266726123,1333333.3333333335,445536.04355634836,3,
3,9,Emmitt Smith,Cheryl Burke,Athlete,Sports,Florida,United States,37,36-45,29.5,9.833333333333334,3,0.8569003033040914,0.3338256117978678,1333333.3333333335,445100.81573049043,1,
3,9,Mario Lopez,Karina Smirnoff,Actor/Actress,Entertainment,California,United States,32,26-35,29.5,9.833333333333334,3,0.8460674359824885,0.33202235553487097,1333333.3333333335,442696.4740464947,2,
3,10,Mario Lopez,Karina Smirnoff,Actor/Actress,Entertainment,California,United States,32,26-35,29.666600000000003,9.888866666666669,3,0.929597218854505,0.504994020544514,1400000.0,706991.6287623197,2,
3,10,Emmitt Smith,Cheryl Burke,Athlete,Sports,Florida,United States,37,36-45,29.666600000000003,9.888866666666669,3,0.8896437258633767,0.4950059794554859,1400000.0,693008.3712376803,1,
4,1,Joey Fatone,Kym Johnson,Singer/Rapper,Entertainment,New York,United States,30,26-35,24.0,8.0,3,0.9878817420925297,0.10765185922991907,800000.0,86121.48738393525,2,
4,1,Laila Ali,Maksim Chmerkoskiy,Athlete,Sports,Florida,United States,29,26-35,23.0,7.666666666666667,3,0.9878817420925297,0.10517164736523099,800000.0,84137.31789218479,3,
4,1,Apolo Anton Ohno,Julianne Hough,Athlete,Sports,Washington,United States,24,≤25,21.0,7.0,3,0.9873279028057048,0.09913287624826701,800000.0,79306.30099861362,1,
4,1,Ian Ziering,Cheryl Burke,Actor/Actress,Entertainment,New Jersey,United States,42,36-45,21.0,7.0,3,0.9863833310711029,0.09908606824607906,800000.0,79268.85459686325,4,9.0
4,1,Shandi Finnessey,Brian Fortuna,Beauty Pageant,Model,Missouri,United States,28,26-35,19.0,6.333333333333333,3,0.9878448813540263,0.09236626404784036,800000.0,73893.01123827229,10,3.0
4,1,Paulina Porizkova,Alec Mazo,Model,Model,Unknown,Czechoslovakia,41,36-45,19.0,6.333333333333333,3,0.9831295790000785,0.09214875312489024,800000.0,73719.0024999122,11,2.0
4,1,Heather Mills,Jonathan Roberts,Model,Model,Unknown,England,39,36-45,18.0,6.0,3,0.9653927998664465,0.08802776667852742,800000.0,70422.21334282194,7,6.0
4,1,John Ratzenberger,Edyta Sliwinska,Actor/Actress,Entertainment,Connecticut,United States,59,>55,17.0,5.666666666666667,3,0.9609491979346365,0.08474872226740297,800000.0,67798.97781392238,6,7.0
4,1,Clyde Drexler,Elena Grinenko,Athlete,Sports,Louisiana,United States,44,36-45,16.0,5.333333333333333,3,0.9437972956549154,0.081280694855361,800000.0,65024.555884288806,8,5.0
4,1,Leeza Gibbons,Tony Dovolani,TV Personality,Media,South Carolina,United States,50,46-55,15.0,5.0,3,0.91489342562365,0.07777248902143173,800000.0,62217.99121714538,9,4.0
4,1,Billy Ray Cyrus,Karina Smirnoff,Singer/Rapper,Entertainment,Kentucky,United States,45,36-45,13.0,4.333333333333333,3,0.8716421924489723,0.07261285891505019,800000.0,58090.287132040154,5,8.0
4,2,Laila Ali,Maksim Chmerkoskiy,Athlete,Sports,Florida,United States,29,26-35,27.0,9.0,3,0.9828500681822531,0.11374329933433319,866666.6666666667,98577.52608975544,3,
4,2,Apolo Anton Ohno,Julianne Hough,Athlete,Sports,Washington,United States,24,≤25,26.0,8.666666666666666,3,0.9828500681822531,0.110769439599636,866666.6666666667,96000.18098635122,1,
4,2,Joey Fatone,Kym Johnson,Singer/Rapper,Entertainment,New York,United States,30,26-35,24.0,8.0,3,0.9864668884232011,0.10322200980361784,866666.6666666667,89459.07516313547,2,
4,2,Heather Mills,Jonathan Roberts,Model,Model,Unknown,England,39,36-45,24.0,8.0,3,0.9555042588877021,0.10163630345895354,866666.6666666667,88084.79633109308,7,6.0
4,2,Ian Ziering,Cheryl Burke,Actor/Actress,Entertainment,New Jersey,United States,42,36-45,22.0,7.333333333333333,3,0.9745011761223263,0.09373918102006688,866666.6666666667,81240.62355072465,4,9.0
4,2,Leeza Gibbons,Tony Dovolani,TV Personality,Media,South Carolina,United States,50,46-55,21.0,7.0,3,0.9291581316263993,0.08756583225270592,866666.6666666667,75890.38795234513,9,4.0
4,2,Billy Ray Cyrus,Karina Smirnoff,Singer/Rapper,Entertainment,Kentucky,United States,45,36-45,21.0,7.0,3,0.9270422109972726,0.08747324006533708,866666.6666666667,75810.14138995881,5,8.0
4,2,John Ratzenberger,Edyta Sliwinska,Actor/Actress,Entertainment,Connecticut,United States,59,>55,21.0,7.0,3,0.9218311975414815,0.0872456246054092,866666.6666666667,75612.87465802132,6,7.0
4,2,Shandi Finnessey,Brian Fortuna,Beauty Pageant,Model,Missouri,United States,28,26-35,20.0,6.666666666666667,3,0.8564375779789808,0.08098843477380245,866666.6666666667,70189.97680396213,10,3.0
4,2,Clyde Drexler,Elena Grinenko,Athlete,Sports,Louisiana,United States,44,36-45,18.0,6.0,3,0.6916844061977621,0.06985723151290217,866666.6666666667,60542.93397784855,8,5.0
4,2,Paulina Porizkova,Alec Mazo,Model,Model,Unknown,Czechoslovakia,41,36-45,21.0,7.0,3,0.2946097338524879,0.06375940357323569,866666.6666666667,55258.14976347093,11,2.0
4,3,Joey Fatone,Kym Johnson,Singer/Rapper,Entertainment,New York,United States,30,26-35,24.0,8.0,3,0.986769260169273,0.1146315557693676,933333.3333333334,106989.45205140975,2,
4,3,Leeza Gibbons,Tony Dovolani,TV Personality,Media,South Carolina,United States,50,46-55,24.0,8.0,3,0.9839605553333463,0.1144706856524559,933333.3333333334,106839.30660895884,9,4.0
4,3,Ian Ziering,Cheryl Burke,Actor/Actress,Entertainment,New Jersey,United States,42,36-45,24.0,8.0,3,0.977114153911765,0.11407949945640103,933333.3333333334,106474.19949264097,4,9.0
4,3,Heather Mills,Jonathan Roberts,Model,Model,Unknown,England,39,36-45,24.0,8.0,3,0.9620080680444225,0.11322109795173425,933333.3333333334,105673.02475495197,7,6.0
4,3,Apolo Anton Ohno,Julianne Hough,Athlete,Sports,Washington,United States,24,≤25,23.0,7.666666666666667,3,0.9815520214760831,0.10946139817716803,933333.3333333334,102163.9716320235,1,
4,3,Laila Ali,Maksim Chmerkoskiy,Athlete,Sports,Florida,United States,29,26-35,21.0,7.0,3,0.9537707325445275,0.09808908575431752,933333.3333333334,91549.81337069636,3,
4,3,Billy Ray Cyrus,Karina Smirnoff,Singer/Rapper,Entertainment,Kentucky,United States,45,36-45,21.0,7.0,3,0.9453271667306008,0.09767584784287277,933333.3333333334,91164.12465334791,5,8.0
4,3,John Ratzenberger,Edyta Sliwinska,Actor/Actress,Entertainment,Connecticut,United States,59,>55,20.0,6.666666666666667,3,0.8650331668498413,0.08965971266203668,933333.3333333334,83682.39848456757,6,7.0
4,3,Shandi Finnessey,Brian Fortuna,Beauty Pageant,Model,Missouri,United States,28,26-35,21.0,7.0,3,0.45294382143736744,0.07636027868730208,933333.3333333334,71269.59344148195,10,3.0
4,3,Clyde Drexler,Elena Grinenko,Athlete,Sports,Louisiana,United States,44,36-45,16.0,5.333333333333333,3,0.6729559746263792,0.07235083804634403,933333.3333333334,67527.44884325443,8,5.0
4,4,Joey Fatone,Kym Johnson,Singer/Rapper,Entertainment,New York,United States,30,26-35,28.0,9.333333333333334,3,0.9775526858275488,0.13430659858251162,1000000.0,134306.59858251162,2,
4,4,Apolo Anton Ohno,Julianne Hough,Athlete,Sports,Washington,United States,24,≤25,26.0,8.666666666666666,3,0.9768295319100898,0.12939658493196288,1000000.0,129396.58493196288,1,
4,4,Ian Ziering,Cheryl Burke,Actor/Actress,Entertainment,New Jersey,United States,42,36-45,24.0,8.0,3,0.976448844167108,0.1236453779162675,1000000.0,123645.37791626749,4,9.0
4,4,Heather Mills,Jonathan Roberts,Model,Model,Unknown,England,39,36-45,23.0,7.666666666666667,3,0.9650661503093204,0.11988787600452307,1000000.0,119887.87600452307,7,6.0
4,4,Billy Ray Cyrus,Karina Smirnoff,Singer/Rapper,Entertainment,Kentucky,United States,45,36-45,21.0,7.0,3,0.9751287948161905,0.11426247549877483,1000000.0,114262.47549877483,5,8.0
4,4,Laila Ali,Maksim Chmerkoskiy,Athlete,Sports,Florida,United States,29,26-35,21.0,7.0,3,0.9734832930634669,0.11416850460953956,1000000.0,114168.50460953957,3,
4,4,Leeza Gibbons,Tony Dovolani,TV Personality,Media,South Carolina,United States,50,46-55,16.0,5.333333333333333,3,0.7126110709486465,0.08869007898819728,1000000.0,88690.07898819727,9,4.0
4,4,John Ratzenberger,Edyta Sliwinska,Actor/Actress,Entertainment,Connecticut,United States,59,>55,16.0,5.333333333333333,3,0.6965351590332506,0.08798004945530088,1000000.0,87980.04945530089,6,7.0
4,4,Clyde Drexler,Elena Grinenko,Athlete,Sports,Louisiana,United States,44,36-45,15.0,5.0,3,0.7274205553277131,0.08766245401292226,1000000.0,87662.45401292226,8,5.0
4,5,Apolo Anton Ohno,Julianne Hough,Athlete,Sports,Washington,United States,24,≤25,30.0,10.0,3,0.9812940383643578,0.15283853694216998,1066666.6666666667,163027.77273831464,1,
4,5,Laila Ali,Maksim Chmerkoskiy,Athlete,Sports,Florida,United States,29,26-35,28.0,9.333333333333334,3,0.9812940383643578,0.14824196442159016,1066666.6666666667,158124.76204969618,3,
4,5,Joey Fatone,Kym Johnson,Singer/Rapper,Entertainment,New York,United States,30,26-35,25.0,8.333333333333334,3,0.9796805340343315,0.1401119740685745,1066666.6666666667,149452.77233981283,2,
4,5,Ian Ziering,Cheryl Burke,Actor/Actress,Entertainment,New Jersey,United States,42,36-45,24.0,8.0,3,0.984135950024806,0.1375682734899774,1066666.6666666667,146739.4917226426,4,9.0
4,5,Heather Mills,Jonathan Roberts,Model,Model,Unknown,England,39,36-45,21.0,7.0,3,0.7753845071505334,0.116237377980006,1066666.6666666667,123986.53651200641,7,6.0
4,5,John Ratzenberger,Edyta Sliwinska,Actor/Actress,Entertainment,Connecticut,United States,59,>55,18.0,6.0,3,0.847421589713149,0.11332586005641015,1066666.6666666667,120880.91739350418,6,7.0
4,5,Billy Ray Cyrus,Karina Smirnoff,Singer/Rapper,Entertainment,Kentucky,United States,45,36-45,17.0,5.666666666666667,3,0.8580400139420192,0.11183112973366917,1066666.6666666667,119286.53838258046,5,8.0
4,5,Clyde Drexler,Elena Grinenko,Athlete,Sports,Louisiana,United States,44,36-45,13.0,4.333333333333333,3,0.30625305025809446,0.07984488330760264,1066666.6666666667,85167.8755281095,8,5.0
4,6,Laila Ali,Maksim Chmerkoskiy,Athlete,Sports,Florida,United States,29,26-35,28.0,9.333333333333334,3,0.9756926216429107,0.17382698522884937,1133333.3333333333,197003.91659269595,3,
4,6,Apolo Anton Ohno,Julianne Hough,Athlete,Sports,Washington,United States,24,≤25,28.0,9.333333333333334,3,0.9702981140899585,0.17335876147949308,1133333.3333333333,196473.26301009214,1,
4,6,Joey Fatone,Kym Johnson,Singer/Rapper,Entertainment,New York,United States,30,26-35,27.0,9.0,3,0.9669360195550326,0.16814134284365953,1133333.3333333333,190560.18855614745,2,
4,6,Ian Ziering,Cheryl Burke,Actor/Actress,Entertainment,New Jersey,United States,42,36-45,24.0,8.0,3,0.9690170571934188,0.15209439668924365,1133333.3333333333,172373.6495811428,4,9.0
4,6,Billy Ray Cyrus,Karina Smirnoff,Singer/Rapper,Entertainment,Kentucky,United States,45,36-45,21.0,7.0,3,0.7368639321678676,0.12276719610648197,1133333.3333333333,139136.15558734623,5,8.0
4,6,Heather Mills,Jonathan Roberts,Model,Model,Unknown,England,39,36-45,23.0,7.666666666666667,3,0.31726509132920677,0.10604413958528366,1133333.3333333333,120183.35819665481,7,6.0
4,6,John Ratzenberger,Edyta Sliwinska,Actor/Actress,Entertainment,Connecticut,United States,59,>55,19.0,6.333333333333333,3,0.5003732835088964,0.10376717806698878,1133333.3333333333,117602.80180925394,6,7.0
4,7,Joey Fatone,Kym Johnson,Singer/Rapper,Entertainment,New York,United States,30,26-35,29.5,9.833333333333334,3,0.9606838831415443,0.19436815759695056,1200000.0,233241.78911634066,2,
4,7,Laila Ali,Maksim Chmerkoskiy,Athlete,Sports,Florida,United States,29,26-35,29.5,9.833333333333334,3,0.9576896302130125,0.19407738160293134,1200000.0,232892.85792351761,3,
4,7,Apolo Anton Ohno,Julianne Hough,Athlete,Sports,Washington,United States,24,≤25,27.0,9.0,3,0.9337573556207178,0.1791493205432363,1200000.0,214979.18465188355,1,
4,7,Ian Ziering,Cheryl Burke,Actor/Actress,Entertainment,New Jersey,United States,42,36-45,27.0,9.0,3,0.9122750080447911,0.17723534413559777,1200000.0,212682.41296271732,4,9.0
4,7,John Ratzenberger,Edyta Sliwinska,Actor/Actress,Entertainment,Connecticut,United States,59,>55,22.5,7.5,3,0.5917600297602023,0.1326287463039416,1200000.0,159154.49556472994,6,7.0
4,7,Billy Ray Cyrus,Karina Smirnoff,Singer/Rapper,Entertainment,Kentucky,United States,45,36-45,19.0,6.333333333333333,3,0.5824779454932133,0.12254104981734242,1200000.0,147049.25978081088,5,8.0
4,8,Apolo Anton Ohno,Julianne Hough,Athlete,Sports,Washington,United States,24,≤25,29.0,9.666666666666666,3,0.9509679714267778,0.2361337499028154,1266666.6666666665,299102.74987689947,1,
4,8,Joey Fatone,Kym Johnson,Singer/Rapper,Entertainment,New York,United States,30,26-35,27.5,9.166666666666666,3,0.9570166025831067,0.2274437528168619,1266666.6666666665,288095.4202346917,2,
4,8,Laila Ali,Maksim Chmerkoskiy,Athlete,Sports,Florida,United States,29,26-35,26.5,8.833333333333334,3,0.9303106702741115,0.21784002017627777,1266666.6666666665,275930.69222328515,3,
4,8,Ian Ziering,Cheryl Burke,Actor/Actress,Entertainment,New Jersey,United States,42,36-45,23.5,7.833333333333333,3,0.7441192260663088,0.18074363861322462,1266666.6666666665,228941.9422434178,4,9.0
4,8,Billy Ray Cyrus,Karina Smirnoff,Singer/Rapper,Entertainment,Kentucky,United States,45,36-45,19.0,6.333333333333333,3,0.426022358797855,0.13783883849082032,1266666.6666666665,174595.86208837238,5,8.0
4,9,Joey Fatone,Kym Johnson,Singer/Rapper,Entertainment,New York,United States,30,26-35,30.0,10.0,3,0.9283539400743828,0.2921320322339104,1333333.3333333335,389509.37631188054,2,
4,9,Laila Ali,Maksim Chmerkoskiy,Athlete,Sports,Florida,United States,29,26-35,30.0,10.0,3,0.9281365933978584,0.292100286995716,1333333.3333333335,389467.04932762135,3,
4,9,Apolo Anton Ohno,Julianne Hough,Athlete,Sports,Washington,United States,24,≤25,29.5,9.833333333333334,3,0.7506024837835883,0.23572691585505978,1333333.3333333335,314302.5544734131,1,
4,9,Ian Ziering,Cheryl Burke,Actor/Actress,Entertainment,New Jersey,United States,42,36-45,29.0,9.666666666666666,3,0.4334833476510831,0.18004076491531387,1333333.3333333335,240054.35322041853,4,9.0
4,10,Apolo Anton Ohno,Julianne Hough,Athlete,Sports,Washington,United States,24,≤25,29.3332,9.777733333333334,3,0.9610957589894028,0.4080879799770542,1400000.0,571323.1719678759,1,
4,10,Joey Fatone,Kym Johnson,Singer/Rapper,Entertainment,New York,United States,30,26-35,28.6665,9.5555,3,0.745301264899147,0.3148562256797615,1400000.0,440798.7159516661,2,
4,10,Laila Ali,Maksim Chmerkoskiy,Athlete,Sports,Florida,United States,29,26-35,28.333200000000005,9.444400000000002,3,0.6404944855536397,0.2770557943431844,1400000.0,387878.11208045814,3,
5,1,Sabrina Bryan,Mark Ballas,Actor/Actress,Entertainment,California,United States,23,≤25,26.0,8.666666666666666,3,0.9843771455847481,0.10019174551366229,800000.0,80153.39641092984,7,6.0
5,1,Helio Castroneves,Julianne Hough,Racing Driver,Sports,Unknown,Brazil,32,26-35,25.0,8.333333333333334,3,0.9878817420925297,0.09767643544625439,800000.0,78141.1483570035,1,
5,1,Mel B,Maksim Chmerkoskiy,Singer/Rapper,Entertainment,Unknown,England,32,26-35,24.0,8.0,3,0.9878817420925297,0.09453718499399145,800000.0,75629.74799519316,2,
5,1,Jane Seymour,Tony Dovolani,Actor/Actress,Entertainment,Unknown,England,56,>55,24.0,8.0,3,0.9869779087695494,0.09449447171710999,800000.0,75595.577373688,6,7.0
5,1,Marie Osmond,Jonathan Roberts,Singer/Rapper,Entertainment,Utah,United States,47,46-55,21.0,7.0,3,0.9828976721669338,0.08355017277950114,800000.0,66840.13822360091,3,
5,1,Mark Cuban,Kym Johnson,TV Personality,Media,Pennsylvania,United States,49,46-55,21.0,7.0,3,0.9820988153151374,0.08351680712954242,800000.0,66813.44570363393,8,5.0
5,1,Jennie Garth,Derek Hough,Actor/Actress,Entertainment,Illinois,United States,35,26-35,21.0,7.0,3,0.981622406263568,0.08349691541734706,800000.0,66797.53233387765,4,9.0
5,1,Cameron Mathison,Edyta Sliwinska,Actor/Actress,Entertainment,Unknown,Canada,38,36-45,21.0,7.0,3,0.981330942671193,0.08348474814848768,800000.0,66787.79851879014,5,8.0
5,1,Albert Reed,Anna Trebunskaya,Model,Model,Florida,United States,22,≤25,21.0,7.0,3,0.9691868424762536,0.08297936049771634,800000.0,66383.48839817307,11,2.0
5,1,Wayne Newton,Cheryl Burke,Singer/Rapper,Entertainment,Virginia,United States,65,>55,19.0,6.333333333333333,3,0.945963319452242,0.07573772893231111,800000.0,60590.18314584889,10,3.0
5,1,Floyd Mayweather Jr.,Karina Smirnoff,Athlete,Sports,Michigan,United States,30,26-35,18.0,6.0,3,0.9088622314180997,0.07189309260206411,800000.0,57514.47408165129,9,4.0
5,1,Josie Maran,Alec Mazo,Model,Model,California,United States,29,26-35,16.0,5.333333333333333,3,0.22072739885565962,0.048441336822011946,800000.0,38753.069457609556,12,1.0
5,2,Helio Castroneves,Julianne Hough,Racing Driver,Sports,Unknown,Brazil,32,26-35,27.0,9.0,3,0.9788166594556993,0.11002432869570851,866666.6666666667,95354.41820294739,1,
5,2,Sabrina Bryan,Mark Ballas,Actor/Actress,Entertainment,California,United States,23,≤25,26.0,8.666666666666666,3,0.9853789709335637,0.10788413778017186,866666.6666666667,93499.58607614896,7,6.0
5,2,Marie Osmond,Jonathan Roberts,Singer/Rapper,Entertainment,Utah,United States,47,46-55,24.0,8.0,3,0.9794851483430638,0.10149498834880337,866666.6666666667,87962.32323562959,3,
5,2,Mel B,Maksim Chmerkoskiy,Singer/Rapper,Entertainment,Unknown,England,32,26-35,23.0,7.666666666666667,3,0.9785415324126765,0.09803424547854044,866666.6666666667,84963.01274806839,2,
5,2,Jennie Garth,Derek Hough,Actor/Actress,Entertainment,Illinois,United States,35,26-35,21.0,7.0,3,0.9543374956319689,0.09002497985544358,866666.6666666667,78021.64920805111,4,9.0
5,2,Cameron Mathison,Edyta Sliwinska,Actor/Actress,Entertainment,Unknown,Canada,38,36-45,21.0,7.0,3,0.9536337406065185,0.089993307662142,866666.6666666667,77994.1999738564,5,8.0
5,2,Jane Seymour,Tony Dovolani,Actor/Actress,Entertainment,Unknown,England,56,>55,21.0,7.0,3,0.932256711646905,0.0890365352368725,866666.6666666667,77164.9972052895,6,7.0
5,2,Floyd Mayweather Jr.,Karina Smirnoff,Athlete,Sports,Michigan,United States,30,26-35,21.0,7.0,3,0.8946543229964531,0.087378180411501,866666.6666666667,75727.7563566342,9,4.0
5,2,Albert Reed,Anna Trebunskaya,Model,Model,Florida,United States,22,≤25,21.0,7.0,3,0.7459773737836142,0.08111818171570959,866666.6666666667,70302.42415361498,11,2.0
5,2,Mark Cuban,Kym Johnson,TV Personality,Media,Pennsylvania,United States,49,46-55,18.0,6.0,3,0.7858372596768226,0.0749298203208642,866666.6666666667,64939.17761141565,8,5.0
5,2,Wayne Newton,Cheryl Burke,Singer/Rapper,Entertainment,Virginia,United States,65,>55,15.0,5.0,3,0.7832300048671507,0.07008129449424305,866666.6666666667,60737.12189501065,10,3.0
5,3,Sabrina Bryan,Mark Ballas,Actor/Actress,Entertainment,California,United States,23,≤25,27.0,9.0,3,0.9838383238668285,0.11503461934600782,933333.3333333334,107365.64472294065,7,6.0
5,3,Jane Seymour,Tony Dovolani,Actor/Actress,Entertainment,Unknown,England,56,>55,27.0,9.0,3,0.9811694743678502,0.11488121667782653,933333.3333333334,107222.46889930476,6,7.0
5,3,Mel B,Maksim Chmerkoskiy,Singer/Rapper,Entertainment,Unknown,England,32,26-35,27.0,9.0,3,0.9782790778669553,0.11471531045704039,933333.3333333334,107067.62309323771,2,
5,3,Jennie Garth,Derek Hough,Actor/Actress,Entertainment,Illinois,United States,35,26-35,26.0,8.666666666666666,3,0.9812284638709676,0.11119381085769861,933333.3333333334,103780.89013385204,4,9.0
5,3,Marie Osmond,Jonathan Roberts,Singer/Rapper,Entertainment,Utah,United States,47,46-55,26.0,8.666666666666666,3,0.9790312614367253,0.11107172027846296,933333.3333333334,103666.93892656543,3,
5,3,Helio Castroneves,Julianne Hough,Racing Driver,Sports,Unknown,Brazil,32,26-35,24.0,8.0,3,0.9697014828173347,0.10271353890052269,933333.3333333334,95865.96964048785,1,
5,3,Cameron Mathison,Edyta Sliwinska,Actor/Actress,Entertainment,Unknown,Canada,38,36-45,23.0,7.666666666666667,3,0.8818141477786645,0.09464364997287644,933333.3333333334,88334.07330801802,5,8.0
5,3,Floyd Mayweather Jr.,Karina Smirnoff,Athlete,Sports,Michigan,United States,30,26-35,21.0,7.0,3,0.9000249405548691,0.08907611356957504,933333.3333333334,83137.70599827004,9,4.0
5,3,Mark Cuban,Kym Johnson,TV Personality,Media,Pennsylvania,United States,49,46-55,20.0,6.666666666666667,3,0.7161025297084302,0.07889302583003216,933333.3333333334,73633.49077469668,8,5.0
5,3,Wayne Newton,Cheryl Burke,Singer/Rapper,Entertainment,Virginia,United States,65,>55,18.0,6.0,3,0.5037939257516019,0.06777699410995727,933333.3333333334,63258.52783596012,10,3.0
5,4,Sabrina Bryan,Mark Ballas,Actor/Actress,Entertainment,California,United States,23,≤25,30.0,10.0,3,0.9738589258684418,0.13548607845029395,1000000.0,135486.07845029395,7,6.0
5,4,Cameron Mathison,Edyta Sliwinska,Actor/Actress,Entertainment,Unknown,Canada,38,36-45,27.0,9.0,3,0.9809308738313149,0.12051559412986237,1000000.0,120515.59412986238,5,8.0
5,4,Jennie Garth,Derek Hough,Actor/Actress,Entertainment,Illinois,United States,35,26-35,27.0,9.0,3,0.9803979686977105,0.1204834867182079,1000000.0,120483.4867182079,4,9.0
5,4,Helio Castroneves,Julianne Hough,Racing Driver,Sports,Unknown,Brazil,32,26-35,27.0,9.0,3,0.9751995896545083,0.12017073392996319,1000000.0,120170.73392996319,1,
5,4,Jane Seymour,Tony Dovolani,Actor/Actress,Entertainment,Unknown,England,56,>55,26.0,8.666666666666666,3,0.9696509489769639,0.11370781994520741,1000000.0,113707.81994520742,6,7.0
5,4,Mel B,Maksim Chmerkoskiy,Singer/Rapper,Entertainment,Unknown,England,32,26-35,26.0,8.666666666666666,3,0.9650554823945644,0.1134468496367502,1000000.0,113446.8496367502,2,
5,4,Marie Osmond,Jonathan Roberts,Singer/Rapper,Entertainment,Utah,United States,47,46-55,26.0,8.666666666666666,3,0.951174559468839,0.11266220220609376,1000000.0,112662.20220609376,3,
5,4,Floyd Mayweather Jr.,Karina Smirnoff,Athlete,Sports,Michigan,United States,30,26-35,23.0,7.666666666666667,3,0.6914336988338937,0.0859156843125625,1000000.0,85915.6843125625,9,4.0
5,4,Mark Cuban,Kym Johnson,TV Personality,Media,Pennsylvania,United States,49,46-55,22.0,7.333333333333333,3,0.5520845863954436,0.07761155067105872,1000000.0,77611.55067105872,8,5.0
5,5,Mel B,Maksim Chmerkoskiy,Singer/Rapper,Entertainment,Unknown,England,32,26-35,29.0,9.666666666666666,3,0.9763970964826547,0.14828383704565556,1066666.6666666667,158169.42618203262,2,
5,5,Sabrina Bryan,Mark Ballas,Actor/Actress,Entertainment,California,United States,23,≤25,28.0,9.333333333333334,3,0.9758770138926544,0.14393334526545812,1066666.6666666667,153528.90161648867,7,6.0
5,5,Jane Seymour,Tony Dovolani,Actor/Actress,Entertainment,Unknown,England,56,>55,26.0,8.666666666666666,3,0.984135950024806,0.13431295717419856,1066666.6666666667,143267.15431914513,6,7.0
5,5,Cameron Mathison,Edyta Sliwinska,Actor/Actress,Entertainment,Unknown,Canada,38,36-45,26.0,8.666666666666666,3,0.9777192186393753,0.13388272263423812,1066666.6666666667,142808.23747652068,5,8.0
5,5,Jennie Garth,Derek Hough,Actor/Actress,Entertainment,Illinois,United States,35,26-35,25.0,8.333333333333334,3,0.9632093313243457,0.12755450331283164,1066666.6666666667,136058.13686702042,4,9.0
5,5,Helio Castroneves,Julianne Hough,Racing Driver,Sports,Unknown,Brazil,32,26-35,23.0,7.666666666666667,3,0.9065054805539715,0.11434625148452951,1066666.6666666667,121969.33491683149,1,
5,5,Marie Osmond,Jonathan Roberts,Singer/Rapper,Entertainment,Utah,United States,47,46-55,21.0,7.0,3,0.8396170992830393,0.10346277002729261,1066666.6666666667,110360.28802911213,3,
5,5,Mark Cuban,Kym Johnson,TV Personality,Media,Pennsylvania,United States,49,46-55,21.0,7.0,3,0.6525350621611248,0.09422361305579577,1066666.6666666667,100505.1872595155,8,5.0
5,6,Mel B,Maksim Chmerkoskiy,Singer/Rapper,Entertainment,Unknown,England,32,26-35,30.0,10.0,3,0.9675281775950755,0.1730615542249206,1133333.3333333333,196136.42812157667,2,
5,6,Helio Castroneves,Julianne Hough,Racing Driver,Sports,Unknown,Brazil,32,26-35,28.0,9.333333333333334,3,0.9678564593890158,0.16232419459142766,1133333.3333333333,183967.42053695134,1,
5,6,Jennie Garth,Derek Hough,Actor/Actress,Entertainment,Illinois,United States,35,26-35,27.0,9.0,3,0.9621942126163079,0.15548968365421412,1133333.3333333333,176221.641474776,4,9.0
5,6,Sabrina Bryan,Mark Ballas,Actor/Actress,Entertainment,California,United States,23,≤25,25.0,8.333333333333334,3,0.8994464663176533,0.1380245783546848,1133333.3333333333,156427.85546864275,7,6.0
5,6,Cameron Mathison,Edyta Sliwinska,Actor/Actress,Entertainment,Unknown,Canada,38,36-45,25.0,8.333333333333334,3,0.8897923184380419,0.13735992895591484,1133333.3333333333,155674.5861500368,5,8.0
5,6,Marie Osmond,Jonathan Roberts,Singer/Rapper,Entertainment,Utah,United States,47,46-55,23.0,7.666666666666667,3,0.7618803105538849,0.11888232622451181,1133333.3333333333,134733.3030544467,3,
5,6,Jane Seymour,Tony Dovolani,Actor/Actress,Entertainment,Unknown,England,56,>55,22.0,7.333333333333333,3,0.7581593988233427,0.11485773399432601,1133333.3333333333,130172.0985269028,6,7.0
5,7,Mel B,Maksim Chmerkoskiy,Singer/Rapper,Entertainment,Unknown,England,32,26-35,27.0,9.0,3,0.9659831396007578,0.20269273420475914,1200000.0,243231.28104571096,2,
5,7,Jennie Garth,Derek Hough,Actor/Actress,Entertainment,Illinois,United States,35,26-35,26.5,8.833333333333334,3,0.9590519497284848,0.1888383855275063,1200000.0,226606.06263300753,4,9.0
5,7,Helio Castroneves,Julianne Hough,Racing Driver,Sports,Unknown,Brazil,32,26-35,26.0,8.666666666666666,3,0.9362968180552488,0.17150856477216295,1200000.0,205810.27772659552,1,
5,7,Marie Osmond,Jonathan Roberts,Singer/Rapper,Entertainment,Utah,United States,47,46-55,26.0,8.666666666666666,3,0.9255491121916395,0.17058937497597484,1200000.0,204707.2499711698,3,
5,7,Cameron Mathison,Edyta Sliwinska,Actor/Actress,Entertainment,Unknown,Canada,38,36-45,25.5,8.5,3,0.8172087628584958,0.1484440921415743,1200000.0,178132.91056988918,5,8.0
5,7,Jane Seymour,Tony Dovolani,Actor/Actress,Entertainment,Unknown,England,56,>55,25.0,8.333333333333334,3,0.4915890955800823,0.11792684837802249,1200000.0,141512.21805362697,6,7.0
5,8,Helio Castroneves,Julianne Hough,Racing Driver,Sports,Unknown,Brazil,32,26-35,28.5,9.5,3,0.9540993585172788,0.24266059777295806,1266666.6666666665,307370.09051241353,1,
5,8,Mel B,Maksim Chmerkoskiy,Singer/Rapper,Entertainment,Unknown,England,32,26-35,28.0,9.333333333333334,3,0.9550509854607389,0.2365289033528577,1266666.6666666665,299603.2775802864,2,
5,8,Cameron Mathison,Edyta Sliwinska,Actor/Actress,Entertainment,Unknown,Canada,38,36-45,25.5,8.5,3,0.8211207600042789,0.18798406942032334,1266666.6666666665,238113.1545990762,5,8.0
5,8,Jennie Garth,Derek Hough,Actor/Actress,Entertainment,Illinois,United States,35,26-35,25.0,8.333333333333334,3,0.6837233712535092,0.17005332899965178,1266666.6666666665,215400.8833995589,4,9.0
5,8,Marie Osmond,Jonathan Roberts,Singer/Rapper,Entertainment,Utah,United States,47,46-55,24.5,8.166666666666666,3,0.6536868422561902,0.16277310045420915,1266666.6666666665,206179.26057533157,3,
5,9,Helio Castroneves,Julianne Hough,Racing Driver,Sports,Unknown,Brazil,32,26-35,30.0,10.0,3,0.9295867641763383,0.29616771968143507,1333333.3333333335,394890.29290858016,1,
5,9,Mel B,Maksim Chmerkoskiy,Singer/Rapper,Entertainment,Unknown,England,32,26-35,30.0,10.0,3,0.9283539400743828,0.29598521458486204,1333333.3333333335,394646.9527798161,2,
5,9,Jennie Garth,Derek Hough,Actor/Actress,Entertainment,Illinois,United States,35,26-35,29.0,9.666666666666666,3,0.6463095854360448,0.22670082274671113,1333333.3333333335,302267.76366228156,4,9.0
5,9,Marie Osmond,Jonathan Roberts,Singer/Rapper,Entertainment,Utah,United States,47,46-55,28.0,9.333333333333334,3,0.4195188341351066,0.18114624298699178,1333333.3333333335,241528.32398265574,3,
5,10,Mel B,Maksim Chmerkoskiy,Singer/Rapper,Entertainment,Unknown,England,32,26-35,28.3332,9.4444,3,0.9360219283326623,0.37900828894972155,1400000.0,530611.6045296101,2,
5,10,Helio Castroneves,Julianne Hough,Racing Driver,Sports,Unknown,Brazil,32,26-35,27.999900000000004,9.3333,3,0.8858427395240019,0.3648998493498616,1400000.0,510859.7890898062,1,
5,10,Marie Osmond,Jonathan Roberts,Singer/Rapper,Entertainment,Utah,United States,47,46-55,23.0,7.666666666666667,3,0.5650144447903301,0.25609186170041687,1400000.0,358528.6063805836,3,
6,1,Kristi Yamaguchi,Mark Ballas,Athlete,Sports,California,United States,36,36-45,27.0,9.0,3,0.9841286650108646,0.10055197132160751,800000.0,80441.577057286,1,
6,1,Mario,Karina Smirnoff,Singer/Rapper,Entertainment,Maryland,United States,21,≤25,24.0,8.0,3,0.9878817420925297,0.09457382979907003,800000.0,75659.06383925602,5,8.0
6,1,Priscilla Presley,Louis van Amstel,Actor/Actress,Entertainment,New York,United States,62,>55,24.0,8.0,3,0.9800003505182429,0.09420187646521576,800000.0,75361.5011721726,8,5.0
6,1,Jason Taylor,Edyta Sliwinska,Athlete,Sports,Pennsylvania,United States,33,26-35,22.0,7.333333333333333,3,0.9873279028057048,0.08931420957235515,800000.0,71451.36765788413,2,
6,1,Marlee Matlin,Fabian Sanchez,Actor/Actress,Entertainment,Illinois,United States,42,36-45,22.0,7.333333333333333,3,0.9863833310711029,0.08927203769280022,800000.0,71417.63015424018,7,6.0
6,1,Shannon Elizabeth,Derek Hough,Actor/Actress,Entertainment,Texas,United States,34,26-35,21.0,7.0,3,0.9874700262366312,0.08655286882616957,800000.0,69242.29506093565,6,7.0
6,1,Cristian de la Fuente,Cheryl Burke,Actor/Actress,Entertainment,Unknown,Chile,34,26-35,21.0,7.0,3,0.9873279028057048,0.08654671844936329,800000.0,69237.37475949063,3,
6,1,Marissa Jaret Winokur,Tony Dovolani,Actor/Actress,Entertainment,New York,United States,35,26-35,18.0,6.0,3,0.9454270146565944,0.07707302869003142,800000.0,61658.42295202514,4,9.0
6,1,Steve Guttenberg,Anna Trebunskaya,Actor/Actress,Entertainment,New York,United States,49,46-55,18.0,6.0,3,0.9395976560385871,0.07684871259157548,800000.0,61478.97007326039,10,3.0
6,1,Penn Jillette,Kym Johnson,Magician,Entertainment,Massachusetts,United States,53,46-55,16.0,5.333333333333333,3,0.9383744519176657,0.0727410865975931,800000.0,58192.869278074475,12,2.0
6,1,Monica Seles,Jonathan Roberts,Athlete,Sports,Unknown,Yugoslavia,34,26-35,15.0,5.0,3,0.8209715583542903,0.06705758998822783,800000.0,53646.07199058227,11,2.0
6,1,Adam Carolla,Julianne Hough,Radio Personality,Media,California,United States,43,36-45,15.0,5.0,3,0.766812552846174,0.06526607000599066,800000.0,52212.85600479253,9,4.0
6,2,Kristi Yamaguchi,Mark Ballas,Athlete,Sports,California,United States,36,36-45,27.0,9.0,3,0.985146183895891,0.10017702486036824,866666.6666666667,86820.08821231914,1,
6,2,Jason Taylor,Edyta Sliwinska,Athlete,Sports,Pennsylvania,United States,33,26-35,27.0,9.0,3,0.9828500681822531,0.1000620818331522,866666.6666666667,86720.47092206524,2,
6,2,Mario,Karina Smirnoff,Singer/Rapper,Entertainment,Maryland,United States,21,≤25,26.0,8.666666666666666,3,0.9788166594556993,0.09778128656054341,866666.6666666667,84743.7816858043,5,8.0
6,2,Shannon Elizabeth,Derek Hough,Actor/Actress,Entertainment,Texas,United States,34,26-35,24.0,8.0,3,0.9782059843090625,0.093013102811808,866666.6666666667,80611.35577023361,6,7.0
6,2,Marlee Matlin,Fabian Sanchez,Actor/Actress,Entertainment,Illinois,United States,42,36-45,24.0,8.0,3,0.9756513358902007,0.09289437076959134,866666.6666666667,80508.45466697917,7,6.0
6,2,Priscilla Presley,Louis van Amstel,Actor/Actress,Entertainment,New York,United States,62,>55,21.0,7.0,3,0.9813900231914029,0.08541981039457001,866666.6666666667,74030.50234196069,8,5.0
6,2,Marissa Jaret Winokur,Tony Dovolani,Actor/Actress,Entertainment,New York,United States,35,26-35,21.0,7.0,3,0.9768950085004492,0.08522804432180969,866666.6666666667,73864.30507890174,4,9.0
6,2,Cristian de la Fuente,Cheryl Burke,Actor/Actress,Entertainment,Unknown,Chile,34,26-35,20.0,6.666666666666667,3,0.9179561028586039,0.08036258436086113,866666.6666666667,69647.57311274632,3,
6,2,Adam Carolla,Julianne Hough,Radio Personality,Media,California,United States,43,36-45,19.0,6.333333333333333,3,0.9008612424407907,0.07746466771878896,866666.6666666667,67136.04535628376,9,4.0
6,2,Steve Guttenberg,Anna Trebunskaya,Actor/Actress,Entertainment,New York,United States,49,46-55,16.0,5.333333333333333,3,0.7520940084216365,0.06691961143849269,866666.6666666667,57996.996580027,10,3.0
6,2,Penn Jillette,Kym Johnson,Magician,Entertainment,Massachusetts,United States,53,46-55,17.0,5.666666666666667,3,0.5652184662870398,0.062273907905420346,866666.6666666667,53970.72018469764,12,2.0
6,2,Monica Seles,Jonathan Roberts,Athlete,Sports,Unknown,Yugoslavia,34,26-35,15.0,5.0,3,0.517436660544155,0.058403507024593834,866666.6666666667,50616.37275464799,11,2.0
6,3,Kristi Yamaguchi,Mark Ballas,Athlete,Sports,California,United States,36,36-45,27.0,9.0,3,0.9848156045786323,0.12165718449147035,933333.3333333334,113546.70552537234,1,
6,3,Priscilla Presley,Louis van Amstel,Actor/Actress,Entertainment,New York,United States,62,>55,26.0,8.666666666666666,3,0.9640620176783744,0.11683401338944685,933333.3333333334,109045.07916348374,8,5.0
6,3,Cristian de la Fuente,Cheryl Burke,Actor/Actress,Entertainment,Unknown,Chile,34,26-35,25.0,8.333333333333334,3,0.9792881234104158,0.11345287405745694,933333.3333333334,105889.34912029315,3,
6,3,Shannon Elizabeth,Derek Hough,Actor/Actress,Entertainment,Texas,United States,34,26-35,24.0,8.0,3,0.9796684129843752,0.10870080824927553,933333.3333333334,101454.08769932383,6,7.0
6,3,Jason Taylor,Edyta Sliwinska,Athlete,Sports,Pennsylvania,United States,33,26-35,23.0,7.666666666666667,3,0.9815520214760831,0.10382860179530425,933333.3333333334,96906.69500895063,2,
6,3,Mario,Karina Smirnoff,Singer/Rapper,Entertainment,Maryland,United States,21,≤25,21.0,7.0,3,0.9145286278299732,0.09155271952403127,933333.3333333334,85449.20488909585,5,8.0
6,3,Marlee Matlin,Fabian Sanchez,Actor/Actress,Entertainment,Illinois,United States,42,36-45,21.0,7.0,3,0.9070554406264193,0.09121126255827808,933333.3333333334,85130.51172105955,7,6.0
6,3,Adam Carolla,Julianne Hough,Radio Personality,Media,California,United States,43,36-45,21.0,7.0,3,0.8674333017648354,0.08942205151350166,933333.3333333334,83460.58141260155,9,4.0
6,3,Steve Guttenberg,Anna Trebunskaya,Actor/Actress,Entertainment,New York,United States,49,46-55,21.0,7.0,3,0.8499858233326856,0.08864534965397974,933333.3333333334,82735.65967704776,10,3.0
6,3,Marissa Jaret Winokur,Tony Dovolani,Actor/Actress,Entertainment,New York,United States,35,26-35,19.0,6.333333333333333,3,0.6523834909310535,0.07469513476725534,933333.3333333334,69715.45911610499,4,9.0
6,4,Jason Taylor,Edyta Sliwinska,Athlete,Sports,Pennsylvania,United States,33,26-35,29.0,9.666666666666666,3,0.9812940383643578,0.13133290121851354,1000000.0,131332.90121851355,2,
6,4,Kristi Yamaguchi,Mark Ballas,Athlete,Sports,California,United States,36,36-45,29.0,9.666666666666666,3,0.9716868582216176,0.13070354459396505,1000000.0,130703.54459396505,1,
6,4,Shannon Elizabeth,Derek Hough,Actor/Actress,Entertainment,Texas,United States,34,26-35,28.0,9.333333333333334,3,0.9778019779540976,0.12739476014091206,1000000.0,127394.76014091205,6,7.0
6,4,Cristian de la Fuente,Cheryl Burke,Actor/Actress,Entertainment,Unknown,Chile,34,26-35,26.0,8.666666666666666,3,0.9816284715951523,0.11925887635777292,1000000.0,119258.87635777293,3,
6,4,Marissa Jaret Winokur,Tony Dovolani,Actor/Actress,Entertainment,New York,United States,35,26-35,24.0,8.0,3,0.8970783127448403,0.10616910305512868,1000000.0,106169.10305512868,4,9.0
6,4,Mario,Karina Smirnoff,Singer/Rapper,Entertainment,Maryland,United States,21,≤25,24.0,8.0,3,0.8908146380941394,0.10583711882703307,1000000.0,105837.11882703307,5,8.0
6,4,Marlee Matlin,Fabian Sanchez,Actor/Actress,Entertainment,Illinois,United States,42,36-45,24.0,8.0,3,0.8869419200642401,0.105632378457279,1000000.0,105632.378457279,7,6.0
6,4,Priscilla Presley,Louis van Amstel,Actor/Actress,Entertainment,New York,United States,62,>55,22.0,7.333333333333333,3,0.8651293019991669,0.09762673024330054,1000000.0,97626.73024330054,8,5.0
6,4,Adam Carolla,Julianne Hough,Radio Personality,Media,California,United States,43,36-45,19.0,6.333333333333333,3,0.5124501398986147,0.07604458710609509,1000000.0,76044.58710609509,9,4.0
6,5,Kristi Yamaguchi,Mark Ballas,Athlete,Sports,California,United States,36,36-45,29.0,9.666666666666666,3,0.9737849571294549,0.15054424500239547,1066666.6666666667,160580.52800255516,1,
6,5,Jason Taylor,Edyta Sliwinska,Athlete,Sports,Pennsylvania,United States,33,26-35,27.0,9.0,3,0.9829062502259845,0.1422026492094149,1066666.6666666667,151682.8258233759,2,
6,5,Mario,Karina Smirnoff,Singer/Rapper,Entertainment,Maryland,United States,21,≤25,27.0,9.0,3,0.9812940383643578,0.14208806500021992,1066666.6666666667,151560.60266690125,5,8.0
6,5,Marissa Jaret Winokur,Tony Dovolani,Actor/Actress,Entertainment,New York,United States,35,26-35,24.0,8.0,3,0.964958961281947,0.12426627200668003,1066666.6666666667,132550.6901404587,4,9.0
6,5,Shannon Elizabeth,Derek Hough,Actor/Actress,Entertainment,Texas,United States,34,26-35,23.0,7.666666666666667,3,0.9286915883039716,0.11692732704290168,1066666.6666666667,124722.48217909514,6,7.0
6,5,Cristian de la Fuente,Cheryl Burke,Actor/Actress,Entertainment,Unknown,Chile,34,26-35,23.0,7.666666666666667,3,0.9219434334972337,0.11653347001658826,1066666.6666666667,124302.36801769416,3,
6,5,Marlee Matlin,Fabian Sanchez,Actor/Actress,Entertainment,Illinois,United States,42,36-45,22.0,7.333333333333333,3,0.8865799630635441,0.11010821751840552,1066666.6666666667,117448.7653529659,7,6.0
6,5,Priscilla Presley,Louis van Amstel,Actor/Actress,Entertainment,New York,United States,62,>55,21.0,7.0,3,0.7073533123497301,0.09732975420339435,1066666.6666666667,103818.40448362064,8,5.0
6,6,Kristi Yamaguchi,Mark Ballas,Athlete,Sports,California,United States,36,36-45,30.0,10.0,3,0.975394916520294,0.17167722576963196,1133333.3333333333,194567.5225389162,1,
6,6,Mario,Karina Smirnoff,Singer/Rapper,Entertainment,Maryland,United States,21,≤25,28.0,9.333333333333334,3,0.9675281775950755,0.16062537397260793,1133333.3333333333,182042.09050228898,5,8.0
6,6,Cristian de la Fuente,Cheryl Burke,Actor/Actress,Entertainment,Unknown,Chile,34,26-35,27.0,9.0,3,0.9645238190077116,0.15436002775455396,1133333.3333333333,174941.36478849448,3,
6,6,Marissa Jaret Winokur,Tony Dovolani,Actor/Actress,Entertainment,New York,United States,35,26-35,26.0,8.666666666666666,3,0.9424813079760601,0.1465235864182805,1133333.3333333333,166060.06460738456,4,9.0
6,6,Jason Taylor,Edyta Sliwinska,Athlete,Sports,Pennsylvania,United States,33,26-35,24.0,8.0,3,0.9111198529201536,0.13290689829009655,1133333.3333333333,150627.8180621094,2,
6,6,Shannon Elizabeth,Derek Hough,Actor/Actress,Entertainment,Texas,United States,34,26-35,24.0,8.0,3,0.8704005884879421,0.13022832265442133,1133333.3333333333,147592.09900834417,6,7.0
6,6,Marlee Matlin,Fabian Sanchez,Actor/Actress,Entertainment,Illinois,United States,42,36-45,21.0,7.0,3,0.6037950526070917,0.1036785651404077,1133333.3333333333,117502.37382579538,7,6.0
6,7,Jason Taylor,Edyta Sliwinska,Athlete,Sports,Pennsylvania,United States,33,26-35,27.5,9.166666666666666,3,0.9594398385653027,0.1988448919785471,1200000.0,238613.8703742565,2,
6,7,Kristi Yamaguchi,Mark Ballas,Athlete,Sports,California,United States,36,36-45,27.0,9.0,3,0.9606064033258178,0.19271775428973562,1200000.0,231261.30514768272,1,
6,7,Marissa Jaret Winokur,Tony Dovolani,Actor/Actress,Entertainment,New York,United States,35,26-35,26.0,8.666666666666666,3,0.9590519497284848,0.1787284512444421,1200000.0,214474.1414933305,4,9.0
6,7,Mario,Karina Smirnoff,Singer/Rapper,Entertainment,Maryland,United States,21,≤25,25.5,8.5,3,0.7594657480075953,0.15546650467130735,1200000.0,186559.8056055688,5,8.0
6,7,Shannon Elizabeth,Derek Hough,Actor/Actress,Entertainment,Texas,United States,34,26-35,25.5,8.5,3,0.6560273374738467,0.147630288699693,1200000.0,177156.3464396316,6,7.0
6,7,Cristian de la Fuente,Cheryl Burke,Actor/Actress,Entertainment,Unknown,Chile,34,26-35,23.0,7.666666666666667,3,0.6609194587358754,0.12661210911627477,1200000.0,151934.5309395297,3,
6,8,Cristian de la Fuente,Cheryl Burke,Actor/Actress,Entertainment,Unknown,Chile,34,26-35,28.5,9.5,3,0.9626595204187646,0.24855121133938685,1266666.6666666665,314831.5343632233,3,
6,8,Kristi Yamaguchi,Mark Ballas,Athlete,Sports,California,United States,36,36-45,27.5,9.166666666666666,3,0.9501411728481849,0.22945404509962095,1266666.6666666665,290641.79045951983,1,
6,8,Jason Taylor,Edyta Sliwinska,Athlete,Sports,Pennsylvania,United States,33,26-35,26.0,8.666666666666666,3,0.7455169267992482,0.1809278290119668,1266666.6666666665,229175.25008182458,2,
6,8,Mario,Karina Smirnoff,Singer/Rapper,Entertainment,Maryland,United States,21,≤25,26.5,8.833333333333334,3,0.583348658478659,0.17449586851078178,1266666.6666666665,221028.1001136569,5,8.0
6,8,Marissa Jaret Winokur,Tony Dovolani,Actor/Actress,Entertainment,New York,United States,35,26-35,25.0,8.333333333333334,3,0.7321961069406661,0.16657104603824374,1266666.6666666665,210989.99164844205,4,9.0
6,9,Kristi Yamaguchi,Mark Ballas,Athlete,Sports,California,United States,36,36-45,28.5,9.5,3,0.9148723613198257,0.28800119203610947,1333333.3333333335,384001.5893814793,1,
6,9,Cristian de la Fuente,Cheryl Burke,Actor/Actress,Entertainment,Unknown,Chile,34,26-35,28.0,9.333333333333334,3,0.9565803780748633,0.27937571412031836,1333333.3333333335,372500.95216042455,3,
6,9,Jason Taylor,Edyta Sliwinska,Athlete,Sports,Pennsylvania,United States,33,26-35,27.5,9.166666666666666,3,0.8466098928169522,0.24981487215449827,1333333.3333333335,333086.4962059977,2,
6,9,Marissa Jaret Winokur,Tony Dovolani,Actor/Actress,Entertainment,New York,United States,35,26-35,26.0,8.666666666666666,3,0.5224343387308448,0.18280822168907393,1333333.3333333335,243744.29558543194,4,9.0
6,10,Kristi Yamaguchi,Mark Ballas,Athlete,Sports,California,United States,36,36-45,30.0,10.0,3,0.9239045572121775,0.39530956687757085,1400000.0,553433.3936285992,1,
6,10,Jason Taylor,Edyta Sliwinska,Athlete,Sports,Pennsylvania,United States,33,26-35,28.5,9.5,3,0.8466098928169522,0.34910572257401934,1400000.0,488748.01160362706,2,
6,10,Cristian de la Fuente,Cheryl Burke,Actor/Actress,Entertainment,Unknown,Chile,34,26-35,26.0,8.666666666666666,3,0.50913336682543,0.25558471054840987,1400000.0,357818.5947677738,3,
7,1,Brooke Burke,Derek Hough,TV Personality,Media,Connecticut,United States,37,36-45,24.5,8.166666666666666,3,0.9892201887806552,0.09386115580712565,800000.0,75088.92464570052,1,
7,1,Toni Braxton,Alec Mazo,Singer/Rapper,Entertainment,Maryland,United States,40,36-45,22.5,7.5,3,0.9899646875057714,0.08903734567936894,800000.0,71229.87654349515,8,5.0
7,1,Lance Bass,Lacey Schwimmer,Singer/Rapper,Entertainment,Mississippi,United States,29,26-35,21.5,7.166666666666667,3,0.9873279028057048,0.08600095617421599,800000.0,68800.76493937279,3,
7,1,Warren Sapp,Kym Johnson,Athlete,Sports,Florida,United States,35,26-35,21.5,7.166666666666667,3,0.9873279028057048,0.08600095617421599,800000.0,68800.76493937279,2,
7,1,Misty May-Treanor,Maksim Chmerkoskiy,Athlete,Sports,California,United States,31,26-35,21.0,7.0,3,0.9836657844914778,0.08430411143181862,800000.0,67443.2891454549,10,-1.0
7,1,Cody Linley,Julianne Hough,Actor/Actress,Entertainment,Texas,United States,18,≤25,20.5,6.833333333333333,3,0.9891670772956366,0.0829601039170764,800000.0,66368.08313366112,4,9.0
7,1,Maurice Greene,Cheryl Burke,Athlete,Sports,Kansas,United States,34,26-35,19.5,6.5,3,0.986708738797644,0.07969004072411814,800000.0,63752.032579294515,5,8.0
7,1,Susan Lucci,Tony Dovolani,Actor/Actress,Entertainment,New York,United States,61,>55,18.5,6.166666666666667,3,0.9609491979346365,0.07564536768289942,800000.0,60516.29414631954,6,7.0
7,1,Kim Kardashian,Mark Ballas,TV Personality,Media,California,United States,27,26-35,18.5,6.166666666666667,3,0.9554988970693261,0.07543950330952644,800000.0,60351.60264762115,11,2.0
7,1,Rocco DiSpirito,Karina Smirnoff,TV Personality,Media,New York,United States,41,36-45,17.5,5.833333333333333,3,0.9508277881010341,0.07249020781341099,800000.0,57992.16625072879,9,4.0
7,1,Cloris Leachman,Corky Ballas,Actor/Actress,Entertainment,Iowa,United States,82,>55,16.0,5.333333333333333,3,0.9268561413919081,0.06814138774519445,800000.0,54513.110196155554,7,6.0
7,1,Ted McGinley,Inna Brayer,Actor/Actress,Entertainment,California,United States,50,46-55,18.5,6.166666666666667,3,0.318580294555512,0.05486478771070878,800000.0,43891.83016856702,12,1.0
7,1,Jeffrey Ross,Edyta Sliwinska,Comedian,Entertainment,New Jersey,United States,43,36-45,12.0,4.0,3,0.5364702507824226,0.051564075830320154,800000.0,41251.26066425612,13,1.0
7,2,Brooke Burke,Derek Hough,TV Personality,Media,Connecticut,United States,37,36-45,24.0,8.0,3,0.9884862477197401,0.10688230979154346,866666.6666666667,92631.33515267102,1,
7,2,Warren Sapp,Kym Johnson,Athlete,Sports,Florida,United States,35,26-35,24.0,8.0,3,0.9787488930380859,0.10636319902854789,866666.6666666667,92181.43915807485,2,
7,2,Toni Braxton,Alec Mazo,Singer/Rapper,Entertainment,Maryland,United States,40,36-45,23.0,7.666666666666667,3,0.9884003581992833,0.10368856389865612,866666.6666666667,89863.42204550198,8,5.0
7,2,Cody Linley,Julianne Hough,Actor/Actress,Entertainment,Texas,United States,18,≤25,21.0,7.0,3,0.9884295624466288,0.09635554787614431,866666.6666666667,83508.14149265841,4,9.0
7,2,Misty May-Treanor,Maksim Chmerkoskiy,Athlete,Sports,California,United States,31,26-35,21.0,7.0,3,0.9847125178883046,0.09617663525174346,866666.6666666667,83353.08388484434,10,-1.0
7,2,Susan Lucci,Tony Dovolani,Actor/Actress,Entertainment,New York,United States,61,>55,21.0,7.0,3,0.9765455074839569,0.09578469824439906,866666.6666666667,83013.40514514585,6,7.0
7,2,Lance Bass,Lacey Schwimmer,Singer/Rapper,Entertainment,Mississippi,United States,29,26-35,20.0,6.666666666666667,3,0.9662179238655749,0.09152663303150481,866666.6666666667,79323.08196063752,3,
7,2,Maurice Greene,Cheryl Burke,Athlete,Sports,Kansas,United States,34,26-35,19.0,6.333333333333333,3,0.9521844707241699,0.0873126215176712,866666.6666666667,75670.93864864839,5,8.0
7,2,Rocco DiSpirito,Karina Smirnoff,TV Personality,Media,New York,United States,41,36-45,16.0,5.333333333333333,3,0.8017545485801288,0.07317398731922116,866666.6666666667,63417.45567665834,9,4.0
7,2,Kim Kardashian,Mark Ballas,TV Personality,Media,California,United States,27,26-35,17.0,5.666666666666667,3,0.7320071868175291,0.07277403185932305,866666.6666666667,63070.82761141331,11,2.0
7,2,Cloris Leachman,Corky Ballas,Actor/Actress,Entertainment,Iowa,United States,82,>55,15.0,5.0,3,0.7607078166940101,0.06996177218124566,866666.6666666667,60633.53589041291,7,6.0
7,3,Brooke Burke,Derek Hough,TV Personality,Media,Connecticut,United States,37,36-45,28.0,9.333333333333334,3,0.9799528656874577,0.13476643005397276,933333.3333333334,125782.00138370792,1,
7,3,Warren Sapp,Kym Johnson,Athlete,Sports,Florida,United States,35,26-35,25.0,8.333333333333334,3,0.9787405731521671,0.12498169152786429,933333.3333333334,116649.57875934,2,
7,3,Maurice Greene,Cheryl Burke,Athlete,Sports,Kansas,United States,34,26-35,24.0,8.0,3,0.9779611270620802,0.12090738551127414,933333.3333333334,112846.89314385586,5,8.0
7,3,Toni Braxton,Alec Mazo,Singer/Rapper,Entertainment,Maryland,United States,40,36-45,22.0,7.333333333333333,3,0.9877954696898867,0.11301828188668932,933333.3333333334,105483.72976091004,8,5.0
7,3,Lance Bass,Lacey Schwimmer,Singer/Rapper,Entertainment,Mississippi,United States,29,26-35,22.0,7.333333333333333,3,0.9757359358229054,0.11233885842878284,933333.3333333334,104849.60120019733,3,
7,3,Cody Linley,Julianne Hough,Actor/Actress,Entertainment,Texas,United States,18,≤25,21.0,7.0,3,0.9607745324821785,0.10748193265535004,933333.3333333334,100316.47047832671,4,9.0
7,3,Susan Lucci,Tony Dovolani,Actor/Actress,Entertainment,New York,United States,61,>55,21.0,7.0,3,0.9207748706871643,0.10535366560878612,933333.3333333334,98330.08790153371,6,7.0
7,3,Rocco DiSpirito,Karina Smirnoff,TV Personality,Media,New York,United States,41,36-45,20.0,6.666666666666667,3,0.8404221630462653,0.09772477697943402,933333.3333333334,91209.79184747176,9,4.0
7,3,Cloris Leachman,Corky Ballas,Actor/Actress,Entertainment,Iowa,United States,82,>55,16.0,5.333333333333333,3,0.7321294361573925,0.08342697734784636,933333.3333333334,77865.17885798994,7,6.0
7,4,Lance Bass,Lacey Schwimmer,Singer/Rapper,Entertainment,Mississippi,United States,29,26-35,26.0,8.666666666666666,3,0.9824692969766927,0.13218676539257143,1000000.0,132186.76539257143,3,
7,4,Brooke Burke,Derek Hough,TV Personality,Media,Connecticut,United States,37,36-45,26.0,8.666666666666666,3,0.9776298254554485,0.13186729502208813,1000000.0,131867.29502208813,1,
7,4,Susan Lucci,Tony Dovolani,Actor/Actress,Entertainment,New York,United States,61,>55,24.0,8.0,3,0.9750354748537521,0.12190987709926973,1000000.0,121909.87709926972,6,7.0
7,4,Cody Linley,Julianne Hough,Actor/Actress,Entertainment,Texas,United States,18,≤25,23.0,7.666666666666667,3,0.9787625334039542,0.11660662269747503,1000000.0,116606.62269747503,4,9.0
7,4,Toni Braxton,Alec Mazo,Singer/Rapper,Entertainment,Maryland,United States,40,36-45,22.0,7.333333333333333,3,0.9469409351952602,0.10940251533103125,1000000.0,109402.51533103125,8,5.0
7,4,Cloris Leachman,Corky Ballas,Actor/Actress,Entertainment,Iowa,United States,82,>55,22.0,7.333333333333333,3,0.9280198676328785,0.10837238959182764,1000000.0,108372.38959182764,7,6.0
7,4,Warren Sapp,Kym Johnson,Athlete,Sports,Florida,United States,35,26-35,22.0,7.333333333333333,3,0.926568536494941,0.10829377600710957,1000000.0,108293.77600710957,2,
7,4,Maurice Greene,Cheryl Burke,Athlete,Sports,Kansas,United States,34,26-35,20.0,6.666666666666667,3,0.7904113595130243,0.09272408889550512,1000000.0,92724.08889550512,5,8.0
7,4,Rocco DiSpirito,Karina Smirnoff,TV Personality,Media,New York,United States,41,36-45,18.0,6.0,3,0.5853345467392982,0.078636669963122,1000000.0,78636.66996312201,9,4.0
7,5,Brooke Burke,Derek Hough,TV Personality,Media,Connecticut,United States,37,36-45,29.0,9.666666666666666,3,0.9775102966413121,0.15054079624196443,1066666.6666666667,160576.84932476206,1,
7,5,Cody Linley,Julianne Hough,Actor/Actress,Entertainment,Texas,United States,18,≤25,28.0,9.333333333333334,3,0.9839947462029561,0.14711777361403808,1066666.6666666667,156925.62518830728,4,9.0
7,5,Maurice Greene,Cheryl Burke,Athlete,Sports,Kansas,United States,34,26-35,27.0,9.0,3,0.9812940383643578,0.14250174960555764,1066666.6666666667,152001.86624592816,5,8.0
7,5,Warren Sapp,Kym Johnson,Athlete,Sports,Florida,United States,35,26-35,25.0,8.333333333333334,3,0.9751995896545083,0.13232564263949861,1066666.6666666667,141147.35214879853,2,
7,5,Susan Lucci,Tony Dovolani,Actor/Actress,Entertainment,New York,United States,61,>55,22.0,7.333333333333333,3,0.888895400738945,0.1135223757741583,1066666.6666666667,121090.5341591022,6,7.0
7,5,Cloris Leachman,Corky Ballas,Actor/Actress,Entertainment,Iowa,United States,82,>55,21.0,7.0,3,0.8280048468214891,0.10670050409981954,1066666.6666666667,113813.87103980752,7,6.0
7,5,Lance Bass,Lacey Schwimmer,Singer/Rapper,Entertainment,Mississippi,United States,29,26-35,21.0,7.0,3,0.7783364770902939,0.1040833164252873,1066666.6666666667,111022.20418697313,3,
7,5,Toni Braxton,Alec Mazo,Singer/Rapper,Entertainment,Maryland,United States,40,36-45,22.0,7.333333333333333,3,0.6983851482946724,0.10320784159967608,1066666.6666666667,110088.36437298782,8,5.0
7,6,Lance Bass,Lacey Schwimmer,Singer/Rapper,Entertainment,Mississippi,United States,29,26-35,27.0,9.0,3,0.976616785055347,0.16502902515057408,1133333.3333333333,187032.89517065062,3,
7,6,Brooke Burke,Derek Hough,TV Personality,Media,Connecticut,United States,37,36-45,26.0,8.666666666666666,3,0.9716909448237808,0.16048044480012771,1133333.3333333333,181877.83744014474,1,
7,6,Warren Sapp,Kym Johnson,Athlete,Sports,Florida,United States,35,26-35,25.0,8.333333333333334,3,0.9685841049118441,0.15581495874619392,1133333.3333333333,176590.28657901977,2,
7,6,Cody Linley,Julianne Hough,Actor/Actress,Entertainment,Texas,United States,18,≤25,23.0,7.666666666666667,3,0.9719647484185187,0.14688834759655048,1133333.3333333333,166473.46060942387,4,9.0
7,6,Susan Lucci,Tony Dovolani,Actor/Actress,Entertainment,New York,United States,61,>55,23.0,7.666666666666667,3,0.9396589260755397,0.1445347332023384,1133333.3333333333,163806.03096265017,6,7.0
7,6,Maurice Greene,Cheryl Burke,Athlete,Sports,Kansas,United States,34,26-35,21.0,7.0,3,0.9389329035897043,0.1359030366976386,1133333.3333333333,154023.44159065705,5,8.0
7,6,Cloris Leachman,Corky Ballas,Actor/Actress,Entertainment,Iowa,United States,82,>55,15.0,5.0,3,0.406945133434571,0.09134945380657666,1133333.3333333333,103529.38098078688,7,6.0
7,7,Brooke Burke,Derek Hough,TV Personality,Media,Connecticut,United States,37,36-45,30.0,10.0,3,0.9588113273888476,0.20917489286387023,1200000.0,251009.87143664426,1,
7,7,Lance Bass,Lacey Schwimmer,Singer/Rapper,Entertainment,Mississippi,United States,29,26-35,25.0,8.333333333333334,3,0.9692573021215549,0.17989344284247083,1200000.0,215872.131410965,3,
7,7,Maurice Greene,Cheryl Burke,Athlete,Sports,Kansas,United States,34,26-35,25.0,8.333333333333334,3,0.9648554205434443,0.1794979434214936,1200000.0,215397.53210579234,5,8.0
7,7,Cody Linley,Julianne Hough,Actor/Actress,Entertainment,Texas,United States,18,≤25,22.0,7.333333333333333,3,0.8236246015186081,0.1492051593987318,1200000.0,179046.19127847816,4,9.0
7,7,Susan Lucci,Tony Dovolani,Actor/Actress,Entertainment,New York,United States,61,>55,24.0,8.0,3,0.6553410180585549,0.14778556422913725,1200000.0,177342.67707496468,6,7.0
7,7,Warren Sapp,Kym Johnson,Athlete,Sports,Florida,United States,35,26-35,21.0,7.0,3,0.6790239808563292,0.13444299724429631,1200000.0,161331.5966931556,2,
7,8,Brooke Burke,Derek Hough,TV Personality,Media,Connecticut,United States,37,36-45,27.5,9.166666666666666,3,0.9606251487846286,0.2444705458928235,1266666.6666666665,309662.69146424305,1,
7,8,Warren Sapp,Kym Johnson,Athlete,Sports,Florida,United States,35,26-35,27.0,9.0,3,0.9626595204187646,0.23775790749284567,1266666.6666666665,301160.01615760446,2,
7,8,Lance Bass,Lacey Schwimmer,Singer/Rapper,Entertainment,Mississippi,United States,29,26-35,25.0,8.333333333333334,3,0.7211261757190844,0.1825711832605947,1266666.6666666665,231256.8321300866,3,
7,8,Maurice Greene,Cheryl Burke,Athlete,Sports,Kansas,United States,34,26-35,24.0,8.0,3,0.687294721808645,0.16761843989313313,1266666.6666666665,212316.69053130195,5,8.0
7,8,Cody Linley,Julianne Hough,Actor/Actress,Entertainment,Texas,United States,18,≤25,24.0,8.0,3,0.686858965327844,0.16758192346060302,1266666.6666666665,212270.43638343047,4,9.0
7,9,Lance Bass,Lacey Schwimmer,Singer/Rapper,Entertainment,Mississippi,United States,29,26-35,28.5,9.5,3,0.9436280529973745,0.31966148720075616,1333333.3333333335,426215.3162676749,3,
7,9,Warren Sapp,Kym Johnson,Athlete,Sports,Florida,United States,35,26-35,24.5,8.166666666666666,3,0.8289454419804998,0.2505004018166934,1333333.3333333335,334000.5357555913,2,
7,9,Brooke Burke,Derek Hough,TV Personality,Media,Connecticut,United States,37,36-45,24.5,8.166666666666666,3,0.7904214811182658,0.24572144185367042,1333333.3333333335,327628.5891382273,1,
7,9,Cody Linley,Julianne Hough,Actor/Actress,Entertainment,Texas,United States,18,≤25,23.0,7.666666666666667,3,0.3584533655872633,0.18411666912888003,1333333.3333333335,245488.89217184007,4,9.0
7,10,Brooke Burke,Derek Hough,TV Personality,Media,Connecticut,United States,37,36-45,30.0,10.0,3,0.9368384240811394,0.4419205547749956,1400000.0,618688.7766849939,1,
7,10,Lance Bass,Lacey Schwimmer,Singer/Rapper,Entertainment,Mississippi,United States,29,26-35,27.5,9.166666666666666,3,0.467538973806263,0.2860216312461727,1400000.0,400430.28374464175,3,
7,10,Warren Sapp,Kym Johnson,Athlete,Sports,Florida,United States,35,26-35,27.5,9.166666666666666,3,0.3674332806368053,0.2720578139788317,1400000.0,380880.9395703644,2,
8,1,Gilles Marini,Cheryl Burke,Actor/Actress,Entertainment,Unknown,France,33,26-35,24.0,8.0,3,0.9878817420925297,0.09125739551156326,800000.0,73005.91640925061,2,
8,1,Shawn Johnson,Mark Ballas,Athlete,Sports,Iowa,United States,17,≤25,23.0,7.666666666666667,3,0.9895236222400956,0.08924515670793891,800000.0,71396.12536635113,1,
8,1,Melissa Rycroft,Tony Dovolani,TV Personality,Media,Texas,United States,26,26-35,23.0,7.666666666666667,3,0.9895090600376305,0.08924450690728405,800000.0,71395.60552582724,3,
8,1,Lil' Kim,Derek Hough,Singer/Rapper,Entertainment,New York,United States,34,26-35,21.0,7.0,3,0.9873279028057048,0.08411182515932515,800000.0,67289.46012746012,5,9.0
8,1,Chuck Wicks,Julianne Hough,Singer/Rapper,Entertainment,Delaware,United States,29,26-35,20.0,6.666666666666667,3,0.9873279028057048,0.08129849493910497,800000.0,65038.79595128398,6,8.0
8,1,David Alan Grier,Kym Johnson,Actor/Actress,Entertainment,Michigan,United States,52,46-55,19.0,6.333333333333333,3,0.9845376708318709,0.07831977746065445,800000.0,62655.82196852356,9,5.0
8,1,Holly Madison,Dmitry Chaplin,TV Personality,Media,Oregon,United States,30,26-35,18.0,6.0,3,0.9682337534103864,0.07490684656629533,800000.0,59925.47725303626,11,4.0
8,1,Denise Richards,Maksim Chmerkoskiy,Actor/Actress,Entertainment,Illinois,United States,38,36-45,18.0,6.0,3,0.9615164599810342,0.07465568295319507,800000.0,59724.54636255605,12,3.0
8,1,Steve-O,Lacey Schwimmer,TV Personality,Media,Unknown,England,34,26-35,17.0,5.666666666666667,3,0.9682337534103864,0.07230476965389811,800000.0,57843.81572311849,8,6.0
8,1,Belinda Carlisle,Jonathan Roberts,Singer/Rapper,Entertainment,California,United States,50,46-55,17.0,5.666666666666667,3,0.9367422056475645,0.07117519147951099,800000.0,56940.15318360879,13,2.0
8,1,Lawrence Taylor,Edyta Sliwinska,Athlete,Sports,Virginia,United States,50,46-55,16.0,5.333333333333333,3,0.9419212609953955,0.06904624150097484,800000.0,55236.99320077987,7,7.0
8,1,Ty Murray,Chelsie Hightower,Athlete,Sports,Arizona,United States,39,36-45,14.0,4.666666666666667,3,0.8779187391094686,0.06328054291204653,800000.0,50624.434329637224,4,10.0
8,1,Steve Wozniak,Karina Smirnoff,Entrepreneur,Other,California,United States,58,>55,13.0,4.333333333333333,3,0.852661115527376,0.061153568248208195,800000.0,48922.854598566555,10,4.0
8,2,Gilles Marini,Cheryl Burke,Actor/Actress,Entertainment,Unknown,France,33,26-35,27.0,9.0,3,0.9794134058579447,0.09342625224212042,860000.0000000001,80346.57692822357,2,
8,2,Melissa Rycroft,Tony Dovolani,TV Personality,Media,Texas,United States,26,26-35,26.0,8.666666666666666,3,0.982157367454467,0.09186021256222303,860000.0000000001,78999.78280351181,3,
8,2,Shawn Johnson,Mark Ballas,Athlete,Sports,Iowa,United States,17,≤25,24.0,8.0,3,0.9807922211730291,0.08762515775530477,860000.0000000001,75357.6356695621,1,
8,2,Lil' Kim,Derek Hough,Singer/Rapper,Entertainment,New York,United States,34,26-35,23.0,7.666666666666667,3,0.9773232579546548,0.08505531909114311,860000.0000000001,73147.57441838308,5,9.0
8,2,Denise Richards,Maksim Chmerkoskiy,Actor/Actress,Entertainment,Illinois,United States,38,36-45,21.0,7.0,3,0.9765303622620348,0.07983422011951014,860000.0000000001,68657.42930277872,12,3.0
8,2,Chuck Wicks,Julianne Hough,Singer/Rapper,Entertainment,Delaware,United States,29,26-35,20.0,6.666666666666667,3,0.9864668884232011,0.0776235307459169,860000.0000000001,66756.23644148854,6,8.0
8,2,Ty Murray,Chelsie Hightower,Athlete,Sports,Arizona,United States,39,36-45,20.0,6.666666666666667,3,0.9820120444687415,0.07745082280572031,860000.0000000001,66607.70761291948,4,10.0
8,2,Lawrence Taylor,Edyta Sliwinska,Athlete,Sports,Virginia,United States,50,46-55,20.0,6.666666666666667,3,0.9776205066326775,0.07728094527048734,860000.0000000001,66461.61293261913,7,7.0
8,2,Holly Madison,Dmitry Chaplin,TV Personality,Media,Oregon,United States,30,26-35,18.0,6.0,3,0.947795690418728,0.07143841235112647,860000.0000000001,61437.03462196877,11,4.0
8,2,Steve Wozniak,Karina Smirnoff,Entrepreneur,Other,California,United States,58,>55,17.0,5.666666666666667,3,0.8867670889544536,0.06733213839987377,860000.0000000001,57905.639023891454,10,4.0
8,2,David Alan Grier,Kym Johnson,Actor/Actress,Entertainment,Michigan,United States,52,46-55,17.0,5.666666666666667,3,0.8569710775207328,0.06633645905127661,860000.0000000001,57049.35478409789,9,5.0
8,2,Belinda Carlisle,Jonathan Roberts,Singer/Rapper,Entertainment,California,United States,50,46-55,18.0,6.0,3,0.7318926753064144,0.06412820002928857,860000.0000000001,55150.25202518817,13,2.0
8,2,Steve-O,Lacey Schwimmer,TV Personality,Media,Unknown,England,34,26-35,14.0,4.666666666666667,3,0.810494763853695,0.06060832957600854,860000.0000000001,52123.16343536735,8,6.0
8,3,Shawn Johnson,Mark Ballas,Athlete,Sports,Iowa,United States,17,≤25,27.0,9.0,3,0.9811972417068807,0.09702597159453977,920000.0,89263.89386697659,1,
8,3,Gilles Marini,Cheryl Burke,Actor/Actress,Entertainment,Unknown,France,33,26-35,27.0,9.0,3,0.9803313719567087,0.09698397475925068,920000.0,89225.25677851062,2,
8,3,Melissa Rycroft,Tony Dovolani,TV Personality,Media,Texas,United States,26,26-35,27.0,9.0,3,0.9802832460467348,0.09698164106630947,920000.0,89223.1097810047,3,
8,3,Lil' Kim,Derek Hough,Singer/Rapper,Entertainment,New York,United States,34,26-35,25.0,8.333333333333334,3,0.9767486777432487,0.09325671908414947,920000.0,85796.18155741751,5,9.0
8,3,David Alan Grier,Kym Johnson,Actor/Actress,Entertainment,Michigan,United States,52,46-55,24.0,8.0,3,0.9795905543953933,0.09148736106917724,920000.0,84168.37218364306,9,5.0
8,3,Ty Murray,Chelsie Hightower,Athlete,Sports,Arizona,United States,39,36-45,23.0,7.666666666666667,3,0.9803520754933658,0.08957378352912834,920000.0,82407.88084679807,4,10.0
8,3,Chuck Wicks,Julianne Hough,Singer/Rapper,Entertainment,Delaware,United States,29,26-35,23.0,7.666666666666667,3,0.977250825116672,0.08943499579585894,920000.0,82280.19613219022,6,8.0
8,3,Lawrence Taylor,Edyta Sliwinska,Athlete,Sports,Virginia,United States,50,46-55,20.0,6.666666666666667,3,0.9144038892457915,0.08105035002259249,920000.0,74566.3220207851,7,7.0
8,3,Holly Madison,Dmitry Chaplin,TV Personality,Media,Oregon,United States,30,26-35,17.0,5.666666666666667,3,0.9283279936019292,0.07660102032731138,920000.0,70472.93870112646,11,4.0
8,3,Steve-O,Lacey Schwimmer,TV Personality,Media,Unknown,England,34,26-35,15.0,5.0,3,0.6897100789008568,0.06555119074441389,920000.0,60307.09548486077,8,6.0
8,3,Denise Richards,Maksim Chmerkoskiy,Actor/Actress,Entertainment,Illinois,United States,38,36-45,16.0,5.333333333333333,3,0.534151712362564,0.06171808175545609,920000.0,56780.6352150196,12,3.0
8,3,Steve Wozniak,Karina Smirnoff,Entrepreneur,Other,California,United States,58,>55,10.0,3.333333333333333,3,0.6535824013725888,0.06033491025181225,920000.0,55508.11743166727,10,4.0
8,4,Gilles Marini,Cheryl Burke,Actor/Actress,Entertainment,Unknown,France,33,26-35,30.0,10.0,3,0.9768295319100898,0.10906618998141616,980000.0,106884.86618178785,2,
8,4,Melissa Rycroft,Tony Dovolani,TV Personality,Media,Texas,United States,26,26-35,29.0,9.666666666666666,3,0.978576351117519,0.10759162109653868,980000.0,105439.7886746079,3,
8,4,Lil' Kim,Derek Hough,Singer/Rapper,Entertainment,New York,United States,34,26-35,27.0,9.0,3,0.9768295319100898,0.10400941406714585,980000.0,101929.22578580293,5,9.0
8,4,Shawn Johnson,Mark Ballas,Athlete,Sports,Iowa,United States,17,≤25,25.0,8.333333333333334,3,0.9813057071861053,0.10038441886534505,980000.0,98376.73048803814,1,
8,4,Ty Murray,Chelsie Hightower,Athlete,Sports,Arizona,United States,39,36-45,25.0,8.333333333333334,3,0.9771185789750538,0.10017447748880087,980000.0,98170.98793902485,4,10.0
8,4,David Alan Grier,Kym Johnson,Actor/Actress,Entertainment,Michigan,United States,52,46-55,22.0,7.333333333333333,3,0.970916041497739,0.09385488799742589,980000.0,91977.79023747737,9,5.0
8,4,Chuck Wicks,Julianne Hough,Singer/Rapper,Entertainment,Delaware,United States,29,26-35,22.0,7.333333333333333,3,0.9673202055911457,0.09368629621180428,980000.0,91812.5702875682,6,8.0
8,4,Lawrence Taylor,Edyta Sliwinska,Athlete,Sports,Virginia,United States,50,46-55,19.0,6.333333333333333,3,0.943370556800797,0.08700057913755407,980000.0,85260.567554803,7,7.0
8,4,Steve-O,Lacey Schwimmer,TV Personality,Media,Unknown,England,34,26-35,15.0,5.0,3,0.8383382149733329,0.07691478780832249,980000.0,75376.49205215604,8,6.0
8,4,Holly Madison,Dmitry Chaplin,TV Personality,Media,Oregon,United States,30,26-35,16.0,5.333333333333333,3,0.5356195398466674,0.06716702333674443,980000.0,65823.68287000954,11,4.0
8,4,Steve Wozniak,Karina Smirnoff,Entrepreneur,Other,California,United States,58,>55,12.0,4.0,3,0.42537407271491795,0.06015030400890224,980000.0,58947.2979287242,10,4.0
8,5,Gilles Marini,Cheryl Burke,Actor/Actress,Entertainment,Unknown,France,33,26-35,29.0,9.666666666666666,3,0.978623323392253,0.13498109145203957,1040000.0,140380.33511012114,2,
8,5,Shawn Johnson,Mark Ballas,Athlete,Sports,Iowa,United States,17,≤25,26.0,8.666666666666666,3,0.9790534600959808,0.12503648224858133,1040000.0,130037.94153852458,1,
8,5,Lil' Kim,Derek Hough,Singer/Rapper,Entertainment,New York,United States,34,26-35,26.0,8.666666666666666,3,0.9776158011778547,0.12494663463810685,1040000.0,129944.50002363112,5,9.0
8,5,Melissa Rycroft,Tony Dovolani,TV Personality,Media,Texas,United States,26,26-35,25.0,8.333333333333334,3,0.9781808340463253,0.12095724780463614,1040000.0,125795.53771682158,3,
8,5,Chuck Wicks,Julianne Hough,Singer/Rapper,Entertainment,Delaware,United States,29,26-35,23.0,7.666666666666667,3,0.9811391678616755,0.11283095164867155,1040000.0,117344.1897146184,6,8.0
8,5,David Alan Grier,Kym Johnson,Actor/Actress,Entertainment,Michigan,United States,52,46-55,22.0,7.333333333333333,3,0.8973230912922749,0.10442554244729292,1040000.0,108602.56414518463,9,5.0
8,5,Ty Murray,Chelsie Hightower,Athlete,Sports,Arizona,United States,39,36-45,21.0,7.0,3,0.9051378114531529,0.10136797785231677,1040000.0,105422.69696640944,4,10.0
8,5,Lawrence Taylor,Edyta Sliwinska,Athlete,Sports,Virginia,United States,50,46-55,20.0,6.666666666666667,3,0.7895069540515595,0.09278707654627509,1040000.0,96498.55960812609,7,7.0
8,5,Steve-O,Lacey Schwimmer,TV Personality,Media,Unknown,England,34,26-35,18.0,6.0,3,0.658367601592374,0.08266699536207975,1040000.0,85973.67517656295,8,6.0
8,6,Lil' Kim,Derek Hough,Singer/Rapper,Entertainment,New York,United States,34,26-35,28.0,9.333333333333334,3,0.9646479138893839,0.14601007824441947,1100000.0,160611.08606886142,5,9.0
8,6,Melissa Rycroft,Tony Dovolani,TV Personality,Media,Texas,United States,26,26-35,27.0,9.0,3,0.9671958963776249,0.14290373943692025,1100000.0,157194.11338061228,3,
8,6,Shawn Johnson,Mark Ballas,Athlete,Sports,Iowa,United States,17,≤25,26.0,8.666666666666666,3,0.9820313905218028,0.14041563106639365,1100000.0,154457.19417303303,1,
8,6,Gilles Marini,Cheryl Burke,Actor/Actress,Entertainment,Unknown,France,33,26-35,26.0,8.666666666666666,3,0.9708760584670918,0.1396346197063441,1100000.0,153598.08167697853,2,
8,6,Chuck Wicks,Julianne Hough,Singer/Rapper,Entertainment,Delaware,United States,29,26-35,23.0,7.666666666666667,3,0.9711310483255092,0.1284822631286566,1100000.0,141330.48944152225,6,8.0
8,6,Lawrence Taylor,Edyta Sliwinska,Athlete,Sports,Virginia,United States,50,46-55,22.0,7.333333333333333,3,0.8392250396323845,0.11691591316034498,1100000.0,128607.50447637949,7,7.0
8,6,Ty Murray,Chelsie Hightower,Athlete,Sports,Arizona,United States,39,36-45,18.0,6.0,3,0.8597967471624988,0.10699925004707604,1100000.0,117699.17505178365,4,10.0
8,6,Steve-O,Lacey Schwimmer,TV Personality,Media,Unknown,England,34,26-35,16.0,5.333333333333333,3,0.3152222118139163,0.07863850520984489,1100000.0,86502.35573082938,8,6.0
8,7,Melissa Rycroft,Tony Dovolani,TV Personality,Media,Texas,United States,26,26-35,29.0,9.666666666666666,3,0.9598820304849353,0.1678378382850801,1160000.0000000002,194691.89241069293,3,
8,7,Shawn Johnson,Mark Ballas,Athlete,Sports,Iowa,United States,17,≤25,28.0,9.333333333333334,3,0.9624856368421704,0.16186744334643594,1160000.0000000002,187766.23428186573,1,
8,7,Chuck Wicks,Julianne Hough,Singer/Rapper,Entertainment,Delaware,United States,29,26-35,27.0,9.0,3,0.9579670367519006,0.1547515676366073,1160000.0000000002,179511.8184584645,6,8.0
8,7,Gilles Marini,Cheryl Burke,Actor/Actress,Entertainment,Unknown,France,33,26-35,27.0,9.0,3,0.9576746518879203,0.15472894578219246,1160000.0000000002,179485.5771073433,2,
8,7,Lil' Kim,Derek Hough,Singer/Rapper,Entertainment,New York,United States,34,26-35,26.0,8.666666666666666,3,0.9263635364893008,0.14552930344203058,1160000.0000000002,168813.9919927555,5,9.0
8,7,Ty Murray,Chelsie Hightower,Athlete,Sports,Arizona,United States,39,36-45,24.0,8.0,3,0.7019670749341791,0.11908529477629862,1160000.0000000002,138138.94194050643,4,10.0
8,7,Lawrence Taylor,Edyta Sliwinska,Athlete,Sports,Virginia,United States,50,46-55,21.0,7.0,3,0.46215976079991644,0.09619960673135507,1160000.0000000002,111591.5438083719,7,7.0
8,8,Lil' Kim,Derek Hough,Singer/Rapper,Entertainment,New York,United States,34,26-35,28.0,9.333333333333334,3,0.9509679714267778,0.19751423929728604,1220000.0000000002,240967.371942689,5,9.0
8,8,Gilles Marini,Cheryl Burke,Actor/Actress,Entertainment,Unknown,France,33,26-35,27.5,9.166666666666666,3,0.9554833212938736,0.19249889193890363,1220000.0000000002,234848.64816546248,2,
8,8,Shawn Johnson,Mark Ballas,Athlete,Sports,Iowa,United States,17,≤25,26.0,8.666666666666666,3,0.9318114515224578,0.17204691523950463,1220000.0000000002,209897.2365921957,1,
8,8,Ty Murray,Chelsie Hightower,Athlete,Sports,Arizona,United States,39,36-45,26.0,8.666666666666666,3,0.787195225672682,0.16004565042826865,1220000.0000000002,195255.6935224878,4,10.0
8,8,Chuck Wicks,Julianne Hough,Singer/Rapper,Entertainment,Delaware,United States,29,26-35,25.5,8.5,3,0.7455169267992482,0.151314276704602,1220000.0000000002,184603.4175796145,6,8.0
8,8,Melissa Rycroft,Tony Dovolani,TV Personality,Media,Texas,United States,26,26-35,23.0,7.666666666666667,3,0.6640680247927058,0.12658002639143495,1220000.0000000002,154427.63219755067,3,
8,9,Gilles Marini,Cheryl Burke,Actor/Actress,Entertainment,Unknown,France,33,26-35,28.0,9.333333333333334,3,0.9543372007048646,0.22466956656080694,1280000.0,287577.04519783286,2,
8,9,Melissa Rycroft,Tony Dovolani,TV Personality,Media,Texas,United States,26,26-35,28.5,9.5,3,0.9011558357769277,0.2241901221062687,1280000.0,286963.35629602394,3,
8,9,Shawn Johnson,Mark Ballas,Athlete,Sports,Iowa,United States,17,≤25,28.0,9.333333333333334,3,0.9296222538943698,0.22191030224793828,1280000.0,284045.18687736103,1,
8,9,Lil' Kim,Derek Hough,Singer/Rapper,Entertainment,New York,United States,34,26-35,26.0,8.666666666666666,3,0.7214608531838674,0.17959926457430528,1280000.0,229887.05865511077,5,9.0
8,9,Ty Murray,Chelsie Hightower,Athlete,Sports,Arizona,United States,39,36-45,23.0,7.666666666666667,3,0.6153477828980576,0.14963074451068095,1280000.0,191527.35297367163,4,10.0
8,10,Gilles Marini,Cheryl Burke,Actor/Actress,Entertainment,Unknown,France,33,26-35,30.0,10.0,3,0.936055694263518,0.2979603482411066,1339999.9999999998,399266.8666430828,2,
8,10,Shawn Johnson,Mark Ballas,Athlete,Sports,Iowa,United States,17,≤25,28.0,9.333333333333334,3,0.9374178800270442,0.2726599304999286,1339999.9999999998,365364.3068699043,1,
8,10,Melissa Rycroft,Tony Dovolani,TV Personality,Media,Texas,United States,26,26-35,27.5,9.166666666666666,3,0.8441188478552636,0.2538377556571052,1339999.9999999998,340142.5925805209,3,
8,10,Ty Murray,Chelsie Hightower,Athlete,Sports,Arizona,United States,39,36-45,24.0,8.0,3,0.4135009277987996,0.17554196560185967,1339999.9999999998,235226.23390649192,4,10.0
8,11,Shawn Johnson,Mark Ballas,Athlete,Sports,Iowa,United States,17,≤25,30.0,10.0,3,0.9330357996910355,0.40888567474451687,1400000.0,572439.9446423237,1,
8,11,Gilles Marini,Cheryl Burke,Actor/Actress,Entertainment,Unknown,France,33,26-35,29.0,9.666666666666666,3,0.6851981748575495,0.3104596266496437,1400000.0,434643.4773095012,2,
8,11,Melissa Rycroft,Tony Dovolani,TV Personality,Media,Texas,United States,26,26-35,28.5,9.5,3,0.6343444551376538,0.28065469860583936,1400000.0,392916.5780481751,3,
9,1,Joanna Krupa,Derek Hough,Model,Model,Unknown,Poland,30,26-35,33.9999,11.3333,3,0.9749148578828896,0.07558832430494429,800000.0,60470.65944395543,4,9.0
9,1,Aaron Carter,Karina Smirnoff,Singer/Rapper,Entertainment,Florida,United States,21,≤25,31.9999,10.666633333333332,3,0.9878817420925297,0.07388797385333713,800000.0,59110.37908266971,5,8.0
9,1,Mya,Dmitry Chaplin,Singer/Rapper,Entertainment,Washington D.C.,United States,29,26-35,30.9999,10.3333,3,0.9878817420925297,0.0726321242695224,800000.0,58105.69941561792,2,
9,1,Kelly Osbourne,Louis van Amstel,TV Personality,Media,Unknown,England,24,≤25,30.9998,10.333266666666669,3,0.9830020377696743,0.07245499842086989,800000.0,57963.99873669591,3,
9,1,Donny Osmond,Kym Johnson,Singer/Rapper,Entertainment,Utah,United States,51,46-55,29.9999,9.999966666666666,3,0.9887276452842512,0.07131179503739636,800000.0,57049.43602991709,1,
9,1,Mark Dacascos,Lacey Schwimmer,Actor/Actress,Entertainment,Hawaii,United States,45,36-45,28.9998,9.6666,3,0.9863833310711029,0.06979945799699809,800000.0,55839.56639759847,6,7.0
9,1,Louie Vito,Chelsie Hightower,Athlete,Sports,Ohio,United States,21,≤25,26.9998,8.999933333333333,3,0.9868140121115655,0.06680374266474828,800000.0,53442.99413179863,8,6.0
9,1,Natalie Coughlin,Alec Mazo,Athlete,Sports,California,United States,27,26-35,26.9998,8.999933333333333,3,0.986675881676376,0.0667991290090484,800000.0,53439.30320723872,10,5.0
9,1,Melissa Joan Hart,Mark Ballas,Actor/Actress,Entertainment,New York,United States,33,26-35,24.0,8.0,3,0.9720975816607156,0.06183612018672924,800000.0,49468.89614938339,9,6.0
9,1,Debi Mazar,Maksim Chmerkoskiy,Actor/Actress,Entertainment,New York,United States,45,36-45,22.0,7.333333333333333,3,0.9527737034054079,0.05857266122700213,800000.0,46858.1289816017,12,3.0
9,1,Chuck Liddell,Anna Trebunskaya,Athlete,Sports,California,United States,39,36-45,22.0,7.333333333333333,3,0.9453092043448601,0.0583544608820068,800000.0,46683.56870560544,11,4.0
9,1,Tom DeLay,Cheryl Burke,Politician,Other,Texas,United States,62,>55,19.9999,6.666633333333333,3,0.9691231501179725,0.05675132217869416,800000.0,45401.05774295532,13,-1.0
9,1,Kathy Ireland,Tony Dovolani,Model,Model,California,United States,46,46-55,19.9999,6.666633333333333,3,0.9219777541135511,0.0554291847947213,800000.0,44343.347835777044,14,2.0
9,1,Michael Irvin,Anna Demidova,Athlete,Sports,Florida,United States,43,36-45,19.0,6.333333333333333,3,0.9293316400335879,0.05466520250697341,800000.0,43732.16200557873,7,7.0
9,1,Macy Gray,Jonathan Roberts,Singer/Rapper,Entertainment,Ohio,United States,42,36-45,18.9999,6.3333,3,0.44128418471403935,0.04282842232112713,800000.0,34262.7378569017,15,1.0
9,1,Ashley Hamiliton,Edyta Sliwinska,Actor/Actress,Entertainment,California,United States,34,26-35,18.9999,6.3333,3,0.41574890116115654,0.042285080345880945,800000.0,33828.064276704754,16,1.0
9,2,Aaron Carter,Karina Smirnoff,Singer/Rapper,Entertainment,Florida,United States,21,≤25,27.0,9.0,3,0.9856269926947085,0.08966708848989907,866666.6666666667,77711.47669124587,5,8.0
9,2,Mya,Dmitry Chaplin,Singer/Rapper,Entertainment,Washington D.C.,United States,29,26-35,27.0,9.0,3,0.9856269926947085,0.08966708848989907,866666.6666666667,77711.47669124587,2,
9,2,Donny Osmond,Kym Johnson,Singer/Rapper,Entertainment,Utah,United States,51,46-55,25.0,8.333333333333334,3,0.9866281560530061,0.08578014590650593,866666.6666666667,74342.79311897181,1,
9,2,Mark Dacascos,Lacey Schwimmer,Actor/Actress,Entertainment,Hawaii,United States,45,36-45,21.0,7.0,3,0.9844977822783655,0.07430761236484407,866666.6666666667,64399.9307161982,6,7.0
9,2,Natalie Coughlin,Alec Mazo,Athlete,Sports,California,United States,27,26-35,21.0,7.0,3,0.9840028883262517,0.07428922744560654,866666.6666666667,64383.99711952567,10,5.0
9,2,Debi Mazar,Maksim Chmerkoskiy,Actor/Actress,Entertainment,New York,United States,45,36-45,21.0,7.0,3,0.9769573141372828,0.07402798273881388,866666.6666666667,64157.58504030536,12,3.0
9,2,Michael Irvin,Anna Demidova,Athlete,Sports,Florida,United States,43,36-45,20.0,6.666666666666667,3,0.9289865252957807,0.06943105151257453,866666.6666666667,60173.5779775646,7,7.0
9,2,Joanna Krupa,Derek Hough,Model,Model,Unknown,Poland,30,26-35,20.0,6.666666666666667,3,0.9274952755816844,0.0693793012902394,866666.6666666667,60128.72778487416,4,9.0
9,2,Louie Vito,Chelsie Hightower,Athlete,Sports,Ohio,United States,21,≤25,19.0,6.333333333333333,3,0.9480175551917974,0.06747392771130373,866666.6666666667,58477.40401646324,8,6.0
9,2,Melissa Joan Hart,Mark Ballas,Actor/Actress,Entertainment,New York,United States,33,26-35,19.0,6.333333333333333,3,0.9452628069964631,0.0673810548460287,866666.6666666667,58396.914199891544,9,6.0
9,2,Kelly Osbourne,Louis van Amstel,TV Personality,Media,Unknown,England,24,≤25,19.0,6.333333333333333,3,0.9030272025361793,0.06597303452954545,866666.6666666667,57176.62992560606,3,
9,2,Chuck Liddell,Anna Trebunskaya,Athlete,Sports,California,United States,39,36-45,19.0,6.333333333333333,3,0.8958819397084336,0.06573775772282207,866666.6666666667,56972.723359779135,11,4.0
9,2,Tom DeLay,Cheryl Burke,Politician,Other,Texas,United States,62,>55,18.0,6.0,3,0.8645727306302631,0.06252429567988857,866666.6666666667,54187.7229225701,13,-1.0
9,2,Kathy Ireland,Tony Dovolani,Model,Model,California,United States,46,46-55,18.0,6.0,3,0.1781580755167297,0.0443604312720289,866666.6666666667,38445.70710242505,14,2.0
9,3,Mya,Dmitry Chaplin,Singer/Rapper,Entertainment,Washington D.C.,United States,29,26-35,27.0,9.0,3,0.980947364612898,0.09418759387981028,933333.3333333334,87908.4209544896,2,
9,3,Natalie Coughlin,Alec Mazo,Athlete,Sports,California,United States,27,26-35,26.0,8.666666666666666,3,0.981571950557486,0.0926604074743574,933333.3333333334,86483.04697606691,10,5.0
9,3,Joanna Krupa,Derek Hough,Model,Model,Unknown,Poland,30,26-35,23.0,7.666666666666667,3,0.9509116777426002,0.08518900695039167,933333.3333333334,79509.73982036556,4,9.0
9,3,Donny Osmond,Kym Johnson,Singer/Rapper,Entertainment,Utah,United States,51,46-55,21.0,7.0,3,0.9862770367872088,0.08169270660255377,933333.3333333334,76246.52616238352,1,
9,3,Aaron Carter,Karina Smirnoff,Singer/Rapper,Entertainment,Florida,United States,21,≤25,21.0,7.0,3,0.9852499777910766,0.08165076575778869,933333.3333333334,76207.38137393612,5,8.0
9,3,Kelly Osbourne,Louis van Amstel,TV Personality,Media,Unknown,England,24,≤25,20.0,6.666666666666667,3,0.9834587201132033,0.07900618594212208,933333.3333333334,73739.10687931394,3,
9,3,Louie Vito,Chelsie Hightower,Athlete,Sports,Ohio,United States,21,≤25,20.0,6.666666666666667,3,0.9811883840138462,0.07891655152879999,933333.3333333334,73655.44809354666,8,6.0
9,3,Melissa Joan Hart,Mark Ballas,Actor/Actress,Entertainment,New York,United States,33,26-35,19.0,6.333333333333333,3,0.9514711970475739,0.0752893696751667,933333.3333333334,70270.07836348892,9,6.0
9,3,Mark Dacascos,Lacey Schwimmer,Actor/Actress,Entertainment,Hawaii,United States,45,36-45,18.0,6.0,3,0.9553146400444911,0.07310931310414868,933333.3333333334,68235.35889720544,6,7.0
9,3,Chuck Liddell,Anna Trebunskaya,Athlete,Sports,California,United States,39,36-45,17.0,5.666666666666667,3,0.8615492961559319,0.06773456877176871,933333.3333333334,63218.9308536508,11,4.0
9,3,Tom DeLay,Cheryl Burke,Politician,Other,Texas,United States,62,>55,15.0,5.0,3,0.8923122871139784,0.06537444549735426,933333.3333333334,61016.149130863974,13,-1.0
9,3,Debi Mazar,Maksim Chmerkoskiy,Actor/Actress,Entertainment,New York,United States,45,36-45,17.0,5.666666666666667,3,0.7898950739940149,0.06535079175006574,933333.3333333334,60994.07230006136,12,3.0
9,3,Michael Irvin,Anna Demidova,Athlete,Sports,Florida,United States,43,36-45,14.0,4.666666666666667,3,0.7568100904956984,0.059838293065671934,933333.3333333334,55849.07352796047,7,7.0
9,4,Mya,Dmitry Chaplin,Singer/Rapper,Entertainment,Washington D.C.,United States,29,26-35,28.0,9.333333333333334,3,0.9847289620832621,0.10815670198490897,1000000.0,108156.70198490897,2,
9,4,Melissa Joan Hart,Mark Ballas,Actor/Actress,Entertainment,New York,United States,33,26-35,28.0,9.333333333333334,3,0.9831669913941383,0.10807226616160462,1000000.0,108072.26616160462,9,6.0
9,4,Joanna Krupa,Derek Hough,Model,Model,Unknown,Poland,30,26-35,26.0,8.666666666666666,3,0.9546989084545826,0.10226207791186315,1000000.0,102262.07791186315,4,9.0
9,4,Natalie Coughlin,Alec Mazo,Athlete,Sports,California,United States,27,26-35,24.0,8.0,3,0.9804117848445901,0.09863524272739017,1000000.0,98635.24272739017,10,5.0
9,4,Donny Osmond,Kym Johnson,Singer/Rapper,Entertainment,Utah,United States,51,46-55,24.0,8.0,3,0.9769100666852883,0.09846269741243127,1000000.0,98462.69741243127,1,
9,4,Kelly Osbourne,Louis van Amstel,TV Personality,Media,Unknown,England,24,≤25,23.0,7.666666666666667,3,0.9748695022079726,0.09578655045045693,1000000.0,95786.55045045694,3,
9,4,Mark Dacascos,Lacey Schwimmer,Actor/Actress,Entertainment,Hawaii,United States,45,36-45,22.0,7.333333333333333,3,0.9562118003373417,0.09235352962287588,1000000.0,92353.52962287588,6,7.0
9,4,Aaron Carter,Karina Smirnoff,Singer/Rapper,Entertainment,Florida,United States,21,≤25,18.0,6.0,3,0.9386365950959524,0.08261282163288385,1000000.0,82612.82163288385,5,8.0
9,4,Louie Vito,Chelsie Hightower,Athlete,Sports,Ohio,United States,21,≤25,16.0,5.333333333333333,3,0.7684360429788986,0.07282340744236597,1000000.0,72823.40744236598,8,6.0
9,4,Chuck Liddell,Anna Trebunskaya,Athlete,Sports,California,United States,39,36-45,17.0,5.666666666666667,3,0.6698042698551769,0.07067746297714411,1000000.0,70677.46297714411,11,4.0
9,4,Michael Irvin,Anna Demidova,Athlete,Sports,Florida,United States,43,36-45,16.0,5.333333333333333,3,0.6938392393818672,0.07015724167607514,1000000.0,70157.24167607514,7,7.0
9,5,Donny Osmond,Kym Johnson,Singer/Rapper,Entertainment,Utah,United States,51,46-55,29.0,9.666666666666666,3,0.9822079027806344,0.12403807735185216,1066666.6666666667,132307.2825086423,1,
9,5,Mya,Dmitry Chaplin,Singer/Rapper,Entertainment,Washington D.C.,United States,29,26-35,27.0,9.0,3,0.9858781276126565,0.11713556200733853,1066666.6666666667,124944.59947449445,2,
9,5,Mark Dacascos,Lacey Schwimmer,Actor/Actress,Entertainment,Hawaii,United States,45,36-45,26.0,8.666666666666666,3,0.9799088576111016,0.1121137209984464,1066666.6666666667,119587.9690650095,6,7.0
9,5,Aaron Carter,Karina Smirnoff,Singer/Rapper,Entertainment,Florida,United States,21,≤25,24.0,8.0,3,0.979971715577972,0.10177119218182132,1066666.6666666667,108555.93832727608,5,8.0
9,5,Kelly Osbourne,Louis van Amstel,TV Personality,Media,Unknown,England,24,≤25,24.0,8.0,3,0.9772285496992945,0.10163170023516382,1066666.6666666667,108407.14691750809,3,
9,5,Joanna Krupa,Derek Hough,Model,Model,Unknown,Poland,30,26-35,24.0,8.0,3,0.9479180632716145,0.10015312386164761,1066666.6666666667,106829.99878575746,4,9.0
9,5,Melissa Joan Hart,Mark Ballas,Actor/Actress,Entertainment,New York,United States,33,26-35,23.0,7.666666666666667,3,0.9526665063145892,0.09557613927938975,1066666.6666666667,101947.88189801574,9,6.0
9,5,Louie Vito,Chelsie Hightower,Athlete,Sports,Ohio,United States,21,≤25,22.0,7.333333333333333,3,0.8733686282311989,0.087841708563244,1066666.6666666667,93697.82246746027,8,6.0
9,5,Michael Irvin,Anna Demidova,Athlete,Sports,Florida,United States,43,36-45,21.0,7.0,3,0.7739118452301618,0.08047056796417407,1066666.6666666667,85835.27249511902,7,7.0
9,5,Natalie Coughlin,Alec Mazo,Athlete,Sports,California,United States,27,26-35,22.0,7.333333333333333,3,0.6679700408171055,0.07926820755692233,1066666.6666666667,84552.75472738383,10,5.0
9,6,Joanna Krupa,Derek Hough,Model,Model,Unknown,Poland,30,26-35,35.9999,11.999966666666666,3,0.941596210677186,0.1330540257551558,1133333.3333333333,150794.5625225099,4,9.0
9,6,Mya,Dmitry Chaplin,Singer/Rapper,Entertainment,Washington D.C.,United States,29,26-35,33.0,11.0,3,0.9731695510911884,0.12794364267505068,1133333.3333333333,145002.7950317241,2,
9,6,Aaron Carter,Karina Smirnoff,Singer/Rapper,Entertainment,Florida,United States,21,≤25,32.9998,10.999933333333331,3,0.9689516978585117,0.12767356970010002,1133333.3333333333,144696.71232678002,5,8.0
9,6,Mark Dacascos,Lacey Schwimmer,Actor/Actress,Entertainment,Hawaii,United States,45,36-45,32.0,10.666666666666666,3,0.9703973533971272,0.12503201593358296,1133333.3333333333,141702.95139139402,6,7.0
9,6,Donny Osmond,Kym Johnson,Singer/Rapper,Entertainment,Utah,United States,51,46-55,30.9999,10.3333,3,0.9725874537412926,0.12233279091864625,1133333.3333333333,138643.82970779907,1,
9,6,Kelly Osbourne,Louis van Amstel,TV Personality,Media,Unknown,England,24,≤25,24.9998,8.333266666666667,3,0.8577041436854338,0.10024234870524494,1133333.3333333333,113607.99519927759,3,
9,6,Michael Irvin,Anna Demidova,Athlete,Sports,Florida,United States,43,36-45,21.9998,7.333266666666667,3,0.7289778925208636,0.08886389698167553,1133333.3333333333,100712.41657923226,7,7.0
9,6,Louie Vito,Chelsie Hightower,Athlete,Sports,Ohio,United States,21,≤25,24.0,8.0,3,0.6471901808419422,0.08840190947335422,1133333.3333333333,100188.83073646811,8,6.0
9,6,Melissa Joan Hart,Mark Ballas,Actor/Actress,Entertainment,New York,United States,33,26-35,23.9999,7.999966666666666,3,0.6026735632264757,0.08645579985718964,1133333.3333333333,97983.23983814825,9,6.0
9,7,Joanna Krupa,Derek Hough,Model,Model,Unknown,Poland,30,26-35,27.5,9.166666666666666,3,0.9386395492704429,0.16936804010974182,1200000.0,203241.6481316902,4,9.0
9,7,Aaron Carter,Karina Smirnoff,Singer/Rapper,Entertainment,Florida,United States,21,≤25,26.5,8.833333333333334,3,0.9722855350101719,0.16398084483767944,1200000.0,196777.01380521533,5,8.0
9,7,Donny Osmond,Kym Johnson,Singer/Rapper,Entertainment,Utah,United States,51,46-55,26.0,8.666666666666666,3,0.9678118821027795,0.15908489262158498,1200000.0,190901.87114590197,1,
9,7,Kelly Osbourne,Louis van Amstel,TV Personality,Media,Unknown,England,24,≤25,26.0,8.666666666666666,3,0.954775613486124,0.1580513280407679,1200000.0,189661.5936489215,3,
9,7,Mya,Dmitry Chaplin,Singer/Rapper,Entertainment,Washington D.C.,United States,29,26-35,24.5,8.166666666666666,3,0.8469282877229191,0.13682517431910377,1200000.0,164190.2091829245,2,
9,7,Michael Irvin,Anna Demidova,Athlete,Sports,Florida,United States,43,36-45,23.5,7.833333333333333,3,0.553710569089031,0.1116452777510529,1200000.0,133974.33330126348,7,7.0
9,7,Mark Dacascos,Lacey Schwimmer,Actor/Actress,Entertainment,Hawaii,United States,45,36-45,21.5,7.166666666666667,3,0.5223658910917172,0.10104444232006912,1200000.0,121253.33078408295,6,7.0
9,8,Mya,Dmitry Chaplin,Singer/Rapper,Entertainment,Washington D.C.,United States,29,26-35,29.5,9.833333333333334,3,0.9626595204187646,0.257897654761972,1266666.6666666665,326670.36269849783,2,
9,8,Joanna Krupa,Derek Hough,Model,Model,Unknown,Poland,30,26-35,26.0,8.666666666666666,3,0.9204350614217024,0.20904713826921567,1266666.6666666665,264793.0418076732,4,9.0
9,8,Kelly Osbourne,Louis van Amstel,TV Personality,Media,Unknown,England,24,≤25,25.5,8.5,3,0.8234634873630479,0.19277577597631868,1266666.6666666665,244182.64957000362,3,
9,8,Donny Osmond,Kym Johnson,Singer/Rapper,Entertainment,Utah,United States,51,46-55,25.0,8.333333333333334,3,0.6891724841352833,0.1747515568884849,1266666.6666666665,221351.97205874752,1,
9,8,Aaron Carter,Karina Smirnoff,Singer/Rapper,Entertainment,Florida,United States,21,≤25,25.0,8.333333333333334,3,0.5807211119698772,0.16552787410400865,1266666.6666666665,209668.64053174428,5,8.0
9,9,Mya,Dmitry Chaplin,Singer/Rapper,Entertainment,Washington D.C.,United States,29,26-35,28.9999,9.666633333333332,3,0.9365651719704602,0.3110490804206137,1333333.3333333335,414732.107227485,2,
9,9,Kelly Osbourne,Louis van Amstel,TV Personality,Media,Unknown,England,24,≤25,25.9998,8.6666,3,0.8234634873630479,0.2440063657082689,1333333.3333333335,325341.82094435854,3,
9,9,Joanna Krupa,Derek Hough,Model,Model,Unknown,Poland,30,26-35,27.0,9.0,3,0.621449265500406,0.23606378344827947,1333333.3333333335,314751.7112643727,4,9.0
9,9,Donny Osmond,Kym Johnson,Singer/Rapper,Entertainment,Utah,United States,51,46-55,24.666600000000003,8.2222,3,0.6717043206373831,0.20888077042283792,1333333.3333333335,278507.6938971173,1,
9,10,Donny Osmond,Kym Johnson,Singer/Rapper,Entertainment,Utah,United States,51,46-55,28.9998,9.6666,3,0.8895131885838617,0.37130703501097717,1400000.0,519829.84901536803,1,
9,10,Mya,Dmitry Chaplin,Singer/Rapper,Entertainment,Washington D.C.,United States,29,26-35,28.3332,9.4444,3,0.92986971681911,0.3647183408989808,1400000.0,510605.6772585731,2,
9,10,Kelly Osbourne,Louis van Amstel,TV Personality,Media,Unknown,England,24,≤25,25.2222,8.4074,3,0.6404605623852194,0.2639746240900422,1400000.0,369564.4737260591,3,
10,1,Nicole Scherzinger,Derek Hough,Singer/Rapper,Entertainment,Hawaii,United States,31,26-35,25.0,8.333333333333334,3,0.9878817420925297,0.10943104292869163,800000.0,87544.8343429533,1,
10,1,Evan Lysacek,Anna Trebunskaya,Athlete,Sports,Illinois,United States,24,≤25,23.0,7.666666666666667,3,0.9878817420925297,0.10463984596390988,800000.0,83711.8767711279,2,
10,1,Erin Andrews,Maksim Chmerkoskiy,Sports Broadcaster,Media,Maine,United States,32,26-35,21.0,7.0,3,0.9873279028057048,0.09842587612731835,800000.0,78740.70090185468,3,
10,1,Pamela Anderson,Damian Whitewood,Model,Model,Unknown,Canada,42,36-45,21.0,7.0,3,0.9738125548400536,0.09776298845698343,800000.0,78210.39076558675,6,7.0
10,1,Jake Pavelka,Chelsie Hightower,TV Personality,Media,Texas,United States,32,26-35,20.0,6.666666666666667,3,0.9890287678934616,0.09510254672631455,800000.0,76082.03738105163,7,6.0
10,1,Shannen Doherty,Mark Ballas,Actor/Actress,Entertainment,Tennessee,United States,38,36-45,18.0,6.0,3,0.9653246563656591,0.08732149317315588,800000.0,69857.19453852471,11,2.0
10,1,Chad Ochocinco,Cheryl Burke,Athlete,Sports,Florida,United States,32,26-35,18.0,6.0,3,0.9621053241023104,0.08718104778844216,800000.0,69744.83823075372,4,9.0
10,1,Niecy Nash,Louis van Amstel,Actor/Actress,Entertainment,California,United States,40,36-45,18.0,6.0,3,0.9462382154729706,0.0864921286129025,800000.0,69193.70289032199,5,8.0
10,1,Kate Gosselin,Tony Dovolani,TV Personality,Media,Pennsylvania,United States,35,26-35,16.0,5.333333333333333,3,0.9559151016742996,0.08123553002740803,800000.0,64988.424021926425,8,5.0
10,1,Aiden Turner,Edyta Sliwinska,Actor/Actress,Entertainment,Unknown,England,32,26-35,15.0,5.0,3,0.9088622314180997,0.07710924936314109,800000.0,61687.39949051287,9,4.0
10,1,Buzz Aldrin,Ashly DelGrosso,Astronaut,Other,New Jersey,United States,80,>55,14.0,4.666666666666667,3,0.9102424267247796,0.0752982508317326,800000.0,60238.600665386075,10,3.0
10,2,Nicole Scherzinger,Derek Hough,Singer/Rapper,Entertainment,Hawaii,United States,31,26-35,28.0,9.333333333333334,3,0.9794134058579447,0.11164320897683984,866666.6666666667,96757.44777992787,1,
10,2,Evan Lysacek,Anna Trebunskaya,Athlete,Sports,Illinois,United States,24,≤25,24.0,8.0,3,0.9778126200637695,0.10364958652449048,866666.6666666667,89829.64165455842,2,
10,2,Erin Andrews,Maksim Chmerkoskiy,Sports Broadcaster,Media,Maine,United States,32,26-35,23.0,7.666666666666667,3,0.9773232579546548,0.10116098047811427,866666.6666666667,87672.84974769905,3,
10,2,Pamela Anderson,Damian Whitewood,Model,Model,Unknown,Canada,42,36-45,22.0,7.333333333333333,3,0.9386528079293767,0.09669123338577948,866666.6666666667,83799.06893434223,6,7.0
10,2,Niecy Nash,Louis van Amstel,Actor/Actress,Entertainment,California,United States,40,36-45,21.0,7.0,3,0.9735224403580303,0.09575609249378016,866666.6666666667,82988.61349460948,5,8.0
10,2,Jake Pavelka,Chelsie Hightower,TV Personality,Media,Texas,United States,32,26-35,20.0,6.666666666666667,3,0.9812149686370044,0.09348636082558641,866666.6666666667,81021.51271550823,7,6.0
10,2,Aiden Turner,Edyta Sliwinska,Actor/Actress,Entertainment,Unknown,England,32,26-35,19.0,6.333333333333333,3,0.9327694140414091,0.08874417634993041,866666.6666666667,76911.61950327303,9,4.0
10,2,Shannen Doherty,Mark Ballas,Actor/Actress,Entertainment,Tennessee,United States,38,36-45,20.0,6.666666666666667,3,0.7634720486656152,0.08384283984073285,866666.6666666667,72663.79452863515,11,2.0
10,2,Chad Ochocinco,Cheryl Burke,Athlete,Sports,Florida,United States,32,26-35,16.0,5.333333333333333,3,0.8976136605513642,0.08073025614077114,866666.6666666667,69966.22198866833,4,9.0
10,2,Kate Gosselin,Tony Dovolani,TV Personality,Media,Pennsylvania,United States,35,26-35,15.0,5.0,3,0.7585485987395804,0.0736755090090553,866666.6666666667,63852.10780784793,8,5.0
10,2,Buzz Aldrin,Ashly DelGrosso,Astronaut,Other,New Jersey,United States,80,>55,12.0,4.0,3,0.7769904973974506,0.07061975597491972,866666.6666666667,61203.7885115971,10,3.0
10,3,Evan Lysacek,Anna Trebunskaya,Athlete,Sports,Illinois,United States,24,≤25,26.0,8.666666666666666,3,0.978348309308673,0.120178567269729,933333.3333333334,112166.6627850804,2,
10,3,Nicole Scherzinger,Derek Hough,Singer/Rapper,Entertainment,Hawaii,United States,31,26-35,23.0,7.666666666666667,3,0.9815520214760831,0.11184008208458512,933333.3333333334,104384.07661227946,1,
10,3,Erin Andrews,Maksim Chmerkoskiy,Sports Broadcaster,Media,Maine,United States,32,26-35,23.0,7.666666666666667,3,0.9784110610202429,0.11166457729645436,933333.3333333334,104220.2721433574,3,
10,3,Jake Pavelka,Chelsie Hightower,TV Personality,Media,Texas,United States,32,26-35,21.0,7.0,3,0.9870168704260083,0.1053760195311382,933333.3333333334,98350.95156239567,7,6.0
10,3,Niecy Nash,Louis van Amstel,Actor/Actress,Entertainment,California,United States,40,36-45,21.0,7.0,3,0.9769384202284793,0.10484634175236421,933333.3333333334,97856.58563553993,5,8.0
10,3,Pamela Anderson,Damian Whitewood,Model,Model,Unknown,Canada,42,36-45,21.0,7.0,3,0.9644543216300602,0.10419392404839439,933333.3333333334,97247.6624451681,6,7.0
10,3,Aiden Turner,Edyta Sliwinska,Actor/Actress,Entertainment,Unknown,England,32,26-35,20.0,6.666666666666667,3,0.9584749238842487,0.10053008020268324,933333.3333333334,93828.0748558377,9,4.0
10,3,Chad Ochocinco,Cheryl Burke,Athlete,Sports,Florida,United States,32,26-35,20.0,6.666666666666667,3,0.9562551609919194,0.10041856562731123,933333.3333333334,93723.99458549048,4,9.0
10,3,Kate Gosselin,Tony Dovolani,TV Personality,Media,Pennsylvania,United States,35,26-35,15.0,5.0,3,0.7896103596108375,0.0802597920660826,933333.3333333334,74909.13926167709,8,5.0
10,3,Buzz Aldrin,Ashly DelGrosso,Astronaut,Other,New Jersey,United States,80,>55,13.0,4.333333333333333,3,0.30161091768981013,0.06069205012125754,933333.3333333334,56645.913446507046,10,3.0
10,4,Evan Lysacek,Anna Trebunskaya,Athlete,Sports,Illinois,United States,24,≤25,26.0,8.666666666666666,3,0.9776158011778547,0.1343896673110365,1000000.0,134389.6673110365,2,
10,4,Nicole Scherzinger,Derek Hough,Singer/Rapper,Entertainment,Hawaii,United States,31,26-35,25.0,8.333333333333334,3,0.9775526858275488,0.13139328954044047,1000000.0,131393.28954044046,1,
10,4,Pamela Anderson,Damian Whitewood,Model,Model,Unknown,Canada,42,36-45,23.5,7.833333333333333,3,0.9420889541688156,0.12398261258009702,1000000.0,123982.61258009702,6,7.0
10,4,Chad Ochocinco,Cheryl Burke,Athlete,Sports,Florida,United States,32,26-35,22.0,7.333333333333333,3,0.9794131947956336,0.12052723643562341,1000000.0,120527.2364356234,4,9.0
10,4,Erin Andrews,Maksim Chmerkoskiy,Sports Broadcaster,Media,Maine,United States,32,26-35,19.5,6.5,3,0.950352250528847,0.1091692247989646,1000000.0,109169.2247989646,3,
10,4,Jake Pavelka,Chelsie Hightower,TV Personality,Media,Texas,United States,32,26-35,19.0,6.333333333333333,3,0.9129194196367554,0.10539394133864817,1000000.0,105393.94133864818,7,6.0
10,4,Niecy Nash,Louis van Amstel,Actor/Actress,Entertainment,California,United States,40,36-45,18.0,6.0,3,0.8855963696591479,0.10075035387446749,1000000.0,100750.35387446749,5,8.0
10,4,Kate Gosselin,Tony Dovolani,TV Personality,Media,Pennsylvania,United States,35,26-35,16.0,5.333333333333333,3,0.7555500441861206,0.08945449615506491,1000000.0,89454.49615506492,8,5.0
10,4,Aiden Turner,Edyta Sliwinska,Actor/Actress,Entertainment,Unknown,England,32,26-35,16.5,5.5,3,0.6275588508714597,0.08493917796565756,1000000.0,84939.17796565755,9,4.0
10,5,Nicole Scherzinger,Derek Hough,Singer/Rapper,Entertainment,Hawaii,United States,31,26-35,29.0,9.666666666666666,3,0.9808822033917788,0.15185516900705257,1066666.6666666667,161978.84694085608,1,
10,5,Evan Lysacek,Anna Trebunskaya,Athlete,Sports,Illinois,United States,24,≤25,27.0,9.0,3,0.9847289620832621,0.14696874738380314,1066666.6666666667,156766.6638760567,2,
10,5,Jake Pavelka,Chelsie Hightower,TV Personality,Media,Texas,United States,32,26-35,23.0,7.666666666666667,3,0.9769931711378097,0.13345543608599705,1066666.6666666667,142352.46515839687,7,6.0
10,5,Erin Andrews,Maksim Chmerkoskiy,Sports Broadcaster,Media,Maine,United States,32,26-35,22.0,7.333333333333333,3,0.9751995896545083,0.12988270956131268,1066666.6666666667,138541.5568654002,3,
10,5,Pamela Anderson,Damian Whitewood,Model,Model,Unknown,Canada,42,36-45,21.0,7.0,3,0.9186663776928171,0.12296567699759554,1066666.6666666667,131163.38879743527,6,7.0
10,5,Chad Ochocinco,Cheryl Burke,Athlete,Sports,Florida,United States,32,26-35,18.0,6.0,3,0.9004855479414422,0.11304453738070652,1066666.6666666667,120580.83987275363,4,9.0
10,5,Niecy Nash,Louis van Amstel,Actor/Actress,Entertainment,California,United States,40,36-45,18.0,6.0,3,0.8633481720337983,0.11096481723469671,1066666.6666666667,118362.47171700983,5,8.0
10,5,Kate Gosselin,Tony Dovolani,TV Personality,Media,Pennsylvania,United States,35,26-35,15.0,5.0,3,0.5833036077284504,0.09086290634883569,1066666.6666666667,96920.43343875807,8,5.0
10,6,Nicole Scherzinger,Derek Hough,Singer/Rapper,Entertainment,Hawaii,United States,31,26-35,35.9999,11.999966666666666,3,0.9742276518291496,0.17339636527818383,1133333.3333333333,196515.88064860832,1,
10,6,Erin Andrews,Maksim Chmerkoskiy,Sports Broadcaster,Media,Maine,United States,32,26-35,34.0,11.333333333333334,3,0.9689516978585117,0.1658313646430595,1133333.3333333333,187942.2132621341,3,
10,6,Chad Ochocinco,Cheryl Burke,Athlete,Sports,Florida,United States,32,26-35,30.9999,10.3333,3,0.9753747030177856,0.15337392979493544,1133333.3333333333,173823.78710092683,4,9.0
10,6,Pamela Anderson,Damian Whitewood,Model,Model,Unknown,Canada,42,36-45,29.9998,9.999933333333331,3,0.9128830497558181,0.1442657147074823,1133333.3333333333,163501.1433351466,6,7.0
10,6,Evan Lysacek,Anna Trebunskaya,Athlete,Sports,Illinois,United States,24,≤25,27.0,9.0,3,0.9216680079368428,0.13278777547238346,1133333.3333333333,150492.81220203458,2,
10,6,Niecy Nash,Louis van Amstel,Actor/Actress,Entertainment,California,United States,40,36-45,25.9998,8.6666,3,0.7710142622703361,0.12002646866261199,1133333.3333333333,136029.99781762692,5,8.0
10,6,Jake Pavelka,Chelsie Hightower,TV Personality,Media,Texas,United States,32,26-35,24.9999,8.3333,3,0.6486353141733037,0.11031838144134339,1133333.3333333333,125027.49896685583,7,6.0
10,7,Evan Lysacek,Anna Trebunskaya,Athlete,Sports,Illinois,United States,24,≤25,27.0,9.0,3,0.9756396080408739,0.20390425081735808,1200000.0,244685.1009808297,2,
10,7,Nicole Scherzinger,Derek Hough,Singer/Rapper,Entertainment,Hawaii,United States,31,26-35,27.0,9.0,3,0.9734791477832735,0.20368410622705146,1200000.0,244420.92747246177,1,
10,7,Chad Ochocinco,Cheryl Burke,Athlete,Sports,Florida,United States,32,26-35,26.0,8.666666666666666,3,0.9722855350101719,0.18127998120718428,1200000.0,217535.97744862112,4,9.0
10,7,Erin Andrews,Maksim Chmerkoskiy,Sports Broadcaster,Media,Maine,United States,32,26-35,25.5,8.5,3,0.8522088431169998,0.1601985320490573,1200000.0,192238.23845886876,3,
10,7,Niecy Nash,Louis van Amstel,Actor/Actress,Entertainment,California,United States,40,36-45,24.5,8.166666666666666,3,0.5735298805226361,0.1257353556336166,1200000.0,150882.4267603399,5,8.0
10,7,Pamela Anderson,Damian Whitewood,Model,Model,Unknown,Canada,42,36-45,25.5,8.5,3,0.3591704593716364,0.12519777406573224,1200000.0,150237.32887887867,6,7.0
10,8,Nicole Scherzinger,Derek Hough,Singer/Rapper,Entertainment,Hawaii,United States,31,26-35,29.5,9.833333333333334,3,0.9641168177723068,0.24149182362726082,1266666.6666666665,305889.643261197,1,
10,8,Evan Lysacek,Anna Trebunskaya,Athlete,Sports,Illinois,United States,24,≤25,26.5,8.833333333333334,3,0.9710370429431264,0.220099910919137,1266666.6666666665,278793.2204975735,2,
10,8,Erin Andrews,Maksim Chmerkoskiy,Sports Broadcaster,Media,Maine,United States,32,26-35,26.5,8.833333333333334,3,0.9624294133931893,0.21915467718504178,1266666.6666666665,277595.9244343862,3,
10,8,Chad Ochocinco,Cheryl Burke,Athlete,Sports,Florida,United States,32,26-35,22.5,7.5,3,0.7980505018671946,0.17439605038291145,1266666.6666666665,220901.6638183545,4,9.0
10,8,Niecy Nash,Louis van Amstel,Actor/Actress,Entertainment,California,United States,40,36-45,21.5,7.166666666666667,3,0.48671354699792735,0.14485753788564906,1266666.6666666665,183486.21465515546,5,8.0
10,9,Nicole Scherzinger,Derek Hough,Singer/Rapper,Entertainment,Hawaii,United States,31,26-35,29.5,9.833333333333334,3,0.9348090501895945,0.2994196399664397,1333333.3333333335,399226.1866219197,1,
10,9,Evan Lysacek,Anna Trebunskaya,Athlete,Sports,Illinois,United States,24,≤25,29.5,9.833333333333334,3,0.9281365933978584,0.2984223721429193,1333333.3333333335,397896.49619055906,2,
10,9,Erin Andrews,Maksim Chmerkoskiy,Sports Broadcaster,Media,Maine,United States,32,26-35,28.0,9.333333333333334,3,0.622854005910948,0.22976544451687048,1333333.3333333335,306353.926022494,3,
10,9,Chad Ochocinco,Cheryl Burke,Athlete,Sports,Florida,United States,32,26-35,26.0,8.666666666666666,3,0.30590584577627067,0.17239254337377055,1333333.3333333335,229856.72449836077,4,9.0
10,10,Nicole Scherzinger,Derek Hough,Singer/Rapper,Entertainment,Hawaii,United States,31,26-35,28.7777,9.592566666666666,3,0.9610957589894028,0.412265159358753,1400000.0,577171.2231022542,1,
10,10,Erin Andrews,Maksim Chmerkoskiy,Sports Broadcaster,Media,Maine,United States,32,26-35,26.9998,8.999933333333333,3,0.7214608531838674,0.30119283249271095,1400000.0,421669.9654897953,3,
10,10,Evan Lysacek,Anna Trebunskaya,Athlete,Sports,Illinois,United States,24,≤25,26.8887,8.9629,3,0.6458660066063266,0.286542008148536,1400000.0,401158.81140795036,2,
11,1,Jennifer Grey,Derek Hough,Actor/Actress,Entertainment,New York,United States,50,46-55,24.0,8.0,3,0.9865226515521341,0.09850969271104192,800000.0,78807.75416883353,1,
11,1,Kyle Massey,Lacey Schwimmer,Actor/Actress,Entertainment,Georgia,United States,19,≤25,23.0,7.666666666666667,3,0.9911529225714413,0.0963853923518078,800000.0,77108.31388144624,2,
11,1,Brandy,Maksim Chmerkoskiy,Singer/Rapper,Entertainment,Mississippi,United States,31,26-35,23.0,7.666666666666667,3,0.9878817420925297,0.09622787419754433,800000.0,76982.29935803547,4,9.0
11,1,Rick Fox,Cheryl Burke,Athlete,Sports,Unknown,Canada,41,36-45,22.0,7.333333333333333,3,0.9869779087695494,0.09350116547018783,800000.0,74800.93237615026,6,7.0
11,1,Kurt Warner,Anna Trebunskaya,Athlete,Sports,Iowa,United States,39,36-45,19.0,6.333333333333333,3,0.9858725460956229,0.08422604310945318,800000.0,67380.83448756255,5,8.0
11,1,Audrina Patridge,Tony Dovolani,TV Personality,Media,California,United States,25,≤25,19.0,6.333333333333333,3,0.9828371646017259,0.08409831097662994,800000.0,67278.64878130396,7,6.0
11,1,Bristol Palin,Mark Ballas,TV Personality,Media,Alaska,United States,19,≤25,18.0,6.0,3,0.9724634995880022,0.08063353035314162,800000.0,64506.8242825133,3,
11,1,Florence Henderson,Corky Ballas,Actor/Actress,Entertainment,Indiana,United States,76,>55,18.0,6.0,3,0.9703559547086746,0.08054860571462306,800000.0,64438.88457169845,8,5.0
11,1,Michael Bolton,Chelsie Hightower,Singer/Rapper,Entertainment,Connecticut,United States,57,>55,16.0,5.333333333333333,3,0.9437972956549154,0.07425240240647825,800000.0,59401.9219251826,11,2.0
11,1,The Situation,Karina Smirnoff,TV Personality,Media,New York,United States,28,26-35,15.0,5.0,3,0.9229113521450988,0.07138310288712058,800000.0,57106.48230969646,9,4.0
11,1,David Hasselhoff,Kym Johnson,Actor/Actress,Entertainment,Maryland,United States,58,>55,15.0,5.0,3,0.9026455819811171,0.0706634384051564,800000.0,56530.75072412512,12,1.0
11,1,Margaret Cho,Louis van Amstel,Comedian,Entertainment,California,United States,41,36-45,15.0,5.0,3,0.8714685476439488,0.06957044141681488,800000.0,55656.35313345191,10,3.0
11,2,Jennifer Grey,Derek Hough,Actor/Actress,Entertainment,New York,United States,50,46-55,24.0,8.0,3,0.9856077213744242,0.10604037235448506,866666.6666666667,91901.65604055373,1,
11,2,Audrina Patridge,Tony Dovolani,TV Personality,Media,California,United States,25,≤25,23.0,7.666666666666667,3,0.9806459772414307,0.10272197066135216,866666.6666666667,89025.70790650521,7,6.0
11,2,Bristol Palin,Mark Ballas,TV Personality,Media,Alaska,United States,19,≤25,22.0,7.333333333333333,3,0.9860810315254269,0.0996372607690443,866666.6666666667,86352.29266650508,3,
11,2,Kyle Massey,Lacey Schwimmer,Actor/Actress,Entertainment,Georgia,United States,19,≤25,22.0,7.333333333333333,3,0.9849061584026919,0.09957874738732661,866666.6666666667,86301.5810690164,2,
11,2,Brandy,Maksim Chmerkoskiy,Singer/Rapper,Entertainment,Mississippi,United States,31,26-35,21.0,7.0,3,0.9778093414821258,0.09570383113132984,866666.6666666667,82943.3203138192,4,9.0
11,2,Rick Fox,Cheryl Burke,Athlete,Sports,Unknown,Canada,41,36-45,21.0,7.0,3,0.9741911596239684,0.09553085071438135,866666.6666666667,82793.40395246384,6,7.0
11,2,Kurt Warner,Anna Trebunskaya,Athlete,Sports,Iowa,United States,39,36-45,21.0,7.0,3,0.9734628914278676,0.09549607100684349,866666.6666666667,82763.26153926436,5,8.0
11,2,Florence Henderson,Corky Ballas,Actor/Actress,Entertainment,Indiana,United States,76,>55,19.0,6.333333333333333,3,0.901484189281304,0.0854498497326641,866666.6666666667,74056.53643497557,8,5.0
11,2,The Situation,Karina Smirnoff,TV Personality,Media,New York,United States,28,26-35,18.0,6.0,3,0.8962469769043199,0.08223728411610139,866666.6666666667,71272.31290062121,9,4.0
11,2,Margaret Cho,Louis van Amstel,Comedian,Entertainment,California,United States,41,36-45,18.0,6.0,3,0.8589204134129915,0.08071670019271822,866666.6666666667,69954.4735003558,10,3.0
11,2,Michael Bolton,Chelsie Hightower,Singer/Rapper,Entertainment,Connecticut,United States,57,>55,12.0,4.0,3,0.4265488038904005,0.056887061933753404,866666.6666666667,49302.120342586284,11,2.0
11,3,Audrina Patridge,Tony Dovolani,TV Personality,Media,California,United States,25,≤25,26.0,8.666666666666666,3,0.9788351948245995,0.11961881222182529,933333.3333333334,111644.22474037026,7,6.0
11,3,Jennifer Grey,Derek Hough,Actor/Actress,Entertainment,New York,United States,50,46-55,24.0,8.0,3,0.9852872604068557,0.11180665944789413,933333.3333333334,104352.88215136786,1,
11,3,Brandy,Maksim Chmerkoskiy,Singer/Rapper,Entertainment,Mississippi,United States,31,26-35,24.0,8.0,3,0.978348309308673,0.11141942112210622,933333.3333333334,103991.45971396581,4,9.0
11,3,Rick Fox,Cheryl Burke,Athlete,Sports,Unknown,Canada,41,36-45,24.0,8.0,3,0.977114153911765,0.11135068789121014,933333.3333333334,103927.3086984628,6,7.0
11,3,Kyle Massey,Lacey Schwimmer,Actor/Actress,Entertainment,Georgia,United States,19,≤25,23.0,7.666666666666667,3,0.9875809634109303,0.10711529592449788,933333.3333333334,99974.27619619803,2,
11,3,Kurt Warner,Anna Trebunskaya,Athlete,Sports,Iowa,United States,39,36-45,23.0,7.666666666666667,3,0.9733784638888064,0.10635733786482686,933333.3333333334,99266.84867383841,5,8.0
11,3,The Situation,Karina Smirnoff,TV Personality,Media,New York,United States,28,26-35,20.0,6.666666666666667,3,0.8738679633126384,0.08828037593065932,933333.3333333334,82395.01753528204,9,4.0
11,3,Florence Henderson,Corky Ballas,Actor/Actress,Entertainment,Indiana,United States,76,>55,20.0,6.666666666666667,3,0.8668405807975333,0.08797073026374909,933333.3333333334,82106.01491283248,8,5.0
11,3,Bristol Palin,Mark Ballas,TV Personality,Media,Alaska,United States,19,≤25,19.0,6.333333333333333,3,0.8520509770009366,0.08411484634571338,933333.3333333334,78507.18992266583,3,
11,3,Margaret Cho,Louis van Amstel,Comedian,Entertainment,California,United States,41,36-45,18.0,6.0,3,0.6014909286591799,0.07196583298751776,933333.3333333334,67168.1107883499,10,3.0
11,4,Jennifer Grey,Derek Hough,Actor/Actress,Entertainment,New York,United States,50,46-55,28.0,9.333333333333334,3,0.975064408249628,0.136123311665142,1000000.0,136123.31166514198,1,
11,4,Brandy,Maksim Chmerkoskiy,Singer/Rapper,Entertainment,Mississippi,United States,31,26-35,24.0,8.0,3,0.9803313719567087,0.1269210093493768,1000000.0,126921.0093493768,4,9.0
11,4,Audrina Patridge,Tony Dovolani,TV Personality,Media,California,United States,25,≤25,23.0,7.666666666666667,3,0.9768755606608496,0.12369458892004918,1000000.0,123694.58892004918,7,6.0
11,4,Kyle Massey,Lacey Schwimmer,Actor/Actress,Entertainment,Georgia,United States,19,≤25,20.0,6.666666666666667,3,0.986656748130033,0.11458865967603919,1000000.0,114588.6596760392,2,
11,4,Rick Fox,Cheryl Burke,Athlete,Sports,Unknown,Canada,41,36-45,19.5,6.5,3,0.977798131217011,0.11248174353223989,1000000.0,112481.74353223988,6,7.0
11,4,Florence Henderson,Corky Ballas,Actor/Actress,Entertainment,Indiana,United States,76,>55,17.5,5.833333333333333,3,0.9269169741097606,0.10379276649487405,1000000.0,103792.76649487406,8,5.0
11,4,Kurt Warner,Anna Trebunskaya,Athlete,Sports,Iowa,United States,39,36-45,17.0,5.666666666666667,3,0.9165566735306251,0.10192840046326392,1000000.0,101928.40046326391,5,8.0
11,4,Bristol Palin,Mark Ballas,TV Personality,Media,Alaska,United States,19,≤25,16.0,5.333333333333333,3,0.86331384677744,0.09685066899139519,1000000.0,96850.66899139519,3,
11,4,The Situation,Karina Smirnoff,TV Personality,Media,New York,United States,28,26-35,14.0,4.666666666666667,3,0.6539359628332159,0.08361885090761978,1000000.0,83618.85090761978,9,4.0
11,5,Brandy,Maksim Chmerkoskiy,Singer/Rapper,Entertainment,Mississippi,United States,31,26-35,27.0,9.0,3,0.9768295319100898,0.15183395575251088,1066666.6666666667,161956.21946934494,4,9.0
11,5,Jennifer Grey,Derek Hough,Actor/Actress,Entertainment,New York,United States,50,46-55,25.0,8.333333333333334,3,0.9783999603617869,0.14258359931693051,1066666.6666666667,152089.1726047259,1,
11,5,Kurt Warner,Anna Trebunskaya,Athlete,Sports,Iowa,United States,39,36-45,24.0,8.0,3,0.9796546150881856,0.1371937261977906,1066666.6666666667,146339.97461097664,5,8.0
11,5,Rick Fox,Cheryl Burke,Athlete,Sports,Unknown,Canada,41,36-45,24.0,8.0,3,0.9742034704478372,0.1368203039010737,1066666.6666666667,145941.65749447863,6,7.0
11,5,Audrina Patridge,Tony Dovolani,TV Personality,Media,California,United States,25,≤25,23.0,7.666666666666667,3,0.9630390816059631,0.13045276025581454,1066666.6666666667,139149.61093953552,7,6.0
11,5,Kyle Massey,Lacey Schwimmer,Actor/Actress,Entertainment,Georgia,United States,19,≤25,20.0,6.666666666666667,3,0.9004254981582093,0.11206905323770402,1066666.6666666667,119540.32345355097,2,
11,5,Bristol Palin,Mark Ballas,TV Personality,Media,Alaska,United States,19,≤25,18.0,6.0,3,0.7776378602117248,0.09944114359507862,1066666.6666666667,106070.55316808388,3,
11,5,Florence Henderson,Corky Ballas,Actor/Actress,Entertainment,Indiana,United States,76,>55,21.0,7.0,3,0.3789857653015591,0.08960545774309704,1066666.6666666667,95579.15492597019,8,5.0
11,6,Brandy,Maksim Chmerkoskiy,Singer/Rapper,Entertainment,Mississippi,United States,31,26-35,35.9999,11.999966666666666,3,0.9742276518291496,0.17071399592761977,1133333.3333333333,193475.8620513024,4,9.0
11,6,Audrina Patridge,Tony Dovolani,TV Personality,Media,California,United States,25,≤25,31.9998,10.6666,3,0.9646038921842204,0.1552221743087627,1133333.3333333333,175918.46421659773,7,6.0
11,6,Rick Fox,Cheryl Burke,Athlete,Sports,Unknown,Canada,41,36-45,30.0,10.0,3,0.9741913193811846,0.14731034367802462,1133333.3333333333,166951.72283509455,6,7.0
11,6,Kyle Massey,Lacey Schwimmer,Actor/Actress,Entertainment,Georgia,United States,19,≤25,29.9999,9.999966666666666,3,0.9696751844246038,0.146977649752709,1133333.3333333333,166574.66971973685,2,
11,6,Jennifer Grey,Derek Hough,Actor/Actress,Entertainment,New York,United States,50,46-55,29.0,9.666666666666666,3,0.9285862714748908,0.13980847198201352,1133333.3333333333,158449.6015796153,1,
11,6,Bristol Palin,Mark Ballas,TV Personality,Media,Alaska,United States,19,≤25,27.9998,9.333266666666669,3,0.9198561878839179,0.1352195069870719,1133333.3333333333,153248.77458534815,3,
11,6,Kurt Warner,Anna Trebunskaya,Athlete,Sports,Iowa,United States,39,36-45,21.9999,7.3333,3,0.6740474559778135,0.10474785736379841,1133333.3333333333,118714.2383456382,5,8.0
11,7,Brandy,Maksim Chmerkoskiy,Singer/Rapper,Entertainment,Mississippi,United States,31,26-35,36.5,9.125,4,0.9713860108310796,0.1967953768074256,1200000.0,236154.4521689107,4,9.0
11,7,Jennifer Grey,Derek Hough,Actor/Actress,Entertainment,New York,United States,50,46-55,36.5,9.125,4,0.9649671412073324,0.19616478733346956,1200000.0,235397.7448001635,1,
11,7,Kurt Warner,Anna Trebunskaya,Athlete,Sports,Iowa,United States,39,36-45,35.0,8.75,4,0.9587557778158934,0.1760980273261124,1200000.0,211317.63279133488,5,8.0
11,7,Rick Fox,Cheryl Burke,Athlete,Sports,Unknown,Canada,41,36-45,34.5,8.625,4,0.7579915719217996,0.15320681484427165,1200000.0,183848.17781312598,6,7.0
11,7,Kyle Massey,Lacey Schwimmer,Actor/Actress,Entertainment,Georgia,United States,19,≤25,33.5,8.375,4,0.7392370826632851,0.14105040525497958,1200000.0,169260.4863059755,2,
11,7,Bristol Palin,Mark Ballas,TV Personality,Media,Alaska,United States,19,≤25,32.5,8.125,4,0.7934206617239015,0.13668458843374123,1200000.0,164021.50612048947,3,
11,8,Brandy,Maksim Chmerkoskiy,Singer/Rapper,Entertainment,Mississippi,United States,31,26-35,28.5,9.5,3,0.970614045377011,0.22771562673910334,1266666.6666666665,288439.79386953084,4,9.0
11,8,Jennifer Grey,Derek Hough,Actor/Actress,Entertainment,New York,United States,50,46-55,28.5,9.5,3,0.9651560939946626,0.2270950434926683,1266666.6666666665,287653.7217573798,1,
11,8,Kyle Massey,Lacey Schwimmer,Actor/Actress,Entertainment,Georgia,United States,19,≤25,28.0,9.333333333333334,3,0.9631479241044563,0.22193241945494396,1266666.6666666665,281114.3979762623,2,
11,8,Bristol Palin,Mark Ballas,TV Personality,Media,Alaska,United States,19,≤25,23.5,7.833333333333333,3,0.8669870668641685,0.17224772588004136,1266666.6666666665,218180.4527813857,3,
11,8,Kurt Warner,Anna Trebunskaya,Athlete,Sports,Iowa,United States,39,36-45,24.0,8.0,3,0.5665031612145348,0.15100918443324304,1266666.6666666665,191278.30028210784,5,8.0
11,9,Jennifer Grey,Derek Hough,Actor/Actress,Entertainment,New York,United States,50,46-55,30.0,10.0,3,0.9365102082744311,0.28483892865128635,1333333.3333333335,379785.23820171517,1,
11,9,Kyle Massey,Lacey Schwimmer,Actor/Actress,Entertainment,Georgia,United States,19,≤25,29.0,9.666666666666666,3,0.9602961703119155,0.26732894973217075,1333333.3333333335,356438.59964289435,2,
11,9,Brandy,Maksim Chmerkoskiy,Singer/Rapper,Entertainment,Mississippi,United States,31,26-35,28.5,9.5,3,0.9086611186489052,0.24978626780844176,1333333.3333333335,333048.3570779224,4,9.0
11,9,Bristol Palin,Mark Ballas,TV Personality,Media,Alaska,United States,19,≤25,26.5,8.833333333333334,3,0.7400006582504123,0.1980458538081011,1333333.3333333335,264061.13841080153,3,
11,10,Jennifer Grey,Derek Hough,Actor/Actress,Entertainment,New York,United States,50,46-55,30.0,10.0,3,0.9313780813468704,0.39620570332542204,1400000.0,554687.9846555908,1,
11,10,Kyle Massey,Lacey Schwimmer,Actor/Actress,Entertainment,Georgia,United States,19,≤25,27.3332,9.111066666666666,3,0.809781932596891,0.32377404980513685,1400000.0,453283.6697271916,2,
11,10,Bristol Palin,Mark Ballas,TV Personality,Media,Alaska,United States,19,≤25,25.666600000000003,8.555533333333335,3,0.6953731581499955,0.28002024686944116,1400000.0,392028.3456172176,3,
12,1,Ralph Macchio,Karina Smirnoff,Actor/Actress,Entertainment,New York,United States,49,46-55,24.0,8.0,3,0.9865226515521341,0.10743095106721748,800000.0,85944.76085377399,4,9.0
12,1,Kirstie Alley,Maksim Chmerkoskiy,Actor/Actress,Entertainment,Kansas,United States,60,>55,23.0,7.666666666666667,3,0.9875018111216729,0.10497005311603344,800000.0,83976.04249282675,2,
12,1,Chelsea Kane,Mark Ballas,Actor/Actress,Entertainment,Arizona,United States,22,≤25,21.0,7.0,3,0.9873279028057048,0.09891482822769625,800000.0,79131.862582157,3,
12,1,Hines Ward,Kym Johnson,Athlete,Sports,Unknown,South Korea,35,26-35,21.0,7.0,3,0.9873279028057048,0.09891482822769625,800000.0,79131.862582157,1,
12,1,Romeo,Chelsie Hightower,Singer/Rapper,Entertainment,Louisiana,United States,21,≤25,19.0,6.333333333333333,3,0.9860941103649503,0.09208991336124157,800000.0,73671.93068899326,5,8.0
12,1,Chris Jericho,Cheryl Burke,Athlete,Sports,New York,United States,40,36-45,19.0,6.333333333333333,3,0.9858725460956229,0.0920797120091326,800000.0,73663.76960730608,7,6.0
12,1,Petra Nemcova,Dmitry Chaplin,Model,Model,Unknown,Czechoslovakia,31,26-35,18.0,6.0,3,0.9653927998664465,0.08786501226929398,800000.0,70292.00981543519,8,5.0
12,1,Kendra Wilkinson,Louis van Amstel,TV Personality,Media,California,United States,25,≤25,18.0,6.0,3,0.9554988970693261,0.0874314216839873,800000.0,69945.13734718984,6,7.0
12,1,Sugar Ray Leonard,Anna Trebunskaya,Athlete,Sports,North Carolina,United States,54,46-55,17.0,5.666666666666667,3,0.9579783189202529,0.08449896051524067,800000.0,67599.16841219254,9,4.0
12,1,Wendy Williams,Tony Dovolani,TV Personality,Media,New Jersey,United States,46,46-55,14.0,4.666666666666667,3,0.8931004517323676,0.07497551403589618,800000.0,59980.41122871695,10,3.0
12,1,Mike Catherwood,Lacey Schwimmer,Radio Personality,Media,California,United States,32,26-35,13.0,4.333333333333333,3,0.8214193921664626,0.07082880548656437,800000.0,56663.044389251496,11,2.0
12,2,Romeo,Chelsie Hightower,Singer/Rapper,Entertainment,Louisiana,United States,21,≤25,23.0,7.666666666666667,3,0.9828500681822531,0.10843855315773888,866666.6666666667,93980.0794033737,5,8.0
12,2,Chris Jericho,Cheryl Burke,Athlete,Sports,New York,United States,40,36-45,23.0,7.666666666666667,3,0.9825777294019656,0.1084237881513811,866666.6666666667,93967.28306453029,7,6.0
12,2,Hines Ward,Kym Johnson,Athlete,Sports,Unknown,South Korea,35,26-35,23.0,7.666666666666667,3,0.9788166594556993,0.10822008502130447,866666.6666666667,93790.74035179721,1,
12,2,Ralph Macchio,Karina Smirnoff,Actor/Actress,Entertainment,New York,United States,49,46-55,21.0,7.0,3,0.9799417668861866,0.09994240014364408,866666.6666666667,86616.7467911582,4,9.0
12,2,Kirstie Alley,Maksim Chmerkoskiy,Actor/Actress,Entertainment,Kansas,United States,60,>55,20.0,6.666666666666667,3,0.9813900231914029,0.09529184609813943,866666.6666666667,82586.26661838751,2,
12,2,Kendra Wilkinson,Louis van Amstel,TV Personality,Media,California,United States,25,≤25,19.0,6.333333333333333,3,0.9182964082077542,0.08784888075719098,866666.6666666667,76135.69665623219,6,7.0
12,2,Petra Nemcova,Dmitry Chaplin,Model,Model,Unknown,Czechoslovakia,31,26-35,18.0,6.0,3,0.9474421411147352,0.08501577233593695,866666.6666666667,73680.33602447869,8,5.0
12,2,Chelsea Kane,Mark Ballas,Actor/Actress,Entertainment,Arizona,United States,22,≤25,18.0,6.0,3,0.9164607629558935,0.08370896722744499,866666.6666666667,72547.77159711899,3,
12,2,Sugar Ray Leonard,Anna Trebunskaya,Athlete,Sports,North Carolina,United States,54,46-55,17.0,5.666666666666667,3,0.8359559188907981,0.07711495736908917,866666.6666666667,66832.96305321062,9,4.0
12,2,Wendy Williams,Tony Dovolani,TV Personality,Media,New Jersey,United States,46,46-55,17.0,5.666666666666667,3,0.736603266335423,0.0733777631290385,866666.6666666667,63594.06137850004,10,3.0
12,2,Mike Catherwood,Lacey Schwimmer,Radio Personality,Media,California,United States,32,26-35,17.0,5.666666666666667,3,0.7157591357743056,0.0726169866090915,866666.6666666667,62934.7217278793,11,2.0
12,3,Hines Ward,Kym Johnson,Athlete,Sports,Unknown,South Korea,35,26-35,25.0,8.333333333333334,3,0.9782790778669553,0.11661489945395648,933333.3333333334,108840.57282369271,1,
12,3,Petra Nemcova,Dmitry Chaplin,Model,Model,Unknown,Czechoslovakia,31,26-35,25.0,8.333333333333334,3,0.9583733725576786,0.11546000532148751,933333.3333333334,107762.67163338834,8,5.0
12,3,Kendra Wilkinson,Louis van Amstel,TV Personality,Media,California,United States,25,≤25,23.0,7.666666666666667,3,0.9781916242785946,0.10867965713618823,933333.3333333334,101434.34666044234,6,7.0
12,3,Chelsea Kane,Mark Ballas,Actor/Actress,Entertainment,Arizona,United States,22,≤25,23.0,7.666666666666667,3,0.9779611270620802,0.10866713267868441,933333.3333333334,101422.65716677213,3,
12,3,Chris Jericho,Cheryl Burke,Athlete,Sports,New York,United States,40,36-45,21.0,7.0,3,0.9662656653724865,0.09931908726644303,933333.3333333334,92697.8147820135,7,6.0
12,3,Ralph Macchio,Karina Smirnoff,Actor/Actress,Entertainment,New York,United States,49,46-55,21.0,7.0,3,0.9624736925621427,0.09913095802880695,933333.3333333334,92522.22749355316,4,9.0
12,3,Kirstie Alley,Maksim Chmerkoskiy,Actor/Actress,Entertainment,Kansas,United States,60,>55,21.0,7.0,3,0.9578817680782887,0.09890361817389565,933333.3333333334,92310.04362896927,2,
12,3,Romeo,Chelsie Hightower,Singer/Rapper,Entertainment,Louisiana,United States,21,≤25,20.0,6.666666666666667,3,0.9347641186130385,0.09376456381803006,933333.3333333334,87513.59289682805,5,8.0
12,3,Sugar Ray Leonard,Anna Trebunskaya,Athlete,Sports,North Carolina,United States,54,46-55,20.0,6.666666666666667,3,0.8757995061626964,0.09104052107571298,933333.3333333334,84971.15300399878,9,4.0
12,3,Wendy Williams,Tony Dovolani,TV Personality,Media,New Jersey,United States,46,46-55,15.0,5.0,3,0.5865845853699774,0.06841955704679475,933333.3333333334,63858.253243675106,10,3.0
12,4,Chelsea Kane,Mark Ballas,Actor/Actress,Entertainment,Arizona,United States,22,≤25,26.0,8.666666666666666,3,0.9824692969766927,0.13012232699280557,1000000.0,130122.32699280557,3,
12,4,Hines Ward,Kym Johnson,Athlete,Sports,Unknown,South Korea,35,26-35,25.0,8.333333333333334,3,0.9790172146847698,0.1249202184499694,1000000.0,124920.2184499694,1,
12,4,Ralph Macchio,Karina Smirnoff,Actor/Actress,Entertainment,New York,United States,49,46-55,25.0,8.333333333333334,3,0.9766217376459909,0.12477068626058917,1000000.0,124770.68626058917,4,9.0
12,4,Romeo,Chelsie Hightower,Singer/Rapper,Entertainment,Louisiana,United States,21,≤25,23.0,7.666666666666667,3,0.9732143380193852,0.11306104906622051,1000000.0,113061.04906622051,5,8.0
12,4,Chris Jericho,Cheryl Burke,Athlete,Sports,New York,United States,40,36-45,23.0,7.666666666666667,3,0.9709903068602463,0.11293539329675167,1000000.0,112935.39329675167,7,6.0
12,4,Petra Nemcova,Dmitry Chaplin,Model,Model,Unknown,Czechoslovakia,31,26-35,23.0,7.666666666666667,3,0.9554965437772591,0.11206387631107442,1000000.0,112063.87631107442,8,5.0
12,4,Kirstie Alley,Maksim Chmerkoskiy,Actor/Actress,Entertainment,Kansas,United States,60,>55,22.0,7.333333333333333,3,0.8763923010747432,0.1023496117015001,1000000.0,102349.61170150011,2,
12,4,Sugar Ray Leonard,Anna Trebunskaya,Athlete,Sports,North Carolina,United States,54,46-55,21.0,7.0,3,0.7947946366431966,0.09370190726512366,1000000.0,93701.90726512366,9,4.0
12,4,Kendra Wilkinson,Louis van Amstel,TV Personality,Media,California,United States,25,≤25,18.0,6.0,3,0.8220845915981878,0.08607493065596525,1000000.0,86074.93065596525,6,7.0
12,5,Hines Ward,Kym Johnson,Athlete,Sports,Unknown,South Korea,35,26-35,27.0,9.0,3,0.9752872977362209,0.15117574614403742,1066666.6666666667,161254.12922030658,1,
12,5,Romeo,Chelsie Hightower,Singer/Rapper,Entertainment,Louisiana,United States,21,≤25,26.0,8.666666666666666,3,0.9812940383643578,0.14506298764323172,1066666.6666666667,154733.85348611386,5,8.0
12,5,Chelsea Kane,Mark Ballas,Actor/Actress,Entertainment,Arizona,United States,22,≤25,26.0,8.666666666666666,3,0.97901584806821,0.14489784117446985,1066666.6666666667,154557.69725276786,3,
12,5,Chris Jericho,Cheryl Burke,Athlete,Sports,New York,United States,40,36-45,26.0,8.666666666666666,3,0.9771981768751116,0.14476621268193737,1066666.6666666667,154417.2935273999,7,6.0
12,5,Kirstie Alley,Maksim Chmerkoskiy,Actor/Actress,Entertainment,Kansas,United States,60,>55,23.0,7.666666666666667,3,0.875416181955654,0.11671141335721306,1066666.6666666667,124492.17424769394,2,
12,5,Ralph Macchio,Karina Smirnoff,Actor/Actress,Entertainment,New York,United States,49,46-55,22.0,7.333333333333333,3,0.8229963105604656,0.10828030973758171,1066666.6666666667,115498.99705342049,4,9.0
12,5,Kendra Wilkinson,Louis van Amstel,TV Personality,Media,California,United States,25,≤25,22.0,7.333333333333333,3,0.7700528672890108,0.10545154977902493,1066666.6666666667,112481.65309762661,6,7.0
12,5,Petra Nemcova,Dmitry Chaplin,Model,Model,Unknown,Czechoslovakia,31,26-35,22.0,7.333333333333333,3,0.306926702334856,0.08365393948250399,1066666.6666666667,89230.8687813376,8,5.0
12,6,Romeo,Chelsie Hightower,Singer/Rapper,Entertainment,Louisiana,United States,21,≤25,28.0,9.333333333333334,3,0.9719666666347927,0.16600372193695997,1133333.3333333333,188137.5515285546,5,8.0
12,6,Chelsea Kane,Mark Ballas,Actor/Actress,Entertainment,Arizona,United States,22,≤25,28.0,9.333333333333334,3,0.9646479138893839,0.16539736196544827,1133333.3333333333,187450.34356084137,3,
12,6,Hines Ward,Kym Johnson,Athlete,Sports,Unknown,South Korea,35,26-35,27.0,9.0,3,0.9665118671874444,0.1577828570672608,1133333.3333333333,178820.57134289556,1,
12,6,Kirstie Alley,Maksim Chmerkoskiy,Actor/Actress,Entertainment,Kansas,United States,60,>55,26.0,8.666666666666666,3,0.9421099061978355,0.14760301663549627,1133333.3333333333,167283.41885356244,2,
12,6,Kendra Wilkinson,Louis van Amstel,TV Personality,Media,California,United States,25,≤25,25.0,8.333333333333334,3,0.8849734662157787,0.13562375072985175,1133333.3333333333,153706.91749383198,6,7.0
12,6,Ralph Macchio,Karina Smirnoff,Actor/Actress,Entertainment,New York,United States,49,46-55,24.0,8.0,3,0.802618320857409,0.12352918892867158,1133333.3333333333,139999.74745249446,4,9.0
12,6,Chris Jericho,Cheryl Burke,Athlete,Sports,New York,United States,40,36-45,22.0,7.333333333333333,3,0.6177262301987482,0.10406010273631139,1133333.3333333333,117934.7831011529,7,6.0
12,7,Hines Ward,Kym Johnson,Athlete,Sports,Unknown,South Korea,35,26-35,33.0,8.25,4,0.9671423001446924,0.1994696318228551,1200000.0,239363.55818742613,1,
12,7,Ralph Macchio,Karina Smirnoff,Actor/Actress,Entertainment,New York,United States,49,46-55,33.0,8.25,4,0.9649671412073324,0.19925281067314665,1200000.0,239103.37280777597,4,9.0
12,7,Chelsea Kane,Mark Ballas,Actor/Actress,Entertainment,Arizona,United States,22,≤25,32.0,8.0,4,0.9648554205434443,0.1847428498290834,1200000.0,221691.41979490008,3,
12,7,Kendra Wilkinson,Louis van Amstel,TV Personality,Media,California,United States,25,≤25,30.5,7.625,4,0.6851257534635167,0.14134676172177066,1200000.0,169616.11406612478,6,7.0
12,7,Kirstie Alley,Maksim Chmerkoskiy,Actor/Actress,Entertainment,Kansas,United States,60,>55,30.0,7.5,4,0.743005882597901,0.1401927252196641,1200000.0,168231.27026359693,2,
12,7,Romeo,Chelsie Hightower,Singer/Rapper,Entertainment,Louisiana,United States,21,≤25,30.0,7.5,4,0.6674484649447814,0.13499522073348005,1200000.0,161994.26488017605,5,8.0
12,8,Chelsea Kane,Mark Ballas,Actor/Actress,Entertainment,Arizona,United States,22,≤25,27.5,9.166666666666666,3,0.9624184751487214,0.22661643931349654,1266666.6666666665,287047.4897970956,3,
12,8,Hines Ward,Kym Johnson,Athlete,Sports,Unknown,South Korea,35,26-35,27.0,9.0,3,0.9671955138769185,0.22017039582929834,1266666.6666666665,278882.5013837779,1,
12,8,Kirstie Alley,Maksim Chmerkoskiy,Actor/Actress,Entertainment,Kansas,United States,60,>55,26.5,8.833333333333334,3,0.9274260117644164,0.20867020141373901,1266666.6666666665,264315.5884574027,2,
12,8,Romeo,Chelsie Hightower,Singer/Rapper,Entertainment,Louisiana,United States,21,≤25,26.0,8.666666666666666,3,0.8464508460942525,0.19347454082713206,1266666.6666666665,245067.75171436724,5,8.0
12,8,Ralph Macchio,Karina Smirnoff,Actor/Actress,Entertainment,New York,United States,49,46-55,23.0,7.666666666666667,3,0.6967745868665198,0.15106842261633413,1266666.6666666665,191353.33531402322,4,9.0
12,9,Chelsea Kane,Mark Ballas,Actor/Actress,Entertainment,Arizona,United States,22,≤25,36.5,12.166666666666666,3,0.9436583385524211,0.3095258916398502,1333333.3333333335,412701.1888531337,3,
12,9,Hines Ward,Kym Johnson,Athlete,Sports,Unknown,South Korea,35,26-35,30.0,10.0,3,0.9374593308794358,0.2706593916403051,1333333.3333333335,360879.18885374017,1,
12,9,Kirstie Alley,Maksim Chmerkoskiy,Actor/Actress,Entertainment,Kansas,United States,60,>55,27.0,9.0,3,0.7197504776717109,0.22650178144322075,1333333.3333333335,302002.3752576277,2,
12,9,Ralph Macchio,Karina Smirnoff,Actor/Actress,Entertainment,New York,United States,49,46-55,24.0,8.0,3,0.5257437793879176,0.1933129352766239,1333333.3333333335,257750.5803688319,4,9.0
12,10,Chelsea Kane,Mark Ballas,Actor/Actress,Entertainment,Arizona,United States,22,≤25,29.666600000000003,9.888866666666669,3,0.9558298668179847,0.3835574473686386,1400000.0,536980.4263160941,3,
12,10,Hines Ward,Kym Johnson,Athlete,Sports,Unknown,South Korea,35,26-35,29.666600000000003,9.888866666666669,3,0.9391461482777281,0.38037117332233933,1400000.0,532519.642651275,1,
12,10,Kirstie Alley,Maksim Chmerkoskiy,Actor/Actress,Entertainment,Kansas,United States,60,>55,27.9999,9.3333,3,0.38594539802555583,0.23607137930902206,1400000.0,330499.9310326309,2,
13,1,J.R. Martinez,Karina Smirnoff,Actor/Actress,Entertainment,Louisiana,United States,28,26-35,22.0,7.333333333333333,3,0.9878817420925297,0.09804228432877106,800000.0,78433.82746301685,1,
13,1,Chynna Phillips,Tony Dovolani,Singer/Rapper,Entertainment,California,United States,43,36-45,22.0,7.333333333333333,3,0.9832163648009223,0.09781384874344158,800000.0,78251.07899475326,9,4.0
13,1,Hope Solo,Maksim Chmerkoskiy,Athlete,Sports,Washington,United States,30,26-35,21.0,7.0,3,0.9878817420925297,0.09497989065112904,800000.0,75983.91252090324,4,9.0
13,1,Ricki Lake,Derek Hough,Actor/Actress,Entertainment,New York,United States,42,36-45,20.0,6.666666666666667,3,0.9863833310711029,0.09137207454908364,800000.0,73097.65963926692,3,
13,1,Kristin Cavallari,Mark Ballas,TV Personality,Media,Colorado,United States,24,≤25,19.0,6.333333333333333,3,0.9883898245057511,0.0876155978279109,800000.0,70092.47826232872,10,3.0
13,1,David Arquette,Kym Johnson,Actor/Actress,Entertainment,Virginia,United States,40,36-45,18.0,6.0,3,0.9858725460956229,0.08359722874305371,800000.0,66877.78299444297,6,7.0
13,1,Carson Kressley,Anna Trebunskaya,TV Personality,Media,Pennsylvania,United States,41,36-45,17.0,5.666666666666667,3,0.9659150480783871,0.07909081624682773,800000.0,63272.65299746219,8,5.0
13,1,Chaz Bono,Lacey Schwimmer,TV Personality,Media,California,United States,42,36-45,17.0,5.666666666666667,3,0.9522964374649636,0.07855409216495488,800000.0,62843.2737319639,7,6.0
13,1,Nancy Grace,Tristan MacManus,TV Personality,Media,Georgia,United States,51,46-55,16.0,5.333333333333333,3,0.9578359142255604,0.0755106745617754,800000.0,60408.53964942032,5,8.0
13,1,Rob Kardashian,Cheryl Burke,TV Personality,Media,California,United States,24,≤25,16.0,5.333333333333333,3,0.9334778582783569,0.07459660547897695,800000.0,59677.28438318156,2,
13,1,Elisabetta Canalis,Valentin Chmerkovskiy,Actor/Actress,Entertainment,Unknown,Italy,33,26-35,15.0,5.0,3,0.9088622314180997,0.07100827681447773,800000.0,56806.621451582185,11,2.0
13,1,Metta World Peace (Ron),Peta Murgatroyd,Athlete,Sports,New York,United States,31,26-35,14.0,4.666666666666667,3,0.878243599176345,0.06781860988959733,800000.0,54254.88791167786,12,1.0
13,2,Ricki Lake,Derek Hough,Actor/Actress,Entertainment,New York,United States,42,36-45,23.0,7.666666666666667,3,0.977892101299163,0.10841437286438867,866666.6666666667,93959.12314913685,3,
13,2,J.R. Martinez,Karina Smirnoff,Actor/Actress,Entertainment,Louisiana,United States,28,26-35,22.0,7.333333333333333,3,0.9870578654260849,0.1039190478948756,866666.6666666667,90063.17484222553,1,
13,2,Kristin Cavallari,Mark Ballas,TV Personality,Media,Colorado,United States,24,≤25,22.0,7.333333333333333,3,0.9819560853760976,0.1036542996475859,866666.6666666667,89833.72636124113,10,3.0
13,2,Nancy Grace,Tristan MacManus,TV Personality,Media,Georgia,United States,51,46-55,21.0,7.0,3,0.9826324107978346,0.09786342418409913,866666.6666666667,84814.96762621925,5,8.0
13,2,Rob Kardashian,Cheryl Burke,TV Personality,Media,California,United States,24,≤25,21.0,7.0,3,0.9783281458360024,0.09765303560347212,866666.6666666667,84632.63085634251,2,
13,2,Chynna Phillips,Tony Dovolani,Singer/Rapper,Entertainment,California,United States,43,36-45,21.0,7.0,3,0.9740026546111441,0.09744206514912654,866666.6666666667,84449.78979590967,9,4.0
13,2,Elisabetta Canalis,Valentin Chmerkovskiy,Actor/Actress,Entertainment,Unknown,Italy,33,26-35,21.0,7.0,3,0.6980427535949124,0.08488335732353605,866666.6666666667,73565.57634706459,11,2.0
13,2,Hope Solo,Maksim Chmerkoskiy,Athlete,Sports,Washington,United States,30,26-35,19.0,6.333333333333333,3,0.9081914155209618,0.08323782256198439,866666.6666666667,72139.44622038648,4,9.0
13,2,David Arquette,Kym Johnson,Actor/Actress,Entertainment,Virginia,United States,40,36-45,18.0,6.0,3,0.8815155653601281,0.0779503224277031,866666.6666666667,67556.94610400936,6,7.0
13,2,Carson Kressley,Anna Trebunskaya,TV Personality,Media,Pennsylvania,United States,41,36-45,18.0,6.0,3,0.7549374100736672,0.07316979170696941,866666.6666666667,63413.819479373495,8,5.0
13,2,Chaz Bono,Lacey Schwimmer,TV Personality,Media,California,United States,42,36-45,17.0,5.666666666666667,3,0.7978158660501034,0.07181246063625904,866666.6666666667,62237.46588475784,7,6.0
13,3,Ricki Lake,Derek Hough,Actor/Actress,Entertainment,New York,United States,42,36-45,27.0,9.0,3,0.9811694743678502,0.11570962183449122,933333.3333333334,107995.64704552515,3,
13,3,J.R. Martinez,Karina Smirnoff,Actor/Actress,Entertainment,Louisiana,United States,28,26-35,26.0,8.666666666666666,3,0.9789579657630711,0.11146816745344013,933333.3333333334,104036.95628987746,1,
13,3,Chynna Phillips,Tony Dovolani,Singer/Rapper,Entertainment,California,United States,43,36-45,26.0,8.666666666666666,3,0.9745048766592572,0.11122025470928948,933333.3333333334,103805.57106200352,9,4.0
13,3,David Arquette,Kym Johnson,Actor/Actress,Entertainment,Virginia,United States,40,36-45,24.0,8.0,3,0.9784932849915756,0.10198369404528423,933333.3333333334,95184.78110893196,6,7.0
13,3,Rob Kardashian,Cheryl Burke,TV Personality,Media,California,United States,24,≤25,24.0,8.0,3,0.9761196630809775,0.10186273047457317,933333.3333333334,95071.8817762683,2,
13,3,Hope Solo,Maksim Chmerkoskiy,Athlete,Sports,Washington,United States,30,26-35,24.0,8.0,3,0.9746062954138486,0.1017856817476197,933333.3333333334,94999.96963111173,4,9.0
13,3,Kristin Cavallari,Mark Ballas,TV Personality,Media,Colorado,United States,24,≤25,24.0,8.0,3,0.9366015885604475,0.09986977526610645,933333.3333333334,93211.79024836603,10,3.0
13,3,Carson Kressley,Anna Trebunskaya,TV Personality,Media,Pennsylvania,United States,41,36-45,23.0,7.666666666666667,3,0.9342867035140578,0.09513854488606464,933333.3333333334,88795.97522699367,8,5.0
13,3,Nancy Grace,Tristan MacManus,TV Personality,Media,Georgia,United States,51,46-55,21.0,7.0,3,0.8656245873211994,0.08442524541261852,933333.3333333334,78796.89571844395,5,8.0
13,3,Chaz Bono,Lacey Schwimmer,TV Personality,Media,California,United States,42,36-45,18.0,6.0,3,0.8304369245736255,0.07653628417051245,933333.3333333334,71433.86522581162,7,6.0
13,4,Ricki Lake,Derek Hough,Actor/Actress,Entertainment,New York,United States,42,36-45,29.0,9.666666666666666,3,0.9799088576111016,0.13758549132927222,1000000.0,137585.49132927222,3,
13,4,J.R. Martinez,Karina Smirnoff,Actor/Actress,Entertainment,Louisiana,United States,28,26-35,26.0,8.666666666666666,3,0.9796721866931717,0.12716648531024394,1000000.0,127166.48531024394,1,
13,4,Hope Solo,Maksim Chmerkoskiy,Athlete,Sports,Washington,United States,30,26-35,24.0,8.0,3,0.9834097706462823,0.11785724568237253,1000000.0,117857.24568237254,4,9.0
13,4,Rob Kardashian,Cheryl Burke,TV Personality,Media,California,United States,24,≤25,24.0,8.0,3,0.9782345284076666,0.11755267001754044,1000000.0,117552.67001754044,2,
13,4,David Arquette,Kym Johnson,Actor/Actress,Entertainment,Virginia,United States,40,36-45,23.0,7.666666666666667,3,0.9811085863630664,0.11278812182445386,1000000.0,112788.12182445386,6,7.0
13,4,Nancy Grace,Tristan MacManus,TV Personality,Media,Georgia,United States,51,46-55,21.0,7.0,3,0.9426852820836997,0.10196860772646735,1000000.0,101968.60772646735,5,8.0
13,4,Chynna Phillips,Tony Dovolani,Singer/Rapper,Entertainment,California,United States,43,36-45,21.0,7.0,3,0.9053749302545857,0.10008399892174523,1000000.0,100083.99892174522,9,4.0
13,4,Chaz Bono,Lacey Schwimmer,TV Personality,Media,California,United States,42,36-45,21.0,7.0,3,0.8404377865299276,0.09688660274278278,1000000.0,96886.60274278278,7,6.0
13,4,Carson Kressley,Anna Trebunskaya,TV Personality,Media,Pennsylvania,United States,41,36-45,20.0,6.666666666666667,3,0.7200808454421995,0.08811077644512143,1000000.0,88110.77644512143,8,5.0
13,5,J.R. Martinez,Karina Smirnoff,Actor/Actress,Entertainment,Louisiana,United States,28,26-35,28.0,9.333333333333334,3,0.9752872977362209,0.15051113720275985,1066666.6666666667,160545.21301627718,1,
13,5,Rob Kardashian,Cheryl Burke,TV Personality,Media,California,United States,24,≤25,25.0,8.333333333333334,3,0.9826824500425237,0.13648813859593972,1066666.6666666667,145587.34783566906,2,
13,5,David Arquette,Kym Johnson,Actor/Actress,Entertainment,Virginia,United States,40,36-45,25.0,8.333333333333334,3,0.9731358451695845,0.13583819186165,1066666.6666666667,144894.07131909335,6,7.0
13,5,Hope Solo,Maksim Chmerkoskiy,Athlete,Sports,Washington,United States,30,26-35,24.0,8.0,3,0.9827967131575513,0.13068939205770622,1066666.6666666667,139402.01819488665,4,9.0
13,5,Ricki Lake,Derek Hough,Actor/Actress,Entertainment,New York,United States,42,36-45,24.0,8.0,3,0.975397317938736,0.13020677414699708,1066666.6666666667,138887.2257567969,3,
13,5,Nancy Grace,Tristan MacManus,TV Personality,Media,Georgia,United States,51,46-55,22.0,7.333333333333333,3,0.940429960614841,0.11713003091342716,1066666.6666666667,124938.69964098898,5,8.0
13,5,Chaz Bono,Lacey Schwimmer,TV Personality,Media,California,United States,42,36-45,21.0,7.0,3,0.880110172577814,0.10924060836992104,1066666.6666666667,116523.31559458245,7,6.0
13,5,Carson Kressley,Anna Trebunskaya,TV Personality,Media,Pennsylvania,United States,41,36-45,19.0,6.333333333333333,3,0.6141552804886498,0.08989572685159898,1066666.6666666667,95888.77530837225,8,5.0
13,6,Ricki Lake,Derek Hough,Actor/Actress,Entertainment,New York,United States,42,36-45,29.0,9.666666666666666,3,0.9712004068913285,0.1720112589633026,1133333.3333333333,194946.09349174294,3,
13,6,J.R. Martinez,Karina Smirnoff,Actor/Actress,Entertainment,Louisiana,United States,28,26-35,29.0,9.666666666666666,3,0.9676305417366928,0.17170450431314066,1133333.3333333333,194598.4382215594,1,
13,6,Nancy Grace,Tristan MacManus,TV Personality,Media,Georgia,United States,51,46-55,24.0,8.0,3,0.9714125470778782,0.1501417452273219,1133333.3333333333,170160.6445909648,5,8.0
13,6,David Arquette,Kym Johnson,Actor/Actress,Entertainment,Virginia,United States,40,36-45,23.0,7.666666666666667,3,0.8954247630957983,0.14009292976313917,1133333.3333333333,158771.98706489106,6,7.0
13,6,Rob Kardashian,Cheryl Burke,TV Personality,Media,California,United States,24,≤25,22.0,7.333333333333333,3,0.8913688130408516,0.13559700269321132,1133333.3333333333,153676.60305230613,2,
13,6,Hope Solo,Maksim Chmerkoskiy,Athlete,Sports,Washington,United States,30,26-35,20.0,6.666666666666667,3,0.8264348554696709,0.1241468637185764,1133333.3333333333,140699.77888105324,4,9.0
13,6,Chaz Bono,Lacey Schwimmer,TV Personality,Media,California,United States,42,36-45,19.0,6.333333333333333,3,0.5641177579424728,0.10630569532130799,1133333.3333333333,120479.7880308157,7,6.0
13,7,Ricki Lake,Derek Hough,Actor/Actress,Entertainment,New York,United States,42,36-45,26.5,8.833333333333334,3,0.9645187597152751,0.20441106837175743,1200000.0,245293.2820461089,3,
13,7,Rob Kardashian,Cheryl Burke,TV Personality,Media,California,United States,24,≤25,25.5,8.5,3,0.9512112609871972,0.19091131074611897,1200000.0,229093.57289534278,2,
13,7,Hope Solo,Maksim Chmerkoskiy,Athlete,Sports,Washington,United States,30,26-35,25.0,8.333333333333334,3,0.9579670367519006,0.1846762773368136,1200000.0,221611.53280417633,4,9.0
13,7,J.R. Martinez,Karina Smirnoff,Actor/Actress,Entertainment,Louisiana,United States,28,26-35,24.0,8.0,3,0.7867296961995671,0.15684651920139614,1200000.0,188215.82304167538,1,
13,7,David Arquette,Kym Johnson,Actor/Actress,Entertainment,Virginia,United States,40,36-45,23.5,7.833333333333333,3,0.5841542701226421,0.1365251643857766,1200000.0,163830.19726293194,6,7.0
13,7,Nancy Grace,Tristan MacManus,TV Personality,Media,Georgia,United States,51,46-55,22.0,7.333333333333333,3,0.6136857770423455,0.12662965995813735,1200000.0,151955.5919497648,5,8.0
13,8,J.R. Martinez,Karina Smirnoff,Actor/Actress,Entertainment,Louisiana,United States,28,26-35,30.0,10.0,3,0.9626595204187646,0.2430696263258819,1266666.6666666665,307888.19334611704,1,
13,8,Hope Solo,Maksim Chmerkoskiy,Athlete,Sports,Washington,United States,30,26-35,26.0,8.666666666666666,3,0.9609063654947769,0.20898407632227842,1266666.6666666665,264713.1633415526,4,9.0
13,8,Ricki Lake,Derek Hough,Actor/Actress,Entertainment,New York,United States,42,36-45,26.0,8.666666666666666,3,0.9532147784111997,0.20818191018257937,1266666.6666666665,263697.08623126714,3,
13,8,Rob Kardashian,Cheryl Burke,TV Personality,Media,California,United States,24,≤25,25.5,8.5,3,0.9048846312529201,0.19878988713752052,1266666.6666666665,251800.52370752595,2,
13,8,Nancy Grace,Tristan MacManus,TV Personality,Media,Georgia,United States,51,46-55,22.0,7.333333333333333,3,0.4804761269512982,0.1409745000317398,1266666.6666666665,178567.70004020372,5,8.0
13,9,Ricki Lake,Derek Hough,Actor/Actress,Entertainment,New York,United States,42,36-45,33.4999,11.166633333333332,3,0.9372715899892559,0.2968839362579677,1333333.3333333335,395845.248343957,3,
13,9,Rob Kardashian,Cheryl Burke,TV Personality,Media,California,United States,24,≤25,32.4998,10.833266666666669,3,0.937563210579153,0.28943996303062275,1333333.3333333335,385919.950707497,2,
13,9,J.R. Martinez,Karina Smirnoff,Actor/Actress,Entertainment,Louisiana,United States,28,26-35,28.0,9.333333333333334,3,0.8194574940507677,0.23934343652570153,1333333.3333333335,319124.58203426877,1,
13,9,Hope Solo,Maksim Chmerkoskiy,Athlete,Sports,Washington,United States,30,26-35,24.4998,8.1666,3,0.36301399436937787,0.17433266418570806,1333333.3333333335,232443.55224761076,4,9.0
13,10,Rob Kardashian,Cheryl Burke,TV Personality,Media,California,United States,24,≤25,28.3332,9.4444,3,0.9362118696403522,0.3862636561912217,1400000.0,540769.1186677105,2,
13,10,J.R. Martinez,Karina Smirnoff,Actor/Actress,Entertainment,Louisiana,United States,28,26-35,28.1665,9.388833333333332,3,0.8715074464230115,0.33315366837221105,1400000.0,466415.1357210955,1,
13,10,Ricki Lake,Derek Hough,Actor/Actress,Entertainment,New York,United States,42,36-45,27.9999,9.3333,3,0.7590255024962161,0.2805826754365673,1400000.0,392815.7456111942,3,
14,1,Katherine Jenkins,Mark Ballas,Singer/Rapper,Entertainment,Unknown,Wales,31,26-35,26.0,8.666666666666666,3,0.9878817420925297,0.09943516074582864,800000.0,79548.12859666292,2,
14,1,Jaleel White,Kym Johnson,Actor/Actress,Entertainment,California,United States,35,26-35,26.0,8.666666666666666,3,0.9843771455847481,0.09926107325842382,800000.0,79408.85860673906,7,7.0
14,1,William Levy,Cheryl Burke,Actor/Actress,Entertainment,Unknown,Cuba,31,26-35,24.0,8.0,3,0.9873279028057048,0.09139354555075913,800000.0,73114.8364406073,3,
14,1,Gladys Knight,Tristan MacManus,Singer/Rapper,Entertainment,Georgia,United States,67,>55,23.0,7.666666666666667,3,0.9889588720010196,0.08658847622261256,800000.0,69270.78097809006,8,6.0
14,1,Sherri Sheperd,Valentin Chmerkovskiy,Actor/Actress,Entertainment,Illinois,United States,44,36-45,23.0,7.666666666666667,3,0.9863833310711029,0.08647704190663756,800000.0,69181.63352531006,10,4.0
14,1,Jack Wagner,Anna Trebunskaya,Actor/Actress,Entertainment,Missouri,United States,52,46-55,23.0,7.666666666666667,3,0.9859075839924677,0.08645647375301625,800000.0,69165.179002413,11,3.0
14,1,Roshon Fegan,Chelsie Hightower,Actor/Actress,Entertainment,California,United States,20,≤25,23.0,7.666666666666667,3,0.9836657844914778,0.08635961900552978,800000.0,69087.69520442383,6,8.0
14,1,Maria Menounos,Derek Hough,TV Personality,Media,Massachusetts,United States,33,26-35,21.0,7.0,3,0.9612722125185982,0.07630257722622388,800000.0,61042.06178097911,4,9.0
14,1,Donald Driver,Peta Murgatroyd,Athlete,Sports,Texas,United States,37,36-45,21.0,7.0,3,0.9557510752163266,0.07609222919720361,800000.0,60873.78335776289,1,
14,1,Gavin DeGraw,Karina Smirnoff,Singer/Rapper,Entertainment,New York,United States,35,26-35,20.0,6.666666666666667,3,0.9163672168056363,0.07118004820210924,800000.0,56944.03856168739,9,5.0
14,1,Martina Navratilova,Tony Dovolani,Athlete,Sports,Unknown,Czechoslovakia,55,46-55,20.0,6.666666666666667,3,0.9077366846719471,0.07087354914358279,800000.0,56698.839314866236,12,2.0
14,1,Melissa Gilbert,Maksim Chmerkoskiy,Actor/Actress,Entertainment,California,United States,47,46-55,20.0,6.666666666666667,3,0.8709023568586965,0.06958020578807284,800000.0,55664.16463045827,5,8.0
14,2,Katherine Jenkins,Mark Ballas,Singer/Rapper,Entertainment,Unknown,Wales,31,26-35,26.0,8.666666666666666,3,0.9870578654260849,0.09775181528674962,866666.6666666667,84718.239915183,2,
14,2,Roshon Fegan,Chelsie Hightower,Actor/Actress,Entertainment,California,United States,20,≤25,26.0,8.666666666666666,3,0.9767661901904836,0.09725009231802187,866666.6666666667,84283.41334228562,6,8.0
14,2,Maria Menounos,Derek Hough,TV Personality,Media,Massachusetts,United States,33,26-35,25.0,8.333333333333334,3,0.9849747924100666,0.09449546785187905,866666.6666666667,81896.07213829519,4,9.0
14,2,William Levy,Cheryl Burke,Actor/Actress,Entertainment,Unknown,Cuba,31,26-35,25.0,8.333333333333334,3,0.9778126200637695,0.09415767662925899,866666.6666666667,81603.3197453578,3,
14,2,Donald Driver,Peta Murgatroyd,Athlete,Sports,Texas,United States,37,36-45,24.0,8.0,3,0.9778615591980999,0.09066129061891114,866666.6666666667,78573.11853638965,1,
14,2,Sherri Sheperd,Valentin Chmerkovskiy,Actor/Actress,Entertainment,Illinois,United States,44,36-45,23.0,7.666666666666667,3,0.9854590823184409,0.08731061205362937,866666.6666666667,75669.19711314546,10,4.0
14,2,Jaleel White,Kym Johnson,Actor/Actress,Entertainment,California,United States,35,26-35,22.0,7.333333333333333,3,0.9687313925904321,0.0829479799833262,866666.6666666667,71888.24931888272,7,7.0
14,2,Jack Wagner,Anna Trebunskaya,Actor/Actress,Entertainment,Missouri,United States,52,46-55,21.0,7.0,3,0.919477822266727,0.07761227586206516,866666.6666666667,67263.97241378982,11,3.0
14,2,Gavin DeGraw,Karina Smirnoff,Singer/Rapper,Entertainment,New York,United States,35,26-35,21.0,7.0,3,0.8863408405690262,0.07633695185127276,866666.6666666667,66158.6916044364,9,5.0
14,2,Melissa Gilbert,Maksim Chmerkoskiy,Actor/Actress,Entertainment,California,United States,47,46-55,20.0,6.666666666666667,3,0.920908722691411,0.0747280337863613,866666.6666666667,64764.295948179795,5,8.0
14,2,Gladys Knight,Tristan MacManus,Singer/Rapper,Entertainment,Georgia,United States,67,>55,19.0,6.333333333333333,3,0.8731468444515125,0.07054389379819585,866666.6666666667,61138.04129176975,8,6.0
14,2,Martina Navratilova,Tony Dovolani,Athlete,Sports,Unknown,Czechoslovakia,55,46-55,17.0,5.666666666666667,3,0.5202275713222974,0.05620390996032867,866666.6666666667,48710.05529895151,12,2.0
14,3,Katherine Jenkins,Mark Ballas,Singer/Rapper,Entertainment,Unknown,Wales,31,26-35,29.0,9.666666666666666,3,0.9782790778669553,0.11272810876242283,933333.3333333334,105212.90151159464,2,
14,3,William Levy,Cheryl Burke,Actor/Actress,Entertainment,Unknown,Cuba,31,26-35,28.0,9.333333333333334,3,0.9782790778669553,0.10867613424012786,933333.3333333334,101431.05862411934,3,
14,3,Maria Menounos,Derek Hough,TV Personality,Media,Massachusetts,United States,33,26-35,27.0,9.0,3,0.9835622295976353,0.10355426387264077,933333.3333333334,96650.6462811314,4,9.0
14,3,Donald Driver,Peta Murgatroyd,Athlete,Sports,Texas,United States,37,36-45,26.0,8.666666666666666,3,0.9773725805498621,0.09689952177411976,933333.3333333334,90439.55365584511,1,
14,3,Roshon Fegan,Chelsie Hightower,Actor/Actress,Entertainment,California,United States,20,≤25,25.0,8.333333333333334,3,0.9463207496861341,0.0890768486111341,933333.3333333334,83138.3920370585,6,8.0
14,3,Jaleel White,Kym Johnson,Actor/Actress,Entertainment,California,United States,35,26-35,25.0,8.333333333333334,3,0.9331805007182418,0.08849352099300553,933333.3333333334,82593.95292680517,7,7.0
14,3,Sherri Sheperd,Valentin Chmerkovskiy,Actor/Actress,Entertainment,Illinois,United States,44,36-45,24.0,8.0,3,0.9059250317889883,0.08186952946916669,933333.3333333334,76411.56083788892,10,4.0
14,3,Gladys Knight,Tristan MacManus,Singer/Rapper,Entertainment,Georgia,United States,67,>55,24.0,8.0,3,0.8812339574671837,0.08086501951650663,933333.3333333334,75474.01821540619,8,6.0
14,3,Gavin DeGraw,Karina Smirnoff,Singer/Rapper,Entertainment,New York,United States,35,26-35,24.0,8.0,3,0.8591637591882356,0.0799775715529682,933333.3333333334,74645.73344943699,9,5.0
14,3,Jack Wagner,Anna Trebunskaya,Actor/Actress,Entertainment,Missouri,United States,52,46-55,24.0,8.0,3,0.8362646821140195,0.07906708752276798,933333.3333333334,73795.94835458345,11,3.0
14,3,Melissa Gilbert,Maksim Chmerkoskiy,Actor/Actress,Entertainment,California,United States,47,46-55,24.0,8.0,3,0.8293042103631976,0.07879239368513975,933333.3333333334,73539.56743946378,5,8.0
14,4,Donald Driver,Peta Murgatroyd,Athlete,Sports,Texas,United States,37,36-45,27.0,9.0,3,0.9772912518144158,0.12031932268152506,1000000.0,120319.32268152507,1,
14,4,Roshon Fegan,Chelsie Hightower,Actor/Actress,Entertainment,California,United States,20,≤25,26.0,8.666666666666666,3,0.9827532336936396,0.1165542197497967,1000000.0,116554.2197497967,6,8.0
14,4,Maria Menounos,Derek Hough,TV Personality,Media,Massachusetts,United States,33,26-35,26.0,8.666666666666666,3,0.9762188710359312,0.1161740373797886,1000000.0,116174.0373797886,4,9.0
14,4,Katherine Jenkins,Mark Ballas,Singer/Rapper,Entertainment,Unknown,Wales,31,26-35,24.0,8.0,3,0.9803165007179393,0.10613523847368983,1000000.0,106135.23847368982,2,
14,4,Gavin DeGraw,Karina Smirnoff,Singer/Rapper,Entertainment,New York,United States,35,26-35,23.0,7.666666666666667,3,0.9795052507355306,0.10064701354711392,1000000.0,100647.01354711392,9,5.0
14,4,William Levy,Cheryl Burke,Actor/Actress,Entertainment,Unknown,Cuba,31,26-35,22.0,7.333333333333333,3,0.9507679319982435,0.09424903007311891,1000000.0,94249.0300731189,3,
14,4,Jaleel White,Kym Johnson,Actor/Actress,Entertainment,California,United States,35,26-35,22.0,7.333333333333333,3,0.9157994280511789,0.0926154786101392,1000000.0,92615.47861013921,7,7.0
14,4,Melissa Gilbert,Maksim Chmerkoskiy,Actor/Actress,Entertainment,California,United States,47,46-55,22.0,7.333333333333333,3,0.900106786249493,0.09189163132723073,1000000.0,91891.63132723073,5,8.0
14,4,Sherri Sheperd,Valentin Chmerkovskiy,Actor/Actress,Entertainment,Illinois,United States,44,36-45,21.0,7.0,3,0.7628317830233641,0.08195042552876604,1000000.0,81950.42552876603,10,4.0
14,4,Gladys Knight,Tristan MacManus,Singer/Rapper,Entertainment,Georgia,United States,67,>55,20.0,6.666666666666667,3,0.7770924943726942,0.07946360262883112,1000000.0,79463.60262883113,8,6.0
14,5,Katherine Jenkins,Mark Ballas,Singer/Rapper,Entertainment,Unknown,Wales,31,26-35,29.0,9.666666666666666,3,0.9808822033917788,0.13018201515777386,1066666.6666666667,138860.81616829213,2,
14,5,William Levy,Cheryl Burke,Actor/Actress,Entertainment,Unknown,Cuba,31,26-35,29.0,9.666666666666666,3,0.9808822033917788,0.13018201515777386,1066666.6666666667,138860.81616829213,3,
14,5,Donald Driver,Peta Murgatroyd,Athlete,Sports,Texas,United States,37,36-45,27.0,9.0,3,0.9851668778416836,0.12312294617544205,1066666.6666666667,131331.1425871382,1,
14,5,Maria Menounos,Derek Hough,TV Personality,Media,Massachusetts,United States,33,26-35,27.0,9.0,3,0.9846661606362814,0.12309212514499315,1066666.6666666667,131298.26682132605,4,9.0
14,5,Roshon Fegan,Chelsie Hightower,Actor/Actress,Entertainment,California,United States,20,≤25,26.0,8.666666666666666,3,0.9813059463954225,0.11888354826399532,1066666.6666666667,126809.11814826168,6,8.0
14,5,Jaleel White,Kym Johnson,Actor/Actress,Entertainment,California,United States,35,26-35,24.0,8.0,3,0.8738319552087169,0.10512614674996808,1066666.6666666667,112134.55653329928,7,7.0
14,5,Gladys Knight,Tristan MacManus,Singer/Rapper,Entertainment,Georgia,United States,67,>55,22.0,7.333333333333333,3,0.8714649332515993,0.09841787655845499,1066666.6666666667,104979.06832901867,8,6.0
14,5,Melissa Gilbert,Maksim Chmerkoskiy,Actor/Actress,Entertainment,California,United States,47,46-55,21.0,7.0,3,0.7006828026135844,0.08786041107884714,1066666.6666666667,93717.77181743695,5,8.0
14,5,Gavin DeGraw,Karina Smirnoff,Singer/Rapper,Entertainment,New York,United States,35,26-35,19.0,6.333333333333333,3,0.6805590525536956,0.08313291571275164,1066666.6666666667,88675.11009360175,9,5.0
14,6,Katherine Jenkins,Mark Ballas,Singer/Rapper,Entertainment,Unknown,Wales,31,26-35,38.9999,12.999966666666666,3,0.9689516978585117,0.14965342460710257,1133333.3333333333,169607.21455471622,2,
14,6,Jaleel White,Kym Johnson,Actor/Actress,Entertainment,California,United States,35,26-35,36.9998,12.333266666666669,3,0.9642330985905447,0.14398789124985,1133333.3333333333,163186.27674983,7,7.0
14,6,William Levy,Cheryl Burke,Actor/Actress,Entertainment,Unknown,Cuba,31,26-35,36.0,12.0,3,0.9689516978585117,0.14136948711163194,1133333.3333333333,160218.75205984953,3,
14,6,Donald Driver,Peta Murgatroyd,Athlete,Sports,Texas,United States,37,36-45,33.9999,11.3333,3,0.97116089283563,0.13522113194611865,1133333.3333333333,153250.61620560114,1,
14,6,Melissa Gilbert,Maksim Chmerkoskiy,Actor/Actress,Entertainment,California,United States,47,46-55,30.0,10.0,3,0.8866769397627029,0.11765749121489257,1133333.3333333333,133345.15671021157,5,8.0
14,6,Maria Menounos,Derek Hough,TV Personality,Media,Massachusetts,United States,33,26-35,29.9999,9.999966666666666,3,0.8784981434602364,0.1171770512968227,1133333.3333333333,132800.65813639906,4,9.0
14,6,Roshon Fegan,Chelsie Hightower,Actor/Actress,Entertainment,California,United States,20,≤25,27.9998,9.333266666666669,3,0.8067344377266165,0.10814646467821226,1133333.3333333333,122565.99330197388,6,8.0
14,6,Gladys Knight,Tristan MacManus,Singer/Rapper,Entertainment,Georgia,United States,67,>55,24.0,8.0,3,0.5041550328029034,0.08678705789536928,1133333.3333333333,98358.66561475184,8,6.0
14,7,Maria Menounos,Derek Hough,TV Personality,Media,Massachusetts,United States,33,26-35,28.5,9.5,3,0.9637640432601802,0.17375848009830663,1200000.0,208510.17611796796,4,9.0
14,7,Katherine Jenkins,Mark Ballas,Singer/Rapper,Entertainment,Unknown,Wales,31,26-35,27.0,9.0,3,0.9722855350101719,0.158569914653671,1200000.0,190283.8975844052,2,
14,7,William Levy,Cheryl Burke,Actor/Actress,Entertainment,Unknown,Cuba,31,26-35,26.5,8.833333333333334,3,0.9722855350101719,0.1523983861171226,1200000.0,182878.06334054712,3,
14,7,Donald Driver,Peta Murgatroyd,Athlete,Sports,Texas,United States,37,36-45,26.5,8.833333333333334,3,0.9710206333141274,0.15230203210138682,1200000.0,182762.43852166418,1,
14,7,Roshon Fegan,Chelsie Hightower,Actor/Actress,Entertainment,California,United States,20,≤25,26.0,8.666666666666666,3,0.8324656310307799,0.13640997032943358,1200000.0,163691.9643953203,6,8.0
14,7,Jaleel White,Kym Johnson,Actor/Actress,Entertainment,California,United States,35,26-35,25.5,8.5,3,0.7164980863118604,0.12367803710641653,1200000.0,148413.64452769983,7,7.0
14,7,Melissa Gilbert,Maksim Chmerkoskiy,Actor/Actress,Entertainment,California,United States,47,46-55,23.5,7.833333333333333,3,0.5890995600572945,0.10288317959366285,1200000.0,123459.81551239542,5,8.0
14,8,William Levy,Cheryl Burke,Actor/Actress,Entertainment,Unknown,Cuba,31,26-35,28.5,9.5,3,0.9641168177723068,0.20109385098398277,1266666.6666666665,254718.87791304482,3,
14,8,Roshon Fegan,Chelsie Hightower,Actor/Actress,Entertainment,California,United States,20,≤25,28.0,9.333333333333334,3,0.8688128988014991,0.1829604722390161,1266666.6666666665,231749.9315027537,6,8.0
14,8,Katherine Jenkins,Mark Ballas,Singer/Rapper,Entertainment,Unknown,Wales,31,26-35,27.5,9.166666666666666,3,0.9410335126478229,0.17962796911323212,1266666.6666666665,227528.76087676064,2,
14,8,Donald Driver,Peta Murgatroyd,Athlete,Sports,Texas,United States,37,36-45,27.5,9.166666666666666,3,0.9253927278837077,0.17822868651296736,1266666.6666666665,225756.33624975863,1,
14,8,Maria Menounos,Derek Hough,TV Personality,Media,Massachusetts,United States,33,26-35,26.5,8.833333333333334,3,0.7097273397232694,0.14307060473216832,1266666.6666666665,181222.76599407985,4,9.0
14,8,Melissa Gilbert,Maksim Chmerkoskiy,Actor/Actress,Entertainment,California,United States,47,46-55,25.5,8.5,3,0.4408717294116107,0.11501841641863327,1266666.6666666665,145689.99413026878,5,8.0
14,9,Maria Menounos,Derek Hough,TV Personality,Media,Massachusetts,United States,33,26-35,29.5,9.833333333333334,3,0.9283539400743828,0.2968970731881784,1333333.3333333335,395862.76425090455,4,9.0
14,9,William Levy,Cheryl Burke,Actor/Actress,Entertainment,Unknown,Cuba,31,26-35,29.0,9.666666666666666,3,0.931996606749874,0.2737415734476021,1333333.3333333335,364988.7645968028,3,
14,9,Katherine Jenkins,Mark Ballas,Singer/Rapper,Entertainment,Unknown,Wales,31,26-35,28.0,9.333333333333334,3,0.8185467219909865,0.21633000406644395,1333333.3333333335,288440.0054219253,2,
14,9,Donald Driver,Peta Murgatroyd,Athlete,Sports,Texas,United States,37,36-45,28.5,9.5,3,0.621770597717051,0.2130313492977756,1333333.3333333335,284041.79906370083,1,
14,10,Katherine Jenkins,Mark Ballas,Singer/Rapper,Entertainment,Unknown,Wales,31,26-35,30.0,10.0,3,0.936055694263518,0.4333502302582528,1400000.0,606690.3223615539,2,
14,10,William Levy,Cheryl Burke,Actor/Actress,Entertainment,Unknown,Cuba,31,26-35,29.666600000000003,9.888866666666669,3,0.6126358893075445,0.30169705527533713,1400000.0,422375.877385472,3,
14,10,Donald Driver,Peta Murgatroyd,Athlete,Sports,Texas,United States,37,36-45,29.666600000000003,9.888866666666669,3,0.3528918661298534,0.26495271446641017,1400000.0,370933.8002529742,1,
15,1,Emmitt Smith,Cheryl Burke,Athlete,Sports,Florida,United States,43,36-45,24.5,8.166666666666666,3,0.9869779087695494,0.09228757405159407,800000.0,73830.05924127526,4,9.0
15,1,Gilles Marini,Peta Murgatroyd,Actor/Actress,Entertainment,Unknown,France,36,36-45,24.0,8.0,3,0.987688304768177,0.09060418458094724,800000.0,72483.34766475779,6,8.0
15,1,Sabrina Bryan,Louis van Amstel,Actor/Actress,Entertainment,California,United States,28,26-35,22.5,7.5,3,0.9836657844914778,0.08398810725167291,800000.0,67190.48580133833,8,6.0
15,1,Apolo Anton Ohno,Karina Smirnoff,Athlete,Sports,Washington,United States,30,26-35,22.0,7.333333333333333,3,0.9873279028057048,0.08169900568932457,800000.0,65359.20455145966,5,9.0
15,1,Shawn Johnson,Derek Hough,Athlete,Sports,Iowa,United States,20,≤25,22.0,7.333333333333333,3,0.9873279028057048,0.08169900568932457,800000.0,65359.20455145966,2,
15,1,Helio Castroneves,Chelsie Hightower,Racing Driver,Sports,Unknown,Brazil,37,36-45,21.5,7.166666666666667,3,0.9871257400514454,0.07921109109482563,800000.0,63368.87287586051,10,3.0
15,1,Kelly Monaco,Valentin Chmerkovskiy,Actor/Actress,Entertainment,Pennsylvania,United States,36,36-45,21.5,7.166666666666667,3,0.9871257400514454,0.07921109109482563,800000.0,63368.87287586051,3,
15,1,Drew Lachey,Anna Trebunskaya,Singer/Rapper,Entertainment,Ohio,United States,36,36-45,21.5,7.166666666666667,3,0.9866037623007716,0.07919042057875128,800000.0,63352.336463001026,11,3.0
15,1,Melissa Rycroft,Tony Dovolani,TV Personality,Media,Texas,United States,29,26-35,21.0,7.0,3,0.9840767198522599,0.07665544375403743,800000.0,61324.355003229946,1,
15,1,Joey Fatone,Kym Johnson,Singer/Rapper,Entertainment,New York,United States,35,26-35,20.5,6.833333333333333,3,0.9653928120853114,0.07364291077895298,800000.0,58914.32862316238,12,2.0
15,1,Bristol Palin,Mark Ballas,TV Personality,Media,Alaska,United States,21,≤25,19.5,6.5,3,0.9578065415311318,0.06933488315062813,800000.0,55467.90652050251,9,4.0
15,1,Kirstie Alley,Maksim Chmerkoskiy,Actor/Actress,Entertainment,Kansas,United States,61,>55,19.0,6.333333333333333,3,0.9112681250526299,0.06610186630689516,800000.0,52881.49304551612,7,8.0
15,1,Pamela Anderson,Tristan MacManus,Model,Model,Unknown,Canada,45,36-45,17.0,5.666666666666667,3,0.339888266210166,0.0463744159782205,800000.0,37099.5327825764,13,1.0
15,2,Sabrina Bryan,Louis van Amstel,Actor/Actress,Entertainment,California,United States,28,26-35,26.0,8.666666666666666,3,0.9630621923414266,0.09715439009098242,866666.6666666667,84200.47141218478,8,6.0
15,2,Gilles Marini,Peta Murgatroyd,Actor/Actress,Entertainment,Unknown,France,36,36-45,25.5,8.5,3,0.9774621215902587,0.09594643957841738,866666.6666666667,83153.58096796174,6,8.0
15,2,Shawn Johnson,Derek Hough,Athlete,Sports,Iowa,United States,20,≤25,25.0,8.333333333333334,3,0.9794134058579447,0.0939335130860757,866666.6666666667,81409.04467459895,2,
15,2,Apolo Anton Ohno,Karina Smirnoff,Athlete,Sports,Washington,United States,30,26-35,24.5,8.166666666666666,3,0.977250825116672,0.09156527394312763,866666.6666666667,79356.57075071063,5,9.0
15,2,Melissa Rycroft,Tony Dovolani,TV Personality,Media,Texas,United States,29,26-35,23.5,7.833333333333333,3,0.980277229878723,0.0868727034016942,866666.6666666667,75289.67628146832,1,
15,2,Helio Castroneves,Chelsie Hightower,Racing Driver,Sports,Unknown,Brazil,37,36-45,23.0,7.666666666666667,3,0.9758755802839685,0.0842474805615429,866666.6666666667,73014.48315333718,10,3.0
15,2,Emmitt Smith,Cheryl Burke,Athlete,Sports,Florida,United States,43,36-45,22.5,7.5,3,0.9220187963603301,0.07970608198844899,866666.6666666667,69078.60438998912,4,9.0
15,2,Kelly Monaco,Valentin Chmerkovskiy,Actor/Actress,Entertainment,Pennsylvania,United States,36,36-45,22.0,7.333333333333333,3,0.9536337406065185,0.0787595125202985,866666.6666666667,68258.24418425871,3,
15,2,Joey Fatone,Kym Johnson,Singer/Rapper,Entertainment,New York,United States,35,26-35,22.5,7.5,3,0.8910228974318178,0.07848032405912453,866666.6666666667,68016.28085124126,12,2.0
15,2,Drew Lachey,Anna Trebunskaya,Singer/Rapper,Entertainment,Ohio,United States,36,36-45,22.5,7.5,3,0.8565875357116808,0.07714064109794339,866666.6666666667,66855.22228488428,11,3.0
15,2,Kirstie Alley,Maksim Chmerkoskiy,Actor/Actress,Entertainment,Kansas,United States,61,>55,21.0,7.0,3,0.8132411624570683,0.06978239856421387,866666.6666666667,60478.07875565202,7,8.0
15,2,Bristol Palin,Mark Ballas,TV Personality,Media,Alaska,United States,21,≤25,18.0,6.0,3,0.9080268093056958,0.06641124110813056,866666.6666666667,57556.40896037982,9,4.0
15,3,Melissa Rycroft,Tony Dovolani,TV Personality,Media,Texas,United States,29,26-35,27.0,9.0,3,0.9837458915123104,0.10655073062322125,933333.3333333334,99447.34858167317,1,
15,3,Kelly Monaco,Valentin Chmerkovskiy,Actor/Actress,Entertainment,Pennsylvania,United States,36,36-45,27.0,9.0,3,0.98219102115986,0.10646792652876075,933333.3333333334,99370.0647601767,3,
15,3,Shawn Johnson,Derek Hough,Athlete,Sports,Iowa,United States,20,≤25,26.5,8.833333333333334,3,0.9794053406569962,0.10270671935742978,933333.3333333334,95859.60473360114,2,
15,3,Gilles Marini,Peta Murgatroyd,Actor/Actress,Entertainment,Unknown,France,36,36-45,25.5,8.5,3,0.977720667778698,0.0943029720450789,933333.3333333334,88016.10724207365,6,8.0
15,3,Apolo Anton Ohno,Karina Smirnoff,Athlete,Sports,Washington,United States,30,26-35,25.5,8.5,3,0.9772419323690905,0.09428040166052262,933333.3333333334,87995.04154982112,5,9.0
15,3,Sabrina Bryan,Louis van Amstel,Actor/Actress,Entertainment,California,United States,28,26-35,25.5,8.5,3,0.9767957188293342,0.0942593694109512,933333.3333333334,87975.41145022112,8,6.0
15,3,Helio Castroneves,Chelsie Hightower,Racing Driver,Sports,Unknown,Brazil,37,36-45,25.5,8.5,3,0.976381777926433,0.09423986252545485,933333.3333333334,87957.20502375787,10,3.0
15,3,Emmitt Smith,Cheryl Burke,Athlete,Sports,Florida,United States,43,36-45,25.0,8.333333333333334,3,0.8814293527927196,0.08586449977472281,933333.3333333334,80140.1997897413,4,9.0
15,3,Kirstie Alley,Maksim Chmerkoskiy,Actor/Actress,Entertainment,Kansas,United States,61,>55,24.0,8.0,3,0.7897407979216742,0.07542434005679341,933333.3333333334,70396.05071967385,7,8.0
15,3,Bristol Palin,Mark Ballas,TV Personality,Media,Alaska,United States,21,≤25,22.5,7.5,3,0.8951096319147004,0.07315541154151835,933333.3333333334,68278.38410541712,9,4.0
15,3,Drew Lachey,Anna Trebunskaya,Singer/Rapper,Entertainment,Ohio,United States,36,36-45,24.0,8.0,3,0.7174771356571394,0.0727477664755459,933333.3333333334,67897.91537717618,11,3.0
15,4,Shawn Johnson,Derek Hough,Athlete,Sports,Iowa,United States,20,≤25,39.5,9.875,4,0.9783249401699728,0.1295610364639034,1000000.0,129561.03646390341,2,
15,4,Gilles Marini,Peta Murgatroyd,Actor/Actress,Entertainment,Unknown,France,36,36-45,39.5,9.875,4,0.9779823526824378,0.1295388453695732,1000000.0,129538.84536957319,6,8.0
15,4,Kelly Monaco,Valentin Chmerkovskiy,Actor/Actress,Entertainment,Pennsylvania,United States,36,36-45,37.5,9.375,4,0.9764315497417644,0.12130406118990505,1000000.0,121304.06118990506,3,
15,4,Melissa Rycroft,Tony Dovolani,TV Personality,Media,Texas,United States,29,26-35,37.0,9.25,4,0.9784782509055402,0.11920393144911945,1000000.0,119203.93144911945,1,
15,4,Emmitt Smith,Cheryl Burke,Athlete,Sports,Florida,United States,43,36-45,36.0,9.0,4,0.9713086554931927,0.11429142332147593,1000000.0,114291.42332147593,4,9.0
15,4,Sabrina Bryan,Louis van Amstel,Actor/Actress,Entertainment,California,United States,28,26-35,35.5,8.875,4,0.9565915202672661,0.11125540314187152,1000000.0,111255.40314187152,8,6.0
15,4,Apolo Anton Ohno,Karina Smirnoff,Athlete,Sports,Washington,United States,30,26-35,34.5,8.625,4,0.9272906096554511,0.10548836908035004,1000000.0,105488.36908035005,5,9.0
15,4,Bristol Palin,Mark Ballas,TV Personality,Media,Alaska,United States,21,≤25,32.0,8.0,4,0.7829465649793779,0.0902434289108182,1000000.0,90243.4289108182,9,4.0
15,4,Kirstie Alley,Maksim Chmerkoskiy,Actor/Actress,Entertainment,Kansas,United States,61,>55,30.0,7.5,4,0.6145038005423625,0.0791135010729833,1000000.0,79113.5010729833,7,8.0
15,5,Sabrina Bryan,Louis van Amstel,Actor/Actress,Entertainment,California,United States,28,26-35,29.25,9.75,3,0.968036183643138,0.14362202814396421,1066666.6666666667,153196.83002022852,8,6.0
15,5,Apolo Anton Ohno,Karina Smirnoff,Athlete,Sports,Washington,United States,30,26-35,28.25,9.416666666666666,3,0.9839105027698122,0.13233605737640416,1066666.6666666667,141158.4612014978,5,9.0
15,5,Melissa Rycroft,Tony Dovolani,TV Personality,Media,Texas,United States,29,26-35,28.25,9.416666666666666,3,0.9830904734895249,0.13228180877758078,1066666.6666666667,141100.5960294195,1,
15,5,Shawn Johnson,Derek Hough,Athlete,Sports,Iowa,United States,20,≤25,28.25,9.416666666666666,3,0.9646484138594427,0.13106764081745118,1066666.6666666667,139805.4835386146,2,
15,5,Gilles Marini,Peta Murgatroyd,Actor/Actress,Entertainment,Unknown,France,36,36-45,28.25,9.416666666666666,3,0.9640975933824679,0.13103154841757203,1066666.6666666667,139766.9849787435,6,8.0
15,5,Emmitt Smith,Cheryl Burke,Athlete,Sports,Florida,United States,43,36-45,28.0,9.333333333333334,3,0.9723855339262539,0.12817904996196705,1066666.6666666667,136724.31995943154,4,9.0
15,5,Kirstie Alley,Maksim Chmerkoskiy,Actor/Actress,Entertainment,Kansas,United States,61,>55,26.25,8.75,3,0.9147589579462027,0.10536889735323815,1066666.6666666667,112393.4905101207,7,8.0
15,5,Kelly Monaco,Valentin Chmerkovskiy,Actor/Actress,Entertainment,Pennsylvania,United States,36,36-45,25.75,8.583333333333334,3,0.7937619333354449,0.09611296915182248,1066666.6666666667,102520.50042861066,3,
15,6,Apolo Anton Ohno,Karina Smirnoff,Athlete,Sports,Washington,United States,30,26-35,30.0,10.0,3,0.9731695510911884,0.14687646617971103,1133333.3333333333,166459.9950036725,5,9.0
15,6,Sabrina Bryan,Louis van Amstel,Actor/Actress,Entertainment,California,United States,28,26-35,30.0,10.0,3,0.9505949649589822,0.1452279496083833,1133333.3333333333,164591.67622283442,8,6.0
15,6,Melissa Rycroft,Tony Dovolani,TV Personality,Media,Texas,United States,29,26-35,29.5,9.833333333333334,3,0.9750523807962439,0.14209461716421484,1133333.3333333333,161040.56611944348,1,
15,6,Shawn Johnson,Derek Hough,Athlete,Sports,Iowa,United States,20,≤25,28.0,9.333333333333334,3,0.9580705756973165,0.12397438012989066,1133333.3333333333,140504.29748054274,2,
15,6,Gilles Marini,Peta Murgatroyd,Actor/Actress,Entertainment,Unknown,France,36,36-45,27.5,9.166666666666666,3,0.9330051576318624,0.11722214766081632,1133333.3333333333,132851.76734892515,6,8.0
15,6,Kirstie Alley,Maksim Chmerkoskiy,Actor/Actress,Entertainment,Kansas,United States,61,>55,27.5,9.166666666666666,3,0.8566555690259695,0.11283155447543762,1133333.3333333333,127875.7617388293,7,8.0
15,6,Kelly Monaco,Valentin Chmerkovskiy,Actor/Actress,Entertainment,Pennsylvania,United States,36,36-45,27.0,9.0,3,0.8923188919211922,0.11040503794541796,1133333.3333333333,125125.70967147368,3,
15,6,Emmitt Smith,Cheryl Burke,Athlete,Sports,Florida,United States,43,36-45,26.5,8.833333333333334,3,0.7895995131110033,0.1013678468361282,1133333.3333333333,114883.55974761196,4,9.0
15,7,Melissa Rycroft,Tony Dovolani,TV Personality,Media,Texas,United States,29,26-35,38.9999,12.999966666666666,3,0.9687777496895945,0.1706569238880323,1200000.0,204788.30866563876,1,
15,7,Shawn Johnson,Derek Hough,Athlete,Sports,Iowa,United States,20,≤25,37.9998,12.6666,3,0.9684303841607403,0.16625802867830763,1200000.0,199509.63441396915,2,
15,7,Kelly Monaco,Valentin Chmerkovskiy,Actor/Actress,Entertainment,Pennsylvania,United States,36,36-45,36.0,12.0,3,0.9657029709899385,0.15619300621450605,1200000.0,187431.60745740726,3,
15,7,Emmitt Smith,Cheryl Burke,Athlete,Sports,Florida,United States,43,36-45,34.4999,11.499966666666666,3,0.9358261980866603,0.14627410400430155,1200000.0,175528.92480516186,4,9.0
15,7,Gilles Marini,Peta Murgatroyd,Actor/Actress,Entertainment,Unknown,France,36,36-45,33.4998,11.1666,3,0.7852944797610996,0.1311426764532666,1200000.0,157371.21174391994,6,8.0
15,7,Apolo Anton Ohno,Karina Smirnoff,Athlete,Sports,Washington,United States,30,26-35,33.0,11.0,3,0.7124757010939106,0.12438003040865894,1200000.0,149256.03649039072,5,9.0
15,7,Kirstie Alley,Maksim Chmerkoskiy,Actor/Actress,Entertainment,Kansas,United States,61,>55,27.9999,9.3333,3,0.6275267818822701,0.10509523035292703,1200000.0,126114.27642351243,7,8.0
15,8,Melissa Rycroft,Tony Dovolani,TV Personality,Media,Texas,United States,29,26-35,30.0,10.0,3,0.961671583627203,0.16661885600524307,1266666.6666666665,211050.55093997452,1,
15,8,Apolo Anton Ohno,Karina Smirnoff,Athlete,Sports,Washington,United States,30,26-35,29.2777,9.759233333333333,3,0.9595050042866898,0.15798887601099876,1266666.6666666665,200119.24294726507,5,9.0
15,8,Gilles Marini,Peta Murgatroyd,Actor/Actress,Entertainment,Unknown,France,36,36-45,29.2777,9.759233333333333,3,0.9572401382521009,0.15781006545603576,1266666.6666666665,199892.74957764527,6,8.0
15,8,Emmitt Smith,Cheryl Burke,Athlete,Sports,Florida,United States,43,36-45,29.0554,9.685133333333331,3,0.9454972028244791,0.15413275896205753,1266666.6666666665,195234.82801860617,4,9.0
15,8,Kelly Monaco,Valentin Chmerkovskiy,Actor/Actress,Entertainment,Pennsylvania,United States,36,36-45,28.3333,9.444433333333334,3,0.9443856920305751,0.145056306010822,1266666.6666666665,183737.98761370784,3,
15,8,Shawn Johnson,Derek Hough,Athlete,Sports,Iowa,United States,20,≤25,27.8333,9.277766666666666,3,0.8017462062307354,0.1296073241455795,1266666.6666666665,164169.27725106734,2,
15,8,Kirstie Alley,Maksim Chmerkoskiy,Actor/Actress,Entertainment,Kansas,United States,61,>55,25.5,8.5,3,0.32055657332381965,0.08878581340926346,1266666.6666666665,112462.03031840037,7,8.0
15,9,Shawn Johnson,Derek Hough,Athlete,Sports,Iowa,United States,20,≤25,29.5,9.833333333333334,3,0.9306088886182017,0.23762613342452402,1333333.3333333335,316834.84456603206,2,
15,9,Melissa Rycroft,Tony Dovolani,TV Personality,Media,Texas,United States,29,26-35,28.7777,9.592566666666666,3,0.9477707897938413,0.22379348117202735,1333333.3333333335,298391.3082293698,1,
15,9,Apolo Anton Ohno,Karina Smirnoff,Athlete,Sports,Washington,United States,30,26-35,28.611,9.537,3,0.8879455059734346,0.2133138643061823,1333333.3333333335,284418.4857415764,5,9.0
15,9,Kelly Monaco,Valentin Chmerkovskiy,Actor/Actress,Entertainment,Pennsylvania,United States,36,36-45,27.111,9.037,3,0.7681213656633381,0.1710270249712161,1333333.3333333335,228036.03329495483,3,
15,9,Emmitt Smith,Cheryl Burke,Athlete,Sports,Florida,United States,43,36-45,27.0,9.0,3,0.5809784605005612,0.1542394961260503,1333333.3333333335,205652.66150140043,4,9.0
15,10,Melissa Rycroft,Tony Dovolani,TV Personality,Media,Texas,United States,29,26-35,29.3331,9.7777,3,0.941171289726679,0.4011832706636568,1400000.0,561656.5789291195,1,
15,10,Kelly Monaco,Valentin Chmerkovskiy,Actor/Actress,Entertainment,Pennsylvania,United States,36,36-45,29.1109,9.703633333333334,3,0.8613551412249204,0.3379239828762345,1400000.0,473093.57602672826,3,
15,10,Shawn Johnson,Derek Hough,Athlete,Sports,Iowa,United States,20,≤25,28.9443,9.6481,3,0.5411313034768577,0.26089274646010857,1400000.0,365249.845044152,2,
16,1,Zendaya,Valentin Chmerkovskiy,Actor/Actress,Entertainment,California,United States,16,≤25,24.0,8.0,3,0.9864873620426461,0.0993667309794117,800000.0,79493.38478352937,2,
16,1,Alexandra Raisman,Mark Ballas,Athlete,Sports,Massachusetts,United States,18,≤25,21.0,7.0,3,0.9890439893954265,0.09072582590245303,800000.0,72580.66072196241,4,10.0
16,1,Kellie Pickler,Derek Hough,Singer/Rapper,Entertainment,North Carolina,United States,26,26-35,21.0,7.0,3,0.9873279028057048,0.0906480126042302,800000.0,72518.41008338415,1,
16,1,Dorothy Hamill,Tristan MacManus,Athlete,Sports,Illinois,United States,56,>55,21.0,7.0,3,0.9863833310711029,0.09060521093708514,800000.0,72484.16874966811,12,-1.0
16,1,Jacoby Jones,Karina Smirnoff,Athlete,Sports,Louisiana,United States,28,26-35,20.0,6.666666666666667,3,0.9873279028057048,0.0870856890238479,800000.0,69668.55121907832,3,
16,1,Ingo Rademacher,Kym Johnson,Actor/Actress,Entertainment,Unknown,Germany,41,36-45,20.0,6.666666666666667,3,0.9863833310711029,0.08704456939455199,800000.0,69635.65551564159,5,9.0
16,1,Sean Lowe,Peta Murgatroyd,TV Personality,Media,Texas,United States,29,26-35,19.0,6.333333333333333,3,0.9833424335860846,0.08331762235915985,800000.0,66654.09788732788,6,8.0
16,1,Victor Ortiz,Lindsay Arnold,Athlete,Sports,Kansas,United States,26,26-35,18.0,6.0,3,0.9621053241023104,0.07904389243190987,800000.0,63235.1139455279,8,6.0
16,1,Wynonna Judd,Tony Dovolani,Singer/Rapper,Entertainment,Kentucky,United States,48,46-55,18.0,6.0,3,0.9579783189202529,0.07888095332552254,800000.0,63104.76266041803,11,3.0
16,1,Lisa Vanderpump,Gleb Savchenko,TV Personality,Media,Unknown,England,52,46-55,18.0,6.0,3,0.9518358919091594,0.07863906471225826,800000.0,62911.25176980661,10,4.0
16,1,Andy Dick,Sharna Burgess,Comedian,Entertainment,South Carolina,United States,47,46-55,17.0,5.666666666666667,3,0.933896845293364,0.07491605775257149,800000.0,59932.84620205719,7,7.0
16,1,D. L. Hughley,Cheryl Burke,Comedian,Entertainment,Virginia,United States,50,46-55,12.0,4.0,3,0.7281675596756042,0.05972637057699817,800000.0,47781.096461598536,9,5.0
16,2,Kellie Pickler,Derek Hough,Singer/Rapper,Entertainment,North Carolina,United States,26,26-35,26.0,8.666666666666666,3,0.9828500681822531,0.09982567635414556,866666.6666666667,86515.58617359283,1,
16,2,Zendaya,Valentin Chmerkovskiy,Actor/Actress,Entertainment,California,United States,16,≤25,26.0,8.666666666666666,3,0.9793000182499921,0.09964864045440953,866666.6666666667,86362.15506048827,2,
16,2,Alexandra Raisman,Mark Ballas,Athlete,Sports,Massachusetts,United States,18,≤25,24.0,8.0,3,0.982181950595775,0.09525223319007206,866666.6666666667,82551.93543139579,4,10.0
16,2,Jacoby Jones,Karina Smirnoff,Athlete,Sports,Louisiana,United States,28,26-35,23.0,7.666666666666667,3,0.9794134058579447,0.09245911223194625,866666.6666666667,80131.23060102008,3,
16,2,Ingo Rademacher,Kym Johnson,Actor/Actress,Entertainment,Unknown,Germany,41,36-45,20.0,6.666666666666667,3,0.9854590823184409,0.08406323124429595,866666.6666666667,72854.80041172316,5,9.0
16,2,Sean Lowe,Peta Murgatroyd,TV Personality,Media,Texas,United States,29,26-35,20.0,6.666666666666667,3,0.9794068750295847,0.08380923170216444,866666.6666666667,72634.66747520918,6,8.0
16,2,Andy Dick,Sharna Burgess,Comedian,Entertainment,South Carolina,United States,47,46-55,20.0,6.666666666666667,3,0.9761779096036498,0.08367403231429853,866666.6666666667,72517.49467239206,7,7.0
16,2,Victor Ortiz,Lindsay Arnold,Athlete,Sports,Kansas,United States,26,26-35,18.0,6.0,3,0.9379768738379674,0.07689012335169554,866666.6666666667,66638.1069048028,8,6.0
16,2,Wynonna Judd,Tony Dovolani,Singer/Rapper,Entertainment,Kentucky,United States,48,46-55,18.0,6.0,3,0.9314094442308453,0.07663805220677533,866666.6666666667,66419.64524587196,11,3.0
16,2,Lisa Vanderpump,Gleb Savchenko,TV Personality,Media,Unknown,England,52,46-55,18.0,6.0,3,0.9217007954777027,0.07626692774980297,866666.6666666667,66098.00404982925,10,4.0
16,2,D. L. Hughley,Cheryl Burke,Comedian,Entertainment,Virginia,United States,50,46-55,16.0,5.333333333333333,3,0.7979000517852477,0.06781319800767183,866666.6666666667,58771.43827331559,9,5.0
16,2,Dorothy Hamill,Tristan MacManus,Athlete,Sports,Illinois,United States,56,>55,15.0,5.0,3,0.7168783654888328,0.06365954119272199,866666.6666666667,55171.60236702573,12,-1.0
16,3,Jacoby Jones,Karina Smirnoff,Athlete,Sports,Louisiana,United States,28,26-35,25.9998,8.6666,3,0.9824692969766927,0.10680567088748809,933333.3333333334,99685.29282832221,3,
16,3,Zendaya,Valentin Chmerkovskiy,Actor/Actress,Entertainment,California,United States,16,≤25,25.9998,8.6666,3,0.9794960930966741,0.10664701133096463,933333.3333333334,99537.21057556699,2,
16,3,Kellie Pickler,Derek Hough,Singer/Rapper,Entertainment,North Carolina,United States,26,26-35,25.0,8.333333333333334,3,0.980947364612898,0.10410449837025022,933333.3333333334,97164.19847890022,1,
16,3,Alexandra Raisman,Mark Ballas,Athlete,Sports,Massachusetts,United States,18,≤25,23.0,7.666666666666667,3,0.9822616676099261,0.09825056310965251,933333.3333333334,91700.52556900901,4,10.0
16,3,Victor Ortiz,Lindsay Arnold,Athlete,Sports,Kansas,United States,26,26-35,23.0,7.666666666666667,3,0.9816356825065761,0.0982198162272249,933333.3333333334,91671.82847874323,8,6.0
16,3,Ingo Rademacher,Kym Johnson,Actor/Actress,Entertainment,Unknown,Germany,41,36-45,21.0,7.0,3,0.971555315519908,0.09154152716194844,933333.3333333334,85438.75868448522,5,9.0
16,3,Sean Lowe,Peta Murgatroyd,TV Personality,Media,Texas,United States,29,26-35,21.0,7.0,3,0.9637567899802106,0.09118527769969861,933333.3333333334,85106.25918638537,6,8.0
16,3,Lisa Vanderpump,Gleb Savchenko,TV Personality,Media,Unknown,England,52,46-55,21.0,7.0,3,0.9444918067674329,0.09031115303566127,933333.3333333334,84290.40949995052,10,4.0
16,3,Andy Dick,Sharna Burgess,Comedian,Entertainment,South Carolina,United States,47,46-55,18.0,6.0,3,0.8930994691371336,0.08024262696609902,933333.3333333334,74893.11850169241,7,7.0
16,3,D. L. Hughley,Cheryl Burke,Comedian,Entertainment,Virginia,United States,50,46-55,16.0,5.333333333333333,3,0.6599884808133775,0.06805515923667795,933333.3333333334,63518.14862089942,9,5.0
16,3,Wynonna Judd,Tony Dovolani,Singer/Rapper,Entertainment,Kentucky,United States,48,46-55,15.0,5.0,3,0.5951096220892078,0.06463669597433444,933333.3333333334,60327.58290937881,11,3.0
16,4,Alexandra Raisman,Mark Ballas,Athlete,Sports,Massachusetts,United States,18,≤25,27.0,9.0,3,0.9799384458372502,0.11913928498821505,1000000.0,119139.28498821505,4,10.0
16,4,Zendaya,Valentin Chmerkovskiy,Actor/Actress,Entertainment,California,United States,16,≤25,26.0,8.666666666666666,3,0.9862026299677205,0.11640880896172166,1000000.0,116408.80896172166,2,
16,4,Kellie Pickler,Derek Hough,Singer/Rapper,Entertainment,North Carolina,United States,26,26-35,26.0,8.666666666666666,3,0.9847289620832621,0.11632306659292731,1000000.0,116323.06659292731,1,
16,4,Jacoby Jones,Karina Smirnoff,Athlete,Sports,Louisiana,United States,28,26-35,24.0,8.0,3,0.9797570944717902,0.10876019304790346,1000000.0,108760.19304790346,3,
16,4,Ingo Rademacher,Kym Johnson,Actor/Actress,Entertainment,Unknown,Germany,41,36-45,23.0,7.666666666666667,3,0.9751147816977954,0.10459667601286,1000000.0,104596.67601286,5,9.0
16,4,D. L. Hughley,Cheryl Burke,Comedian,Entertainment,Virginia,United States,50,46-55,21.0,7.0,3,0.924636763336069,0.0946422721889935,1000000.0,94642.2721889935,9,5.0
16,4,Andy Dick,Sharna Burgess,Comedian,Entertainment,South Carolina,United States,47,46-55,21.0,7.0,3,0.891358320706797,0.09308052761548227,1000000.0,93080.52761548228,7,7.0
16,4,Sean Lowe,Peta Murgatroyd,TV Personality,Media,Texas,United States,29,26-35,20.0,6.666666666666667,3,0.9362269359644061,0.09193694155207267,1000000.0,91936.94155207268,6,8.0
16,4,Victor Ortiz,Lindsay Arnold,Athlete,Sports,Kansas,United States,26,26-35,18.0,6.0,3,0.8083323592223941,0.08133880122789325,1000000.0,81338.80122789324,8,6.0
16,4,Lisa Vanderpump,Gleb Savchenko,TV Personality,Media,Unknown,England,52,46-55,18.0,6.0,3,0.6130832541110858,0.07377342781193068,1000000.0,73773.42781193068,10,4.0
16,5,Zendaya,Valentin Chmerkovskiy,Actor/Actress,Entertainment,California,United States,16,≤25,29.0,9.666666666666666,3,0.9768607179497075,0.13375492820418347,1066666.6666666667,142671.9234177957,2,
16,5,Kellie Pickler,Derek Hough,Singer/Rapper,Entertainment,North Carolina,United States,26,26-35,27.0,9.0,3,0.9758107863849353,0.127820879173792,1066666.6666666667,136342.27111871148,1,
16,5,Jacoby Jones,Karina Smirnoff,Athlete,Sports,Louisiana,United States,28,26-35,26.0,8.666666666666666,3,0.9735518033871922,0.12429538125207422,1066666.6666666667,132581.74000221252,3,
16,5,Alexandra Raisman,Mark Ballas,Athlete,Sports,Massachusetts,United States,18,≤25,25.0,8.333333333333334,3,0.9812457507754008,0.12117784781728275,1066666.6666666667,129256.37100510161,4,10.0
16,5,Sean Lowe,Peta Murgatroyd,TV Personality,Media,Texas,United States,29,26-35,24.0,8.0,3,0.973494987375669,0.11703128935297874,1066666.6666666667,124833.37530984399,6,8.0
16,5,Ingo Rademacher,Kym Johnson,Actor/Actress,Entertainment,Unknown,Germany,41,36-45,21.0,7.0,3,0.9056313312499686,0.10302726956871372,1066666.6666666667,109895.75420662797,5,9.0
16,5,Victor Ortiz,Lindsay Arnold,Athlete,Sports,Kansas,United States,26,26-35,21.0,7.0,3,0.8908146380941394,0.10226682813360126,1066666.6666666667,109084.61667584135,8,6.0
16,5,Andy Dick,Sharna Burgess,Comedian,Entertainment,South Carolina,United States,47,46-55,18.0,6.0,3,0.6992807366763398,0.08608647648959819,1066666.6666666667,91825.57492223808,7,7.0
16,5,D. L. Hughley,Cheryl Burke,Comedian,Entertainment,Virginia,United States,50,46-55,18.0,6.0,3,0.6630043721020981,0.08453910000777559,1066666.6666666667,90175.04000829397,9,5.0
16,6,Kellie Pickler,Derek Hough,Singer/Rapper,Entertainment,North Carolina,United States,26,26-35,27.0,9.0,3,0.9801401629109547,0.15138541481404216,1133333.3333333333,171570.13678924777,1,
16,6,Alexandra Raisman,Mark Ballas,Athlete,Sports,Massachusetts,United States,18,≤25,26.0,8.666666666666666,3,0.9699855962616851,0.1452079673036552,1133333.3333333333,164569.02961080923,4,10.0
16,6,Zendaya,Valentin Chmerkovskiy,Actor/Actress,Entertainment,California,United States,16,≤25,25.5,8.5,3,0.9724239123718379,0.14231971603489657,1133333.3333333333,161295.67817288276,2,
16,6,Sean Lowe,Peta Murgatroyd,TV Personality,Media,Texas,United States,29,26-35,23.0,7.666666666666667,3,0.9228166600113996,0.12251068395660164,1133333.3333333333,138845.44181748186,6,8.0
16,6,Ingo Rademacher,Kym Johnson,Actor/Actress,Entertainment,Unknown,Germany,41,36-45,23.0,7.666666666666667,3,0.8653565644750509,0.1190410265221761,1133333.3333333333,134913.16339179958,5,9.0
16,6,Jacoby Jones,Karina Smirnoff,Athlete,Sports,Louisiana,United States,28,26-35,22.5,7.5,3,0.9084569416868794,0.11859328119640865,1133333.3333333333,134405.71868926313,3,
16,6,Andy Dick,Sharna Burgess,Comedian,Entertainment,South Carolina,United States,47,46-55,21.5,7.166666666666667,3,0.8255032233890702,0.10856655652037323,1133333.3333333333,123042.09738975631,7,7.0
16,6,Victor Ortiz,Lindsay Arnold,Athlete,Sports,Kansas,United States,26,26-35,20.0,6.666666666666667,3,0.6152544808190298,0.09237535365184649,1133333.3333333333,104692.06747209268,8,6.0
16,7,Alexandra Raisman,Mark Ballas,Athlete,Sports,Massachusetts,United States,18,≤25,32.0,10.666666666666666,3,0.971513099933806,0.1734636676159418,1200000.0,208156.40113913018,4,10.0
16,7,Zendaya,Valentin Chmerkovskiy,Actor/Actress,Entertainment,California,United States,16,≤25,30.0,10.0,3,0.9615647465384399,0.16575298705328909,1200000.0,198903.5844639469,2,
16,7,Kellie Pickler,Derek Hough,Singer/Rapper,Entertainment,North Carolina,United States,26,26-35,29.0,9.666666666666666,3,0.9538184384816314,0.16140189811568087,1200000.0,193682.27773881704,1,
16,7,Jacoby Jones,Karina Smirnoff,Athlete,Sports,Louisiana,United States,28,26-35,27.0,9.0,3,0.9203441069057854,0.15116251700314562,1200000.0,181395.02040377475,3,
16,7,Sean Lowe,Peta Murgatroyd,TV Personality,Media,Texas,United States,29,26-35,24.0,8.0,3,0.798011830492339,0.13196929524936543,1200000.0,158363.15429923852,6,8.0
16,7,Ingo Rademacher,Kym Johnson,Actor/Actress,Entertainment,Unknown,Germany,41,36-45,25.0,8.333333333333334,3,0.6778212534601864,0.12734139087808263,1200000.0,152809.66905369915,5,9.0
16,7,Andy Dick,Sharna Burgess,Comedian,Entertainment,South Carolina,United States,47,46-55,17.0,5.666666666666667,3,0.26164104719836173,0.08890824408449458,1200000.0,106689.8929013935,7,7.0
16,8,Zendaya,Valentin Chmerkovskiy,Actor/Actress,Entertainment,California,United States,16,≤25,29.0,9.666666666666666,3,0.9608081136168811,0.19643520128259817,1266666.6666666665,248817.92162462432,2,
16,8,Alexandra Raisman,Mark Ballas,Athlete,Sports,Massachusetts,United States,18,≤25,28.0,9.333333333333334,3,0.9718593359346397,0.19073651051498824,1266666.6666666665,241599.57998565174,4,10.0
16,8,Kellie Pickler,Derek Hough,Singer/Rapper,Entertainment,North Carolina,United States,26,26-35,27.5,9.166666666666666,3,0.9540746531144055,0.1854652099230956,1266666.6666666665,234922.59923592105,1,
16,8,Jacoby Jones,Karina Smirnoff,Athlete,Sports,Louisiana,United States,28,26-35,26.0,8.666666666666666,3,0.927070668876813,0.1720589778215816,1266666.6666666665,217941.37190733667,3,
16,8,Ingo Rademacher,Kym Johnson,Actor/Actress,Entertainment,Unknown,Germany,41,36-45,24.0,8.0,3,0.6545990263220706,0.13840775496583604,1266666.6666666665,175316.4896233923,5,9.0
16,8,Sean Lowe,Peta Murgatroyd,TV Personality,Media,Texas,United States,29,26-35,21.0,7.0,3,0.5003404122995138,0.11689634549190028,1266666.6666666665,148068.70428974033,6,8.0
16,9,Jacoby Jones,Karina Smirnoff,Athlete,Sports,Louisiana,United States,28,26-35,29.5,9.833333333333334,3,0.9436280529973745,0.23464516684626263,1333333.3333333335,312860.22246168356,3,
16,9,Alexandra Raisman,Mark Ballas,Athlete,Sports,Massachusetts,United States,18,≤25,29.5,9.833333333333334,3,0.9392616582568896,0.2341334489289217,1333333.3333333335,312177.931905229,4,10.0
16,9,Kellie Pickler,Derek Hough,Singer/Rapper,Entertainment,North Carolina,United States,26,26-35,29.0,9.666666666666666,3,0.853879783240817,0.21703384554461946,1333333.3333333335,289378.46072615933,1,
16,9,Zendaya,Valentin Chmerkovskiy,Actor/Actress,Entertainment,California,United States,16,≤25,27.5,9.166666666666666,3,0.7258331249002398,0.18283555936940288,1333333.3333333335,243780.74582587054,2,
16,9,Ingo Rademacher,Kym Johnson,Actor/Actress,Entertainment,Unknown,Germany,41,36-45,25.5,8.5,3,0.2919869595996259,0.1313519793107934,1333333.3333333335,175135.97241439123,5,9.0
16,10,Zendaya,Valentin Chmerkovskiy,Actor/Actress,Entertainment,California,United States,16,≤25,30.0,10.0,3,0.9339410324619034,0.290444222931347,1400000.0,406621.9121038858,2,
16,10,Kellie Pickler,Derek Hough,Singer/Rapper,Entertainment,North Carolina,United States,26,26-35,30.0,10.0,3,0.9331632820665804,0.29033129833495536,1400000.0,406463.8176689375,1,
16,10,Alexandra Raisman,Mark Ballas,Athlete,Sports,Massachusetts,United States,18,≤25,29.0,9.666666666666666,3,0.7409879194405594,0.23259169832353926,1400000.0,325628.37765295495,4,10.0
16,10,Jacoby Jones,Karina Smirnoff,Athlete,Sports,Louisiana,United States,28,26-35,27.9999,9.3333,3,0.522579500085167,0.18663278041015846,1400000.0,261285.89257422186,3,
17,1,Amber Riley,Derek Hough,Actor/Actress,Entertainment,California,United States,27,26-35,27.0,9.0,3,0.9843771455847481,0.09838208066400995,800000.0,78705.66453120796,1,
17,1,Corbin Bleu,Karina Smirnoff,Actor/Actress,Entertainment,New York,United States,24,≤25,24.0,8.0,3,0.9878817420925297,0.09131998179419473,800000.0,73055.98543535579,2,
17,1,Elizabeth Berkley Lauren,Valentin Chmerkovskiy,Actor/Actress,Entertainment,Michigan,United States,39,36-45,24.0,8.0,3,0.987688304768177,0.09131114987483822,800000.0,73048.91989987058,6,9.0
17,1,Jack Osbourne,Cheryl Burke,TV Personality,Media,Unknown,England,27,26-35,23.0,7.666666666666667,3,0.9889041260962019,0.08846502161849502,800000.0,70772.01729479602,3,
17,1,"Nicole ""Snooki"" Polizzi",Sasha Farber,TV Personality,Media,Unknown,Chile,25,≤25,23.0,7.666666666666667,3,0.9889041260962019,0.08846502161849502,800000.0,70772.01729479602,8,7.0
17,1,Christina Milian,Mark Ballas,Singer/Rapper,Entertainment,New Jersey,United States,31,26-35,22.0,7.333333333333333,3,0.9873279028057048,0.08540144903384518,800000.0,68321.15922707615,9,5.0
17,1,Brant Daugherty,Peta Murgatroyd,Actor/Actress,Entertainment,Ohio,United States,28,26-35,22.0,7.333333333333333,3,0.9868140121115655,0.08537950834778224,800000.0,68303.6066782258,7,8.0
17,1,Valerie Harper,Tristan MacManus,Actor/Actress,Entertainment,New York,United States,74,>55,21.0,7.0,3,0.9810499973434501,0.08217410085508695,800000.0,65739.28068406956,10,4.0
17,1,Leah Remini,Tony Dovolani,Actor/Actress,Entertainment,New York,United States,43,36-45,21.0,7.0,3,0.9802610521125451,0.08214169181525979,800000.0,65713.35345220784,5,10.0
17,1,Bill Engvall,Emma Slater,Comedian,Entertainment,Texas,United States,56,>55,18.0,6.0,3,0.9485576271615953,0.07327969000505576,800000.0,58623.7520040446,4,11.0
17,1,Keyshawn Johnson,Sharna Burgess,Athlete,Sports,California,United States,41,36-45,17.0,5.666666666666667,3,0.8571481194423364,0.06815920087161376,800000.0,54527.360697291006,12,2.0
17,1,Bill Nye,Tyne Stecklein,TV Personality,Media,Washington D.C.,United States,57,>55,14.0,4.666666666666667,3,0.893482624449193,0.06552110350132315,800000.0,52416.88280105852,11,3.0
17,2,Corbin Bleu,Karina Smirnoff,Actor/Actress,Entertainment,New York,United States,24,≤25,26.0,8.666666666666666,3,0.9788166594556993,0.09856023096094367,860000.0000000001,84761.79862641158,2,
17,2,Christina Milian,Mark Ballas,Singer/Rapper,Entertainment,New Jersey,United States,31,26-35,25.0,8.333333333333334,3,0.9794134058579447,0.09559427838239097,860000.0000000001,82211.07940885624,9,5.0
17,2,Elizabeth Berkley Lauren,Valentin Chmerkovskiy,Actor/Actress,Entertainment,Michigan,United States,39,36-45,25.0,8.333333333333334,3,0.9774621215902587,0.09550105805887901,860000.0000000001,82130.90993063596,6,9.0
17,2,Amber Riley,Derek Hough,Actor/Actress,Entertainment,California,United States,27,26-35,24.0,8.0,3,0.9793713689245523,0.09225256409669867,860000.0000000001,79337.20512316086,1,
17,2,Jack Osbourne,Cheryl Burke,TV Personality,Media,Unknown,England,27,26-35,24.0,8.0,3,0.9791752226418033,0.09224351704158168,860000.0000000001,79329.42465576026,3,
17,2,Leah Remini,Tony Dovolani,Actor/Actress,Entertainment,New York,United States,43,36-45,24.0,8.0,3,0.9763350953636754,0.09211261834133116,860000.0000000001,79216.85177354481,5,10.0
17,2,Brant Daugherty,Peta Murgatroyd,Actor/Actress,Entertainment,Ohio,United States,28,26-35,23.0,7.666666666666667,3,0.9566639332048914,0.08771133314075628,860000.0000000001,75431.74650105041,7,8.0
17,2,Bill Engvall,Emma Slater,Comedian,Entertainment,Texas,United States,56,>55,21.0,7.0,3,0.9158383673734107,0.07921758056901151,860000.0000000001,68127.11928934991,4,11.0
17,2,"Nicole ""Snooki"" Polizzi",Sasha Farber,TV Personality,Media,Unknown,Chile,25,≤25,20.0,6.666666666666667,3,0.9205985849257208,0.07643725391277004,860000.0000000001,65736.03836498225,8,7.0
17,2,Valerie Harper,Tristan MacManus,Actor/Actress,Entertainment,New York,United States,74,>55,19.0,6.333333333333333,3,0.8273797247393772,0.07051157464226115,860000.0000000001,60639.9541923446,10,4.0
17,2,Bill Nye,Tyne Stecklein,TV Personality,Media,Washington D.C.,United States,57,>55,17.0,5.666666666666667,3,0.732723636209587,0.06377085795309588,860000.0000000001,54842.93783966247,11,3.0
17,2,Keyshawn Johnson,Sharna Burgess,Athlete,Sports,California,United States,41,36-45,18.0,6.0,3,0.42794578964282226,0.05608713290027991,860000.0000000001,48234.93429424073,12,2.0
17,3,Brant Daugherty,Peta Murgatroyd,Actor/Actress,Entertainment,Ohio,United States,28,26-35,27.0,9.0,3,0.9781121742211772,0.10394643559836161,920000.0,95630.72075049269,7,8.0
17,3,Corbin Bleu,Karina Smirnoff,Actor/Actress,Entertainment,New York,United States,24,≤25,26.0,8.666666666666666,3,0.9790172146847698,0.10118580079329051,920000.0,93090.93672982727,2,
17,3,Christina Milian,Mark Ballas,Singer/Rapper,Entertainment,New Jersey,United States,31,26-35,26.0,8.666666666666666,3,0.9787405731521671,0.10117180566371682,920000.0,93078.06121061947,9,5.0
17,3,Elizabeth Berkley Lauren,Valentin Chmerkovskiy,Actor/Actress,Entertainment,Michigan,United States,39,36-45,25.0,8.333333333333334,3,0.9859448429586968,0.09853133093328517,920000.0,90648.82445862236,6,9.0
17,3,"Nicole ""Snooki"" Polizzi",Sasha Farber,TV Personality,Media,Unknown,Chile,25,≤25,25.0,8.333333333333334,3,0.9788719405644153,0.0981834951047833,920000.0,90328.81549640064,8,7.0
17,3,Bill Engvall,Emma Slater,Comedian,Entertainment,Texas,United States,56,>55,24.0,8.0,3,0.9721032429160862,0.09477367223095888,920000.0,87191.77845248218,4,11.0
17,3,Leah Remini,Tony Dovolani,Actor/Actress,Entertainment,New York,United States,43,36-45,24.0,8.0,3,0.9648266609033658,0.09442948453880594,920000.0,86875.12577570147,5,10.0
17,3,Amber Riley,Derek Hough,Actor/Actress,Entertainment,California,United States,27,26-35,24.0,8.0,3,0.9630604881370664,0.09434613195602413,920000.0,86798.44139954221,1,
17,3,Jack Osbourne,Cheryl Burke,TV Personality,Media,Unknown,England,27,26-35,22.0,7.333333333333333,3,0.9120070441293632,0.08613333966264962,920000.0,79242.67248963765,3,
17,3,Bill Nye,Tyne Stecklein,TV Personality,Media,Washington D.C.,United States,57,>55,16.0,5.333333333333333,3,0.6086383560314509,0.06395742653333256,920000.0,58840.83241066595,11,3.0
17,3,Valerie Harper,Tristan MacManus,Actor/Actress,Entertainment,New York,United States,74,>55,16.0,5.333333333333333,3,0.5892711412449971,0.0633410769847914,920000.0,58273.79082600809,10,4.0
17,4,Corbin Bleu,Karina Smirnoff,Actor/Actress,Entertainment,New York,United States,24,≤25,27.0,9.0,3,0.9847289620832621,0.11548733798542432,980000.0,113177.59122571583,2,
17,4,Elizabeth Berkley Lauren,Valentin Chmerkovskiy,Actor/Actress,Entertainment,Michigan,United States,39,36-45,27.0,9.0,3,0.9748979303613236,0.11492105108018033,980000.0,112622.63005857673,6,9.0
17,4,Amber Riley,Derek Hough,Actor/Actress,Entertainment,California,United States,27,26-35,27.0,9.0,3,0.9738589258684418,0.11486136484089088,980000.0,112564.13754407306,1,
17,4,Leah Remini,Tony Dovolani,Actor/Actress,Entertainment,New York,United States,43,36-45,24.0,8.0,3,0.9833341919104903,0.10306052746565007,980000.0,100999.31691633708,5,10.0
17,4,"Nicole ""Snooki"" Polizzi",Sasha Farber,TV Personality,Media,Unknown,Chile,25,≤25,24.0,8.0,3,0.9762906814352946,0.10269821188113808,980000.0,100644.24764351532,8,7.0
17,4,Christina Milian,Mark Ballas,Singer/Rapper,Entertainment,New Jersey,United States,31,26-35,24.0,8.0,3,0.9741165882726206,0.1025866347967346,980000.0,100534.90210079991,9,5.0
17,4,Jack Osbourne,Cheryl Burke,TV Personality,Media,Unknown,England,27,26-35,24.0,8.0,3,0.9732003870118165,0.10253965055723993,980000.0,100488.85754609513,3,
17,4,Brant Daugherty,Peta Murgatroyd,Actor/Actress,Entertainment,Ohio,United States,28,26-35,21.0,7.0,3,0.936998211686773,0.08944257081505165,980000.0,87653.71939875062,7,8.0
17,4,Bill Engvall,Emma Slater,Comedian,Entertainment,Texas,United States,56,>55,21.0,7.0,3,0.9238869846949569,0.08885813764275549,980000.0,87080.97488990038,4,11.0
17,4,Valerie Harper,Tristan MacManus,Actor/Actress,Entertainment,New York,United States,74,>55,18.0,6.0,3,0.4743706792697879,0.0655445129349347,980000.0,64233.622676236,10,4.0
17,5,Christina Milian,Mark Ballas,Singer/Rapper,Entertainment,New Jersey,United States,31,26-35,28.0,9.333333333333334,3,0.9768295319100898,0.12549656442638524,1040000.0,130516.42700344065,9,5.0
17,5,Corbin Bleu,Karina Smirnoff,Actor/Actress,Entertainment,New York,United States,24,≤25,28.0,9.333333333333334,3,0.975281271754981,0.1253994513551575,1040000.0,130415.42940936382,2,
17,5,Brant Daugherty,Peta Murgatroyd,Actor/Actress,Entertainment,Ohio,United States,28,26-35,27.0,9.0,3,0.9791658048463266,0.11879014133749967,1040000.0,123541.74699099966,7,8.0
17,5,Jack Osbourne,Cheryl Burke,TV Personality,Media,Unknown,England,27,26-35,27.0,9.0,3,0.9774610477591532,0.11868893031101552,1040000.0,123436.48752345613,3,
17,5,"Nicole ""Snooki"" Polizzi",Sasha Farber,TV Personality,Media,Unknown,Chile,25,≤25,27.0,9.0,3,0.9768090481259821,0.11865024404770337,1040000.0,123396.2538096115,8,7.0
17,5,Elizabeth Berkley Lauren,Valentin Chmerkovskiy,Actor/Actress,Entertainment,Michigan,United States,39,36-45,26.0,8.666666666666666,3,0.960046588668582,0.11051281309029208,1040000.0,114933.32561390377,6,9.0
17,5,Amber Riley,Derek Hough,Actor/Actress,Entertainment,California,United States,27,26-35,26.0,8.666666666666666,3,0.9576579482734147,0.11038090419193693,1040000.0,114796.14035961441,1,
17,5,Bill Engvall,Emma Slater,Comedian,Entertainment,Texas,United States,56,>55,24.0,8.0,3,0.7754633890387201,0.08976475700089108,1040000.0,93355.34728092673,4,11.0
17,5,Leah Remini,Tony Dovolani,Actor/Actress,Entertainment,New York,United States,43,36-45,22.0,7.333333333333333,3,0.7469293334887064,0.08231619423911869,1040000.0,85608.84200868344,5,10.0
17,6,Elizabeth Berkley Lauren,Valentin Chmerkovskiy,Actor/Actress,Entertainment,Michigan,United States,39,36-45,31.9998,10.6666,3,0.972747749369983,0.14435861839546,1100000.0,158794.480235006,6,9.0
17,6,Amber Riley,Derek Hough,Actor/Actress,Entertainment,California,United States,27,26-35,31.9999,10.666633333333332,3,0.9655585312323316,0.14384111075728212,1100000.0,158225.22183301032,1,
17,6,Brant Daugherty,Peta Murgatroyd,Actor/Actress,Entertainment,Ohio,United States,28,26-35,31.0,10.333333333333334,3,0.9731969295337761,0.13933008090434362,1100000.0,153263.088994778,7,8.0
17,6,"Nicole ""Snooki"" Polizzi",Sasha Farber,TV Personality,Media,Unknown,Chile,25,≤25,30.0,10.0,3,0.9712897122045034,0.13368656858837139,1100000.0,147055.22544720853,8,7.0
17,6,Leah Remini,Tony Dovolani,Actor/Actress,Entertainment,New York,United States,43,36-45,27.9999,9.3333,3,0.9005787016242374,0.11831633850359177,1100000.0,130147.97235395094,5,10.0
17,6,Corbin Bleu,Karina Smirnoff,Actor/Actress,Entertainment,New York,United States,24,≤25,26.9999,8.999966666666666,3,0.9258072010805453,0.11496948656466574,1100000.0,126466.43522113231,2,
17,6,Jack Osbourne,Cheryl Burke,TV Personality,Media,Unknown,England,27,26-35,26.9998,8.999933333333333,3,0.8720798603743775,0.11192165811982573,1100000.0,123113.82393180829,3,
17,6,Bill Engvall,Emma Slater,Comedian,Entertainment,Texas,United States,56,>55,23.9999,7.999966666666666,3,0.7021301102010427,0.09357613816645977,1100000.0,102933.75198310574,4,11.0
17,7,Corbin Bleu,Karina Smirnoff,Actor/Actress,Entertainment,New York,United States,24,≤25,29.5,9.833333333333334,3,0.9567913392973909,0.14610666324905996,1160000.0000000002,169483.72936890958,2,
17,7,Amber Riley,Derek Hough,Actor/Actress,Entertainment,California,United States,27,26-35,29.5,9.833333333333334,3,0.9540005666528204,0.1459029301857899,1160000.0000000002,169247.3990155163,1,
17,7,Brant Daugherty,Peta Murgatroyd,Actor/Actress,Entertainment,Ohio,United States,28,26-35,28.5,9.5,3,0.9712895364566964,0.1376870196439111,1160000.0000000002,159716.9427869369,7,8.0
17,7,Jack Osbourne,Cheryl Burke,TV Personality,Media,Unknown,England,27,26-35,28.5,9.5,3,0.9538184384816314,0.13648948611057404,1160000.0000000002,158327.80388826592,3,
17,7,Elizabeth Berkley Lauren,Valentin Chmerkovskiy,Actor/Actress,Entertainment,Michigan,United States,39,36-45,27.0,9.0,3,0.8448382761260351,0.1150411042731392,1160000.0000000002,133447.6809568415,6,9.0
17,7,"Nicole ""Snooki"" Polizzi",Sasha Farber,TV Personality,Media,Unknown,Chile,25,≤25,27.0,9.0,3,0.7812347993382668,0.11144015881298523,1160000.0000000002,129270.58422306289,8,7.0
17,7,Leah Remini,Tony Dovolani,Actor/Actress,Entertainment,New York,United States,43,36-45,26.5,8.833333333333334,3,0.8008445731389461,0.10853518026458461,1160000.0000000002,125900.80910691818,5,10.0
17,7,Bill Engvall,Emma Slater,Comedian,Entertainment,Texas,United States,56,>55,25.0,8.333333333333334,3,0.7789850011946473,0.09879745745995579,1160000.0000000002,114605.05065354874,4,11.0
17,8,Corbin Bleu,Karina Smirnoff,Actor/Actress,Entertainment,New York,United States,24,≤25,30.0,10.0,3,0.9582084942851008,0.1675203948579734,1220000.0000000002,204374.8817267276,2,
17,8,Jack Osbourne,Cheryl Burke,TV Personality,Media,Unknown,England,27,26-35,30.0,10.0,3,0.9550509854607389,0.16725612995504108,1220000.0000000002,204052.47854515017,3,
17,8,Amber Riley,Derek Hough,Actor/Actress,Entertainment,California,United States,27,26-35,28.0,9.333333333333334,3,0.9508952090178079,0.15163950069757173,1220000.0000000002,185000.19085103754,1,
17,8,Leah Remini,Tony Dovolani,Actor/Actress,Entertainment,New York,United States,43,36-45,28.0,9.333333333333334,3,0.9450312325378911,0.15119554661692466,1220000.0000000002,184458.56687264814,5,10.0
17,8,Brant Daugherty,Peta Murgatroyd,Actor/Actress,Entertainment,Ohio,United States,28,26-35,27.0,9.0,3,0.6951292730486183,0.12640352583983314,1220000.0000000002,154212.30152459646,7,8.0
17,8,Elizabeth Berkley Lauren,Valentin Chmerkovskiy,Actor/Actress,Entertainment,Michigan,United States,39,36-45,25.0,8.333333333333334,3,0.7982378770773151,0.12069583817397501,1220000.0000000002,147248.92257224955,6,9.0
17,8,Bill Engvall,Emma Slater,Comedian,Entertainment,Texas,United States,56,>55,24.0,8.0,3,0.7808588501139127,0.11528906385868098,1220000.0000000002,140652.65790759082,4,11.0
17,9,Corbin Bleu,Karina Smirnoff,Actor/Actress,Entertainment,New York,United States,24,≤25,29.0,9.666666666666666,3,0.9562690486319216,0.19671083503068884,1280000.0,251789.86883928173,2,
17,9,Elizabeth Berkley Lauren,Valentin Chmerkovskiy,Actor/Actress,Entertainment,Michigan,United States,39,36-45,28.0,9.333333333333334,3,0.869630302921206,0.1813722539665253,1280000.0,232156.48507715238,6,9.0
17,9,Leah Remini,Tony Dovolani,Actor/Actress,Entertainment,New York,United States,43,36-45,27.0,9.0,3,0.896410077355726,0.17624437206151836,1280000.0,225592.7962387435,5,10.0
17,9,Jack Osbourne,Cheryl Burke,TV Personality,Media,Unknown,England,27,26-35,27.0,9.0,3,0.8927225666441426,0.17591971993811686,1280000.0,225177.2415207896,3,
17,9,Amber Riley,Derek Hough,Actor/Actress,Entertainment,California,United States,27,26-35,25.5,8.5,3,0.7318526664362611,0.15195512395250596,1280000.0,194502.55865920763,1,
17,9,Bill Engvall,Emma Slater,Comedian,Entertainment,Texas,United States,56,>55,21.0,7.0,3,0.5217996518214933,0.11779769505064461,1280000.0,150781.04966482508,4,11.0
17,10,Amber Riley,Derek Hough,Actor/Actress,Entertainment,California,United States,27,26-35,39.5,9.875,4,0.9310084806048123,0.24048255923087677,1339999.9999999998,322246.62936937483,1,
17,10,Corbin Bleu,Karina Smirnoff,Actor/Actress,Entertainment,New York,United States,24,≤25,37.5,9.375,4,0.9463771486929117,0.22973822659882223,1339999.9999999998,307849.2236424217,2,
17,10,Jack Osbourne,Cheryl Burke,TV Personality,Media,Unknown,England,27,26-35,35.5,8.875,4,0.8956703010925794,0.2103423360920311,1339999.9999999998,281858.7303633216,3,
17,10,Bill Engvall,Emma Slater,Comedian,Entertainment,Texas,United States,56,>55,30.0,7.5,4,0.6791239362756323,0.160783813914863,1339999.9999999998,215450.31064591635,4,11.0
17,10,Leah Remini,Tony Dovolani,Actor/Actress,Entertainment,New York,United States,43,36-45,32.5,8.125,4,0.522897696450612,0.15865306416340683,1339999.9999999998,212595.10597896512,5,10.0
17,11,Amber Riley,Derek Hough,Actor/Actress,Entertainment,California,United States,27,26-35,31.3332,10.4444,3,0.8018931956278152,0.27556687778462563,1400000.0,385793.6288984759,1,
17,11,Corbin Bleu,Karina Smirnoff,Actor/Actress,Entertainment,New York,United States,24,≤25,29.6664,9.8888,3,0.944661547970791,0.27526770540525863,1400000.0,385374.7875673621,2,
17,11,Jack Osbourne,Cheryl Burke,TV Personality,Media,Unknown,England,27,26-35,27.9999,9.3333,3,0.8182162593268169,0.237869336362232,1400000.0,333017.0709071248,3,
17,11,Bill Engvall,Emma Slater,Comedian,Entertainment,Texas,United States,56,>55,25.4999,8.499966666666666,3,0.7971413090226678,0.2112960804478837,1400000.0,295814.5126270372,4,11.0
18,1,Charlie White,Sharna Burgess,Athlete,Sports,Michigan,United States,26,26-35,27.0,9.0,3,0.9878817420925297,0.09840649307589944,800000.0,78725.19446071955,5,9.0
18,1,Candace Cameron Bure,Mark Ballas,Actor/Actress,Entertainment,California,United States,37,36-45,25.0,8.333333333333334,3,0.9841286650108646,0.09322627975968256,800000.0,74581.02380774605,3,
18,1,Amy Purdy,Derek Hough,Athlete,Sports,Nevada,United States,34,26-35,24.0,8.0,3,0.9873279028057048,0.09039185775061133,800000.0,72313.48620048906,2,
18,1,Meryl Davis,Maksim Chmerkoskiy,Athlete,Sports,Michigan,United States,27,26-35,24.0,8.0,3,0.9873279028057048,0.09039185775061133,800000.0,72313.48620048906,1,
18,1,Danica McKellar,Valentin Chmerkovskiy,Actor/Actress,Entertainment,California,United States,39,36-45,24.0,8.0,3,0.9834061804862791,0.090214785531349,800000.0,72171.8284250792,6,8.0
18,1,Cody Simpson,Witney Carson,Singer/Rapper,Entertainment,Unknown,Australia,17,≤25,22.0,7.333333333333333,3,0.9890439893954265,0.0840552193885163,800000.0,67244.17551081305,9,5.0
18,1,NeNe Leakes,Tony Dovolani,TV Personality,Media,New York,United States,46,46-55,21.0,7.0,3,0.9662754924106195,0.0800013293091114,800000.0,64001.06344728912,7,7.0
18,1,James Maslow,Peta Murgatroyd,Actor/Actress,Entertainment,New York,United States,23,≤25,21.0,7.0,3,0.9653928120853114,0.0799660292996505,800000.0,63972.82343972041,4,10.0
18,1,Drew Carey,Cheryl Burke,Comedian,Entertainment,Ohio,United States,55,46-55,21.0,7.0,3,0.9524547337559102,0.07945039554993187,800000.0,63560.3164399455,8,6.0
18,1,Sean Avery,Karina Smirnoff,Athlete,Sports,Unknown,Canada,33,26-35,20.0,6.666666666666667,3,0.9653928120853114,0.0770913056039019,800000.0,61673.04448312152,11,2.0
18,1,Diana Nyad,Henry Byalikov,Athlete,Sports,New York,United States,64,>55,18.0,6.0,3,0.9202013155639401,0.07073400709304713,800000.0,56587.205674437704,12,2.0
18,1,Billy Dee Williams,Emma Slater,Actor/Actress,Entertainment,New York,United States,76,>55,15.0,5.0,3,0.910135390315071,0.06607043988768727,800000.0,52856.35191014981,10,-1.0
18,2,James Maslow,Peta Murgatroyd,Actor/Actress,Entertainment,New York,United States,23,≤25,25.0,8.333333333333334,3,0.9828500681822531,0.10195699388261371,866666.6666666667,88362.72803159856,4,10.0
18,2,Charlie White,Sharna Burgess,Athlete,Sports,Michigan,United States,26,26-35,25.0,8.333333333333334,3,0.9810551666839528,0.10186553354878387,866666.6666666667,88283.46240894603,5,9.0
18,2,Meryl Davis,Maksim Chmerkoskiy,Athlete,Sports,Michigan,United States,27,26-35,25.0,8.333333333333334,3,0.9778126200637695,0.10170051548386133,866666.6666666667,88140.44675267983,1,
18,2,Amy Purdy,Derek Hough,Athlete,Sports,Nevada,United States,34,26-35,24.0,8.0,3,0.9864668884232011,0.0984993453608184,866666.6666666667,85366.0993127093,2,
18,2,Danica McKellar,Valentin Chmerkovskiy,Actor/Actress,Entertainment,California,United States,39,36-45,24.0,8.0,3,0.9844692872342587,0.0984010132713664,866666.6666666667,85280.87816851755,6,8.0
18,2,Cody Simpson,Witney Carson,Singer/Rapper,Entertainment,Unknown,Australia,17,≤25,22.0,7.333333333333333,3,0.9868751630330289,0.09075217449910454,866666.6666666667,78651.8845658906,9,5.0
18,2,NeNe Leakes,Tony Dovolani,TV Personality,Media,New York,United States,46,46-55,21.0,7.0,3,0.9554891486671812,0.08570100508784904,866666.6666666667,74274.20440946918,7,7.0
18,2,Candace Cameron Bure,Mark Ballas,Actor/Actress,Entertainment,California,United States,37,36-45,21.0,7.0,3,0.9434217166294845,0.08518546643158917,866666.6666666667,73827.40424071062,3,
18,2,Drew Carey,Cheryl Burke,Comedian,Entertainment,Ohio,United States,55,46-55,21.0,7.0,3,0.9375337629585464,0.08493505118090695,866666.6666666667,73610.37769011936,8,6.0
18,2,Sean Avery,Karina Smirnoff,Athlete,Sports,Unknown,Canada,33,26-35,21.0,7.0,3,0.8863408405690262,0.08278860237707437,866666.6666666667,71750.12206013114,11,2.0
18,2,Billy Dee Williams,Emma Slater,Actor/Actress,Entertainment,New York,United States,76,>55,15.0,5.0,3,0.8193582117822783,0.06821429887603228,866666.6666666667,59119.05902589465,10,-1.0
18,3,Meryl Davis,Maksim Chmerkoskiy,Athlete,Sports,Michigan,United States,27,26-35,39.0,9.75,4,0.9796828791006181,0.13331303943319384,933333.3333333334,124425.50347098093,1,
18,3,Charlie White,Sharna Burgess,Athlete,Sports,Michigan,United States,26,26-35,36.0,9.0,4,0.9819746354613941,0.12078740400963947,933333.3333333334,112734.91040899685,5,9.0
18,3,Amy Purdy,Derek Hough,Athlete,Sports,Nevada,United States,34,26-35,36.0,9.0,4,0.9782491880889792,0.12056261987155956,933333.3333333334,112525.11188012226,2,
18,3,James Maslow,Peta Murgatroyd,Actor/Actress,Entertainment,New York,United States,23,≤25,36.0,9.0,4,0.9782491880889792,0.12056261987155956,933333.3333333334,112525.11188012226,4,10.0
18,3,Danica McKellar,Valentin Chmerkovskiy,Actor/Actress,Entertainment,California,United States,39,36-45,36.0,9.0,4,0.9745117897120011,0.12033753497512549,933333.3333333334,112315.03264345047,6,8.0
18,3,Cody Simpson,Witney Carson,Singer/Rapper,Entertainment,Unknown,Australia,17,≤25,35.0,8.75,4,0.9668166707238248,0.11498965084706443,933333.3333333334,107323.6741239268,9,5.0
18,3,Candace Cameron Bure,Mark Ballas,Actor/Actress,Entertainment,California,United States,37,36-45,32.0,8.0,4,0.8833361815764743,0.09763238573506297,933333.3333333334,91123.56001939211,3,
18,3,NeNe Leakes,Tony Dovolani,TV Personality,Media,New York,United States,46,46-55,31.0,7.75,4,0.8121469106162008,0.09116789653261,933333.3333333334,85090.03676376933,7,7.0
18,3,Drew Carey,Cheryl Burke,Comedian,Entertainment,Ohio,United States,55,46-55,30.0,7.5,4,0.6216200103642453,0.08064684872418477,933333.3333333334,75270.39214257245,8,6.0
18,4,Meryl Davis,Maksim Chmerkoskiy,Athlete,Sports,Michigan,United States,27,26-35,39.0,9.75,4,0.9708334476664882,0.13570069037345758,1000000.0,135700.6903734576,1,
18,4,James Maslow,Peta Murgatroyd,Actor/Actress,Entertainment,New York,United States,23,≤25,35.0,8.75,4,0.983000880685407,0.12230464425163495,1000000.0,122304.64425163495,4,10.0
18,4,Amy Purdy,Derek Hough,Athlete,Sports,Nevada,United States,34,26-35,34.0,8.5,4,0.9832105056778278,0.11762795826690625,1000000.0,117627.95826690625,2,
18,4,Charlie White,Sharna Burgess,Athlete,Sports,Michigan,United States,26,26-35,33.0,8.25,4,0.9842581491557688,0.11292969603190564,1000000.0,112929.69603190564,5,9.0
18,4,Drew Carey,Cheryl Burke,Comedian,Entertainment,Ohio,United States,55,46-55,33.0,8.25,4,0.9783518102559808,0.11259668746098728,1000000.0,112596.68746098728,8,6.0
18,4,Danica McKellar,Valentin Chmerkovskiy,Actor/Actress,Entertainment,California,United States,39,36-45,32.0,8.0,4,0.9379535752883764,0.10588229746821214,1000000.0,105882.29746821214,6,8.0
18,4,NeNe Leakes,Tony Dovolani,TV Personality,Media,New York,United States,46,46-55,32.0,8.0,4,0.9259139216252776,0.10524681902706685,1000000.0,105246.81902706686,7,7.0
18,4,Cody Simpson,Witney Carson,Singer/Rapper,Entertainment,Unknown,Australia,17,≤25,31.0,7.75,4,0.9146817156777782,0.10064495885698936,1000000.0,100644.95885698937,9,5.0
18,4,Candace Cameron Bure,Mark Ballas,Actor/Actress,Entertainment,California,United States,37,36-45,28.0,7.0,4,0.8051967184433018,0.0870662482628399,1000000.0,87066.2482628399,3,
18,5,James Maslow,Peta Murgatroyd,Actor/Actress,Entertainment,New York,United States,23,≤25,40.0,10.0,4,0.9753724998926218,0.130100416673437,1066666.6666666667,138773.77778499946,4,10.0
18,5,Danica McKellar,Valentin Chmerkovskiy,Actor/Actress,Entertainment,California,United States,39,36-45,39.0,9.75,4,0.9731819690246604,0.1264448352991728,1066666.6666666667,134874.49098578433,6,8.0
18,5,Amy Purdy,Derek Hough,Athlete,Sports,Nevada,United States,34,26-35,37.0,9.25,4,0.9728834395658769,0.11846682172049079,1066666.6666666667,126364.60983519019,2,
18,5,Charlie White,Sharna Burgess,Athlete,Sports,Michigan,United States,26,26-35,37.0,9.25,4,0.9727972200226108,0.1184617147529412,1066666.6666666667,126359.16240313729,5,9.0
18,5,Meryl Davis,Maksim Chmerkoskiy,Athlete,Sports,Michigan,United States,27,26-35,36.0,9.0,4,0.9605256967826906,0.11360620290861627,1066666.6666666667,121179.9497691907,1,
18,5,NeNe Leakes,Tony Dovolani,TV Personality,Media,New York,United States,46,46-55,36.0,9.0,4,0.9486991536135531,0.11293640088948341,1066666.6666666667,120465.49428211564,7,7.0
18,5,Candace Cameron Bure,Mark Ballas,Actor/Actress,Entertainment,California,United States,37,36-45,35.0,8.75,4,0.9050653273256221,0.106586899201144,1066666.6666666667,113692.69248122028,3,
18,5,Cody Simpson,Witney Carson,Singer/Rapper,Entertainment,Unknown,Australia,17,≤25,34.0,8.5,4,0.5774318416511585,0.0873775845101844,1066666.6666666667,93202.75681086337,9,5.0
18,5,Drew Carey,Cheryl Burke,Comedian,Entertainment,Ohio,United States,55,46-55,28.0,7.0,4,0.8249487612551669,0.08601912404453022,1066666.6666666667,91753.73231416557,8,6.0
18,6,Meryl Davis,Maksim Chmerkoskiy,Athlete,Sports,Michigan,United States,27,26-35,40.0,10.0,4,0.9654760064708586,0.15250283412082247,1133333.3333333333,172836.54533693212,1,
18,6,Amy Purdy,Derek Hough,Athlete,Sports,Nevada,United States,34,26-35,38.0,9.5,4,0.9696075881584334,0.14414516445285783,1133333.3333333333,163364.51971323887,2,
18,6,Danica McKellar,Valentin Chmerkovskiy,Actor/Actress,Entertainment,California,United States,39,36-45,36.0,9.0,4,0.9708956672588733,0.13328350799318345,1133333.3333333333,151054.64239227457,6,8.0
18,6,Charlie White,Sharna Burgess,Athlete,Sports,Michigan,United States,26,26-35,36.0,9.0,4,0.9705979515089141,0.13326366917003293,1133333.3333333333,151032.15839270398,5,9.0
18,6,James Maslow,Peta Murgatroyd,Actor/Actress,Entertainment,New York,United States,23,≤25,35.0,8.75,4,0.9649213819716597,0.1272393220417393,1133333.3333333333,144204.56498063786,4,10.0
18,6,NeNe Leakes,Tony Dovolani,TV Personality,Media,New York,United States,46,46-55,33.0,8.25,4,0.8855917453344312,0.11260855532921639,1133333.3333333333,127623.0293731119,7,7.0
18,6,Candace Cameron Bure,Mark Ballas,Actor/Actress,Entertainment,California,United States,37,36-45,32.0,8.0,4,0.8135368060965189,0.1048980962599549,1133333.3333333333,118884.50909461554,3,
18,6,Drew Carey,Cheryl Burke,Comedian,Entertainment,Ohio,United States,55,46-55,32.0,8.0,4,0.5524141785548125,0.09205885063219295,1133333.3333333333,104333.36404981867,8,6.0
18,7,Meryl Davis,Maksim Chmerkoskiy,Athlete,Sports,Michigan,United States,27,26-35,39.0,9.75,4,0.9560690209810102,0.17661974089424753,1200000.0,211943.68907309705,1,
18,7,Amy Purdy,Derek Hough,Athlete,Sports,Nevada,United States,34,26-35,37.5,9.375,4,0.9659103759123754,0.1650183688664006,1200000.0,198022.0426396807,2,
18,7,Candace Cameron Bure,Mark Ballas,Actor/Actress,Entertainment,California,United States,37,36-45,37.0,9.25,4,0.954996983301814,0.15929813473174326,1200000.0,191157.76167809192,3,
18,7,Danica McKellar,Valentin Chmerkovskiy,Actor/Actress,Entertainment,California,United States,39,36-45,36.0,9.0,4,0.9289880991788507,0.14751295816075521,1200000.0,177015.54979290627,6,8.0
18,7,James Maslow,Peta Murgatroyd,Actor/Actress,Entertainment,New York,United States,23,≤25,35.0,8.75,4,0.7929778598801004,0.12944287181117792,1200000.0,155331.4461734135,4,10.0
18,7,Charlie White,Sharna Burgess,Athlete,Sports,Michigan,United States,26,26-35,35.5,8.875,4,0.727906991219776,0.12920159869265604,1200000.0,155041.91843118725,5,9.0
18,7,NeNe Leakes,Tony Dovolani,TV Personality,Media,New York,United States,46,46-55,33.0,8.25,4,0.32176124696481373,0.09290632684301936,1200000.0,111487.59221162323,7,7.0
18,8,Charlie White,Sharna Burgess,Athlete,Sports,Michigan,United States,26,26-35,40.0,10.0,4,0.9470825984136704,0.20029285023801913,1266666.6666666665,253704.27696815753,5,9.0
18,8,Amy Purdy,Derek Hough,Athlete,Sports,Nevada,United States,34,26-35,40.0,10.0,4,0.9456007278781594,0.20014450116671473,1266666.6666666665,253516.36814450528,2,
18,8,Danica McKellar,Valentin Chmerkovskiy,Actor/Actress,Entertainment,California,United States,39,36-45,38.0,9.5,4,0.920914752654861,0.1767556557190008,1266666.6666666665,223890.49724406764,6,8.0
18,8,Meryl Davis,Maksim Chmerkoskiy,Athlete,Sports,Michigan,United States,27,26-35,36.0,9.0,4,0.7389648551869098,0.1429685830719912,1266666.6666666665,181093.5385578555,1,
18,8,Candace Cameron Bure,Mark Ballas,Actor/Actress,Entertainment,California,United States,37,36-45,36.0,9.0,4,0.7077736338253154,0.14075619730611225,1266666.6666666665,178291.18325440882,3,
18,8,James Maslow,Peta Murgatroyd,Actor/Actress,Entertainment,New York,United States,23,≤25,36.0,9.0,4,0.6838454707569596,0.13908221249816183,1266666.6666666665,176170.80249767163,4,10.0
18,9,Meryl Davis,Maksim Chmerkoskiy,Athlete,Sports,Michigan,United States,27,26-35,40.0,10.0,4,0.9073402900375012,0.2324270269735581,1333333.3333333335,309902.70263141085,1,
18,9,Amy Purdy,Derek Hough,Athlete,Sports,Nevada,United States,34,26-35,39.0,9.75,4,0.9246975321203427,0.2186828668881986,1333333.3333333335,291577.1558509315,2,
18,9,Charlie White,Sharna Burgess,Athlete,Sports,Michigan,United States,26,26-35,38.0,9.5,4,0.8323107552671516,0.19224448873837155,1333333.3333333335,256325.98498449542,5,9.0
18,9,James Maslow,Peta Murgatroyd,Actor/Actress,Entertainment,New York,United States,23,≤25,38.0,9.5,4,0.7816209143733357,0.18743329467282668,1333333.3333333335,249911.05956376894,4,10.0
18,9,Candace Cameron Bure,Mark Ballas,Actor/Actress,Entertainment,California,United States,37,36-45,36.0,9.0,4,0.8584858305683855,0.16921232272704506,1333333.3333333335,225616.43030272677,3,
18,10,Meryl Davis,Maksim Chmerkoskiy,Athlete,Sports,Michigan,United States,27,26-35,30.0,10.0,3,0.9532475001743171,0.2815252641808731,1400000.0,394135.36985322234,1,
18,10,Amy Purdy,Derek Hough,Athlete,Sports,Nevada,United States,34,26-35,29.666600000000003,9.888866666666669,3,0.9312332726211592,0.27275669575658,1400000.0,381859.37405921204,2,
18,10,James Maslow,Peta Murgatroyd,Actor/Actress,Entertainment,New York,United States,23,≤25,29.0,9.666666666666666,3,0.8837836610706851,0.25488612373472813,1400000.0,356840.5732286194,4,10.0
18,10,Candace Cameron Bure,Mark Ballas,Actor/Actress,Entertainment,California,United States,37,36-45,25.9998,8.6666,3,0.6620842550650801,0.1908319163278187,1400000.0,267164.6828589462,3,
19,1,Alfonso Ribeiro,Witney Carson,Actor/Actress,Entertainment,New York,United States,42,36-45,36.0,9.0,4,0.9862295810139422,0.09160890644652549,800000.0,73287.12515722039,1,
19,1,Sadie Robertson,Mark Ballas,TV Personality,Media,Louisiana,United States,17,≤25,34.0,8.5,4,0.9904447850972006,0.08867392362219374,800000.0,70939.138897755,2,
19,1,Lea Thompson,Artem Chigvintsev,Actor/Actress,Entertainment,Minnesota,United States,53,46-55,32.0,8.0,4,0.9865226515521341,0.08475541863347358,800000.0,67804.33490677887,6,9.0
19,1,Bethany Mota,Derek Hough,Social Media Personality,Media,California,United States,18,≤25,32.0,8.0,4,0.9864873620426461,0.08475392315809226,800000.0,67803.1385264738,4,11.0
19,1,Randy Couture,Karina Smirnoff,Athlete,Sports,Washington,United States,51,46-55,31.0,7.75,4,0.9859075839924677,0.08268910196816032,800000.0,66151.28157452826,11,3.0
19,1,Jonathan Bennett,Allison Holker,Actor/Actress,Entertainment,Ohio,United States,33,26-35,30.0,7.5,4,0.9868140121115655,0.08062659083640633,800000.0,64501.272669125065,9,6.0
19,1,Janel Parrish,Valentin Chmerkovskiy,Actor/Actress,Entertainment,Hawaii,United States,25,≤25,29.0,7.25,4,0.9796973726641186,0.07823644490389454,800000.0,62589.155923115635,3,
19,1,Tavis Smiley,Sharna Burgess,Radio Personality,Media,Mississippi,United States,50,46-55,29.0,7.25,4,0.9774413467382539,0.07814824293570338,800000.0,62518.59434856271,12,2.0
19,1,Tommy Chong,Peta Murgatroyd,Comedian,Entertainment,Unknown,Canada,76,>55,27.0,6.75,4,0.9726826263317295,0.07392594743387763,800000.0,59140.75794710211,5,10.0
19,1,Antonio Sabato Jr.,Cheryl Burke,Actor/Actress,Entertainment,Unknown,Italy,42,36-45,25.0,6.25,4,0.9485881927649614,0.06951672869476969,800000.0,55613.38295581575,8,7.0
19,1,Michael Waltrip,Emma Slater,Racing Driver,Sports,Kentucky,United States,51,46-55,25.0,6.25,4,0.9468630736197715,0.06945679222808118,800000.0,55565.43378246495,7,8.0
19,1,Betsey Johnson,Tony Dovolani,Fashion Designer,Other,Connecticut,United States,72,>55,20.0,5.0,4,0.8944332873056536,0.061862324335755677,800000.0,49489.85946860454,10,4.0
19,1,Lolo Jones,Keo Motsepe,Athlete,Sports,Iowa,United States,32,26-35,22.0,5.5,4,0.6274963487923129,0.05574565480306614,800000.0,44596.52384245291,13,1.0
19,2,Lea Thompson,Artem Chigvintsev,Actor/Actress,Entertainment,Minnesota,United States,53,46-55,35.0,8.75,4,0.9760369361547837,0.09989497872057392,860000.0000000001,85909.68169969358,6,9.0
19,2,Janel Parrish,Valentin Chmerkovskiy,Actor/Actress,Entertainment,Hawaii,United States,25,≤25,34.0,8.5,4,0.9828500681822531,0.09770301685931122,860000.0000000001,84024.59449900767,3,
19,2,Bethany Mota,Derek Hough,Social Media Personality,Media,California,United States,18,≤25,33.0,8.25,4,0.9772842103264704,0.0945101903969231,860000.0000000001,81278.76374135388,4,11.0
19,2,Alfonso Ribeiro,Witney Carson,Actor/Actress,Entertainment,New York,United States,42,36-45,32.0,8.0,4,0.982808877450103,0.09152757041870481,860000.0000000001,78713.71056008614,1,
19,2,Sadie Robertson,Mark Ballas,TV Personality,Media,Louisiana,United States,17,≤25,31.0,7.75,4,0.9826072853672017,0.08809502402141724,860000.0000000001,75761.72065841884,2,
19,2,Jonathan Bennett,Allison Holker,Actor/Actress,Entertainment,Ohio,United States,33,26-35,30.0,7.5,4,0.9774587962367978,0.08444364164201107,860000.0000000001,72621.53181212953,9,6.0
19,2,Antonio Sabato Jr.,Cheryl Burke,Actor/Actress,Entertainment,Unknown,Italy,42,36-45,31.0,7.75,4,0.842224839450083,0.08212355055216189,860000.0000000001,70626.25347485923,8,7.0
19,2,Betsey Johnson,Tony Dovolani,Fashion Designer,Other,Connecticut,United States,72,>55,28.0,7.0,4,0.9264194466235626,0.07624530188901495,860000.0000000001,65570.95962455287,10,4.0
19,2,Randy Couture,Karina Smirnoff,Athlete,Sports,Washington,United States,51,46-55,28.0,7.0,4,0.911803766280751,0.07569014438081757,860000.0000000001,65093.52416750312,11,3.0
19,2,Tavis Smiley,Sharna Burgess,Radio Personality,Media,Mississippi,United States,50,46-55,28.0,7.0,4,0.8865548462737081,0.07474060351199492,860000.0000000001,64276.91902031564,12,2.0
19,2,Tommy Chong,Peta Murgatroyd,Comedian,Entertainment,Unknown,Canada,76,>55,28.0,7.0,4,0.885619919463043,0.07470567317992267,860000.0000000001,64246.87893473351,5,10.0
19,2,Michael Waltrip,Emma Slater,Racing Driver,Sports,Kentucky,United States,51,46-55,24.0,6.0,4,0.6690406299514117,0.06032030442714663,860000.0000000001,51875.46180734611,7,8.0
19,3,Janel Parrish,Valentin Chmerkovskiy,Actor/Actress,Entertainment,Hawaii,United States,25,≤25,40.0,10.0,4,0.9833081319805178,0.11148261504959893,920000.0,102564.00584563102,3,
19,3,Bethany Mota,Derek Hough,Social Media Personality,Media,California,United States,18,≤25,40.0,10.0,4,0.9806278069827398,0.11133331029829205,920000.0,102426.64547442869,4,11.0
19,3,Tommy Chong,Peta Murgatroyd,Comedian,Entertainment,Unknown,Canada,76,>55,34.0,8.5,4,0.9846161065060515,0.09853175281561669,920000.0,90649.21259036734,5,10.0
19,3,Sadie Robertson,Mark Ballas,TV Personality,Media,Louisiana,United States,17,≤25,32.0,8.0,4,0.9803479720320345,0.09308605005668871,920000.0,85639.16605215361,2,
19,3,Alfonso Ribeiro,Witney Carson,Actor/Actress,Entertainment,New York,United States,42,36-45,32.0,8.0,4,0.9762392023108776,0.0928950117849775,920000.0,85463.4108421793,1,
19,3,Jonathan Bennett,Allison Holker,Actor/Actress,Entertainment,Ohio,United States,33,26-35,32.0,8.0,4,0.9742083808302874,0.09280073306620358,920000.0,85376.6744209073,9,6.0
19,3,Lea Thompson,Artem Chigvintsev,Actor/Actress,Entertainment,Minnesota,United States,53,46-55,31.0,7.75,4,0.9148043785405191,0.08763231189282919,920000.0,80621.72694140286,6,9.0
19,3,Antonio Sabato Jr.,Cheryl Burke,Actor/Actress,Entertainment,Unknown,Italy,42,36-45,29.0,7.25,4,0.93322188657592,0.08392521125394106,920000.0,77211.19435362577,8,7.0
19,3,Betsey Johnson,Tony Dovolani,Fashion Designer,Other,Connecticut,United States,72,>55,29.0,7.25,4,0.9301457694813413,0.0837962285823162,920000.0,77092.5302957309,10,4.0
19,3,Michael Waltrip,Emma Slater,Racing Driver,Sports,Kentucky,United States,51,46-55,28.0,7.0,4,0.8300492513337879,0.07783447148271465,920000.0,71607.71376409748,7,8.0
19,3,Randy Couture,Karina Smirnoff,Athlete,Sports,Washington,United States,51,46-55,26.0,6.5,4,0.6026174798991047,0.06668230371682159,920000.0,61347.71941947586,11,3.0
19,4,Alfonso Ribeiro,Witney Carson,Actor/Actress,Entertainment,New York,United States,42,36-45,40.0,10.0,4,0.9816742862335567,0.12002226508078627,980000.0,117621.81977917055,1,
19,4,Lea Thompson,Artem Chigvintsev,Actor/Actress,Entertainment,Minnesota,United States,53,46-55,39.0,9.75,4,0.9802529767924583,0.11820215769170196,980000.0,115838.11453786792,6,9.0
19,4,Sadie Robertson,Mark Ballas,TV Personality,Media,Louisiana,United States,17,≤25,37.0,9.25,4,0.9838429452206863,0.11453056335060213,980000.0,112239.95208359009,2,
19,4,Janel Parrish,Valentin Chmerkovskiy,Actor/Actress,Entertainment,Hawaii,United States,25,≤25,36.0,9.0,4,0.984429671226909,0.11245095264442158,980000.0,110201.93359153315,3,
19,4,Bethany Mota,Derek Hough,Social Media Personality,Media,California,United States,18,≤25,33.0,8.25,4,0.9824285001483755,0.10563612388090267,980000.0,103523.40140328462,4,11.0
19,4,Tommy Chong,Peta Murgatroyd,Comedian,Entertainment,Unknown,Canada,76,>55,28.0,7.0,4,0.9474100351317558,0.09349651882002856,980000.0,91626.58844362799,5,10.0
19,4,Antonio Sabato Jr.,Cheryl Burke,Actor/Actress,Entertainment,Unknown,Italy,42,36-45,29.0,7.25,4,0.9054889542115752,0.0933800657490732,980000.0,91512.46443409174,8,7.0
19,4,Michael Waltrip,Emma Slater,Racing Driver,Sports,Kentucky,United States,51,46-55,25.0,6.25,4,0.8090853162345657,0.08283032909674459,980000.0,81173.7225148097,7,8.0
19,4,Jonathan Bennett,Allison Holker,Actor/Actress,Entertainment,Ohio,United States,33,26-35,24.0,6.0,4,0.8340852776904903,0.082659025080914,980000.0,81005.84457929572,9,6.0
19,4,Betsey Johnson,Tony Dovolani,Fashion Designer,Other,Connecticut,United States,72,>55,29.0,7.25,4,0.5143340667078867,0.07679199860482512,980000.0,75256.15863272862,10,4.0
19,5,Sadie Robertson,Mark Ballas,TV Personality,Media,Louisiana,United States,17,≤25,36.0,9.0,4,0.9771525162452253,0.1279959640272136,1040000.0,133115.80258830215,2,
19,5,Alfonso Ribeiro,Witney Carson,Actor/Actress,Entertainment,New York,United States,42,36-45,34.0,8.5,4,0.9816218035108188,0.12395243465754772,1040000.0,128910.53204384963,1,
19,5,Lea Thompson,Artem Chigvintsev,Actor/Actress,Entertainment,Minnesota,United States,53,46-55,34.0,8.5,4,0.980982902797258,0.12391284433198106,1040000.0,128869.35810526031,6,9.0
19,5,Janel Parrish,Valentin Chmerkovskiy,Actor/Actress,Entertainment,Hawaii,United States,25,≤25,33.0,8.25,4,0.9821131444071628,0.1216409863514229,1040000.0,126506.62580547981,3,
19,5,Bethany Mota,Derek Hough,Social Media Personality,Media,California,United States,18,≤25,32.0,8.0,4,0.9730089440523962,0.11867749255530949,1040000.0,123424.59225752187,4,11.0
19,5,Antonio Sabato Jr.,Cheryl Burke,Actor/Actress,Entertainment,Unknown,Italy,42,36-45,28.0,7.0,4,0.9441438027197706,0.10738310836570088,1040000.0,111678.4327003289,8,7.0
19,5,Jonathan Bennett,Allison Holker,Actor/Actress,Entertainment,Ohio,United States,33,26-35,24.0,6.0,4,0.8832446058578792,0.09622674866444515,1040000.0,100075.81861102296,9,6.0
19,5,Tommy Chong,Peta Murgatroyd,Comedian,Entertainment,Unknown,Canada,76,>55,23.0,5.75,4,0.8905159493829862,0.09495376871009319,1040000.0,98751.91945849691,5,10.0
19,5,Michael Waltrip,Emma Slater,Racing Driver,Sports,Kentucky,United States,51,46-55,20.0,5.0,4,0.7597218665900091,0.08525665233628603,1040000.0,88666.91842973747,7,8.0
19,6,Alfonso Ribeiro,Witney Carson,Actor/Actress,Entertainment,New York,United States,42,36-45,39.0,9.75,4,0.9732165028533961,0.13640873250479862,1100000.0,150049.6057552785,1,
19,6,Bethany Mota,Derek Hough,Social Media Personality,Media,California,United States,18,≤25,36.0,9.0,4,0.9698410267097071,0.12736430965749454,1100000.0,140100.740623244,4,11.0
19,6,Sadie Robertson,Mark Ballas,TV Personality,Media,Louisiana,United States,17,≤25,35.0,8.75,4,0.9697720885819252,0.12371357753668696,1100000.0,136084.93529035567,2,
19,6,Janel Parrish,Valentin Chmerkovskiy,Actor/Actress,Entertainment,Hawaii,United States,25,≤25,33.0,8.25,4,0.9672977784019146,0.1157775514999828,1100000.0,127355.30664998108,3,
19,6,Lea Thompson,Artem Chigvintsev,Actor/Actress,Entertainment,Minnesota,United States,53,46-55,32.0,8.0,4,0.9254039990862194,0.10959505186165108,1100000.0,120554.5570478162,6,9.0
19,6,Jonathan Bennett,Allison Holker,Actor/Actress,Entertainment,Ohio,United States,33,26-35,32.0,8.0,4,0.8793168573801157,0.10709846611838857,1100000.0,117808.31273022742,9,6.0
19,6,Michael Waltrip,Emma Slater,Racing Driver,Sports,Kentucky,United States,51,46-55,30.0,7.5,4,0.8764215310861684,0.10024598671232074,1100000.0,110270.58538355281,7,8.0
19,6,Antonio Sabato Jr.,Cheryl Burke,Actor/Actress,Entertainment,Unknown,Italy,42,36-45,28.0,7.0,4,0.7908972939483169,0.09098772853483422,1100000.0,100086.50138831764,8,7.0
19,6,Tommy Chong,Peta Murgatroyd,Comedian,Entertainment,Unknown,Canada,76,>55,28.0,7.0,4,0.7424148862648842,0.08880859557384238,1100000.0,97689.45513122661,5,10.0
19,7,Bethany Mota,Derek Hough,Social Media Personality,Media,California,United States,18,≤25,37.5,9.375,4,0.9572658349489191,0.1549167884199421,1160000.0000000002,179703.4745671329,4,11.0
19,7,Lea Thompson,Artem Chigvintsev,Actor/Actress,Entertainment,Minnesota,United States,53,46-55,35.0,8.75,4,0.9403829685114977,0.14348590002777775,1160000.0000000002,166443.64403222222,6,9.0
19,7,Alfonso Ribeiro,Witney Carson,Actor/Actress,Entertainment,New York,United States,42,36-45,34.0,8.5,4,0.9629889035713186,0.14016346455679526,1160000.0000000002,162589.61888588255,1,
19,7,Janel Parrish,Valentin Chmerkovskiy,Actor/Actress,Entertainment,Hawaii,United States,25,≤25,33.5,8.375,4,0.9659103759123754,0.13779038622689183,1160000.0000000002,159836.84802319456,3,
19,7,Sadie Robertson,Mark Ballas,TV Personality,Media,Louisiana,United States,17,≤25,31.0,7.75,4,0.8039421045697619,0.11541264614477811,1160000.0000000002,133878.66952794263,2,
19,7,Tommy Chong,Peta Murgatroyd,Comedian,Entertainment,Unknown,Canada,76,>55,30.0,7.5,4,0.7510225847315306,0.108427519790642,1160000.0000000002,125775.92295714474,5,10.0
19,7,Michael Waltrip,Emma Slater,Racing Driver,Sports,Kentucky,United States,51,46-55,28.0,7.0,4,0.72399224519855,0.10072071898788583,1160000.0000000002,116836.03402594759,7,8.0
19,7,Antonio Sabato Jr.,Cheryl Burke,Actor/Actress,Entertainment,Unknown,Italy,42,36-45,29.5,7.375,4,0.6041230823032345,0.09908257584528717,1160000.0000000002,114935.78798053313,8,7.0
19,8,Janel Parrish,Valentin Chmerkovskiy,Actor/Actress,Entertainment,Hawaii,United States,25,≤25,43.0,10.75,4,0.9618829726501823,0.17121318899542778,1220000.0000000002,208880.09057442195,3,
19,8,Alfonso Ribeiro,Witney Carson,Actor/Actress,Entertainment,New York,United States,42,36-45,41.0,10.25,4,0.951469047278949,0.16540088326654637,1220000.0000000002,201789.0775851866,1,
19,8,Bethany Mota,Derek Hough,Social Media Personality,Media,California,United States,18,≤25,40.0,10.0,4,0.9494608941221638,0.16260640106196214,1220000.0000000002,198379.80929559385,4,11.0
19,8,Sadie Robertson,Mark Ballas,TV Personality,Media,Louisiana,United States,17,≤25,38.0,9.5,4,0.9306095491759281,0.15565306152490274,1220000.0000000002,189896.73506038138,2,
19,8,Lea Thompson,Artem Chigvintsev,Actor/Actress,Entertainment,Minnesota,United States,53,46-55,32.0,8.0,4,0.7527242371251214,0.12777897272776387,1220000.0000000002,155890.34672787195,6,9.0
19,8,Tommy Chong,Peta Murgatroyd,Comedian,Entertainment,Unknown,Canada,76,>55,29.0,7.25,4,0.7055116058001437,0.1189073061058448,1220000.0000000002,145066.9134491307,5,10.0
19,8,Michael Waltrip,Emma Slater,Racing Driver,Sports,Kentucky,United States,51,46-55,25.0,6.25,4,0.4300545035153332,0.09844018631755247,1220000.0000000002,120097.02730741404,7,8.0
19,9,Janel Parrish,Valentin Chmerkovskiy,Actor/Actress,Entertainment,Hawaii,United States,25,≤25,38.5,9.625,4,0.9506053954391221,0.1920401372577349,1280000.0,245811.37568990065,3,
19,9,Alfonso Ribeiro,Witney Carson,Actor/Actress,Entertainment,New York,United States,42,36-45,38.5,9.625,4,0.9449602159667198,0.19149885101124386,1280000.0,245118.52929439215,1,
19,9,Bethany Mota,Derek Hough,Social Media Personality,Media,California,United States,18,≤25,37.0,9.25,4,0.9354720773541548,0.18198633210556703,1280000.0,232942.5050951258,4,11.0
19,9,Sadie Robertson,Mark Ballas,TV Personality,Media,Louisiana,United States,17,≤25,36.5,9.125,4,0.9188732409495997,0.1775613961644919,1280000.0,227278.58709054964,2,
19,9,Lea Thompson,Artem Chigvintsev,Actor/Actress,Entertainment,Minnesota,United States,53,46-55,35.0,8.75,4,0.47804833719088013,0.13551514618832472,1280000.0,173459.38712105565,6,9.0
19,9,Tommy Chong,Peta Murgatroyd,Comedian,Entertainment,Unknown,Canada,76,>55,28.5,7.125,4,0.5848234979077851,0.12139813727263761,1280000.0,155389.61570897614,5,10.0
19,10,Janel Parrish,Valentin Chmerkovskiy,Actor/Actress,Entertainment,Hawaii,United States,25,≤25,39.0,9.75,4,0.9375801757269105,0.22906079633035648,1339999.9999999998,306941.46708267764,3,
19,10,Bethany Mota,Derek Hough,Social Media Personality,Media,California,United States,18,≤25,38.0,9.5,4,0.924695164081158,0.21959250588590432,1339999.9999999998,294253.95788711176,4,11.0
19,10,Alfonso Ribeiro,Witney Carson,Actor/Actress,Entertainment,New York,United States,42,36-45,37.5,9.375,4,0.8657782428391282,0.20920445448770042,1339999.9999999998,280333.96901351854,1,
19,10,Sadie Robertson,Mark Ballas,TV Personality,Media,Louisiana,United States,17,≤25,37.0,9.25,4,0.8882306072204751,0.20748499873648943,1339999.9999999998,278029.8983068958,2,
19,10,Tommy Chong,Peta Murgatroyd,Comedian,Entertainment,Unknown,Canada,76,>55,31.0,7.75,4,0.41361621140220173,0.13465724455954922,1339999.9999999998,180440.7077097959,5,10.0
19,11,Sadie Robertson,Mark Ballas,TV Personality,Media,Louisiana,United States,17,≤25,39.333200000000005,9.8333,4,0.9147728214821698,0.2724255460105486,1400000.0,381395.764414768,2,
19,11,Janel Parrish,Valentin Chmerkovskiy,Actor/Actress,Entertainment,Hawaii,United States,25,≤25,38.99980000000001,9.749950000000002,4,0.9239530068463311,0.2604039492588625,1400000.0,364565.5289624075,3,
19,11,Alfonso Ribeiro,Witney Carson,Actor/Actress,Entertainment,New York,United States,42,36-45,40.0,10.0,4,0.5693139500364991,0.25027540775330653,1400000.0,350385.57085462916,1,
19,11,Bethany Mota,Derek Hough,Social Media Personality,Media,California,United States,18,≤25,38.0,9.5,4,0.8191180811597136,0.21689509697728238,1400000.0,303653.1357681953,4,11.0
20,1,Rumer Willis,Valentin Chmerkovskiy,Actor/Actress,Entertainment,Kentucky,United States,26,26-35,32.0,8.0,4,0.9878817420925297,0.10038847733326543,800000.0,80310.78186661235,1,
20,1,Riker Lynch,Allison Holker,Actor/Actress,Entertainment,Colorado,United States,23,≤25,31.0,7.75,4,0.9878817420925297,0.09816501789851308,800000.0,78532.01431881046,2,
20,1,Nastia Liukin,Derek Hough,Athlete,Sports,Unknown,Russia,25,≤25,30.0,7.5,4,0.9878817420925297,0.09554716624916873,800000.0,76437.73299933498,4,9.0
20,1,Robert Herjavec,Kym Johnson,Entrepreneur,Other,Unknown,Croatia,52,46-55,28.0,7.0,4,0.9893033941713919,0.08942556713115223,800000.0,71540.45370492178,6,8.0
20,1,Noah Galloway,Sharna Burgess,Motivational Speaker,Other,Alabama,United States,33,26-35,26.0,6.5,4,0.9817495693814146,0.08249301247590299,800000.0,65994.4099807224,3,
20,1,Chris Soules,Witney Carson,TV Personality,Media,Iowa,United States,33,26-35,26.0,6.5,4,0.9789673688175068,0.0823783362045783,800000.0,65902.66896366264,5,8.0
20,1,Michael Sam,Peta Murgatroyd,Athlete,Sports,Texas,United States,25,≤25,26.0,6.5,4,0.9762797859599663,0.08226771124755175,800000.0,65814.1689980414,10,4.0
20,1,Willow Shields,Mark Ballas,Actor/Actress,Entertainment,New Mexico,United States,14,≤25,25.0,6.25,4,0.9699891109959824,0.07895188107922611,800000.0,63161.50486338089,7,7.0
20,1,Patti LaBelle,Artem Chigvintsev,Singer/Rapper,Entertainment,Pennsylvania,United States,70,>55,25.0,6.25,4,0.9643332654786,0.07872892665540858,800000.0,62983.14132432686,8,6.0
20,1,Suzanne Somers,Tony Dovolani,Actor/Actress,Entertainment,California,United States,68,>55,25.0,6.25,4,0.956302838276667,0.0784134469812967,800000.0,62730.757585037354,9,5.0
20,1,Charlotte McKinney,Keo Motsepe,Model,Model,Florida,United States,21,≤25,22.0,5.5,4,0.821849068539637,0.06674066436364003,800000.0,53392.53149091202,11,3.0
20,1,Redfoo,Emma Slater,Singer/Rapper,Entertainment,California,United States,39,36-45,22.0,5.5,4,0.8146178640952313,0.06649979238029613,800000.0,53199.833904236904,12,2.0
20,2,Nastia Liukin,Derek Hough,Athlete,Sports,Unknown,Russia,25,≤25,34.0,8.5,4,0.9828500681822531,0.098774251178334,866666.6666666667,85604.3510212228,4,9.0
20,2,Rumer Willis,Valentin Chmerkovskiy,Actor/Actress,Entertainment,Kentucky,United States,26,26-35,32.0,8.0,4,0.9870578654260849,0.094012913566103,866666.6666666667,81477.85842395594,1,
20,2,Willow Shields,Mark Ballas,Actor/Actress,Entertainment,New Mexico,United States,14,≤25,32.0,8.0,4,0.9815371982371045,0.0937537643960982,866666.6666666667,81253.26247661845,7,7.0
20,2,Riker Lynch,Allison Holker,Actor/Actress,Entertainment,Colorado,United States,23,≤25,32.0,8.0,4,0.9778126200637695,0.09357933025763876,866666.6666666667,81102.08622328693,2,
20,2,Redfoo,Emma Slater,Singer/Rapper,Entertainment,California,United States,39,36-45,31.0,7.75,4,0.9756397482854469,0.09062047810104051,866666.6666666667,78537.74768756845,12,2.0
20,2,Robert Herjavec,Kym Johnson,Entrepreneur,Other,Unknown,Croatia,52,46-55,28.0,7.0,4,0.9543469338770612,0.0808015573269508,866666.6666666667,70028.01635002403,6,8.0
20,2,Michael Sam,Peta Murgatroyd,Athlete,Sports,Texas,United States,25,≤25,28.0,7.0,4,0.8975009099824051,0.07853726513500346,866666.6666666667,68065.62978366968,10,4.0
20,2,Patti LaBelle,Artem Chigvintsev,Singer/Rapper,Entertainment,Pennsylvania,United States,70,>55,28.0,7.0,4,0.8962529260252952,0.07848827379823178,866666.6666666667,68023.17062513423,8,6.0
20,2,Suzanne Somers,Tony Dovolani,Actor/Actress,Entertainment,California,United States,68,>55,28.0,7.0,4,0.8888196076938296,0.07819710106609637,866666.6666666667,67770.82092395019,9,5.0
20,2,Noah Galloway,Sharna Burgess,Motivational Speaker,Other,Alabama,United States,33,26-35,27.0,6.75,4,0.8853184141409708,0.0754516662932568,866666.6666666667,65391.44412082256,3,
20,2,Charlotte McKinney,Keo Motsepe,Model,Model,Florida,United States,21,≤25,26.0,6.5,4,0.8332521304445716,0.07123010858442995,866666.6666666667,61732.76077317263,11,3.0
20,2,Chris Soules,Witney Carson,TV Personality,Media,Iowa,United States,33,26-35,21.0,5.25,4,0.9058935617086531,0.06655329029681646,866666.6666666667,57679.51825724094,5,8.0
20,3,Nastia Liukin,Derek Hough,Athlete,Sports,Unknown,Russia,25,≤25,34.0,8.5,4,0.9788299396403177,0.10678470906552451,933333.3333333334,99665.7284611562,4,9.0
20,3,Riker Lynch,Allison Holker,Actor/Actress,Entertainment,Colorado,United States,23,≤25,34.0,8.5,4,0.9769032744328605,0.10668188940641843,933333.3333333334,99569.76344599054,2,
20,3,Rumer Willis,Valentin Chmerkovskiy,Actor/Actress,Entertainment,Kentucky,United States,26,26-35,33.0,8.25,4,0.9847289620832621,0.10494069837092358,933333.3333333334,97944.65181286201,1,
20,3,Willow Shields,Mark Ballas,Actor/Actress,Entertainment,New Mexico,United States,14,≤25,32.0,8.0,4,0.9822077455606291,0.10247861484616208,933333.3333333334,95646.70718975128,7,7.0
20,3,Noah Galloway,Sharna Burgess,Motivational Speaker,Other,Alabama,United States,33,26-35,30.0,7.5,4,0.9823118884244524,0.0974737231533347,933333.3333333334,90975.4749431124,3,
20,3,Robert Herjavec,Kym Johnson,Entrepreneur,Other,Unknown,Croatia,52,46-55,29.0,7.25,4,0.9823277420893679,0.09490337578795198,933333.3333333334,88576.48406875519,6,8.0
20,3,Chris Soules,Witney Carson,TV Personality,Media,Iowa,United States,33,26-35,28.0,7.0,4,0.9689479037883273,0.09175249739143268,933333.3333333334,85635.66423200384,5,8.0
20,3,Suzanne Somers,Tony Dovolani,Actor/Actress,Entertainment,California,United States,68,>55,25.0,6.25,4,0.8936552555610038,0.08180002220692635,933333.3333333334,76346.68739313126,9,5.0
20,3,Michael Sam,Peta Murgatroyd,Athlete,Sports,Texas,United States,25,≤25,24.0,6.0,4,0.8625206507333464,0.07873189329234964,933333.3333333334,73483.100406193,10,4.0
20,3,Patti LaBelle,Artem Chigvintsev,Singer/Rapper,Entertainment,Pennsylvania,United States,70,>55,22.0,5.5,4,0.8347178851647032,0.07468216373051387,933333.3333333334,69703.35281514628,8,6.0
20,3,Charlotte McKinney,Keo Motsepe,Model,Model,Florida,United States,21,≤25,22.0,5.5,4,0.38925683878713746,0.05977041274846234,933333.3333333334,55785.718565231524,11,3.0
20,4,Willow Shields,Mark Ballas,Actor/Actress,Entertainment,New Mexico,United States,14,≤25,39.0,9.75,4,0.979959125454001,0.12184207380781649,1000000.0,121842.07380781649,7,7.0
20,4,Nastia Liukin,Derek Hough,Athlete,Sports,Unknown,Russia,25,≤25,36.0,9.0,4,0.9737057685540936,0.11371322446923658,1000000.0,113713.22446923658,4,9.0
20,4,Rumer Willis,Valentin Chmerkovskiy,Actor/Actress,Entertainment,Kentucky,United States,26,26-35,35.0,8.75,4,0.9736963043860735,0.11053456309417481,1000000.0,110534.56309417481,1,
20,4,Robert Herjavec,Kym Johnson,Entrepreneur,Other,Unknown,Croatia,52,46-55,34.0,8.5,4,0.9830743259919374,0.10768228324334918,1000000.0,107682.28324334917,6,8.0
20,4,Riker Lynch,Allison Holker,Actor/Actress,Entertainment,Colorado,United States,23,≤25,34.0,8.5,4,0.9751044680466123,0.10725403083742864,1000000.0,107254.03083742864,2,
20,4,Noah Galloway,Sharna Burgess,Motivational Speaker,Other,Alabama,United States,33,26-35,32.0,8.0,4,0.9677662123128687,0.10008646674386593,1000000.0,100086.46674386592,3,
20,4,Michael Sam,Peta Murgatroyd,Athlete,Sports,Texas,United States,25,≤25,30.0,7.5,4,0.9059109656889051,0.09108662877897468,1000000.0,91086.62877897469,10,4.0
20,4,Patti LaBelle,Artem Chigvintsev,Singer/Rapper,Entertainment,Pennsylvania,United States,70,>55,30.0,7.5,4,0.8984780648521131,0.09074873810521888,1000000.0,90748.73810521889,8,6.0
20,4,Suzanne Somers,Tony Dovolani,Actor/Actress,Entertainment,California,United States,68,>55,28.0,7.0,4,0.7195043869423017,0.07864683025579654,1000000.0,78646.83025579654,9,5.0
20,4,Chris Soules,Witney Carson,TV Personality,Media,Iowa,United States,33,26-35,27.0,6.75,4,0.757297671213679,0.07840516066413829,1000000.0,78405.16066413828,5,8.0
20,5,Rumer Willis,Valentin Chmerkovskiy,Actor/Actress,Entertainment,Kentucky,United States,26,26-35,39.0,9.75,4,0.979596350640577,0.13072833227012484,1066666.6666666667,139443.5544214665,1,
20,5,Nastia Liukin,Derek Hough,Athlete,Sports,Unknown,Russia,25,≤25,38.0,9.5,4,0.974737092405483,0.12844288252104238,1066666.6666666667,137005.74135577856,4,9.0
20,5,Riker Lynch,Allison Holker,Actor/Actress,Entertainment,Colorado,United States,23,≤25,38.0,9.5,4,0.9725931037109479,0.12830526625214297,1066666.6666666667,136858.95066895252,2,
20,5,Willow Shields,Mark Ballas,Actor/Actress,Entertainment,New Mexico,United States,14,≤25,34.0,8.5,4,0.9798243238581305,0.11960561053882532,1066666.6666666667,127579.31790808035,7,7.0
20,5,Noah Galloway,Sharna Burgess,Motivational Speaker,Other,Alabama,United States,33,26-35,28.0,7.0,4,0.9404771233837563,0.1033370303439207,1066666.6666666667,110226.16570018209,3,
20,5,Chris Soules,Witney Carson,TV Personality,Media,Iowa,United States,33,26-35,27.0,6.75,4,0.9415061603102547,0.10141828644803012,1066666.6666666667,108179.50554456547,5,8.0
20,5,Patti LaBelle,Artem Chigvintsev,Singer/Rapper,Entertainment,Pennsylvania,United States,70,>55,27.0,6.75,4,0.9122937838535392,0.09994771771250781,1066666.6666666667,106610.89889334167,8,6.0
20,5,Robert Herjavec,Kym Johnson,Entrepreneur,Other,Unknown,Croatia,52,46-55,24.0,6.0,4,0.9093696839856773,0.09491439008138881,1066666.6666666667,101242.01608681474,6,8.0
20,5,Suzanne Somers,Tony Dovolani,Actor/Actress,Entertainment,California,United States,68,>55,28.0,7.0,4,0.7361361392107277,0.09330048383201713,1066666.6666666667,99520.51608748494,9,5.0
20,6,Riker Lynch,Allison Holker,Actor/Actress,Entertainment,Colorado,United States,23,≤25,38.0,9.5,4,0.9729031768859155,0.1521050278023949,1133333.3333333333,172385.69817604753,2,
20,6,Nastia Liukin,Derek Hough,Athlete,Sports,Unknown,Russia,25,≤25,36.5,9.125,4,0.9705458259723709,0.1394970181724423,1133333.3333333333,158096.62059543462,4,9.0
20,6,Willow Shields,Mark Ballas,Actor/Actress,Entertainment,New Mexico,United States,14,≤25,36.5,9.125,4,0.9664786411917742,0.13921362634721102,1133333.3333333333,157775.4431935058,7,7.0
20,6,Rumer Willis,Valentin Chmerkovskiy,Actor/Actress,Entertainment,Kentucky,United States,26,26-35,35.5,8.875,4,0.9737562951960962,0.1293989579108724,1133333.3333333333,146652.1522989887,1,
20,6,Chris Soules,Witney Carson,TV Personality,Media,Iowa,United States,33,26-35,35.0,8.75,4,0.9103440046504336,0.1204327732468316,1133333.3333333333,136490.47634640915,5,8.0
20,6,Noah Galloway,Sharna Burgess,Motivational Speaker,Other,Alabama,United States,33,26-35,34.0,8.5,4,0.905964621360959,0.11160406134490673,1133333.3333333333,126484.60285756095,3,
20,6,Patti LaBelle,Artem Chigvintsev,Singer/Rapper,Entertainment,Pennsylvania,United States,70,>55,34.0,8.5,4,0.8304929369033366,0.10747105967905009,1133333.3333333333,121800.53430292342,8,6.0
20,6,Robert Herjavec,Kym Johnson,Entrepreneur,Other,Unknown,Croatia,52,46-55,33.5,8.375,4,0.7538305133420895,0.1002774754962909,1133333.3333333333,113647.80556246302,6,8.0
20,7,Nastia Liukin,Derek Hough,Athlete,Sports,Unknown,Russia,25,≤25,41.0,10.25,4,0.9530825226452637,0.17041689218182487,1200000.0,204500.27061818985,4,9.0
20,7,Noah Galloway,Sharna Burgess,Motivational Speaker,Other,Alabama,United States,33,26-35,38.0,9.5,4,0.9742436077155562,0.15874667242227178,1200000.0,190496.00690672614,3,
20,7,Rumer Willis,Valentin Chmerkovskiy,Actor/Actress,Entertainment,Kentucky,United States,26,26-35,37.0,9.25,4,0.908266265956289,0.14882510267441848,1200000.0,178590.12320930217,1,
20,7,Riker Lynch,Allison Holker,Actor/Actress,Entertainment,Colorado,United States,23,≤25,37.0,9.25,4,0.8710155645346948,0.1460788374097239,1200000.0,175294.60489166869,2,
20,7,Willow Shields,Mark Ballas,Actor/Actress,Entertainment,New Mexico,United States,14,≤25,39.0,9.75,4,0.6191973327577087,0.1369490733192184,1200000.0,164338.8879830621,7,7.0
20,7,Robert Herjavec,Kym Johnson,Entrepreneur,Other,Unknown,Croatia,52,46-55,31.0,7.75,4,0.834137742947277,0.12078684805367036,1200000.0,144944.21766440442,6,8.0
20,7,Chris Soules,Witney Carson,TV Personality,Media,Iowa,United States,33,26-35,31.0,7.75,4,0.7907811697823586,0.11819657393887216,1200000.0,141835.8887266466,5,8.0
20,8,Rumer Willis,Valentin Chmerkovskiy,Actor/Actress,Entertainment,Kentucky,United States,26,26-35,40.0,10.0,4,0.9526084993309781,0.20321372869553492,1266666.6666666665,257404.05634767754,1,
20,8,Riker Lynch,Allison Holker,Actor/Actress,Entertainment,Colorado,United States,23,≤25,39.0,9.75,4,0.9479597511701306,0.19806073059374626,1266666.6666666665,250876.92541874523,2,
20,8,Nastia Liukin,Derek Hough,Athlete,Sports,Unknown,Russia,25,≤25,38.0,9.5,4,0.9524257105185799,0.19344040135045384,1266666.6666666665,245024.5083772415,4,9.0
20,8,Noah Galloway,Sharna Burgess,Motivational Speaker,Other,Alabama,United States,33,26-35,31.5,7.875,4,0.9015150157065587,0.15672235100665483,1266666.6666666665,198514.97794176274,3,
20,8,Chris Soules,Witney Carson,TV Personality,Media,Iowa,United States,33,26-35,32.0,8.0,4,0.6191896770388979,0.13781944136136492,1266666.6666666665,174571.29239106222,5,8.0
20,8,Robert Herjavec,Kym Johnson,Entrepreneur,Other,Unknown,Croatia,52,46-55,31.0,7.75,4,0.2310117404473767,0.11074334699224518,1266666.6666666665,140274.90619017722,6,8.0
20,9,Riker Lynch,Allison Holker,Actor/Actress,Entertainment,Colorado,United States,23,≤25,40.0,10.0,4,0.9271076741817852,0.2959359019812425,1333333.3333333335,394581.2026416567,2,
20,9,Nastia Liukin,Derek Hough,Athlete,Sports,Unknown,Russia,25,≤25,40.0,10.0,4,0.6037665484769918,0.25175901005772916,1333333.3333333335,335678.68007697223,4,9.0
20,9,Rumer Willis,Valentin Chmerkovskiy,Actor/Actress,Entertainment,Kentucky,United States,26,26-35,39.0,9.75,4,0.7544542102252543,0.23940579836672704,1333333.3333333335,319207.7311556361,1,
20,9,Noah Galloway,Sharna Burgess,Motivational Speaker,Other,Alabama,United States,33,26-35,38.0,9.5,4,0.7416349214216411,0.21289928959430127,1333333.3333333335,283865.7194590684,3,
20,10,Riker Lynch,Allison Holker,Actor/Actress,Entertainment,Colorado,United States,23,≤25,40.0,10.0,4,0.9525378550943789,0.35975046591004567,1400000.0,503650.65227406396,2,
20,10,Rumer Willis,Valentin Chmerkovskiy,Actor/Actress,Entertainment,Kentucky,United States,26,26-35,40.0,10.0,4,0.947618387093066,0.35886666286310237,1400000.0,502413.3280083433,1,
20,10,Noah Galloway,Sharna Burgess,Motivational Speaker,Other,Alabama,United States,33,26-35,36.0,9.0,4,0.8619750368859327,0.28138287122685196,1400000.0,393936.01971759275,3,
21,1,Bindi Irwin,Derek Hough,TV Personality,Media,Unknown,Australia,17,≤25,24.0,8.0,3,0.9908292670069219,0.08736111825548129,800000.0,69888.89460438503,1,
21,1,Nick Carter,Sharna Burgess,Singer/Rapper,Entertainment,New York,United States,35,26-35,24.0,8.0,3,0.9878817420925297,0.08723246354570453,800000.0,69785.97083656363,2,
21,1,Carlos PenaVega,Witney Carson,Actor/Actress,Entertainment,Missouri,United States,26,26-35,23.0,7.666666666666667,3,0.9878817420925297,0.08529841672002844,800000.0,68238.73337602275,4,11.0
21,1,Tamar Braxton,Valentin Chmerkovskiy,Singer/Rapper,Entertainment,Maryland,United States,38,36-45,23.0,7.666666666666667,3,0.987688304768177,0.08529016717022668,800000.0,68232.13373618135,5,-1.0
21,1,Alek Skarlatos,Lindsay Arnold,Military,Other,California,United States,22,≤25,22.0,7.333333333333333,3,0.9896238603749323,0.0833067068875426,800000.0,66645.36551003408,3,
21,1,Alexa PenaVega,Mark Ballas,Actor/Actress,Entertainment,Florida,United States,27,26-35,22.0,7.333333333333333,3,0.9873279028057048,0.08321112742751251,800000.0,66568.90194201001,6,9.0
21,1,Hayes Grier,Emma Slater,Social Media Personality,Media,North Carolina,United States,15,≤25,21.0,7.0,3,0.9840987013708195,0.08092940002369693,800000.0,64743.52001895755,8,7.0
21,1,Andy Grammer,Allison Holker,Singer/Rapper,Entertainment,California,United States,31,26-35,21.0,7.0,3,0.9763509463444796,0.08061649590820986,800000.0,64493.19672656789,7,8.0
21,1,Paula Deen,Louis van Amstel,TV Personality,Media,Georgia,United States,68,>55,15.0,5.0,3,0.9624275026889663,0.0682965109034903,800000.0,54637.20872279224,9,6.0
21,1,Gary Busey,Anna Trebunskaya,Actor/Actress,Entertainment,Texas,United States,71,>55,15.0,5.0,3,0.9487107866575373,0.06782971154877632,800000.0,54263.76923902105,10,4.0
21,1,Victor Espinoza,Karina Smirnoff,Athlete,Sports,Unknown,Mexico,43,36-45,15.0,5.0,3,0.8980951198260307,0.06613462842115082,800000.0,52907.702736920655,12,2.0
21,1,Chaka Khan,Keo Motsepe,Singer/Rapper,Entertainment,Illinois,United States,62,>55,13.0,4.333333333333333,3,0.8632274947553692,0.06241914103108204,800000.0,49935.31282486563,13,2.0
21,1,Kim Zolciak-Biermann,Tony Dovolani,TV Personality,Media,Florida,United States,37,36-45,12.0,4.0,3,0.8853914202895047,0.06207411215709778,800000.0,49659.28972567822,11,-1.0
21,2,Tamar Braxton,Valentin Chmerkovskiy,Singer/Rapper,Entertainment,Maryland,United States,38,36-45,24.5,8.166666666666666,3,0.9774621215902587,0.09074110342987826,860000.0000000001,78037.34894969531,5,-1.0
21,2,Bindi Irwin,Derek Hough,TV Personality,Media,Unknown,Australia,17,≤25,24.0,8.0,3,0.9902037947749444,0.08994445338405804,860000.0000000001,77352.22991028993,1,
21,2,Alexa PenaVega,Mark Ballas,Actor/Actress,Entertainment,Florida,United States,27,26-35,23.0,7.666666666666667,3,0.9778126200637695,0.08639418407804256,860000.0000000001,74298.9983071166,6,9.0
21,2,Alek Skarlatos,Lindsay Arnold,Military,Other,California,United States,22,≤25,22.5,7.5,3,0.9870783982351264,0.08519036476191297,860000.0000000001,73263.71369524517,3,
21,2,Carlos PenaVega,Witney Carson,Actor/Actress,Entertainment,Missouri,United States,26,26-35,22.5,7.5,3,0.9864668884232011,0.08516432137159635,860000.0000000001,73241.31637957288,4,11.0
21,2,Nick Carter,Sharna Burgess,Singer/Rapper,Entertainment,New York,United States,35,26-35,22.5,7.5,3,0.9788049622685719,0.08483868415126283,860000.0000000001,72961.26837008605,2,
21,2,Hayes Grier,Emma Slater,Social Media Personality,Media,North Carolina,United States,15,≤25,22.5,7.5,3,0.9757333646143701,0.08470848900201998,860000.0000000001,72849.30054173719,8,7.0
21,2,Andy Grammer,Allison Holker,Singer/Rapper,Entertainment,California,United States,31,26-35,22.0,7.333333333333333,3,0.9530715027349541,0.08213474634286744,860000.0000000001,70635.881854866,7,8.0
21,2,Kim Zolciak-Biermann,Tony Dovolani,TV Personality,Media,Florida,United States,37,36-45,18.5,6.166666666666667,3,0.9239704456792405,0.07039755124936915,860000.0000000001,60541.89407445748,11,-1.0
21,2,Paula Deen,Louis van Amstel,TV Personality,Media,Georgia,United States,68,>55,18.5,6.166666666666667,3,0.9029325149260137,0.06966092292134819,860000.0000000001,59908.39371235945,9,6.0
21,2,Victor Espinoza,Karina Smirnoff,Athlete,Sports,Unknown,Mexico,43,36-45,18.5,6.166666666666667,3,0.7347437748692882,0.06404238589536729,860000.0000000001,55076.45187001587,12,2.0
21,2,Gary Busey,Anna Trebunskaya,Actor/Actress,Entertainment,Texas,United States,71,>55,16.5,5.5,3,0.6344953060274567,0.057249551650273345,860000.0000000001,49234.614419235084,10,4.0
21,2,Chaka Khan,Keo Motsepe,Singer/Rapper,Entertainment,Illinois,United States,62,>55,15.0,5.0,3,0.4110997701304929,0.04953324176200353,860000.0000000001,42598.58791532304,13,2.0
21,3,Alexa PenaVega,Mark Ballas,Actor/Actress,Entertainment,Florida,United States,27,26-35,36.0,9.0,4,0.9796828791006181,0.11442038579285226,920000.0,105266.75492942407,6,9.0
21,3,Nick Carter,Sharna Burgess,Singer/Rapper,Entertainment,New York,United States,35,26-35,36.0,9.0,4,0.9796828791006181,0.11442038579285226,920000.0,105266.75492942407,2,
21,3,Alek Skarlatos,Lindsay Arnold,Military,Other,California,United States,22,≤25,33.0,8.25,4,0.9852259959492922,0.10756568719459979,920000.0,98960.4322190318,3,
21,3,Tamar Braxton,Valentin Chmerkovskiy,Singer/Rapper,Entertainment,Maryland,United States,38,36-45,33.0,8.25,4,0.9816886539204319,0.10737560702570471,920000.0,98785.55846364834,5,-1.0
21,3,Bindi Irwin,Derek Hough,TV Personality,Media,Unknown,Australia,17,≤25,32.0,8.0,4,0.9853783204154288,0.10498778618461131,920000.0,96588.7632898424,1,
21,3,Carlos PenaVega,Witney Carson,Actor/Actress,Entertainment,Missouri,United States,26,26-35,31.0,7.75,4,0.9682126278010047,0.10151152789925717,920000.0,93390.6056673166,4,11.0
21,3,Hayes Grier,Emma Slater,Social Media Personality,Media,North Carolina,United States,15,≤25,30.0,7.5,4,0.9724451068476246,0.0991804805162726,920000.0,91246.04207497078,8,7.0
21,3,Andy Grammer,Allison Holker,Singer/Rapper,Entertainment,California,United States,31,26-35,29.0,7.25,4,0.9136574300721081,0.09392142983339839,920000.0,86407.71544672652,7,8.0
21,3,Gary Busey,Anna Trebunskaya,Actor/Actress,Entertainment,Texas,United States,71,>55,25.0,6.25,4,0.7751402229445432,0.08018344053815327,920000.0,73768.76529510101,10,4.0
21,3,Paula Deen,Louis van Amstel,TV Personality,Media,Georgia,United States,68,>55,20.0,5.0,4,0.8199319470458054,0.07643326922229836,920000.0,70318.60768451449,9,6.0
21,4,Bindi Irwin,Derek Hough,TV Personality,Media,Unknown,Australia,17,≤25,28.0,9.333333333333334,3,0.9855823196203223,0.11608073622305988,980000.0,113759.12149859869,1,
21,4,Nick Carter,Sharna Burgess,Singer/Rapper,Entertainment,New York,United States,35,26-35,27.0,9.0,3,0.9849441074070977,0.11324109773840213,980000.0,110976.27578363409,2,
21,4,Tamar Braxton,Valentin Chmerkovskiy,Singer/Rapper,Entertainment,Maryland,United States,38,36-45,27.0,9.0,3,0.9840695040325973,0.11319158804142106,980000.0,110927.75628059264,5,-1.0
21,4,Hayes Grier,Emma Slater,Social Media Personality,Media,North Carolina,United States,15,≤25,27.0,9.0,3,0.982416788758338,0.11309808994493781,980000.0,110836.12814603905,8,7.0
21,4,Carlos PenaVega,Witney Carson,Actor/Actress,Entertainment,Missouri,United States,26,26-35,25.0,8.333333333333334,3,0.9836049268535791,0.10703879131757327,980000.0,104898.0154912218,4,11.0
21,4,Alek Skarlatos,Lindsay Arnold,Military,Other,California,United States,22,≤25,24.0,8.0,3,0.9835988820114494,0.10387701594066688,980000.0,101799.47562185355,3,
21,4,Andy Grammer,Allison Holker,Singer/Rapper,Entertainment,California,United States,31,26-35,23.0,7.666666666666667,3,0.9364653958133445,0.09842611091282762,980000.0,96457.58869457107,7,8.0
21,4,Alexa PenaVega,Mark Ballas,Actor/Actress,Entertainment,Florida,United States,27,26-35,21.0,7.0,3,0.9389181867224814,0.09296971414358203,980000.0,91110.31986071038,6,9.0
21,4,Paula Deen,Louis van Amstel,TV Personality,Media,Georgia,United States,68,>55,18.0,6.0,3,0.689326201261409,0.07639976950332701,980000.0,74871.77411326047,9,6.0
21,4,Gary Busey,Anna Trebunskaya,Actor/Actress,Entertainment,Texas,United States,71,>55,16.0,5.333333333333333,3,0.4547281126633135,0.06567708623420225,980000.0,64363.54450951821,10,4.0
21,5,Alexa PenaVega,Mark Ballas,Actor/Actress,Entertainment,Florida,United States,27,26-35,40.0,10.0,4,0.9745789377814854,0.13025667084181386,1040000.0,135466.9376754864,6,9.0
21,5,Carlos PenaVega,Witney Carson,Actor/Actress,Entertainment,Missouri,United States,26,26-35,39.0,9.75,4,0.9778492123769233,0.12818758211930723,1040000.0,133315.08540407952,4,11.0
21,5,Bindi Irwin,Derek Hough,TV Personality,Media,Unknown,Australia,17,≤25,37.0,9.25,4,0.98167839489345,0.12331014726968115,1040000.0,128242.5531604684,1,
21,5,Andy Grammer,Allison Holker,Singer/Rapper,Entertainment,California,United States,31,26-35,36.0,9.0,4,0.9747148441783859,0.12012513144352213,1040000.0,124930.13670126302,7,8.0
21,5,Nick Carter,Sharna Burgess,Singer/Rapper,Entertainment,New York,United States,35,26-35,35.0,8.75,4,0.974000088455059,0.11725396949882755,1040000.0,121944.12827878066,2,
21,5,Hayes Grier,Emma Slater,Social Media Personality,Media,North Carolina,United States,15,≤25,30.0,7.5,4,0.884409288799301,0.0993591005872338,1040000.0,103333.46461072315,8,7.0
21,5,Alek Skarlatos,Lindsay Arnold,Military,Other,California,United States,22,≤25,29.0,7.25,4,0.9225876703701295,0.09913104817133998,1040000.0,103096.29009819358,3,
21,5,Tamar Braxton,Valentin Chmerkovskiy,Singer/Rapper,Entertainment,Maryland,United States,38,36-45,29.0,7.25,4,0.9052643946656681,0.09827611882138657,1040000.0,102207.16357424203,5,-1.0
21,5,Paula Deen,Louis van Amstel,TV Personality,Media,Georgia,United States,68,>55,26.0,6.5,4,0.7007483754409803,0.08410023124688783,1040000.0,87464.24049676333,9,6.0
21,6,Bindi Irwin,Derek Hough,TV Personality,Media,Unknown,Australia,17,≤25,40.0,10.0,4,0.979121184567371,0.12658900992314126,1100000.0,139247.91091545537,1,
21,6,Tamar Braxton,Valentin Chmerkovskiy,Singer/Rapper,Entertainment,Maryland,United States,38,36-45,40.0,10.0,4,0.9684657358817591,0.12591637197926422,1100000.0,138508.00917719066,5,-1.0
21,6,Andy Grammer,Allison Holker,Singer/Rapper,Entertainment,California,United States,31,26-35,40.0,10.0,4,0.9642330985905447,0.1256501745920581,1100000.0,138215.1920512639,7,8.0
21,6,Nick Carter,Sharna Burgess,Singer/Rapper,Entertainment,New York,United States,35,26-35,39.0,9.75,4,0.9741943621226188,0.1240131215182716,1100000.0,136414.43367009875,2,
21,6,Carlos PenaVega,Witney Carson,Actor/Actress,Entertainment,Missouri,United States,26,26-35,38.0,9.5,4,0.9514165592919863,0.1202804320815973,1100000.0,132308.47528975704,4,11.0
21,6,Hayes Grier,Emma Slater,Social Media Personality,Media,North Carolina,United States,15,≤25,32.0,8.0,4,0.8921365282613757,0.1031318151166067,1100000.0,113444.99662826737,8,7.0
21,6,Alek Skarlatos,Lindsay Arnold,Military,Other,California,United States,22,≤25,30.0,7.5,4,0.904900797819864,0.09990342908988875,1100000.0,109893.77199887762,3,
21,6,Alexa PenaVega,Mark Ballas,Actor/Actress,Entertainment,Florida,United States,27,26-35,30.0,7.5,4,0.8697887151793714,0.09816482650515465,1100000.0,107981.30915567011,6,9.0
21,6,Paula Deen,Louis van Amstel,TV Personality,Media,Georgia,United States,68,>55,24.0,6.0,4,0.5363899369005791,0.0763508191940174,1100000.0,83985.90111341914,9,6.0
21,7,Bindi Irwin,Derek Hough,TV Personality,Media,Unknown,Australia,17,≤25,29.0,9.666666666666666,3,0.978511668198877,0.15573904279640552,1160000.0000000002,180657.28964383045,1,
21,7,Carlos PenaVega,Witney Carson,Actor/Actress,Entertainment,Missouri,United States,26,26-35,28.0,9.333333333333334,3,0.9740684619966725,0.13822317173485169,1160000.0000000002,160338.879212428,4,11.0
21,7,Andy Grammer,Allison Holker,Singer/Rapper,Entertainment,California,United States,31,26-35,28.0,9.333333333333334,3,0.9662950573408051,0.13768698209125702,1160000.0000000002,159716.89922585816,7,8.0
21,7,Hayes Grier,Emma Slater,Social Media Personality,Media,North Carolina,United States,15,≤25,28.0,9.333333333333334,3,0.8052620599272445,0.12703547324783326,1160000.0000000002,147361.1489674866,8,7.0
21,7,Alexa PenaVega,Mark Ballas,Actor/Actress,Entertainment,Florida,United States,27,26-35,27.5,9.166666666666666,3,0.8522088431169998,0.12030271222358042,1160000.0000000002,139551.14617935332,6,9.0
21,7,Nick Carter,Sharna Burgess,Singer/Rapper,Entertainment,New York,United States,35,26-35,27.0,9.0,3,0.843124815684555,0.11118722877738811,1160000.0000000002,128977.18538177024,2,
21,7,Alek Skarlatos,Lindsay Arnold,Military,Other,California,United States,22,≤25,26.5,8.833333333333334,3,0.8780983443030677,0.10667352308952367,1160000.0000000002,123741.28678384748,3,
21,7,Tamar Braxton,Valentin Chmerkovskiy,Singer/Rapper,Entertainment,Maryland,United States,38,36-45,27.0,9.0,3,0.6930984232778069,0.10315186603916032,1160000.0000000002,119656.164605426,5,-1.0
21,8,Nick Carter,Sharna Burgess,Singer/Rapper,Entertainment,New York,United States,35,26-35,33.0,11.0,3,0.9539812473305126,0.18001495109148652,1220000.0000000002,219618.2403316136,2,
21,8,Carlos PenaVega,Witney Carson,Actor/Actress,Entertainment,Missouri,United States,26,26-35,28.9998,9.6666,3,0.9563821751609529,0.15899298190659342,1220000.0000000002,193971.43792604402,4,11.0
21,8,Bindi Irwin,Derek Hough,TV Personality,Media,Unknown,Australia,17,≤25,28.0,9.333333333333334,3,0.9625237646918853,0.15294829026823745,1220000.0000000002,186596.9141272497,1,
21,8,Tamar Braxton,Valentin Chmerkovskiy,Singer/Rapper,Entertainment,Maryland,United States,38,36-45,28.0,9.333333333333334,3,0.9346571646189088,0.15083199358567126,1220000.0000000002,184015.03217451897,5,-1.0
21,8,Alexa PenaVega,Mark Ballas,Actor/Actress,Entertainment,Florida,United States,27,26-35,26.9998,8.999933333333333,3,0.7342070756215888,0.13076450432213452,1220000.0000000002,159532.69527300415,6,9.0
21,8,Alek Skarlatos,Lindsay Arnold,Military,Other,California,United States,22,≤25,25.0,8.333333333333334,3,0.8369200806666796,0.12734065203149184,1220000.0000000002,155355.59547842006,3,
21,8,Andy Grammer,Allison Holker,Singer/Rapper,Entertainment,California,United States,31,26-35,23.9998,7.999933333333334,3,0.39962079536081413,0.09910662679438491,1220000.0000000002,120910.0846891496,7,8.0
21,9,Bindi Irwin,Derek Hough,TV Personality,Media,Unknown,Australia,17,≤25,30.0,10.0,3,0.9411737992273123,0.1992396520926861,1280000.0,255026.75467863822,1,
21,9,Alexa PenaVega,Mark Ballas,Actor/Actress,Entertainment,Florida,United States,27,26-35,30.0,10.0,3,0.9281365933978584,0.197945111796882,1280000.0,253369.743100009,6,9.0
21,9,Nick Carter,Sharna Burgess,Singer/Rapper,Entertainment,New York,United States,35,26-35,27.5,9.166666666666666,3,0.9540520570159272,0.17710939831684083,1280000.0,226700.02984555627,2,
21,9,Carlos PenaVega,Witney Carson,Actor/Actress,Entertainment,Missouri,United States,26,26-35,27.0,9.0,3,0.7214608531838674,0.15338848788041504,1280000.0,196337.26448693124,4,11.0
21,9,Alek Skarlatos,Lindsay Arnold,Military,Other,California,United States,22,≤25,25.5,8.5,3,0.6999927152722663,0.14052111857875932,1280000.0,179867.03178081193,3,
21,9,Tamar Braxton,Valentin Chmerkovskiy,Singer/Rapper,Entertainment,Maryland,United States,38,36-45,24.5,8.166666666666666,3,0.6557340908369397,0.13179623133441673,1280000.0,168699.17610805342,5,-1.0
21,10,Bindi Irwin,Derek Hough,TV Personality,Media,Unknown,Australia,17,≤25,31.5,10.5,3,0.9323483113288088,0.2865878750605387,1339999.9999999998,384027.75258112175,1,
21,10,Carlos PenaVega,Witney Carson,Actor/Actress,Entertainment,Missouri,United States,26,26-35,31.5,10.5,3,0.922418823166123,0.2851685657730804,1339999.9999999998,382125.8781359277,4,11.0
21,10,Alek Skarlatos,Lindsay Arnold,Military,Other,California,United States,22,≤25,28.5,9.5,3,0.7515898668965794,0.2231639445179596,1339999.9999999998,299039.6856540658,3,
21,10,Nick Carter,Sharna Burgess,Singer/Rapper,Entertainment,New York,United States,35,26-35,27.0,9.0,3,0.7226556859966302,0.20507961464842134,1339999.9999999998,274806.68362888455,2,
21,11,Bindi Irwin,Derek Hough,TV Personality,Media,Unknown,Australia,17,≤25,30.0,10.0,3,0.9311240962309597,0.266837129201062,1400000.0,373571.9808814868,1,
21,11,Carlos PenaVega,Witney Carson,Actor/Actress,Entertainment,Missouri,United States,26,26-35,30.0,10.0,3,0.9271959019587572,0.2663135495087966,1400000.0,372838.9693123152,4,11.0
21,11,Nick Carter,Sharna Burgess,Singer/Rapper,Entertainment,New York,United States,35,26-35,30.0,10.0,3,0.8944744359975189,0.26199191360028246,1400000.0,366788.6790403954,2,
21,11,Alek Skarlatos,Lindsay Arnold,Military,Other,California,United States,22,≤25,27.9999,9.3333,3,0.8425092948079702,0.20485740768985883,1400000.0,286800.37076580233,3,
22,1,Wanya Morris,Lindsay Arnold,Singer/Rapper,Entertainment,Pennsylvania,United States,42,36-45,23.0,7.666666666666667,3,0.9869779087695494,0.09337898222027027,800000.0,74703.18577621623,4,9.0
22,1,Ginger Zee,Valentin Chmerkovskiy,News Anchor,Media,California,United States,35,26-35,23.0,7.666666666666667,3,0.9843771455847481,0.09325763282803196,800000.0,74606.10626242556,3,
22,1,Nyle DiMarco,Peta Murgatroyd,Model,Model,New York,United States,26,26-35,23.0,7.666666666666667,3,0.9759090321746954,0.09286360946972826,800000.0,74290.8875757826,1,
22,1,Marla Maples,Tony Dovolani,TV Personality,Media,Georgia,United States,52,46-55,21.0,7.0,3,0.9895746123984539,0.08742835451165835,800000.0,69942.68360932669,10,4.0
22,1,Von Miller,Witney Carson,Athlete,Sports,Texas,United States,27,26-35,21.0,7.0,3,0.9874700262366312,0.08733640264777037,800000.0,69869.1221182163,7,7.0
22,1,Antonio Brown,Sharna Burgess,Athlete,Sports,Florida,United States,27,26-35,21.0,7.0,3,0.9873279028057048,0.08733019659368486,800000.0,69864.1572749479,5,9.0
22,1,Paige VanZant,Mark Ballas,Athlete,Sports,Oregon,United States,22,≤25,21.0,7.0,3,0.9873279028057048,0.08733019659368486,800000.0,69864.1572749479,2,
22,1,Kim Fields,Sasha Farber,Actor/Actress,Entertainment,New York,United States,46,46-55,20.0,6.666666666666667,3,0.9795758304158109,0.08381101539475318,800000.0,67048.81231580254,8,7.0
22,1,Jodie Sweetin,Keo Motsepe,Actor/Actress,Entertainment,California,United States,34,26-35,20.0,6.666666666666667,3,0.9765469343037593,0.08368418402941359,800000.0,66947.34722353087,6,8.0
22,1,Mischa Barton,Artem Chigvintsev,Actor/Actress,Entertainment,Unknown,England,30,26-35,16.0,5.333333333333333,3,0.9429612407097965,0.07170099362720868,800000.0,57360.794901766945,11,3.0
22,1,Doug Flutie,Karina Smirnoff,Athlete,Sports,Maryland,United States,53,46-55,15.0,5.0,3,0.8743580246339663,0.06752795898662713,800000.0,54022.3671893017,9,6.0
22,1,Geraldo Rivera,Edyta Sliwinska,Journalist,Media,New York,United States,72,>55,13.0,4.333333333333333,3,0.8551194749016594,0.06435047309716849,800000.0,51480.37847773479,12,2.0
22,2,Paige VanZant,Mark Ballas,Athlete,Sports,Oregon,United States,22,≤25,24.0,8.0,3,0.9794134058579447,0.09881891012705724,866666.6666666667,85643.05544344962,2,
22,2,Wanya Morris,Lindsay Arnold,Singer/Rapper,Entertainment,Pennsylvania,United States,42,36-45,24.0,8.0,3,0.976175898414641,0.09865907604942545,866666.6666666667,85504.53257616873,4,9.0
22,2,Ginger Zee,Valentin Chmerkovskiy,News Anchor,Media,California,United States,35,26-35,21.0,7.0,3,0.9773691635083298,0.08957905084270681,866666.6666666667,77635.17739701258,3,
22,2,Jodie Sweetin,Keo Motsepe,Actor/Actress,Entertainment,California,United States,34,26-35,21.0,7.0,3,0.9734286348931289,0.08940273019230369,866666.6666666667,77482.3661666632,6,8.0
22,2,Marla Maples,Tony Dovolani,TV Personality,Media,Georgia,United States,52,46-55,20.0,6.666666666666667,3,0.9807405916301877,0.0862979393063399,866666.6666666667,74791.54739882793,10,4.0
22,2,Nyle DiMarco,Peta Murgatroyd,Model,Model,New York,United States,26,26-35,20.0,6.666666666666667,3,0.9801029028299783,0.08627042807778514,866666.6666666667,74767.70433408045,1,
22,2,Von Miller,Witney Carson,Athlete,Sports,Texas,United States,27,26-35,20.0,6.666666666666667,3,0.9787800811339639,0.08621338674674929,866666.6666666667,74718.2685138494,7,7.0
22,2,Doug Flutie,Karina Smirnoff,Athlete,Sports,Maryland,United States,53,46-55,20.0,6.666666666666667,3,0.9776205066326775,0.08616341581193404,866666.6666666667,74674.96037034284,9,6.0
22,2,Antonio Brown,Sharna Burgess,Athlete,Sports,Florida,United States,27,26-35,19.0,6.333333333333333,3,0.9270982658907158,0.0807473939531239,866666.6666666667,69981.07475937405,5,9.0
22,2,Kim Fields,Sasha Farber,Actor/Actress,Entertainment,New York,United States,46,46-55,19.0,6.333333333333333,3,0.9054145894593275,0.07987667241168349,866666.6666666667,69226.44942345902,8,7.0
22,2,Mischa Barton,Artem Chigvintsev,Actor/Actress,Entertainment,Unknown,England,30,26-35,15.0,5.0,3,0.7297425635322045,0.06416240650491041,866666.6666666667,55607.41897092236,11,3.0
22,2,Geraldo Rivera,Edyta Sliwinska,Journalist,Media,New York,United States,72,>55,13.0,4.333333333333333,3,0.45541921900117255,0.053808589975980675,866666.6666666667,46634.11131251659,12,2.0
22,3,Nyle DiMarco,Peta Murgatroyd,Model,Model,New York,United States,26,26-35,25.0,8.333333333333334,3,0.9492134264943973,0.10908942443083476,933333.3333333334,101816.79613544578,1,
22,3,Wanya Morris,Lindsay Arnold,Singer/Rapper,Entertainment,Pennsylvania,United States,42,36-45,24.0,8.0,3,0.9857836470745068,0.10698897283947327,933333.3333333334,99856.37465017506,4,9.0
22,3,Paige VanZant,Mark Ballas,Athlete,Sports,Oregon,United States,22,≤25,23.0,7.666666666666667,3,0.9795052507355306,0.10158998435742345,933333.3333333334,94817.31873359522,2,
22,3,Jodie Sweetin,Keo Motsepe,Actor/Actress,Entertainment,California,United States,34,26-35,23.0,7.666666666666667,3,0.9746259134391394,0.10134244054283909,933333.3333333334,94586.27783998314,6,8.0
22,3,Kim Fields,Sasha Farber,Actor/Actress,Entertainment,New York,United States,46,46-55,22.0,7.333333333333333,3,0.9748102037082168,0.09572439414216397,933333.3333333334,89342.7678660197,8,7.0
22,3,Marla Maples,Tony Dovolani,TV Personality,Media,Georgia,United States,52,46-55,21.0,7.0,3,0.9486588875606488,0.08896343031993412,933333.3333333334,83032.53496527184,10,4.0
22,3,Ginger Zee,Valentin Chmerkovskiy,News Anchor,Media,California,United States,35,26-35,21.0,7.0,3,0.9159291173861768,0.08751940191215571,933333.3333333334,81684.775118012,3,
22,3,Von Miller,Witney Carson,Athlete,Sports,Texas,United States,27,26-35,20.0,6.666666666666667,3,0.9438426084724592,0.08387083373023177,933333.3333333334,78279.44481488298,7,7.0
22,3,Doug Flutie,Karina Smirnoff,Athlete,Sports,Maryland,United States,53,46-55,20.0,6.666666666666667,3,0.9257261770310058,0.08311454411407472,933333.3333333334,77573.57450646974,9,6.0
22,3,Antonio Brown,Sharna Burgess,Athlete,Sports,Florida,United States,27,26-35,20.0,6.666666666666667,3,0.8584772446361294,0.08036632456691739,933333.3333333334,75008.56959578957,5,9.0
22,3,Mischa Barton,Artem Chigvintsev,Actor/Actress,Entertainment,Unknown,England,30,26-35,18.0,6.0,3,0.4899349424497565,0.06143024904395168,933333.3333333334,57334.89910768824,11,3.0
22,4,Paige VanZant,Mark Ballas,Athlete,Sports,Oregon,United States,22,≤25,36.0,9.0,4,0.9783249401699728,0.11598890324380766,1000000.0,115988.90324380765,2,
22,4,Ginger Zee,Valentin Chmerkovskiy,News Anchor,Media,California,United States,35,26-35,36.0,9.0,4,0.9749940869770325,0.11579589300625337,1000000.0,115795.89300625338,3,
22,4,Wanya Morris,Lindsay Arnold,Singer/Rapper,Entertainment,Pennsylvania,United States,42,36-45,35.0,8.75,4,0.9807064523678485,0.11327360912081322,1000000.0,113273.60912081321,4,9.0
22,4,Antonio Brown,Sharna Burgess,Athlete,Sports,Florida,United States,27,26-35,35.0,8.75,4,0.9783249401699728,0.11313880815336883,1000000.0,113138.80815336882,5,9.0
22,4,Nyle DiMarco,Peta Murgatroyd,Model,Model,New York,United States,26,26-35,34.0,8.5,4,0.9441735876451967,0.1082549987179415,1000000.0,108254.9987179415,1,
22,4,Kim Fields,Sasha Farber,Actor/Actress,Entertainment,New York,United States,46,46-55,32.0,8.0,4,0.9647263666822544,0.10318638270621106,1000000.0,103186.38270621105,8,7.0
22,4,Von Miller,Witney Carson,Athlete,Sports,Texas,United States,27,26-35,32.0,8.0,4,0.9621716174928098,0.10305465919046806,1000000.0,103054.65919046807,7,7.0
22,4,Marla Maples,Tony Dovolani,TV Personality,Media,Georgia,United States,52,46-55,28.0,7.0,4,0.6840719788444528,0.08022890087367572,1000000.0,80228.90087367572,10,4.0
22,4,Jodie Sweetin,Keo Motsepe,Actor/Actress,Entertainment,California,United States,34,26-35,27.0,6.75,4,0.6953013159121575,0.07885614091606476,1000000.0,78856.14091606476,6,8.0
22,4,Doug Flutie,Karina Smirnoff,Athlete,Sports,Maryland,United States,53,46-55,24.0,6.0,4,0.5107528889253558,0.06822170407139572,1000000.0,68221.70407139571,9,6.0
22,5,Nyle DiMarco,Peta Murgatroyd,Model,Model,New York,United States,26,26-35,37.0,9.25,4,0.9555188787244735,0.13377520519174316,1066666.6666666667,142693.55220452606,1,
22,5,Jodie Sweetin,Keo Motsepe,Actor/Actress,Entertainment,California,United States,34,26-35,35.0,8.75,4,0.9770741818730934,0.12966072239973953,1066666.6666666667,138304.77055972218,6,8.0
22,5,Ginger Zee,Valentin Chmerkovskiy,News Anchor,Media,California,United States,35,26-35,32.0,8.0,4,0.9640319532846592,0.11773794724903495,1066666.6666666667,125587.14373230396,3,
22,5,Paige VanZant,Mark Ballas,Athlete,Sports,Oregon,United States,22,≤25,31.0,7.75,4,0.9839105027698122,0.11484546602185867,1066666.6666666667,122501.83042331593,2,
22,5,Wanya Morris,Lindsay Arnold,Singer/Rapper,Entertainment,Pennsylvania,United States,42,36-45,30.0,7.5,4,0.9633817298712539,0.10973254957337274,1066666.6666666667,117048.05287826427,4,9.0
22,5,Von Miller,Witney Carson,Athlete,Sports,Texas,United States,27,26-35,29.0,7.25,4,0.9531789383403829,0.10548694601859157,1066666.6666666667,112519.40908649769,7,7.0
22,5,Kim Fields,Sasha Farber,Actor/Actress,Entertainment,New York,United States,46,46-55,28.0,7.0,4,0.9335890938918568,0.10114940012172012,1066666.6666666667,107892.69346316814,8,7.0
22,5,Doug Flutie,Karina Smirnoff,Athlete,Sports,Maryland,United States,53,46-55,28.0,7.0,4,0.8952571685774132,0.09922923418865078,1066666.6666666667,105844.51646789417,9,6.0
22,5,Antonio Brown,Sharna Burgess,Athlete,Sports,Florida,United States,27,26-35,26.0,6.5,4,0.7728075193939369,0.08838252923528848,1066666.6666666667,94274.6978509744,5,9.0
22,6,Wanya Morris,Lindsay Arnold,Singer/Rapper,Entertainment,Pennsylvania,United States,42,36-45,29.0,9.666666666666666,3,0.9739036854270117,0.13331003319004386,1133333.3333333333,151084.7042820497,4,9.0
22,6,Paige VanZant,Mark Ballas,Athlete,Sports,Oregon,United States,22,≤25,28.0,9.333333333333334,3,0.9774780306004847,0.1291304524922882,1133333.3333333333,146347.8461579266,2,
22,6,Antonio Brown,Sharna Burgess,Athlete,Sports,Florida,United States,27,26-35,27.0,9.0,3,0.9747730063297325,0.12371795998639057,1133333.3333333333,140213.68798457595,5,9.0
22,6,Jodie Sweetin,Keo Motsepe,Actor/Actress,Entertainment,California,United States,34,26-35,25.0,8.333333333333334,3,0.9708600284138186,0.11187167764883661,1133333.3333333333,126787.90133534816,6,8.0
22,6,Nyle DiMarco,Peta Murgatroyd,Model,Model,New York,United States,26,26-35,25.0,8.333333333333334,3,0.9474135580421211,0.11056783720785056,1133333.3333333333,125310.21550223063,1,
22,6,Von Miller,Witney Carson,Athlete,Sports,Texas,United States,27,26-35,24.0,8.0,3,0.939584586632493,0.10476481825512086,1133333.3333333333,118733.46068913698,7,7.0
22,6,Kim Fields,Sasha Farber,Actor/Actress,Entertainment,New York,United States,46,46-55,24.0,8.0,3,0.9324594156014823,0.10439224868061028,1133333.3333333333,118311.21517135832,8,7.0
22,6,Ginger Zee,Valentin Chmerkovskiy,News Anchor,Media,California,United States,35,26-35,24.0,8.0,3,0.9244144802394191,0.10397317764903848,1133333.3333333333,117836.2680022436,3,
22,6,Doug Flutie,Karina Smirnoff,Athlete,Sports,Maryland,United States,53,46-55,21.0,7.0,3,0.5833955303232699,0.07827179488982056,1133333.3333333333,88708.03420846329,9,6.0
22,7,Nyle DiMarco,Peta Murgatroyd,Model,Model,New York,United States,26,26-35,28.0,9.333333333333334,3,0.9289937665164463,0.15022069582855874,1200000.0,180264.8349942705,1,
22,7,Paige VanZant,Mark Ballas,Athlete,Sports,Oregon,United States,22,≤25,27.5,9.166666666666666,3,0.9632052022462467,0.1453564178492768,1200000.0,174427.70141913215,2,
22,7,Wanya Morris,Lindsay Arnold,Singer/Rapper,Entertainment,Pennsylvania,United States,42,36-45,27.5,9.166666666666666,3,0.9584596880009807,0.14501193122666917,1200000.0,174014.317472003,4,9.0
22,7,Ginger Zee,Valentin Chmerkovskiy,News Anchor,Media,California,United States,35,26-35,27.5,9.166666666666666,3,0.9578954972438792,0.14497102980035834,1200000.0,173965.23576043,3,
22,7,Antonio Brown,Sharna Burgess,Athlete,Sports,Florida,United States,27,26-35,26.0,8.666666666666666,3,0.8161304819730025,0.11220586561541382,1200000.0,134647.03873849657,5,9.0
22,7,Von Miller,Witney Carson,Athlete,Sports,Texas,United States,27,26-35,26.0,8.666666666666666,3,0.639973046767629,0.10274565365959036,1200000.0,123294.78439150844,7,7.0
22,7,Kim Fields,Sasha Farber,Actor/Actress,Entertainment,New York,United States,46,46-55,26.0,8.666666666666666,3,0.6043689886504195,0.10093275704378857,1200000.0,121119.30845254628,8,7.0
22,7,Jodie Sweetin,Keo Motsepe,Actor/Actress,Entertainment,California,United States,34,26-35,25.5,8.5,3,0.6567475592406208,0.09855564897634418,1200000.0,118266.77877161301,6,8.0
22,8,Ginger Zee,Valentin Chmerkovskiy,News Anchor,Media,California,United States,35,26-35,30.0,10.0,3,0.952213507943992,0.19987633629076693,1266666.6666666665,253176.6926349714,3,
22,8,Nyle DiMarco,Peta Murgatroyd,Model,Model,New York,United States,26,26-35,29.0,9.666666666666666,3,0.8963311795529207,0.183571288636788,1266666.6666666665,232523.63227326478,1,
22,8,Paige VanZant,Mark Ballas,Athlete,Sports,Oregon,United States,22,≤25,28.0,9.333333333333334,3,0.9495648758279266,0.17690793531808222,1266666.6666666665,224083.38473623744,2,
22,8,Jodie Sweetin,Keo Motsepe,Actor/Actress,Entertainment,California,United States,34,26-35,30.0,10.0,3,0.618736639090055,0.1691795238370107,1266666.6666666665,214294.0635268802,6,8.0
22,8,Antonio Brown,Sharna Burgess,Athlete,Sports,Florida,United States,27,26-35,27.0,9.0,3,0.7290433980050826,0.1488797932903736,1266666.6666666665,188581.07150113987,5,9.0
22,8,Wanya Morris,Lindsay Arnold,Singer/Rapper,Entertainment,Pennsylvania,United States,42,36-45,25.0,8.333333333333334,3,0.5144733328985368,0.12158512262697871,1266666.6666666665,154007.82199417302,4,9.0
22,9,Wanya Morris,Lindsay Arnold,Singer/Rapper,Entertainment,Pennsylvania,United States,42,36-45,30.0,10.0,3,0.9253947817203462,0.24944494625078006,1333333.3333333335,332593.26166770677,4,9.0
22,9,Paige VanZant,Mark Ballas,Athlete,Sports,Oregon,United States,22,≤25,29.5,9.833333333333334,3,0.9251410126759521,0.2379504291230621,1333333.3333333335,317267.2388307495,2,
22,9,Nyle DiMarco,Peta Murgatroyd,Model,Model,New York,United States,26,26-35,28.5,9.5,3,0.645857671772197,0.1842789860702419,1333333.3333333335,245705.31476032257,1,
22,9,Ginger Zee,Valentin Chmerkovskiy,News Anchor,Media,California,United States,35,26-35,28.0,9.333333333333334,3,0.6690567259507717,0.17604883980195069,1333333.3333333335,234731.78640260093,3,
22,9,Antonio Brown,Sharna Burgess,Athlete,Sports,Florida,United States,27,26-35,27.5,9.166666666666666,3,0.4771373362756833,0.1522767987539652,1333333.3333333335,203035.7316719536,5,9.0
22,10,Paige VanZant,Mark Ballas,Athlete,Sports,Oregon,United States,22,≤25,29.666600000000003,9.888866666666669,3,0.9379483138371436,0.39398191983110464,1400000.0,551574.6877635465,2,
22,10,Nyle DiMarco,Peta Murgatroyd,Model,Model,New York,United States,26,26-35,28.9998,9.6666,3,0.8760238675549334,0.3402892846411238,1400000.0,476404.9984975733,1,
22,10,Ginger Zee,Valentin Chmerkovskiy,News Anchor,Media,California,United States,35,26-35,28.3332,9.4444,3,0.6124078763846112,0.2657287955277717,1400000.0,372020.31373888033,3,
23,1,Laurie Hernandez,Valentin Chmerkovskiy,Athlete,Sports,New Jersey,United States,16,≤25,31.0,7.75,4,0.9895236222400956,0.09221455644424228,800000.0,73771.64515539382,1,
23,1,James Hinchcliffe,Sharna Burgess,Racing Driver,Sports,Unknown,Canada,29,26-35,31.0,7.75,4,0.9878817420925297,0.0921388848846288,800000.0,73711.10790770304,2,
23,1,Marilu Henner,Derek Hough,Actor/Actress,Entertainment,Illinois,United States,64,>55,27.0,6.75,4,0.9869308376111854,0.08217014923635682,800000.0,65736.11938908546,6,9.0
23,1,Jana Kramer,Gleb Savchenko,Singer/Rapper,Entertainment,Michigan,United States,32,26-35,27.0,6.75,4,0.9817317596004339,0.08195682212454504,800000.0,65565.45769963603,4,11.0
23,1,Babyface,Allison Holker,Singer/Rapper,Entertainment,Indiana,United States,57,>55,26.0,6.5,4,0.9897288693078926,0.07925530090860147,800000.0,63404.24072688118,11,4.0
23,1,Calvin Johnson Jr.,Lindsay Arnold,Athlete,Sports,Georgia,United States,30,26-35,26.0,6.5,4,0.989294990108261,0.07923810916019203,800000.0,63390.48732815362,3,
23,1,Terra Jole,Sasha Farber,TV Personality,Media,Texas,United States,36,36-45,25.0,6.25,4,0.9838235395468659,0.07602735257997123,800000.0,60821.882063976984,5,10.0
23,1,Vanilla Ice,Witney Carson,Singer/Rapper,Entertainment,Texas,United States,48,46-55,25.0,6.25,4,0.9798031184073819,0.07587467510058035,800000.0,60699.74008046428,10,4.0
23,1,Ryan Lochte,Cheryl Burke,Athlete,Sports,New York,United States,32,26-35,24.0,6.0,4,0.9653928120853114,0.07252629486180288,800000.0,58021.035889442304,7,8.0
23,1,Amber Rose,Maksim Chmerkoskiy,Model,Model,Pennsylvania,United States,32,26-35,24.0,6.0,4,0.927690288132571,0.07117188891720419,800000.0,56937.51113376335,9,6.0
23,1,Maureen McCormick,Artem Chigvintsev,Actor/Actress,Entertainment,California,United States,60,>55,22.0,5.5,4,0.9398269916702989,0.0669361171416121,800000.0,53548.89371328968,8,7.0
23,1,Jake T. Austin,Jenna Johnson,Actor/Actress,Entertainment,New York,United States,21,≤25,22.0,5.5,4,0.9395439208356094,0.06692664398074674,800000.0,53541.31518459739,13,2.0
23,1,Rick Perry,Emma Slater,Politician,Other,Texas,United States,66,>55,20.0,5.0,4,0.9372476807800421,0.06356320465951616,800000.0,50850.56372761293,12,3.0
23,2,Laurie Hernandez,Valentin Chmerkovskiy,Athlete,Sports,New Jersey,United States,16,≤25,32.0,8.0,4,0.9807922211730291,0.09306951211631637,860000.0000000001,80039.78042003208,1,
23,2,Terra Jole,Sasha Farber,TV Personality,Media,Texas,United States,36,36-45,31.0,7.75,4,0.9849064220470737,0.09093858745923392,860000.0000000001,78207.18521494117,5,10.0
23,2,Babyface,Allison Holker,Singer/Rapper,Entertainment,Indiana,United States,57,>55,30.0,7.5,4,0.9860874894392413,0.0882782388103068,860000.0000000001,75919.28537686386,11,4.0
23,2,James Hinchcliffe,Sharna Burgess,Racing Driver,Sports,Unknown,Canada,29,26-35,29.0,7.25,4,0.9801955878968828,0.08499505825344962,860000.0000000001,73095.75009796668,2,
23,2,Jana Kramer,Gleb Savchenko,Singer/Rapper,Entertainment,Michigan,United States,32,26-35,29.0,7.25,4,0.9674545855933934,0.08445531816973344,860000.0000000001,72631.57362597076,4,11.0
23,2,Calvin Johnson Jr.,Lindsay Arnold,Athlete,Sports,Georgia,United States,30,26-35,28.0,7.0,4,0.9815585786325972,0.08183576833603426,860000.0000000001,70378.76076898948,3,
23,2,Marilu Henner,Derek Hough,Actor/Actress,Entertainment,Illinois,United States,64,>55,27.0,6.75,4,0.9860432257309693,0.07876666646379471,860000.0000000001,67739.33315886346,6,9.0
23,2,Maureen McCormick,Artem Chigvintsev,Actor/Actress,Entertainment,California,United States,60,>55,26.0,6.5,4,0.9129520990987482,0.07294028493699717,860000.0000000001,62728.645045817575,8,7.0
23,2,Vanilla Ice,Witney Carson,Singer/Rapper,Entertainment,Texas,United States,48,46-55,26.0,6.5,4,0.8823372065331618,0.07183225761364141,860000.0000000001,61775.741547731624,10,4.0
23,2,Ryan Lochte,Cheryl Burke,Athlete,Sports,New York,United States,32,26-35,24.0,6.0,4,0.9015134925019859,0.06745980552124697,860000.0000000001,58015.432748272404,7,8.0
23,2,Amber Rose,Maksim Chmerkoskiy,Model,Model,Pennsylvania,United States,32,26-35,24.0,6.0,4,0.8902348837850166,0.06708044980247518,860000.0000000001,57689.18683012867,9,6.0
23,2,Jake T. Austin,Jenna Johnson,Actor/Actress,Entertainment,New York,United States,21,≤25,24.0,6.0,4,0.7607343689037284,0.06287460744337835,860000.0000000001,54072.16240130539,13,2.0
23,2,Rick Perry,Emma Slater,Politician,Other,Texas,United States,66,>55,22.0,5.5,4,0.6181703034407363,0.05547344507339181,860000.0000000001,47707.16276311696,12,3.0
23,3,Calvin Johnson Jr.,Lindsay Arnold,Athlete,Sports,Georgia,United States,30,26-35,32.0,8.0,4,0.9837297380141515,0.1014496629316506,920000.0,93333.68989711856,3,
23,3,Laurie Hernandez,Valentin Chmerkovskiy,Athlete,Sports,New Jersey,United States,16,≤25,31.0,7.75,4,0.9885601229534989,0.0991557661036255,920000.0,91223.30481533546,1,
23,3,Terra Jole,Sasha Farber,TV Personality,Media,Texas,United States,36,36-45,30.0,7.5,4,0.9830582194201363,0.09591487376584909,920000.0,88241.68386458117,5,10.0
23,3,James Hinchcliffe,Sharna Burgess,Racing Driver,Sports,Unknown,Canada,29,26-35,29.0,7.25,4,0.9780672356840022,0.09235789735168011,920000.0,84969.2655635457,2,
23,3,Marilu Henner,Derek Hough,Actor/Actress,Entertainment,Illinois,United States,64,>55,28.0,7.0,4,0.9835362381119375,0.08906695423919758,920000.0,81941.59790006178,6,9.0
23,3,Maureen McCormick,Artem Chigvintsev,Actor/Actress,Entertainment,California,United States,60,>55,28.0,7.0,4,0.9740688933743585,0.08864633677699317,920000.0,81554.62983483371,8,7.0
23,3,Jana Kramer,Gleb Savchenko,Singer/Rapper,Entertainment,Michigan,United States,32,26-35,26.0,6.5,4,0.9021014268389416,0.07879814853229697,920000.0,72494.29664971321,4,11.0
23,3,Amber Rose,Maksim Chmerkoskiy,Model,Model,Pennsylvania,United States,32,26-35,25.0,6.25,4,0.9304484956660954,0.07690415698241723,920000.0,70751.82442382385,9,6.0
23,3,Babyface,Allison Holker,Singer/Rapper,Entertainment,Indiana,United States,57,>55,25.0,6.25,4,0.9268176161184647,0.07676466877159326,920000.0,70623.4952698658,11,4.0
23,3,Ryan Lochte,Cheryl Burke,Athlete,Sports,New York,United States,32,26-35,25.0,6.25,4,0.9188656536547144,0.07646005985024566,920000.0,70343.255062226,7,8.0
23,3,Vanilla Ice,Witney Carson,Singer/Rapper,Entertainment,Texas,United States,48,46-55,23.0,5.75,4,0.665741126670658,0.0631830201389189,920000.0,58128.378527805384,10,4.0
23,3,Rick Perry,Emma Slater,Politician,Other,Texas,United States,66,>55,23.0,5.75,4,0.6051791968537837,0.061298454555531914,920000.0,56394.578191089364,12,3.0
23,4,Laurie Hernandez,Valentin Chmerkovskiy,Athlete,Sports,New Jersey,United States,16,≤25,30.0,10.0,3,0.9806213097818121,0.11295745935287192,980000.0,110698.31016581449,1,
23,4,James Hinchcliffe,Sharna Burgess,Racing Driver,Sports,Unknown,Canada,29,26-35,28.0,9.333333333333334,3,0.9858781276126565,0.10854673410947852,980000.0,106375.79942728895,2,
23,4,Terra Jole,Sasha Farber,TV Personality,Media,Texas,United States,36,36-45,25.0,8.333333333333334,3,0.9824960021935869,0.09842024673942973,980000.0,96451.84180464114,5,10.0
23,4,Maureen McCormick,Artem Chigvintsev,Actor/Actress,Entertainment,California,United States,60,>55,24.0,8.0,3,0.9750715582819708,0.0943895034655612,980000.0,92501.71339624998,8,7.0
23,4,Amber Rose,Maksim Chmerkoskiy,Model,Model,Pennsylvania,United States,32,26-35,24.0,8.0,3,0.9627683979374525,0.09381064115197661,980000.0,91934.42832893708,9,6.0
23,4,Calvin Johnson Jr.,Lindsay Arnold,Athlete,Sports,Georgia,United States,30,26-35,23.0,7.666666666666667,3,0.9559737173989672,0.08995223214576537,980000.0,88153.18750285005,3,
23,4,Vanilla Ice,Witney Carson,Singer/Rapper,Entertainment,Texas,United States,48,46-55,23.0,7.666666666666667,3,0.9090735870920752,0.0878673868582873,980000.0,86110.03912112155,10,4.0
23,4,Jana Kramer,Gleb Savchenko,Singer/Rapper,Entertainment,Michigan,United States,32,26-35,23.0,7.666666666666667,3,0.9033916745036741,0.08761811370725861,980000.0,85865.75143311344,4,11.0
23,4,Ryan Lochte,Cheryl Burke,Athlete,Sports,New York,United States,32,26-35,22.0,7.333333333333333,3,0.9219434334972337,0.08519731882218941,980000.0,83493.37244574563,7,8.0
23,4,Marilu Henner,Derek Hough,Actor/Actress,Entertainment,Illinois,United States,64,>55,21.0,7.0,3,0.9112724616009926,0.08187723632432474,980000.0,80239.69159783825,6,9.0
23,4,Babyface,Allison Holker,Singer/Rapper,Entertainment,Indiana,United States,57,>55,18.0,6.0,3,0.4236738283308893,0.059363127322856445,980000.0,58175.864776399314,11,4.0
23,5,James Hinchcliffe,Sharna Burgess,Racing Driver,Sports,Unknown,Canada,29,26-35,29.0,9.666666666666666,3,0.9824561696968714,0.13721438533725147,1040000.0,142702.96075074153,2,
23,5,Marilu Henner,Derek Hough,Actor/Actress,Entertainment,Illinois,United States,64,>55,27.0,9.0,3,0.9794671642799255,0.12517552667978277,1040000.0,130182.54774697407,6,9.0
23,5,Terra Jole,Sasha Farber,TV Personality,Media,Texas,United States,36,36-45,27.0,9.0,3,0.978385903251488,0.12510787126036624,1040000.0,130112.1861107809,5,10.0
23,5,Jana Kramer,Gleb Savchenko,Singer/Rapper,Entertainment,Michigan,United States,32,26-35,26.0,8.666666666666666,3,0.9490371630261325,0.11561658439817739,1040000.0,120241.24777410449,4,11.0
23,5,Laurie Hernandez,Valentin Chmerkovskiy,Athlete,Sports,New Jersey,United States,16,≤25,25.0,8.333333333333334,3,0.9691917727899911,0.10904547249009437,1040000.0,113407.29138969815,1,
23,5,Calvin Johnson Jr.,Lindsay Arnold,Athlete,Sports,Georgia,United States,30,26-35,24.0,8.0,3,0.9177631136585627,0.09976951655803419,1040000.0,103760.29722035555,3,
23,5,Maureen McCormick,Artem Chigvintsev,Actor/Actress,Entertainment,California,United States,60,>55,24.0,8.0,3,0.8528322043875012,0.09658246825593131,1040000.0,100445.76698616856,8,7.0
23,5,Ryan Lochte,Cheryl Burke,Athlete,Sports,New York,United States,32,26-35,24.0,8.0,3,0.8504796295178936,0.09646892630417699,1040000.0,100327.68335634406,7,8.0
23,5,Amber Rose,Maksim Chmerkoskiy,Model,Model,Pennsylvania,United States,32,26-35,24.0,8.0,3,0.8201967092428887,0.09501924871618542,1040000.0,98820.01866483284,9,6.0
23,6,Jana Kramer,Gleb Savchenko,Singer/Rapper,Entertainment,Michigan,United States,32,26-35,40.0,10.0,4,0.9689516978585117,0.13544562921325223,1100000.0,148990.19213457746,4,11.0
23,6,James Hinchcliffe,Sharna Burgess,Racing Driver,Sports,Unknown,Canada,29,26-35,38.0,9.5,4,0.9742276518291496,0.1302635293692283,1100000.0,143289.88230615112,2,
23,6,Laurie Hernandez,Valentin Chmerkovskiy,Athlete,Sports,New Jersey,United States,16,≤25,37.0,9.25,4,0.977677697086889,0.1273259547958105,1100000.0,140058.55027539155,1,
23,6,Calvin Johnson Jr.,Lindsay Arnold,Athlete,Sports,Georgia,United States,30,26-35,37.0,9.25,4,0.971155507277558,0.12691140907724158,1100000.0,139602.54998496574,3,
23,6,Marilu Henner,Derek Hough,Actor/Actress,Entertainment,Illinois,United States,64,>55,34.0,8.5,4,0.9659312487536849,0.1164136049081457,1100000.0,128054.96539896027,6,9.0
23,6,Maureen McCormick,Artem Chigvintsev,Actor/Actress,Entertainment,California,United States,60,>55,31.0,7.75,4,0.8397308169729146,0.10044274674289143,1100000.0,110487.02141718057,8,7.0
23,6,Ryan Lochte,Cheryl Burke,Athlete,Sports,New York,United States,32,26-35,30.0,7.5,4,0.8810161875455718,0.10000301298572375,1100000.0,110003.31428429612,7,8.0
23,6,Terra Jole,Sasha Farber,TV Personality,Media,Texas,United States,36,36-45,30.0,7.5,4,0.8398910832569468,0.09796769321481721,1100000.0,107764.46253629893,5,10.0
23,6,Amber Rose,Maksim Chmerkoskiy,Model,Model,Pennsylvania,United States,32,26-35,28.0,7.0,4,0.11191902840421603,0.06522641969288931,1100000.0,71749.06166217824,9,6.0
23,7,James Hinchcliffe,Sharna Burgess,Racing Driver,Sports,Unknown,Canada,29,26-35,37.0,9.25,4,0.9732252124343336,0.15225363539692655,1160000.0000000002,176614.21706043484,2,
23,7,Calvin Johnson Jr.,Lindsay Arnold,Athlete,Sports,Georgia,United States,30,26-35,37.0,9.25,4,0.952678256440388,0.15069746833478273,1160000.0000000002,174809.063268348,3,
23,7,Laurie Hernandez,Valentin Chmerkovskiy,Athlete,Sports,New Jersey,United States,16,≤25,34.5,8.625,4,0.9759891564203341,0.13157446371606157,1160000.0000000002,152626.37791063145,1,
23,7,Terra Jole,Sasha Farber,TV Personality,Media,Texas,United States,36,36-45,34.5,8.625,4,0.9646987806006425,0.130833793721876,1160000.0000000002,151767.2007173762,5,10.0
23,7,Jana Kramer,Gleb Savchenko,Singer/Rapper,Entertainment,Michigan,United States,32,26-35,34.5,8.625,4,0.9507400285049098,0.1299238346428232,1160000.0000000002,150711.64818567495,4,11.0
23,7,Ryan Lochte,Cheryl Burke,Athlete,Sports,New York,United States,32,26-35,33.0,8.25,4,0.7457088753193702,0.10630411662430728,1160000.0000000002,123312.77528419647,7,8.0
23,7,Marilu Henner,Derek Hough,Actor/Actress,Entertainment,Illinois,United States,64,>55,32.0,8.0,4,0.7226919935740935,0.09973580952608871,1160000.0000000002,115693.53905026293,6,9.0
23,7,Maureen McCormick,Artem Chigvintsev,Actor/Actress,Entertainment,California,United States,60,>55,33.0,8.25,4,0.5968021610139019,0.09867687803713396,1160000.0000000002,114465.17852307542,8,7.0
23,8,James Hinchcliffe,Sharna Burgess,Racing Driver,Sports,Unknown,Canada,29,26-35,34.9998,11.6666,3,0.9404798928383592,0.17050061737219868,1220000.0000000002,208010.75319408244,2,
23,8,Laurie Hernandez,Valentin Chmerkovskiy,Athlete,Sports,New Jersey,United States,16,≤25,33.0,11.0,3,0.9573903998919697,0.16521984120066383,1220000.0000000002,201568.2062648099,1,
23,8,Calvin Johnson Jr.,Lindsay Arnold,Athlete,Sports,Georgia,United States,30,26-35,30.0,10.0,3,0.9675905745591751,0.15408894981933555,1220000.0000000002,187988.51877958942,3,
23,8,Jana Kramer,Gleb Savchenko,Singer/Rapper,Entertainment,Michigan,United States,32,26-35,30.0,10.0,3,0.9620988318330349,0.15366642175400017,1220000.0000000002,187473.03453988023,4,11.0
23,8,Ryan Lochte,Cheryl Burke,Athlete,Sports,New York,United States,32,26-35,26.0,8.666666666666666,3,0.7801208258029848,0.12595758043773195,1220000.0000000002,153668.248134033,7,8.0
23,8,Terra Jole,Sasha Farber,TV Personality,Media,Texas,United States,36,36-45,24.0,8.0,3,0.8193040193846759,0.12258676992199158,1220000.0000000002,149555.85930482976,5,10.0
23,8,Marilu Henner,Derek Hough,Actor/Actress,Entertainment,Illinois,United States,64,>55,23.0,7.666666666666667,3,0.6058258706253763,0.1079798194940782,1220000.0000000002,131735.37978277542,6,9.0
23,9,Jana Kramer,Gleb Savchenko,Singer/Rapper,Entertainment,Michigan,United States,32,26-35,40.0,10.0,4,0.952963116559553,0.20360291486802418,1280000.0,260611.73103107096,4,11.0
23,9,Laurie Hernandez,Valentin Chmerkovskiy,Athlete,Sports,New Jersey,United States,16,≤25,40.0,10.0,4,0.930112212931669,0.20128989836620734,1280000.0,257651.06990874538,1,
23,9,Terra Jole,Sasha Farber,TV Personality,Media,Texas,United States,36,36-45,38.0,9.5,4,0.9277343531050277,0.17810157479860683,1280000.0,227970.01574221675,5,10.0
23,9,Calvin Johnson Jr.,Lindsay Arnold,Athlete,Sports,Georgia,United States,30,26-35,37.0,9.25,4,0.8121688994984971,0.15718283835835448,1280000.0,201194.03309869373,3,
23,9,Marilu Henner,Derek Hough,Actor/Actress,Entertainment,Illinois,United States,64,>55,36.0,9.0,4,0.5523301166519791,0.13004198089269386,1280000.0,166453.73554264815,6,9.0
23,9,James Hinchcliffe,Sharna Burgess,Racing Driver,Sports,Unknown,Canada,29,26-35,36.0,9.0,4,0.5483090947695184,0.12978079271611345,1280000.0,166119.41467662522,2,
23,10,Laurie Hernandez,Valentin Chmerkovskiy,Athlete,Sports,New Jersey,United States,16,≤25,30.0,10.0,3,0.9572663684135241,0.2318093474731436,1339999.9999999998,310624.5256140124,1,
23,10,James Hinchcliffe,Sharna Burgess,Racing Driver,Sports,Unknown,Canada,29,26-35,29.5,9.833333333333334,3,0.9173471206881924,0.21204832775942803,1339999.9999999998,284144.7591976335,2,
23,10,Terra Jole,Sasha Farber,TV Personality,Media,Texas,United States,36,36-45,30.0,10.0,3,0.6678041930527946,0.2005741829330205,1339999.9999999998,268769.4051302474,5,10.0
23,10,Jana Kramer,Gleb Savchenko,Singer/Rapper,Entertainment,Michigan,United States,32,26-35,29.0,9.666666666666666,3,0.8182162593268169,0.18738449005232496,1339999.9999999998,251095.21667011542,4,11.0
23,10,Calvin Johnson Jr.,Lindsay Arnold,Athlete,Sports,Georgia,United States,30,26-35,28.0,9.333333333333334,3,0.8387717533774431,0.16818365178208294,1339999.9999999998,225366.0933879911,3,
23,11,Laurie Hernandez,Valentin Chmerkovskiy,Athlete,Sports,New Jersey,United States,16,≤25,39.333200000000005,9.8333,4,0.8856156227273815,0.27498007681487724,1400000.0,384972.1075408281,1,
23,11,James Hinchcliffe,Sharna Burgess,Racing Driver,Sports,Unknown,Canada,29,26-35,38.9998,9.74995,4,0.8971205528550611,0.2706687247234928,1400000.0,378936.2146128899,2,
23,11,Calvin Johnson Jr.,Lindsay Arnold,Athlete,Sports,Georgia,United States,30,26-35,38.3331,9.583275,4,0.8797163416855694,0.25622409236892163,1400000.0,358713.7293164903,3,
23,11,Jana Kramer,Gleb Savchenko,Singer/Rapper,Entertainment,Michigan,United States,32,26-35,35.5,8.875,4,0.7181537884777196,0.19812710609270837,1400000.0,277377.9485297917,4,11.0
24,1,Simone Biles,Sasha Farber,Athlete,Sports,Ohio,United States,20,≤25,32.0,8.0,4,0.9873900243526121,0.09845234196037192,800000.0,78761.87356829754,4,9.0
24,1,Rashad Jennings,Emma Slater,Athlete,Sports,Virginia,United States,32,26-35,31.0,7.75,4,0.9878817420925297,0.09676831886531166,800000.0,77414.65509224933,1,
24,1,David Ross,Lindsay Arnold,Athlete,Sports,Georgia,United States,40,36-45,28.0,7.0,4,0.989123863348776,0.09067553581367334,800000.0,72540.42865093867,2,
24,1,Nancy Kerrigan,Artem Chigvintsev,Athlete,Sports,Massachusetts,United States,47,46-55,28.0,7.0,4,0.9859075839924677,0.0905298340724692,800000.0,72423.86725797536,7,7.0
24,1,Heather Morris,Maksim Chmerkoskiy,Actor/Actress,Entertainment,California,United States,30,26-35,28.0,7.0,4,0.9836657844914778,0.0904284160543792,800000.0,72342.73284350336,8,6.0
24,1,Normani,Valentin Chmerkovskiy,Singer/Rapper,Entertainment,Georgia,United States,20,≤25,27.0,6.75,4,0.989294990108261,0.08839743413206287,800000.0,70717.94730565029,3,
24,1,Nick Viall,Peta Murgatroyd,TV Personality,Media,Wisconsin,United States,36,36-45,24.0,6.0,4,0.969137534586494,0.08071093522536354,800000.0,64568.74818029084,6,7.0
24,1,Erika Jayne,Gleb Savchenko,Singer/Rapper,Entertainment,Georgia,United States,45,36-45,24.0,6.0,4,0.9549918704025728,0.080142094361838,800000.0,64113.6754894704,9,5.0
24,1,Bonner Bolton,Sharna Burgess,Athlete,Sports,Texas,United States,29,26-35,22.0,5.5,4,0.9564241614715565,0.07618300032844384,800000.0,60946.40026275507,5,8.0
24,1,Charo,Keo Motsepe,Actor/Actress,Entertainment,Unknown,Spain,66,>55,21.0,5.25,4,0.9509780895583457,0.07422592795068998,800000.0,59380.74236055199,11,3.0
24,1,Mr. T,Kym Herjavec,Actor/Actress,Entertainment,Illinois,United States,64,>55,20.0,5.0,4,0.9061595988564211,0.07105526054213449,800000.0,56844.20843370759,10,4.0
24,1,Chris Kattan,Witney Carson,Comedian,Entertainment,California,United States,46,46-55,17.0,4.25,4,0.7479358436916642,0.062430900693262,800000.0,49944.7205546096,12,2.0
24,2,Normani,Valentin Chmerkovskiy,Singer/Rapper,Entertainment,Georgia,United States,20,≤25,32.0,8.0,4,0.984083575649259,0.09949287687523588,866666.6666666667,86227.15995853777,3,
24,2,Rashad Jennings,Emma Slater,Athlete,Sports,Virginia,United States,32,26-35,32.0,8.0,4,0.9797701950423505,0.09927853277242216,866666.6666666667,86041.39506943255,1,
24,2,Heather Morris,Maksim Chmerkoskiy,Actor/Actress,Entertainment,California,United States,30,26-35,30.0,7.5,4,0.9760945815325379,0.0936939134394379,866666.6666666667,81201.39164751286,8,6.0
24,2,Simone Biles,Sasha Farber,Athlete,Sports,Ohio,United States,20,≤25,29.0,7.25,4,0.9855158951920024,0.09101596768833997,866666.6666666667,78880.50532989464,4,9.0
24,2,Bonner Bolton,Sharna Burgess,Athlete,Sports,Texas,United States,29,26-35,28.0,7.0,4,0.9818404726209874,0.087614476556306,866666.6666666667,75932.54634879854,5,8.0
24,2,Erika Jayne,Gleb Savchenko,Singer/Rapper,Entertainment,Georgia,United States,45,36-45,28.0,7.0,4,0.9759950335059576,0.08735877786196186,866666.6666666667,75710.94081370029,9,5.0
24,2,Nancy Kerrigan,Artem Chigvintsev,Athlete,Sports,Massachusetts,United States,47,46-55,28.0,7.0,4,0.9756156904300644,0.08734220995949106,866666.6666666667,75696.58196489226,7,7.0
24,2,David Ross,Lindsay Arnold,Athlete,Sports,Georgia,United States,40,36-45,27.0,6.75,4,0.9700774931339776,0.08390839349367155,866666.6666666667,72720.60769451535,2,
24,2,Charo,Keo Motsepe,Actor/Actress,Entertainment,Unknown,Spain,66,>55,25.0,6.25,4,0.9104365329645314,0.0758243139008424,866666.6666666667,65714.4053807301,11,3.0
24,2,Nick Viall,Peta Murgatroyd,TV Personality,Media,Wisconsin,United States,36,36-45,25.0,6.25,4,0.8722601322028537,0.07439069037914206,866666.6666666667,64471.931661923125,6,7.0
24,2,Mr. T,Kym Herjavec,Actor/Actress,Entertainment,Illinois,United States,64,>55,22.0,5.5,4,0.639598756301025,0.06101666412355715,866666.6666666667,52881.10890708287,10,4.0
24,2,Chris Kattan,Witney Carson,Comedian,Entertainment,California,United States,46,46-55,22.0,5.5,4,0.5745202745722262,0.05906318294959195,866666.6666666667,51188.09188964636,12,2.0
24,3,Normani,Valentin Chmerkovskiy,Singer/Rapper,Entertainment,Georgia,United States,20,≤25,34.0,8.5,4,0.9837297380141515,0.10851515009549521,933333.3333333334,101280.80675579554,3,
24,3,Nancy Kerrigan,Artem Chigvintsev,Athlete,Sports,Massachusetts,United States,47,46-55,33.0,8.25,4,0.9805151609886725,0.10598519304533358,933333.3333333334,98919.51350897801,7,7.0
24,3,Heather Morris,Maksim Chmerkoskiy,Actor/Actress,Entertainment,California,United States,30,26-35,33.0,8.25,4,0.9762536053065742,0.10575960257145711,933333.3333333334,98708.96240002665,8,6.0
24,3,Simone Biles,Sasha Farber,Athlete,Sports,Ohio,United States,20,≤25,32.0,8.0,4,0.9774066279836621,0.10322478831071633,933333.3333333334,96343.13575666858,4,9.0
24,3,David Ross,Lindsay Arnold,Athlete,Sports,Georgia,United States,40,36-45,31.0,7.75,4,0.9807894818809396,0.10060707947101881,933333.3333333334,93899.94083961756,2,
24,3,Rashad Jennings,Emma Slater,Athlete,Sports,Virginia,United States,32,26-35,28.0,7.0,4,0.9546201909046367,0.09066714578975167,933333.3333333334,84622.66940376823,1,
24,3,Erika Jayne,Gleb Savchenko,Singer/Rapper,Entertainment,Georgia,United States,45,36-45,26.0,6.5,4,0.8831498604594346,0.08245095027099296,933333.3333333334,76954.22025292677,9,5.0
24,3,Nick Viall,Peta Murgatroyd,TV Personality,Media,Wisconsin,United States,36,36-45,26.0,6.5,4,0.8617383973840282,0.0815729606785111,933333.3333333334,76134.76329994369,6,7.0
24,3,Bonner Bolton,Sharna Burgess,Athlete,Sports,Texas,United States,29,26-35,24.0,6.0,4,0.8652267998784048,0.07766727245770655,933333.3333333334,72489.45429385945,5,8.0
24,3,Mr. T,Kym Herjavec,Actor/Actress,Entertainment,Illinois,United States,64,>55,24.0,6.0,4,0.7139918712156369,0.0720108282752796,933333.3333333334,67210.10639026096,10,4.0
24,3,Charo,Keo Motsepe,Actor/Actress,Entertainment,Unknown,Spain,66,>55,24.0,6.0,4,0.7008451931427087,0.07153902903373698,933333.3333333334,66769.76043148784,11,3.0
24,4,Rashad Jennings,Emma Slater,Athlete,Sports,Virginia,United States,32,26-35,39.0,9.75,4,0.9808796523418624,0.12397836888562104,1000000.0,123978.36888562104,1,
24,4,Simone Biles,Sasha Farber,Athlete,Sports,Ohio,United States,20,≤25,36.0,9.0,4,0.980112185925745,0.11570174028793605,1000000.0,115701.74028793605,4,9.0
24,4,Heather Morris,Maksim Chmerkoskiy,Actor/Actress,Entertainment,California,United States,30,26-35,35.0,8.75,4,0.9746723889628272,0.11180390629331054,1000000.0,111803.90629331053,8,6.0
24,4,Nancy Kerrigan,Artem Chigvintsev,Athlete,Sports,Massachusetts,United States,47,46-55,33.0,8.25,4,0.9803234053372608,0.1042783484587157,1000000.0,104278.3484587157,7,7.0
24,4,Normani,Valentin Chmerkovskiy,Singer/Rapper,Entertainment,Georgia,United States,20,≤25,32.0,8.0,4,0.9509837261169581,0.09891719451449114,1000000.0,98917.19451449114,3,
24,4,Bonner Bolton,Sharna Burgess,Athlete,Sports,Texas,United States,29,26-35,32.0,8.0,4,0.9503659713175437,0.09888664594678713,1000000.0,98886.64594678713,5,8.0
24,4,David Ross,Lindsay Arnold,Athlete,Sports,Georgia,United States,40,36-45,31.0,7.75,4,0.9325229816267528,0.0944417910130047,1000000.0,94441.79101300471,2,
24,4,Nick Viall,Peta Murgatroyd,TV Personality,Media,Wisconsin,United States,36,36-45,30.0,7.5,4,0.8742898377533178,0.08862353729900338,1000000.0,88623.53729900338,6,7.0
24,4,Erika Jayne,Gleb Savchenko,Singer/Rapper,Entertainment,Georgia,United States,45,36-45,30.0,7.5,4,0.8331129829703114,0.08681757281322608,1000000.0,86817.57281322608,9,5.0
24,4,Mr. T,Kym Herjavec,Actor/Actress,Entertainment,Illinois,United States,64,>55,28.0,7.0,4,0.695684749775858,0.07655089448790427,1000000.0,76550.89448790427,10,4.0
24,5,Normani,Valentin Chmerkovskiy,Singer/Rapper,Entertainment,Georgia,United States,20,≤25,39.0,9.75,4,0.9787769655897692,0.13337730371720186,1066666.6666666667,142269.12396501531,3,
24,5,Simone Biles,Sasha Farber,Athlete,Sports,Ohio,United States,20,≤25,38.0,9.5,4,0.976224731834331,0.1301168765128265,1066666.6666666667,138791.33494701493,4,9.0
24,5,Nancy Kerrigan,Artem Chigvintsev,Athlete,Sports,Massachusetts,United States,47,46-55,36.0,9.0,4,0.9697980868609337,0.12228910565770426,1066666.6666666667,130441.71270155122,7,7.0
24,5,Nick Viall,Peta Murgatroyd,TV Personality,Media,Wisconsin,United States,36,36-45,34.0,8.5,4,0.9804997035662251,0.11459143002212446,1066666.6666666667,122230.8586902661,6,7.0
24,5,Heather Morris,Maksim Chmerkoskiy,Actor/Actress,Entertainment,California,United States,30,26-35,34.0,8.5,4,0.9710529008506963,0.11405144499292505,1066666.6666666667,121654.87465912006,8,6.0
24,5,Rashad Jennings,Emma Slater,Athlete,Sports,Virginia,United States,32,26-35,32.0,8.0,4,0.9516554516663952,0.10513794207675425,1066666.6666666667,112147.13821520454,1,
24,5,Erika Jayne,Gleb Savchenko,Singer/Rapper,Entertainment,Georgia,United States,45,36-45,32.0,8.0,4,0.8532211061755963,0.10008862557875872,1066666.6666666667,106761.20061734265,9,5.0
24,5,Bonner Bolton,Sharna Burgess,Athlete,Sports,Texas,United States,29,26-35,30.0,7.5,4,0.8625970309649487,0.09451242564251217,1066666.6666666667,100813.25401867965,5,8.0
24,5,David Ross,Lindsay Arnold,Athlete,Sports,Georgia,United States,40,36-45,29.0,7.25,4,0.7205714521438007,0.08583484579919279,1066666.6666666667,91557.16885247231,2,
24,6,Heather Morris,Maksim Chmerkoskiy,Actor/Actress,Entertainment,California,United States,30,26-35,37.0,9.25,4,0.9612295510345346,0.14865621319927796,1133333.3333333333,168477.04162584836,8,6.0
24,6,Normani,Valentin Chmerkovskiy,Singer/Rapper,Entertainment,Georgia,United States,20,≤25,36.0,9.0,4,0.979615764495202,0.14458070304328105,1133333.3333333333,163858.13011571852,3,
24,6,Rashad Jennings,Emma Slater,Athlete,Sports,Virginia,United States,32,26-35,35.0,8.75,4,0.970110748448281,0.1376228875967935,1133333.3333333333,155972.60594303263,1,
24,6,Simone Biles,Sasha Farber,Athlete,Sports,Ohio,United States,20,≤25,34.5,8.625,4,0.975607065752048,0.13466253638770478,1133333.3333333333,152617.54123939874,4,9.0
24,6,Nancy Kerrigan,Artem Chigvintsev,Athlete,Sports,Massachusetts,United States,47,46-55,33.5,8.375,4,0.9520374895837168,0.1264375100371157,1133333.3333333333,143295.8447087311,7,7.0
24,6,Bonner Bolton,Sharna Burgess,Athlete,Sports,Texas,United States,29,26-35,31.5,7.875,4,0.8234393858725919,0.10761568223085814,1133333.3333333333,121964.43986163921,5,8.0
24,6,David Ross,Lindsay Arnold,Athlete,Sports,Georgia,United States,40,36-45,31.0,7.75,4,0.7496791130880988,0.10161503803105497,1133333.3333333333,115163.70976852896,2,
24,6,Nick Viall,Peta Murgatroyd,TV Personality,Media,Wisconsin,United States,36,36-45,30.5,7.625,4,0.7306885065521878,0.09880942947391387,1133333.3333333333,111984.02007043571,6,7.0
24,7,Normani,Valentin Chmerkovskiy,Singer/Rapper,Entertainment,Georgia,United States,20,≤25,42.0,10.5,4,0.9687992715357004,0.17677022687199398,1200000.0,212124.27224639276,3,
24,7,Rashad Jennings,Emma Slater,Athlete,Sports,Virginia,United States,32,26-35,39.0,9.75,4,0.9530999571337507,0.1635417952871662,1200000.0,196250.15434459943,1,
24,7,Simone Biles,Sasha Farber,Athlete,Sports,Ohio,United States,20,≤25,39.0,9.75,4,0.9363512877824566,0.1621779601363845,1200000.0,194613.5521636614,4,9.0
24,7,Nancy Kerrigan,Artem Chigvintsev,Athlete,Sports,Massachusetts,United States,47,46-55,36.0,9.0,4,0.8817770128519248,0.14438504519928994,1200000.0,173262.05423914792,7,7.0
24,7,Nick Viall,Peta Murgatroyd,TV Personality,Media,Wisconsin,United States,36,36-45,34.0,8.5,4,0.6724665343846322,0.12245318616839922,1200000.0,146943.82340207906,6,7.0
24,7,David Ross,Lindsay Arnold,Athlete,Sports,Georgia,United States,40,36-45,32.0,8.0,4,0.7022100460156514,0.1178662646621814,1200000.0,141439.51759461768,2,
24,7,Bonner Bolton,Sharna Burgess,Athlete,Sports,Texas,United States,29,26-35,31.0,7.75,4,0.6595710735282331,0.11280552167458484,1200000.0,135366.6260095018,5,8.0
24,8,Normani,Valentin Chmerkovskiy,Singer/Rapper,Entertainment,Georgia,United States,20,≤25,39.5,9.875,4,0.9690053148044595,0.24052810198317978,1266666.6666666665,304668.9291786944,3,
24,8,Rashad Jennings,Emma Slater,Athlete,Sports,Virginia,United States,32,26-35,37.5,9.375,4,0.9581694708272154,0.22758820768142604,1266666.6666666665,288278.39639647293,1,
24,8,Simone Biles,Sasha Farber,Athlete,Sports,Ohio,United States,20,≤25,36.0,9.0,4,0.9308677657962651,0.21512158717016183,1266666.6666666665,272487.34374887164,4,9.0
24,8,David Ross,Lindsay Arnold,Athlete,Sports,Georgia,United States,40,36-45,32.5,8.125,4,0.7736076771541823,0.17944552950218035,1266666.6666666665,227297.67070276174,2,
24,8,Bonner Bolton,Sharna Burgess,Athlete,Sports,Texas,United States,29,26-35,29.0,7.25,4,0.4028412518052887,0.13731657366305192,1266666.6666666665,173934.32663986573,5,8.0
24,9,Rashad Jennings,Emma Slater,Athlete,Sports,Virginia,United States,32,26-35,38.5,9.625,4,0.9240379495224003,0.28168811378861996,1333333.3333333335,375584.15171816,1,
24,9,Normani,Valentin Chmerkovskiy,Singer/Rapper,Entertainment,Georgia,United States,20,≤25,38.0,9.5,4,0.8972323013712096,0.26984807888388657,1333333.3333333335,359797.4385118488,3,
24,9,Simone Biles,Sasha Farber,Athlete,Sports,Ohio,United States,20,≤25,40.0,10.0,4,0.44441562188425937,0.2400521367193907,1333333.3333333335,320069.5156258543,4,9.0
24,9,David Ross,Lindsay Arnold,Athlete,Sports,Georgia,United States,40,36-45,35.0,8.75,4,0.6930274991863804,0.2084116706081029,1333333.3333333335,277882.2274774706,2,
24,10,Rashad Jennings,Emma Slater,Athlete,Sports,Virginia,United States,32,26-35,39.6666,9.91665,4,0.9240379495224003,0.37556114055780593,1400000.0,525785.5967809283,1,
24,10,Normani,Valentin Chmerkovskiy,Singer/Rapper,Entertainment,Georgia,United States,20,≤25,39.333200000000005,9.8333,4,0.8748461495920279,0.3588529845184098,1400000.0,502394.17832577374,3,
24,10,David Ross,Lindsay Arnold,Athlete,Sports,Georgia,United States,40,36-45,36.3333,9.083325,4,0.651125177035997,0.2655858749237842,1400000.0,371820.2248932979,2,
25,1,Jordan Fisher,Lindsay Arnold,Actor/Actress,Entertainment,Alabama,United States,23,≤25,22.0,7.333333333333333,3,0.9878817420925297,0.0906770339871657,800000.0,72541.62718973256,1,
25,1,Lindsey Stirling,Mark Ballas,Musician,Entertainment,California,United States,31,26-35,22.0,7.333333333333333,3,0.9843771455847481,0.09051827991170845,800000.0,72414.62392936676,2,
25,1,Vanessa Lachey,Maksim Chmerkoskiy,TV Personality,Media,Unknown,Philippines,36,36-45,21.0,7.0,3,0.97305731988705,0.08693949608450605,800000.0,69551.59686760484,7,7.0
25,1,Nikki Bella,Artem Chigvintsev,Athlete,Sports,California,United States,33,26-35,20.0,6.666666666666667,3,0.9836657844914778,0.08381270988559109,800000.0,67050.16790847287,8,7.0
25,1,Frankie Muniz,Witney Carson,Actor/Actress,Entertainment,New Jersey,United States,31,26-35,19.0,6.333333333333333,3,0.9860941103649503,0.08002698141383278,800000.0,64021.585131066226,3,
25,1,Victoria Arlen,Valentin Chmerkovskiy,Athlete,Sports,New Hamshire,United States,22,≤25,19.0,6.333333333333333,3,0.9860941103649503,0.08002698141383278,800000.0,64021.585131066226,5,9.0
25,1,Derek Fisher,Sharna Burgess,Athlete,Sports,Arkansas,United States,43,36-45,18.0,6.0,3,0.9593580647934608,0.07512950954899532,800000.0,60103.607639196256,11,4.0
25,1,Nick Lachey,Peta Murgatroyd,Singer/Rapper,Entertainment,Kentucky,United States,43,36-45,18.0,6.0,3,0.9593580647934608,0.07512950954899532,800000.0,60103.607639196256,9,6.0
25,1,Sasha Pieterse,Gleb Savchenko,Actor/Actress,Entertainment,Unknown,South Africa,21,≤25,18.0,6.0,3,0.9482746636077167,0.07471431580366267,800000.0,59771.45264293013,10,5.0
25,1,Debbie Gibson,Alan Bersten,Singer/Rapper,Entertainment,New York,United States,47,46-55,17.0,5.666666666666667,3,0.9579783189202529,0.07153778943417674,800000.0,57230.23154734139,12,2.0
25,1,Drew Scott,Emma Slater,TV Personality,Media,Unknown,Canada,39,36-45,16.0,5.333333333333333,3,0.9491969651838912,0.06819839728359642,800000.0,54558.71782687713,4,10.0
25,1,Terrell Owens,Cheryl Burke,Athlete,Sports,Alabama,United States,43,36-45,15.0,5.0,3,0.865181582582622,0.06305365584615073,800000.0,50442.924676920586,6,8.0
25,1,Barbara Corcoran,Keo Motsepe,Entrepreneur,Other,New Jersey,United States,68,>55,14.0,4.666666666666667,3,0.8314075796924341,0.06023533983778605,800000.0,48188.27187022884,13,2.0
25,2,Frankie Muniz,Witney Carson,Actor/Actress,Entertainment,New Jersey,United States,31,26-35,24.0,8.0,3,0.9828500681822531,0.09224341961777523,866666.6666666667,79944.29700207186,3,
25,2,Jordan Fisher,Lindsay Arnold,Actor/Actress,Entertainment,Alabama,United States,23,≤25,24.0,8.0,3,0.9788166594556993,0.09205757936635728,866666.6666666667,79783.23545084299,1,
25,2,Vanessa Lachey,Maksim Chmerkoskiy,TV Personality,Media,Unknown,Philippines,36,36-45,23.5,7.833333333333333,3,0.9810767293950831,0.09035271805279414,866666.6666666667,78305.68897908827,7,7.0
25,2,Lindsey Stirling,Mark Ballas,Musician,Entertainment,California,United States,31,26-35,22.5,7.5,3,0.9847125178883046,0.08639491348613594,866666.6666666667,74875.59168798449,2,
25,2,Sasha Pieterse,Gleb Savchenko,Actor/Actress,Entertainment,Unknown,South Africa,21,≤25,22.5,7.5,3,0.9735930221546654,0.08591591234681686,866666.6666666667,74460.4573672413,10,5.0
25,2,Victoria Arlen,Valentin Chmerkovskiy,Athlete,Sports,New Hamshire,United States,22,≤25,22.0,7.333333333333333,3,0.9779611270620802,0.08387607611458017,866666.6666666667,72692.59929930282,5,9.0
25,2,Drew Scott,Emma Slater,TV Personality,Media,Unknown,Canada,39,36-45,20.5,6.833333333333333,3,0.9349581205304619,0.07549556217390872,866666.6666666667,65429.48721738756,4,10.0
25,2,Debbie Gibson,Alan Bersten,Singer/Rapper,Entertainment,New York,United States,47,46-55,20.5,6.833333333333333,3,0.8792861639549975,0.07342304838954523,866666.6666666667,63633.30860427254,12,2.0
25,2,Terrell Owens,Cheryl Burke,Athlete,Sports,Alabama,United States,43,36-45,19.5,6.5,3,0.9093713055620156,0.0706664063567047,866666.6666666667,61244.21884247741,6,8.0
25,2,Nikki Bella,Artem Chigvintsev,Athlete,Sports,California,United States,33,26-35,19.5,6.5,3,0.9038422065429916,0.0704713153712687,866666.6666666667,61075.13998843288,8,7.0
25,2,Derek Fisher,Sharna Burgess,Athlete,Sports,Arkansas,United States,43,36-45,19.0,6.333333333333333,3,0.8243888714487323,0.06611516309180258,866666.6666666667,57299.80801289558,11,4.0
25,2,Nick Lachey,Peta Murgatroyd,Singer/Rapper,Entertainment,Kentucky,United States,43,36-45,19.0,6.333333333333333,3,0.8243888714487323,0.06611516309180258,866666.6666666667,57299.80801289558,9,6.0
25,2,Barbara Corcoran,Keo Motsepe,Entrepreneur,Other,New Jersey,United States,68,>55,17.0,5.666666666666667,3,0.28235263125657567,0.04687272254050773,866666.6666666667,40623.02620177337,13,2.0
25,3,Lindsey Stirling,Mark Ballas,Musician,Entertainment,California,United States,31,26-35,27.0,9.0,3,0.9762536053065742,0.11397201464114862,933333.3333333334,106373.8803317387,2,
25,3,Jordan Fisher,Lindsay Arnold,Actor/Actress,Entertainment,Alabama,United States,23,≤25,25.0,8.333333333333334,3,0.9788083655261418,0.10763501011968565,933333.3333333334,100459.34277837328,1,
25,3,Drew Scott,Emma Slater,TV Personality,Media,Unknown,Canada,39,36-45,23.0,7.666666666666667,3,0.983652582869977,0.09816272598565662,933333.3333333334,91618.54425327951,4,10.0
25,3,Vanessa Lachey,Maksim Chmerkoskiy,TV Personality,Media,Unknown,Philippines,36,36-45,23.0,7.666666666666667,3,0.9807816155884688,0.09802191608770443,933333.3333333334,91487.12168185748,7,7.0
25,3,Victoria Arlen,Valentin Chmerkovskiy,Athlete,Sports,New Hamshire,United States,22,≤25,22.0,7.333333333333333,3,0.9798848696724147,0.09267987299136674,933333.3333333334,86501.21479194229,5,9.0
25,3,Frankie Muniz,Witney Carson,Actor/Actress,Entertainment,New Jersey,United States,31,26-35,21.0,7.0,3,0.93671508510818,0.085881373700649,933333.3333333334,80155.9487872724,3,
25,3,Terrell Owens,Cheryl Burke,Athlete,Sports,Alabama,United States,43,36-45,21.0,7.0,3,0.9204036801644874,0.08518379924036894,933333.3333333334,79504.879291011,6,8.0
25,3,Derek Fisher,Sharna Burgess,Athlete,Sports,Arkansas,United States,43,36-45,21.0,7.0,3,0.8786866431592361,0.0834253940049854,933333.3333333334,77863.70107131971,11,4.0
25,3,Nick Lachey,Peta Murgatroyd,Singer/Rapper,Entertainment,Kentucky,United States,43,36-45,21.0,7.0,3,0.8786866431592361,0.0834253940049854,933333.3333333334,77863.70107131971,9,6.0
25,3,Nikki Bella,Artem Chigvintsev,Athlete,Sports,California,United States,33,26-35,21.0,7.0,3,0.8782937758697177,0.08340900806020364,933333.3333333334,77848.40752285674,8,7.0
25,3,Sasha Pieterse,Gleb Savchenko,Actor/Actress,Entertainment,Unknown,South Africa,21,≤25,19.0,6.333333333333333,3,0.6527965172563871,0.0682034911632454,933333.3333333334,63656.59175236237,10,5.0
25,4,Jordan Fisher,Lindsay Arnold,Actor/Actress,Entertainment,Alabama,United States,23,≤25,29.0,9.666666666666666,3,0.9775526858275488,0.11640291385255973,1000000.0,116402.91385255972,1,
25,4,Victoria Arlen,Valentin Chmerkovskiy,Athlete,Sports,New Hamshire,United States,22,≤25,27.0,9.0,3,0.9824692969766927,0.10917970444036329,1000000.0,109179.70444036329,5,9.0
25,4,Lindsey Stirling,Mark Ballas,Musician,Entertainment,California,United States,31,26-35,26.0,8.666666666666666,3,0.976020936161289,0.10340484890686723,1000000.0,103404.84890686722,2,
25,4,Vanessa Lachey,Maksim Chmerkoskiy,TV Personality,Media,Unknown,Philippines,36,36-45,24.0,8.0,3,0.9373707647169457,0.0896282826108918,1000000.0,89628.2826108918,7,7.0
25,4,Drew Scott,Emma Slater,TV Personality,Media,Unknown,Canada,39,36-45,24.0,8.0,3,0.9087521201826337,0.08835489501531196,1000000.0,88354.89501531197,4,10.0
25,4,Frankie Muniz,Witney Carson,Actor/Actress,Entertainment,New Jersey,United States,31,26-35,24.0,8.0,3,0.8940436307488746,0.08770749498244955,1000000.0,87707.49498244956,3,
25,4,Terrell Owens,Cheryl Burke,Athlete,Sports,Alabama,United States,43,36-45,24.0,8.0,3,0.8901550109405947,0.08753713010601594,1000000.0,87537.13010601593,6,8.0
25,4,Nikki Bella,Artem Chigvintsev,Athlete,Sports,California,United States,33,26-35,24.0,8.0,3,0.8896968539416309,0.08751707952826811,1000000.0,87517.0795282681,8,7.0
25,4,Sasha Pieterse,Gleb Savchenko,Actor/Actress,Entertainment,Unknown,South Africa,21,≤25,24.0,8.0,3,0.8084455549355805,0.08403289416750517,1000000.0,84032.89416750518,10,5.0
25,4,Derek Fisher,Sharna Burgess,Athlete,Sports,Arkansas,United States,43,36-45,23.0,7.666666666666667,3,0.8117024225136977,0.07939673098822907,1000000.0,79396.73098822907,11,4.0
25,4,Nick Lachey,Peta Murgatroyd,Singer/Rapper,Entertainment,Kentucky,United States,43,36-45,22.0,7.333333333333333,3,0.5631966652127767,0.06683802540153827,1000000.0,66838.02540153827,9,6.0
25,5,Jordan Fisher,Lindsay Arnold,Actor/Actress,Entertainment,Alabama,United States,23,≤25,30.0,10.0,3,0.9775471995247332,0.1198848584279413,1066666.6666666667,127877.1823231374,1,
25,5,Frankie Muniz,Witney Carson,Actor/Actress,Entertainment,New Jersey,United States,31,26-35,29.0,9.666666666666666,3,0.9812940383643578,0.11627209968457787,1066666.6666666667,124023.57299688307,3,
25,5,Lindsey Stirling,Mark Ballas,Musician,Entertainment,California,United States,31,26-35,28.0,9.333333333333334,3,0.972124609539628,0.11121782901841,1066666.6666666667,118632.35095297068,2,
25,5,Victoria Arlen,Valentin Chmerkovskiy,Athlete,Sports,New Hamshire,United States,22,≤25,27.0,9.0,3,0.9822964252877209,0.10676640106112098,1066666.6666666667,113884.16113186239,5,9.0
25,5,Nikki Bella,Artem Chigvintsev,Athlete,Sports,California,United States,33,26-35,27.0,9.0,3,0.9742391945236574,0.10633714552880087,1066666.6666666667,113426.28856405427,8,7.0
25,5,Drew Scott,Emma Slater,TV Personality,Media,Unknown,Canada,39,36-45,25.0,8.333333333333334,3,0.8971903003138363,0.09275767866246974,1066666.6666666667,98941.5239066344,4,10.0
25,5,Terrell Owens,Cheryl Burke,Athlete,Sports,Alabama,United States,43,36-45,25.0,8.333333333333334,3,0.8824397534154115,0.09207608198834545,1066666.6666666667,98214.48745423516,6,8.0
25,5,Vanessa Lachey,Maksim Chmerkoskiy,TV Personality,Media,Unknown,Philippines,36,36-45,24.0,8.0,3,0.9368614096255505,0.09046199040363266,1066666.6666666667,96492.78976387484,7,7.0
25,5,Sasha Pieterse,Gleb Savchenko,Actor/Actress,Entertainment,Unknown,South Africa,21,≤25,24.0,8.0,3,0.8625690812401463,0.0871633202206999,1066666.6666666667,92974.20823541324,10,5.0
25,5,Nick Lachey,Peta Murgatroyd,Singer/Rapper,Entertainment,Kentucky,United States,43,36-45,22.0,7.333333333333333,3,0.755039655764212,0.07706259500400117,1066666.6666666667,82200.10133760126,9,6.0
25,6,Lindsey Stirling,Mark Ballas,Musician,Entertainment,California,United States,31,26-35,40.0,10.0,4,0.9642330985905447,0.1322043306433982,1133333.3333333333,149831.57472918462,2,
25,6,Jordan Fisher,Lindsay Arnold,Actor/Actress,Entertainment,Alabama,United States,23,≤25,39.0,9.75,4,0.9742276518291496,0.1303348482028317,1133333.3333333333,147712.82796320925,1,
25,6,Terrell Owens,Cheryl Burke,Athlete,Sports,Alabama,United States,43,36-45,37.0,9.25,4,0.9643659650129758,0.12403821809531737,1133333.3333333333,140576.647174693,6,8.0
25,6,Nikki Bella,Artem Chigvintsev,Athlete,Sports,California,United States,33,26-35,36.0,9.0,4,0.9646038921842204,0.12101130253211524,1133333.3333333333,137146.1428697306,8,7.0
25,6,Vanessa Lachey,Maksim Chmerkoskiy,TV Personality,Media,Unknown,Philippines,36,36-45,36.0,9.0,4,0.918525246472521,0.11825515585529782,1133333.3333333333,134022.50996933752,7,7.0
25,6,Frankie Muniz,Witney Carson,Actor/Actress,Entertainment,New Jersey,United States,31,26-35,31.0,7.75,4,0.8834302739507306,0.10204953806704402,1133333.3333333333,115656.14314264987,3,
25,6,Victoria Arlen,Valentin Chmerkovskiy,Athlete,Sports,New Hamshire,United States,22,≤25,31.0,7.75,4,0.8347865235349751,0.09959744259482868,1133333.3333333333,112877.10160747249,5,9.0
25,6,Drew Scott,Emma Slater,TV Personality,Media,Unknown,Canada,39,36-45,30.0,7.5,4,0.8491315840577746,0.09800939971788784,1133333.3333333333,111077.31968027288,4,10.0
25,6,Nick Lachey,Peta Murgatroyd,Singer/Rapper,Entertainment,Kentucky,United States,43,36-45,26.0,6.5,4,0.4457074094924267,0.07449976429127898,1133333.3333333333,84433.06619678283,9,6.0
25,7,Frankie Muniz,Witney Carson,Actor/Actress,Entertainment,New Jersey,United States,31,26-35,30.0,10.0,3,0.9607925263625772,0.15344251012197463,1200000.0,184131.01214636955,3,
25,7,Drew Scott,Emma Slater,TV Personality,Media,Unknown,Canada,39,36-45,28.5,9.5,3,0.967337297775254,0.14415321628350974,1200000.0,172983.8595402117,4,10.0
25,7,Victoria Arlen,Valentin Chmerkovskiy,Athlete,Sports,New Hamshire,United States,22,≤25,28.5,9.5,3,0.9658757494910839,0.14404791132230904,1200000.0,172857.49358677084,5,9.0
25,7,Jordan Fisher,Lindsay Arnold,Actor/Actress,Entertainment,Alabama,United States,23,≤25,27.0,9.0,3,0.9677806739517659,0.13247191665559752,1200000.0,158966.29998671703,1,
25,7,Vanessa Lachey,Maksim Chmerkoskiy,TV Personality,Media,Unknown,Philippines,36,36-45,27.0,9.0,3,0.6914772100231086,0.11537860534109523,1200000.0,138454.32640931426,7,7.0
25,7,Lindsey Stirling,Mark Ballas,Musician,Entertainment,California,United States,31,26-35,25.5,8.5,3,0.8009382913223648,0.11177371179358812,1200000.0,134128.45415230576,2,
25,7,Terrell Owens,Cheryl Burke,Athlete,Sports,Alabama,United States,43,36-45,24.5,8.166666666666666,3,0.7495264845731638,0.1037316254467378,1200000.0,124477.95053608535,6,8.0
25,7,Nikki Bella,Artem Chigvintsev,Athlete,Sports,California,United States,33,26-35,24.0,8.0,3,0.6148873741841925,0.09500050303518788,1200000.0,114000.60364222545,8,7.0
25,8,Jordan Fisher,Lindsay Arnold,Actor/Actress,Entertainment,Alabama,United States,23,≤25,30.0,10.0,3,0.9641168177723068,0.20782903972666752,1266666.6666666665,263250.11698711215,1,
25,8,Lindsey Stirling,Mark Ballas,Musician,Entertainment,California,United States,31,26-35,27.0,9.0,3,0.9421086401131683,0.18189104065692252,1266666.6666666665,230395.31816543516,2,
25,8,Frankie Muniz,Witney Carson,Actor/Actress,Entertainment,New Jersey,United States,31,26-35,26.5,8.833333333333334,3,0.9607471318995963,0.1788818687938911,1266666.6666666665,226583.70047226202,3,
25,8,Terrell Owens,Cheryl Burke,Athlete,Sports,Alabama,United States,43,36-45,25.5,8.5,3,0.6734394811052988,0.14696397618218432,1266666.6666666665,186154.36983076678,6,8.0
25,8,Victoria Arlen,Valentin Chmerkovskiy,Athlete,Sports,New Hamshire,United States,22,≤25,24.0,8.0,3,0.7980505018671946,0.14538457876494287,1266666.6666666665,184153.79976892762,5,9.0
25,8,Drew Scott,Emma Slater,TV Personality,Media,Unknown,Canada,39,36-45,23.5,7.833333333333333,3,0.7508605224315287,0.1390494958753917,1266666.6666666665,176129.3614421628,4,10.0
25,9,Jordan Fisher,Lindsay Arnold,Actor/Actress,Entertainment,Alabama,United States,23,≤25,29.0,9.666666666666666,3,0.9348090501895945,0.23702498819218265,1333333.3333333335,316033.3175895769,1,
25,9,Lindsey Stirling,Mark Ballas,Musician,Entertainment,California,United States,31,26-35,28.5,9.5,3,0.9160842831487167,0.22908257259803638,1333333.3333333335,305443.4301307152,2,
25,9,Victoria Arlen,Valentin Chmerkovskiy,Athlete,Sports,New Hamshire,United States,22,≤25,28.0,9.333333333333334,3,0.7796422849723694,0.20833454231820636,1333333.3333333335,277779.38975760853,5,9.0
25,9,Frankie Muniz,Witney Carson,Actor/Actress,Entertainment,New Jersey,United States,31,26-35,25.5,8.5,3,0.704274773385048,0.17425986278092484,1333333.3333333335,232346.4837078998,3,
25,9,Drew Scott,Emma Slater,TV Personality,Media,Unknown,Canada,39,36-45,24.0,8.0,3,0.555437371227986,0.1512980341106498,1333333.3333333335,201730.71214753308,4,10.0
25,10,Jordan Fisher,Lindsay Arnold,Actor/Actress,Entertainment,Alabama,United States,23,≤25,40.0,10.0,4,0.937211976236111,0.28956643838297946,1400000.0,405393.01373617124,1,
25,10,Lindsey Stirling,Mark Ballas,Musician,Entertainment,California,United States,31,26-35,40.0,10.0,4,0.9215813840492931,0.2873122111288188,1400000.0,402237.0955803463,2,
25,10,Frankie Muniz,Witney Carson,Actor/Actress,Entertainment,New Jersey,United States,31,26-35,38.8887,9.722175,4,0.7598620197543274,0.2367589281082559,1400000.0,331462.4993515583,3,
25,10,Drew Scott,Emma Slater,TV Personality,Media,Unknown,Canada,39,36-45,37.5,9.375,4,0.5308183886764241,0.1863624223799459,1400000.0,260907.39133192427,4,10.0
26,1,Adam Rippon,Jenna Johnson,Athlete,Sports,Pennsylvania,United States,28,26-35,24.0,8.0,3,0.9878817420925297,0.1152451034265579,800000.0,92196.08274124633,1,
26,1,Josh Norman,Sharna Burgess,Athlete,Sports,South Carolina,United States,30,26-35,24.0,8.0,3,0.9878817420925297,0.1152451034265579,800000.0,92196.08274124633,2,
26,1,Tonya Harding,Sasha Farber,Athlete,Sports,Oregon,United States,47,46-55,23.0,7.666666666666667,3,0.9865226515521341,0.11072607918035117,800000.0,88580.86334428094,3,
26,1,Mirai Nagasu,Alan Bersten,Athlete,Sports,California,United States,25,≤25,23.0,7.666666666666667,3,0.9843771455847481,0.11060736113749021,800000.0,88485.88890999217,4,3.0
26,1,Chris Mazdzer,Witney Carson,Athlete,Sports,Massachusetts,United States,29,26-35,21.0,7.0,3,0.985788573890484,0.10063643846050348,800000.0,80509.15076840277,5,3.0
26,1,Jennie Finch Daigle,Keo Motsepe,Athlete,Sports,California,United States,37,36-45,21.0,7.0,3,0.9815543792725989,0.10042360669972562,800000.0,80338.8853597805,6,3.0
26,1,Arike Ogunbowale,Gleb Savchenko,Athlete,Sports,Wisconsin,United States,21,≤25,20.0,6.666666666666667,3,0.9505946036855487,0.09411020205512906,800000.0,75288.16164410325,7,2.0
26,1,Jamie Anderson,Artem Chigvintsev,Athlete,Sports,California,United States,27,26-35,19.0,6.333333333333333,3,0.9010859580224484,0.08770554650795852,800000.0,70164.43720636681,10,1.0
26,1,Johnny Damon,Emma Slater,Athlete,Sports,Kansas,United States,44,36-45,18.0,6.0,3,0.9026455819811171,0.08438947588737752,800000.0,67511.58070990202,9,1.0
26,1,Kareem Abdul-Jabbar,Lindsay Arnold,Athlete,Sports,New York,United States,71,>55,17.0,5.666666666666667,3,0.8819777896724104,0.08091108321834871,800000.0,64728.86657467897,8,2.0
26,2,Adam Rippon,Jenna Johnson,Athlete,Sports,Pennsylvania,United States,28,26-35,37.0,9.25,4,0.9789942144580368,0.15499377442074516,1000000.0,154993.77442074518,1,
26,2,Mirai Nagasu,Alan Bersten,Athlete,Sports,California,United States,25,≤25,37.0,9.25,4,0.975763662183621,0.15474361876512852,1000000.0,154743.6187651285,4,3.0
26,2,Chris Mazdzer,Witney Carson,Athlete,Sports,Massachusetts,United States,29,26-35,33.0,8.25,4,0.9397904333710724,0.12892975877014476,1000000.0,128929.75877014476,5,3.0
26,2,Tonya Harding,Sasha Farber,Athlete,Sports,Oregon,United States,47,46-55,33.0,8.25,4,0.9334014010273061,0.12851854773057292,1000000.0,128518.54773057291,3,
26,2,Josh Norman,Sharna Burgess,Athlete,Sports,South Carolina,United States,30,26-35,31.5,7.875,4,0.9155241622681628,0.11927305771986331,1000000.0,119273.05771986331,2,
26,2,Jennie Finch Daigle,Keo Motsepe,Athlete,Sports,California,United States,37,36-45,31.5,7.875,4,0.8493493575136195,0.11539119655840094,1000000.0,115391.19655840094,6,3.0
26,2,Arike Ogunbowale,Gleb Savchenko,Athlete,Sports,Wisconsin,United States,21,≤25,35.0,8.75,4,0.3573689367063021,0.10547690302237496,1000000.0,105476.90302237496,7,2.0
26,2,Kareem Abdul-Jabbar,Lindsay Arnold,Athlete,Sports,New York,United States,71,>55,29.5,7.375,4,0.5499312141244761,0.09267314301276944,1000000.0,92673.14301276943,8,2.0
26,3,Adam Rippon,Jenna Johnson,Athlete,Sports,Pennsylvania,United States,28,26-35,41.0,10.25,4,0.9774281584580441,0.200500036058505,1200000.0,240600.043270206,1,
26,3,Josh Norman,Sharna Burgess,Athlete,Sports,South Carolina,United States,30,26-35,38.0,9.5,4,0.9782491880889792,0.18709204766202434,1200000.0,224510.4571944292,2,
26,3,Tonya Harding,Sasha Farber,Athlete,Sports,Oregon,United States,47,46-55,35.0,8.75,4,0.9647263666822544,0.1702106834420064,1200000.0,204252.8201304077,3,
26,3,Mirai Nagasu,Alan Bersten,Athlete,Sports,California,United States,25,≤25,35.0,8.75,4,0.9408155834298904,0.16818786395571347,1200000.0,201825.43674685617,4,3.0
26,3,Chris Mazdzer,Witney Carson,Athlete,Sports,Massachusetts,United States,29,26-35,33.0,8.25,4,0.868955618673504,0.15292272305049198,1200000.0,183507.26766059038,5,3.0
26,3,Jennie Finch Daigle,Keo Motsepe,Athlete,Sports,California,United States,37,36-45,29.0,7.25,4,0.5906932203323716,0.12108664583125858,1200000.0,145303.9749975103,6,3.0
26,4,Adam Rippon,Jenna Johnson,Athlete,Sports,Pennsylvania,United States,28,26-35,29.0,9.666666666666666,3,0.9839704239696523,0.38178044761459656,1400000.0,534492.6266604352,1,
26,4,Josh Norman,Sharna Burgess,Athlete,Sports,South Carolina,United States,30,26-35,28.5,9.5,3,0.9748262901530441,0.3385745629502403,1400000.0,474004.3881303364,2,
26,4,Tonya Harding,Sasha Farber,Athlete,Sports,Oregon,United States,47,46-55,28.0,9.333333333333334,3,0.8234379910752998,0.2796449894351632,1400000.0,391502.9852092285,3,
27,1,DeMarcus Ware,Lindsay Arnold,Athlete,Sports,Alabama,United States,36,36-45,23.0,7.666666666666667,3,0.987688304768177,0.08972900481163151,800000.0,71783.20384930521,7,7.0
27,1,Tinashe,Brandon Armstrong,Singer/Rapper,Entertainment,Kentucky,United States,25,≤25,23.0,7.666666666666667,3,0.9832651670785252,0.08953078221236814,800000.0,71624.62576989451,10,4.0
27,1,Juan Pablo Di Pace,Cheryl Burke,Actor/Actress,Entertainment,Unknown,Argentina,39,36-45,22.0,7.333333333333333,3,0.987688304768177,0.08654890517224643,800000.0,69239.12413779715,5,8.0
27,1,Alexis Ren,Alan Bersten,Social Media Personality,Media,California,United States,21,≤25,22.0,7.333333333333333,3,0.9843771455847481,0.08640573511856929,800000.0,69124.58809485543,4,
27,1,Bobby Bones,Sharna Burgess,Radio Personality,Media,Arkansas,United States,38,36-45,20.0,6.666666666666667,3,0.9871257400514454,0.07907940202415942,800000.0,63263.521619327534,1,
27,1,Mary Lou Retton,Sasha Farber,Athlete,Sports,West Virginia,United States,50,46-55,20.0,6.666666666666667,3,0.9859075839924677,0.07903125116310573,800000.0,63225.00093048459,9,6.0
27,1,Milo Manheim,Witney Carson,Actor/Actress,Entertainment,California,United States,17,≤25,20.0,6.666666666666667,3,0.9858707070371685,0.07902979396058188,800000.0,63223.835168465506,2,
27,1,Nancy McKeon,Valentin Chmerkovskiy,Actor/Actress,Entertainment,New York,United States,52,46-55,19.5,6.5,3,0.9785861119144271,0.07684531547037454,800000.0,61476.252376299635,11,3.0
27,1,Evanna Lynch,Keo Motsepe,Actor/Actress,Entertainment,Unknown,Ireland,27,26-35,18.0,6.0,3,0.952194932300055,0.07065755406897813,800000.0,56526.0432551825,3,
27,1,John Schneider,Emma Slater,Actor/Actress,Entertainment,New York,United States,58,>55,18.0,6.0,3,0.9483516038247253,0.07052190435255122,800000.0,56417.523482040975,8,7.0
27,1,Danelle Umstead,Artem Chigvintsev,Athlete,Sports,New Mexico,United States,46,46-55,18.0,6.0,3,0.9466189927012809,0.07046083728977459,800000.0,56368.66983181967,12,2.0
27,1,Nikki Glaser,Gleb Savchenko,Comedian,Entertainment,Ohio,United States,34,26-35,17.5,5.833333333333333,3,0.7387318270869315,0.0621578780571709,800000.0,49726.30244573672,13,1.0
27,1,Joe Amabile,Jenna Johnson,TV Personality,Media,Illinois,United States,32,26-35,14.0,4.666666666666667,3,0.8722184981131416,0.060001636298488266,800000.0,48001.30903879061,6,8.0
27,2,Juan Pablo Di Pace,Cheryl Burke,Actor/Actress,Entertainment,Unknown,Argentina,39,36-45,26.0,8.666666666666666,3,0.9825777294019656,0.09780959680709388,875000.0,85583.39720620714,5,8.0
27,2,Milo Manheim,Witney Carson,Actor/Actress,Entertainment,California,United States,17,≤25,26.0,8.666666666666666,3,0.9808879225929852,0.0977269920471952,875000.0,85511.1180412958,2,
27,2,Tinashe,Brandon Armstrong,Singer/Rapper,Entertainment,Kentucky,United States,25,≤25,26.0,8.666666666666666,3,0.971663269565314,0.09727728115464072,875000.0,85117.62101031063,10,4.0
27,2,Alexis Ren,Alan Bersten,Social Media Personality,Media,California,United States,21,≤25,24.5,8.166666666666666,3,0.9743328123937416,0.09254971380805543,875000.0,80980.9995820485,4,
27,2,Evanna Lynch,Keo Motsepe,Actor/Actress,Entertainment,Unknown,Ireland,27,26-35,24.0,8.0,3,0.9817886909232073,0.09112839487535178,875000.0,79737.3455159328,3,
27,2,DeMarcus Ware,Lindsay Arnold,Athlete,Sports,Alabama,United States,36,36-45,23.5,7.833333333333333,3,0.9764409686116975,0.08908725748538629,875000.0,77951.350299713,7,7.0
27,2,Mary Lou Retton,Sasha Farber,Athlete,Sports,West Virginia,United States,50,46-55,23.0,7.666666666666667,3,0.9570403912746307,0.08643604717102632,875000.0,75631.54127464803,9,6.0
27,2,John Schneider,Emma Slater,Actor/Actress,Entertainment,New York,United States,58,>55,21.5,7.166666666666667,3,0.9010582995740182,0.07900035060540747,875000.0,69125.30677973153,8,7.0
27,2,Nancy McKeon,Valentin Chmerkovskiy,Actor/Actress,Entertainment,New York,United States,52,46-55,20.5,6.833333333333333,3,0.8448839579449507,0.07388019261923909,875000.0,64645.1685418342,11,3.0
27,2,Bobby Bones,Sharna Burgess,Radio Personality,Media,Arkansas,United States,38,36-45,19.5,6.5,3,0.8910024167765248,0.07300820106762057,875000.0,63882.175934168,1,
27,2,Joe Amabile,Jenna Johnson,TV Personality,Media,Illinois,United States,32,26-35,17.5,5.833333333333333,3,0.7001881930423354,0.06283925951148499,875000.0,54984.352072549365,6,8.0
27,2,Danelle Umstead,Artem Chigvintsev,Athlete,Sports,New Mexico,United States,46,46-55,18.5,6.166666666666667,3,0.5334854916213161,0.05925671284749836,875000.0,51849.62374156107,12,2.0
27,3,Juan Pablo Di Pace,Cheryl Burke,Actor/Actress,Entertainment,Unknown,Argentina,39,36-45,30.0,10.0,3,0.98219102115986,0.10961357561215272,950000.0000000001,104132.8968315451,5,8.0
27,3,Evanna Lynch,Keo Motsepe,Actor/Actress,Entertainment,Unknown,Ireland,27,26-35,27.0,9.0,3,0.9821248712043256,0.10110928847252677,950000.0000000001,96053.82404890045,3,
27,3,Milo Manheim,Witney Carson,Actor/Actress,Entertainment,California,United States,17,≤25,27.0,9.0,3,0.979529472555628,0.10097816411558667,950000.0000000001,95929.25590980735,2,
27,3,Tinashe,Brandon Armstrong,Singer/Rapper,Entertainment,Kentucky,United States,25,≤25,27.0,9.0,3,0.9687004365915477,0.10043289355096903,950000.0000000001,95411.24887342058,10,4.0
27,3,DeMarcus Ware,Lindsay Arnold,Athlete,Sports,Alabama,United States,36,36-45,26.0,8.666666666666666,3,0.976381777926433,0.09745209190491479,950000.0000000001,92579.48730966906,7,7.0
27,3,Alexis Ren,Alan Bersten,Social Media Personality,Media,California,United States,21,≤25,26.0,8.666666666666666,3,0.9743228089536292,0.09735181811214444,950000.0000000001,92484.22720653722,4,
27,3,Mary Lou Retton,Sasha Farber,Athlete,Sports,West Virginia,United States,50,46-55,24.0,8.0,3,0.8872698713316987,0.08668623110945008,950000.0000000001,82351.91955397758,9,6.0
27,3,Bobby Bones,Sharna Burgess,Radio Personality,Media,Arkansas,United States,38,36-45,23.0,7.666666666666667,3,0.8946403478322154,0.08396660754032328,950000.0000000001,79768.27716330712,1,
27,3,Nancy McKeon,Valentin Chmerkovskiy,Actor/Actress,Entertainment,New York,United States,52,46-55,22.0,7.333333333333333,3,0.8328143884410253,0.0787514792862926,950000.0000000001,74813.90532197797,11,3.0
27,3,John Schneider,Emma Slater,Actor/Actress,Entertainment,New York,United States,58,>55,21.0,7.0,3,0.7799745625432511,0.07444361458041564,950000.0000000001,70721.43385139486,8,7.0
27,3,Joe Amabile,Jenna Johnson,TV Personality,Media,Illinois,United States,32,26-35,18.0,6.0,3,0.7654102600430677,0.06921423571522407,950000.0000000001,65753.52392946288,6,8.0
27,4,Milo Manheim,Witney Carson,Actor/Actress,Entertainment,California,United States,17,≤25,29.0,9.666666666666666,3,0.9774292858557468,0.12130261188969156,1024999.9999999999,124335.17718693384,2,
27,4,Mary Lou Retton,Sasha Farber,Athlete,Sports,West Virginia,United States,50,46-55,26.0,8.666666666666666,3,0.9771288521018767,0.11289669508344753,1024999.9999999999,115719.11246053371,9,6.0
27,4,Alexis Ren,Alan Bersten,Social Media Personality,Media,California,United States,21,≤25,25.0,8.333333333333334,3,0.9736051374734446,0.10944108055691763,1024999.9999999999,112177.10757084056,4,
27,4,Juan Pablo Di Pace,Cheryl Burke,Actor/Actress,Entertainment,Unknown,Argentina,39,36-45,24.0,8.0,3,0.9813302982350482,0.10650444323870431,1024999.9999999999,109167.05431967191,5,8.0
27,4,Evanna Lynch,Keo Motsepe,Actor/Actress,Entertainment,Unknown,Ireland,27,26-35,24.0,8.0,3,0.9783841396848286,0.10634766924926908,1024999.9999999999,109006.3609805008,3,
27,4,DeMarcus Ware,Lindsay Arnold,Athlete,Sports,Alabama,United States,36,36-45,22.0,7.333333333333333,3,0.9290999521937553,0.09737034462738145,1024999.9999999999,99804.60324306597,7,7.0
27,4,John Schneider,Emma Slater,Actor/Actress,Entertainment,New York,United States,58,>55,21.0,7.0,3,0.9520267726270317,0.0955373048670036,1024999.9999999999,97925.73748867867,8,7.0
27,4,Bobby Bones,Sharna Burgess,Radio Personality,Media,Arkansas,United States,38,36-45,20.0,6.666666666666667,3,0.8679475341638695,0.08903787130011788,1024999.9999999999,91263.81808262081,1,
27,4,Tinashe,Brandon Armstrong,Singer/Rapper,Entertainment,Kentucky,United States,25,≤25,26.0,8.666666666666666,3,0.4485824757327423,0.08667799190076861,1024999.9999999999,88844.94169828782,10,4.0
27,4,Joe Amabile,Jenna Johnson,TV Personality,Media,Illinois,United States,32,26-35,15.0,5.0,3,0.7184331081569664,0.07488398728669836,1024999.9999999999,76756.08696886581,6,8.0
27,5,Juan Pablo Di Pace,Cheryl Burke,Actor/Actress,Entertainment,Unknown,Argentina,39,36-45,29.0,9.666666666666666,3,0.9805792326417838,0.12990445358697447,1100000.0,142894.8989456719,5,8.0
27,5,Alexis Ren,Alan Bersten,Social Media Personality,Media,California,United States,21,≤25,29.0,9.666666666666666,3,0.9738589258684418,0.12946868722821997,1100000.0,142415.55595104196,4,
27,5,Milo Manheim,Witney Carson,Actor/Actress,Entertainment,California,United States,17,≤25,27.0,9.0,3,0.9766353730134213,0.12282432257003044,1100000.0,135106.7548270335,2,
27,5,DeMarcus Ware,Lindsay Arnold,Athlete,Sports,Alabama,United States,36,36-45,26.0,8.666666666666666,3,0.9755935192630482,0.11904589587483523,1100000.0,130950.48546231876,7,7.0
27,5,Mary Lou Retton,Sasha Farber,Athlete,Sports,West Virginia,United States,50,46-55,25.0,8.333333333333334,3,0.9709041849423226,0.11501252988763279,1100000.0,126513.78287639607,9,6.0
27,5,Evanna Lynch,Keo Motsepe,Actor/Actress,Entertainment,Unknown,Ireland,27,26-35,24.0,8.0,3,0.917370843859323,0.10839568751078449,1100000.0,119235.25626186293,3,
27,5,John Schneider,Emma Slater,Actor/Actress,Entertainment,New York,United States,58,>55,24.0,8.0,3,0.8897469630353995,0.1069088246022094,1100000.0,117599.70706243035,8,7.0
27,5,Bobby Bones,Sharna Burgess,Radio Personality,Media,Arkansas,United States,38,36-45,21.0,7.0,3,0.7298076718677033,0.09025319289174696,1100000.0,99278.51218092167,1,
27,5,Joe Amabile,Jenna Johnson,TV Personality,Media,Illinois,United States,32,26-35,17.0,5.666666666666667,3,0.6010988387242778,0.07818640584756632,1100000.0,86005.04643232295,6,8.0
27,6,Juan Pablo Di Pace,Cheryl Burke,Actor/Actress,Entertainment,Unknown,Argentina,39,36-45,30.0,10.0,3,0.973323561790707,0.13196058951007034,1175000.0,155053.69267433265,5,8.0
27,6,Milo Manheim,Witney Carson,Actor/Actress,Entertainment,California,United States,17,≤25,30.0,10.0,3,0.9676815184362653,0.1315888504150762,1175000.0,154616.89923771453,2,
27,6,Evanna Lynch,Keo Motsepe,Actor/Actress,Entertainment,Unknown,Ireland,27,26-35,29.0,9.666666666666666,3,0.973974517007991,0.12879610705449182,1175000.0,151335.42578902788,3,
27,6,Alexis Ren,Alan Bersten,Social Media Personality,Media,California,United States,21,≤25,27.0,9.0,3,0.9645946963899255,0.1210910927204671,1175000.0,142282.03394654885,4,
27,6,DeMarcus Ware,Lindsay Arnold,Athlete,Sports,Alabama,United States,36,36-45,26.0,8.666666666666666,3,0.9654014620378214,0.11742815409780398,1175000.0,137978.08106491968,7,7.0
27,6,Joe Amabile,Jenna Johnson,TV Personality,Media,Illinois,United States,32,26-35,22.0,7.333333333333333,3,0.8784026426687742,0.09967685734980342,1175000.0,117120.30738601902,6,8.0
27,6,Bobby Bones,Sharna Burgess,Radio Personality,Media,Arkansas,United States,38,36-45,22.0,7.333333333333333,3,0.8057062431160895,0.09611883854175865,1175000.0,112939.63528656641,1,
27,6,Mary Lou Retton,Sasha Farber,Athlete,Sports,West Virginia,United States,50,46-55,24.0,8.0,3,0.5805453176639314,0.09096645119891944,1175000.0,106885.58015873034,9,6.0
27,6,John Schneider,Emma Slater,Actor/Actress,Entertainment,New York,United States,58,>55,19.0,6.333333333333333,3,0.6283644748878872,0.08237305911160904,1175000.0,96788.34445614062,8,7.0
27,7,Evanna Lynch,Keo Motsepe,Actor/Actress,Entertainment,Unknown,Ireland,27,26-35,29.5,9.833333333333334,3,0.9711057933272011,0.1482787487808308,1250000.0,185348.4359760385,3,
27,7,Milo Manheim,Witney Carson,Actor/Actress,Entertainment,California,United States,17,≤25,29.0,9.666666666666666,3,0.9641446693631194,0.14409795593711144,1250000.0,180122.4449213893,2,
27,7,Juan Pablo Di Pace,Cheryl Burke,Actor/Actress,Entertainment,Unknown,Argentina,39,36-45,28.0,9.333333333333334,3,0.9589177921904294,0.13542202692486938,1250000.0,169277.5336560867,5,8.0
27,7,Alexis Ren,Alan Bersten,Social Media Personality,Media,California,United States,21,≤25,27.5,9.166666666666666,3,0.9539096819546485,0.1307034777779405,1250000.0,163379.34722242563,4,
27,7,John Schneider,Emma Slater,Actor/Actress,Entertainment,New York,United States,58,>55,27.0,9.0,3,0.9223816000661325,0.12439378118589439,1250000.0,155492.226482368,8,7.0
27,7,Bobby Bones,Sharna Burgess,Radio Personality,Media,Arkansas,United States,38,36-45,26.5,8.833333333333334,3,0.7752900906945487,0.1117927496740713,1250000.0,139740.93709258913,1,
27,7,DeMarcus Ware,Lindsay Arnold,Athlete,Sports,Alabama,United States,36,36-45,26.5,8.833333333333334,3,0.7517455903698264,0.11048441359806813,1250000.0,138105.51699758516,7,7.0
27,7,Joe Amabile,Jenna Johnson,TV Personality,Media,Illinois,United States,32,26-35,23.5,7.833333333333333,3,0.7343085495745296,0.09482684612121399,1250000.0,118533.55765151749,6,8.0
27,8,Evanna Lynch,Keo Motsepe,Actor/Actress,Entertainment,Unknown,Ireland,27,26-35,29.0,9.666666666666666,3,0.9719041411576078,0.1938774827387844,1325000.0000000002,256887.66462888938,3,
27,8,Alexis Ren,Alan Bersten,Social Media Personality,Media,California,United States,21,≤25,29.0,9.666666666666666,3,0.9289966183448377,0.18976238151675295,1325000.0000000002,251435.1555096977,4,
27,8,Milo Manheim,Witney Carson,Actor/Actress,Entertainment,California,United States,17,≤25,27.5,9.166666666666666,3,0.9184485938326952,0.17873668435456325,1325000.0000000002,236826.10676979634,2,
27,8,Juan Pablo Di Pace,Cheryl Burke,Actor/Actress,Entertainment,Unknown,Argentina,39,36-45,30.0,10.0,3,0.7237939122647894,0.1769165067580965,1325000.0000000002,234414.37145447792,5,8.0
27,8,Bobby Bones,Sharna Burgess,Radio Personality,Media,Arkansas,United States,38,36-45,22.5,7.5,3,0.7041955358956642,0.13539600824147052,1325000.0000000002,179399.71091994847,1,
27,8,Joe Amabile,Jenna Johnson,TV Personality,Media,Illinois,United States,32,26-35,23.0,7.666666666666667,3,0.5228877350693801,0.1253109363903322,1325000.0000000002,166036.9907171902,6,8.0
27,9,Milo Manheim,Witney Carson,Actor/Actress,Entertainment,California,United States,17,≤25,30.0,10.0,3,0.9260047124645518,0.3109632562298995,1400000.0,435348.5587218593,2,
27,9,Evanna Lynch,Keo Motsepe,Actor/Actress,Entertainment,Unknown,Ireland,27,26-35,30.0,10.0,3,0.6341297384102162,0.2687380923704288,1400000.0,376233.3293186003,3,
27,9,Alexis Ren,Alan Bersten,Social Media Personality,Media,California,United States,21,≤25,28.5,9.5,3,0.6440929677021182,0.23818858821468689,1400000.0,333464.02350056166,4,
27,9,Bobby Bones,Sharna Burgess,Radio Personality,Media,Arkansas,United States,38,36-45,27.0,9.0,3,0.3290522346324195,0.18211006318498493,1400000.0,254954.08845897892,1,
28,1,James Van Der Beek,Emma Slater,Actor/Actress,Entertainment,Connecticut,United States,42,36-45,21.0,7.0,3,0.9869779087695494,0.0980554287463625,800000.0,78444.34299709,5,10.0
28,1,Hannah Brown,Alan Bersten,TV Personality,Media,Alabama,United States,24,≤25,20.0,6.666666666666667,3,0.9893898161990008,0.09554629700720962,800000.0,76437.0376057677,1,
28,1,Lauren Alaina,Gleb Savchenko,Singer/Rapper,Entertainment,Georgia,United States,24,≤25,19.0,6.333333333333333,3,0.9845070131759666,0.09226570689711891,800000.0,73812.56551769513,4,
28,1,Sailor Brinkley-Cook,Valentin Chmerkovskiy,Model,Model,New York,United States,21,≤25,18.0,6.0,3,0.9878448813540263,0.08903912273365036,800000.0,71231.29818692029,9,6.0
28,1,Karamo Brown,Jenna Johnson,TV Personality,Media,Texas,United States,38,36-45,17.0,5.666666666666667,3,0.9883368098201211,0.085512984602554,800000.0,68410.3876820432,8,7.0
28,1,Mary Wilson,Brandon Armstrong,Singer/Rapper,Entertainment,Nevada,United States,75,>55,17.0,5.666666666666667,3,0.9802125372072785,0.08516632377158927,800000.0,68133.05901727141,12,2.0
28,1,Ally Brooke,Sasha Farber,Singer/Rapper,Entertainment,Texas,United States,26,26-35,16.0,5.333333333333333,3,0.980068809693961,0.08165716955957514,800000.0,65325.73564766011,3,
28,1,Kel Mitchell,Witney Carson,Actor/Actress,Entertainment,Illinois,United States,41,36-45,16.0,5.333333333333333,3,0.9783542948851502,0.08158719834230457,800000.0,65269.75867384366,2,
28,1,Ray Lewis,Cheryl Burke,Athlete,Sports,Florida,United States,44,36-45,15.0,5.0,3,0.9593580647934608,0.07756688679848468,800000.0,62053.50943878775,11,-1.0
28,1,Kate Flannery,Pasha Pashkov,Actor/Actress,Entertainment,Pennsylvania,United States,55,46-55,15.0,5.0,3,0.9579783189202529,0.07751339395625942,800000.0,62010.71516500753,7,8.0
28,1,Sean Spicer,Lindsay Arnold,Politician,Other,New York,United States,48,46-55,12.0,4.0,3,0.9330919315430524,0.06931581442414679,800000.0,55452.651539317434,6,9.0
28,1,Lamar Odom,Peta Murgatroyd,Athlete,Sports,New York,United States,39,36-45,11.0,3.6666666666666665,3,0.9037395163888011,0.0667736731607446,800000.0,53418.93852859568,10,4.0
28,2,Hannah Brown,Alan Bersten,TV Personality,Media,Alabama,United States,24,≤25,24.0,8.0,3,0.9849747924100666,0.10161104196576669,860000.0000000001,87385.49609055936,1,
28,2,Kate Flannery,Pasha Pashkov,Actor/Actress,Entertainment,Pennsylvania,United States,55,46-55,21.0,7.0,3,0.979094751227793,0.09377673034182796,860000.0000000001,80647.98809397206,7,8.0
28,2,Ally Brooke,Sasha Farber,Singer/Rapper,Entertainment,Texas,United States,26,26-35,20.0,6.666666666666667,3,0.9800831855059466,0.09067352308973539,860000.0000000001,77979.22985717245,3,
28,2,James Van Der Beek,Emma Slater,Actor/Actress,Entertainment,Connecticut,United States,42,36-45,20.0,6.666666666666667,3,0.9789887305304382,0.0906239176194655,860000.0000000001,77936.56915274034,5,10.0
28,2,Kel Mitchell,Witney Carson,Actor/Actress,Entertainment,Illinois,United States,41,36-45,20.0,6.666666666666667,3,0.9783698800364111,0.09059588062927078,860000.0000000001,77912.45734117288,2,
28,2,Lauren Alaina,Gleb Savchenko,Singer/Rapper,Entertainment,Georgia,United States,24,≤25,19.0,6.333333333333333,3,0.9833781870963962,0.08752405560214088,860000.0000000001,75270.68781784117,4,
28,2,Karamo Brown,Jenna Johnson,TV Personality,Media,Texas,United States,38,36-45,19.0,6.333333333333333,3,0.9791118473070122,0.08733755091548324,860000.0000000001,75110.2937873156,8,7.0
28,2,Sailor Brinkley-Cook,Valentin Chmerkovskiy,Model,Model,New York,United States,21,≤25,18.0,6.0,3,0.9784611288106405,0.08402681040623795,860000.0000000001,72263.05694936465,9,6.0
28,2,Sean Spicer,Lindsay Arnold,Politician,Other,New York,United States,48,46-55,16.0,5.333333333333333,3,0.9370075615631555,0.07646230270132735,860000.0000000001,65757.58032314153,6,9.0
28,2,Ray Lewis,Cheryl Burke,Athlete,Sports,Florida,United States,44,36-45,15.0,5.0,3,0.8821304099150555,0.07202950069580813,860000.0000000001,61945.370598395,11,-1.0
28,2,Lamar Odom,Peta Murgatroyd,Athlete,Sports,New York,United States,39,36-45,12.0,4.0,3,0.7844811822413563,0.06391424091734711,860000.0000000001,54966.247188918525,10,4.0
28,2,Mary Wilson,Brandon Armstrong,Singer/Rapper,Entertainment,Nevada,United States,75,>55,15.0,5.0,3,0.5635946456232654,0.06142444511558907,860000.0000000001,52825.02279940661,12,2.0
28,3,Ally Brooke,Sasha Farber,Singer/Rapper,Entertainment,Texas,United States,26,26-35,24.0,8.0,3,0.9830415499984468,0.1137734161873518,920000.0,104671.54289236366,3,
28,3,Kate Flannery,Pasha Pashkov,Actor/Actress,Entertainment,Pennsylvania,United States,55,46-55,24.0,8.0,3,0.9816950726036932,0.11369684529897643,920000.0,104601.09767505832,7,8.0
28,3,James Van Der Beek,Emma Slater,Actor/Actress,Entertainment,Connecticut,United States,42,36-45,23.0,7.666666666666667,3,0.9792582454138786,0.11077648380045714,920000.0,101914.36509642057,5,10.0
28,3,Sailor Brinkley-Cook,Valentin Chmerkovskiy,Model,Model,New York,United States,21,≤25,23.0,7.666666666666667,3,0.9583733725576786,0.10962572622402145,920000.0,100855.66812609973,9,6.0
28,3,Hannah Brown,Alan Bersten,TV Personality,Media,Alabama,United States,24,≤25,21.0,7.0,3,0.9800801491868344,0.10479801276601368,920000.0,96414.17174473258,1,
28,3,Lauren Alaina,Gleb Savchenko,Singer/Rapper,Entertainment,Georgia,United States,24,≤25,20.0,6.666666666666667,3,0.9675502238118201,0.10108425906937979,920000.0,92997.5183438294,4,
28,3,Kel Mitchell,Witney Carson,Actor/Actress,Entertainment,Illinois,United States,41,36-45,20.0,6.666666666666667,3,0.9634660189488866,0.10087804528464919,920000.0,92807.80166187725,2,
28,3,Karamo Brown,Jenna Johnson,TV Personality,Media,Texas,United States,38,36-45,16.0,5.333333333333333,3,0.8822822559018701,0.0865229759922237,920000.0,79601.13791284579,8,7.0
28,3,Sean Spicer,Lindsay Arnold,Politician,Other,New York,United States,48,46-55,15.0,5.0,3,0.8505474409686342,0.08320309058151844,920000.0,76546.84333499696,6,9.0
28,3,Lamar Odom,Peta Murgatroyd,Athlete,Sports,New York,United States,39,36-45,12.0,4.0,3,0.7668050338383656,0.07564114479540823,920000.0,69589.85321177557,10,4.0
28,4,Ally Brooke,Sasha Farber,Singer/Rapper,Entertainment,Texas,United States,26,26-35,32.0,8.0,4,0.9833549946364996,0.11290770136981794,980000.0,110649.54734242157,3,
28,4,Hannah Brown,Alan Bersten,TV Personality,Media,Alabama,United States,24,≤25,32.0,8.0,4,0.9831570328496486,0.11289652621773413,980000.0,110638.59569337945,1,
28,4,Kel Mitchell,Witney Carson,Actor/Actress,Entertainment,Illinois,United States,41,36-45,32.0,8.0,4,0.9781810444045285,0.11261598944440582,980000.0,110363.6696555177,2,
28,4,Lauren Alaina,Gleb Savchenko,Singer/Rapper,Entertainment,Georgia,United States,24,≤25,32.0,8.0,4,0.961816799976507,0.11169831105354858,980000.0,109464.34483247761,4,
28,4,Sailor Brinkley-Cook,Valentin Chmerkovskiy,Model,Model,New York,United States,21,≤25,31.0,7.75,4,0.9563040541059196,0.10875129035790765,980000.0,106576.26455074949,9,6.0
28,4,Karamo Brown,Jenna Johnson,TV Personality,Media,Texas,United States,38,36-45,28.0,7.0,4,0.9700336883795166,0.10114014738419205,980000.0,99117.34443650821,8,7.0
28,4,James Van Der Beek,Emma Slater,Actor/Actress,Entertainment,Connecticut,United States,42,36-45,28.0,7.0,4,0.964504594344749,0.10086092682841437,980000.0,98843.70829184608,5,10.0
28,4,Kate Flannery,Pasha Pashkov,Actor/Actress,Entertainment,Pennsylvania,United States,55,46-55,26.0,6.5,4,0.8598983956094567,0.09074849692130284,980000.0,88933.52698287678,7,8.0
28,4,Sean Spicer,Lindsay Arnold,Politician,Other,New York,United States,48,46-55,21.0,5.25,4,0.812136775691437,0.07977473976343886,980000.0,78179.24496817008,6,9.0
28,4,Lamar Odom,Peta Murgatroyd,Athlete,Sports,New York,United States,39,36-45,20.0,5.0,4,0.5393878699114069,0.06860587065923772,980000.0,67233.75324605296,10,4.0
28,5,Ally Brooke,Sasha Farber,Singer/Rapper,Entertainment,Texas,United States,26,26-35,27.0,9.0,3,0.9844942369062459,0.12870874392515463,1040000.0,133857.0936821608,3,
28,5,Kel Mitchell,Witney Carson,Actor/Actress,Entertainment,Illinois,United States,41,36-45,26.0,8.666666666666666,3,0.9838247597826739,0.12387834906454939,1040000.0,128833.48302713137,2,
28,5,James Van Der Beek,Emma Slater,Actor/Actress,Entertainment,Connecticut,United States,42,36-45,26.0,8.666666666666666,3,0.9803410276159087,0.12366275739027158,1040000.0,128609.26768588244,5,10.0
28,5,Hannah Brown,Alan Bersten,TV Personality,Media,Alabama,United States,24,≤25,25.0,8.333333333333334,3,0.9832686534308265,0.11850833713546717,1040000.0,123248.67062088585,1,
28,5,Kate Flannery,Pasha Pashkov,Actor/Actress,Entertainment,Pennsylvania,United States,55,46-55,24.0,8.0,3,0.9591974614425434,0.11162631190660811,1040000.0,116091.36438287245,7,8.0
28,5,Sailor Brinkley-Cook,Valentin Chmerkovskiy,Model,Model,New York,United States,21,≤25,24.0,8.0,3,0.9358385382797951,0.11033016059390204,1040000.0,114743.36701765812,9,6.0
28,5,Lauren Alaina,Gleb Savchenko,Singer/Rapper,Entertainment,Georgia,United States,24,≤25,23.0,7.666666666666667,3,0.9131494005960598,0.10395349417769813,1040000.0,108111.63394480605,4,
28,5,Karamo Brown,Jenna Johnson,TV Personality,Media,Texas,United States,38,36-45,21.0,7.0,3,0.8488512119662873,0.09250467793101348,1040000.0,96204.86504825403,8,7.0
28,5,Sean Spicer,Lindsay Arnold,Politician,Other,New York,United States,48,46-55,19.0,6.333333333333333,3,0.8375743487631576,0.08682716787533563,1040000.0,90300.25459034905,6,9.0
28,6,Kate Flannery,Pasha Pashkov,Actor/Actress,Entertainment,Pennsylvania,United States,55,46-55,27.0,9.0,3,0.9679867630457614,0.12389013177763734,1100000.0,136279.14495540108,7,8.0
28,6,James Van Der Beek,Emma Slater,Actor/Actress,Entertainment,Connecticut,United States,42,36-45,27.0,9.0,3,0.9661005862297569,0.12377334750809323,1100000.0,136150.68225890255,5,10.0
28,6,Sailor Brinkley-Cook,Valentin Chmerkovskiy,Model,Model,New York,United States,21,≤25,27.0,9.0,3,0.9392819008738256,0.12212470657606468,1100000.0,134337.17723367116,9,6.0
28,6,Lauren Alaina,Gleb Savchenko,Singer/Rapper,Entertainment,Georgia,United States,24,≤25,26.0,8.666666666666666,3,0.9776787729616762,0.11738447714427913,1100000.0,129122.92485870705,4,
28,6,Kel Mitchell,Witney Carson,Actor/Actress,Entertainment,Illinois,United States,41,36-45,26.0,8.666666666666666,3,0.9762311433856001,0.11729954326574277,1100000.0,129029.49759231704,2,
28,6,Ally Brooke,Sasha Farber,Singer/Rapper,Entertainment,Texas,United States,26,26-35,25.0,8.333333333333334,3,0.9357579038218419,0.10781507934397547,1100000.0,118596.58727837302,3,
28,6,Karamo Brown,Jenna Johnson,TV Personality,Media,Texas,United States,38,36-45,25.0,8.333333333333334,3,0.9044098085210418,0.10613835550497529,1100000.0,116752.19105547281,8,7.0
28,6,Hannah Brown,Alan Bersten,TV Personality,Media,Alabama,United States,24,≤25,24.0,8.0,3,0.8816148275681049,0.09869059334173615,1100000.0,108559.65267590976,1,
28,6,Sean Spicer,Lindsay Arnold,Politician,Other,New York,United States,48,46-55,21.0,7.0,3,0.7704603904207119,0.08288376553749596,1100000.0,91172.14209124557,6,9.0
28,7,James Van Der Beek,Emma Slater,Actor/Actress,Entertainment,Connecticut,United States,42,36-45,27.0,9.0,3,0.9761458085009731,0.14284312513434735,1160000.0000000002,165698.02515584297,5,10.0
28,7,Lauren Alaina,Gleb Savchenko,Singer/Rapper,Entertainment,Georgia,United States,24,≤25,27.0,9.0,3,0.9675973300349165,0.14223388239686244,1160000.0000000002,164991.30358036046,4,
28,7,Ally Brooke,Sasha Farber,Singer/Rapper,Entertainment,Texas,United States,26,26-35,27.0,9.0,3,0.9572611192617965,0.14150069891973616,1160000.0000000002,164140.81074689399,3,
28,7,Hannah Brown,Alan Bersten,TV Personality,Media,Alabama,United States,24,≤25,26.0,8.666666666666666,3,0.9538184384816314,0.1336984174446878,1160000.0000000002,155090.16423583787,1,
28,7,Kel Mitchell,Witney Carson,Actor/Actress,Entertainment,Illinois,United States,41,36-45,25.5,8.5,3,0.9523479309080053,0.12968800472468742,1160000.0000000002,150438.08548063744,2,
28,7,Karamo Brown,Jenna Johnson,TV Personality,Media,Texas,United States,38,36-45,24.5,8.166666666666666,3,0.7262120829331057,0.10909184640122183,1160000.0000000002,126546.54182541734,8,7.0
28,7,Kate Flannery,Pasha Pashkov,Actor/Actress,Entertainment,Pennsylvania,United States,55,46-55,24.0,8.0,3,0.6772942601829035,0.10346821429189758,1160000.0000000002,120023.12857860122,7,8.0
28,7,Sean Spicer,Lindsay Arnold,Politician,Other,New York,United States,48,46-55,21.0,7.0,3,0.7976918221920019,0.09747581068655944,1160000.0000000002,113071.94039640897,6,9.0
28,8,James Van Der Beek,Emma Slater,Actor/Actress,Entertainment,Connecticut,United States,42,36-45,31.9998,10.6666,3,0.9599507663481128,0.16835541176759952,1220000.0000000002,205393.60235647147,5,10.0
28,8,Hannah Brown,Alan Bersten,TV Personality,Media,Alabama,United States,24,≤25,30.9998,10.333266666666669,3,0.9626595204187646,0.16467807329927978,1220000.0000000002,200907.24942512138,1,
28,8,Ally Brooke,Sasha Farber,Singer/Rapper,Entertainment,Texas,United States,26,26-35,30.0,10.0,3,0.9528104836236354,0.15974391249891917,1220000.0000000002,194887.57324868144,3,
28,8,Kel Mitchell,Witney Carson,Actor/Actress,Entertainment,Illinois,United States,41,36-45,29.9998,9.999933333333331,3,0.9138162872581354,0.15665870868086476,1220000.0000000002,191123.62459065503,2,
28,8,Lauren Alaina,Gleb Savchenko,Singer/Rapper,Entertainment,Georgia,United States,24,≤25,24.0,8.0,3,0.7745803473818185,0.12404405086757928,1220000.0000000002,151333.74205844675,4,
28,8,Kate Flannery,Pasha Pashkov,Actor/Actress,Entertainment,Pennsylvania,United States,55,46-55,25.9998,8.6666,3,0.5494097767055157,0.11676814272022178,1220000.0000000002,142457.1341186706,7,8.0
28,8,Sean Spicer,Lindsay Arnold,Politician,Other,New York,United States,48,46-55,20.0,6.666666666666667,3,0.6856041363414446,0.10975170016553575,1220000.0000000002,133897.07420195363,6,9.0
28,9,Ally Brooke,Sasha Farber,Singer/Rapper,Entertainment,Texas,United States,26,26-35,40.0,10.0,4,0.9442625872156473,0.19394292545370334,1280000.0,248246.94458074027,3,
28,9,Kel Mitchell,Witney Carson,Actor/Actress,Entertainment,Illinois,United States,41,36-45,37.0,9.25,4,0.9355852072562185,0.18110231477759073,1280000.0,231810.96291531614,2,
28,9,James Van Der Beek,Emma Slater,Actor/Actress,Entertainment,Connecticut,United States,42,36-45,36.0,9.0,4,0.9355852072562185,0.17684297984469152,1280000.0,226359.01420120514,5,10.0
28,9,Lauren Alaina,Gleb Savchenko,Singer/Rapper,Entertainment,Georgia,United States,24,≤25,35.0,8.75,4,0.9263716798116729,0.17179135346654278,1280000.0,219892.93243717475,4,
28,9,Hannah Brown,Alan Bersten,TV Personality,Media,Alabama,United States,24,≤25,35.5,8.875,4,0.8878883398802302,0.17059123739058654,1280000.0,218356.78385995078,1,
28,9,Sean Spicer,Lindsay Arnold,Politician,Other,New York,United States,48,46-55,25.0,6.25,4,0.33919469533863794,0.10572918906688501,1280000.0,135333.3620056128,6,9.0
28,10,Ally Brooke,Sasha Farber,Singer/Rapper,Entertainment,Texas,United States,26,26-35,29.5,9.833333333333334,3,0.9581616822522275,0.2390558828361846,1339999.9999999998,320334.8830004873,3,
28,10,Kel Mitchell,Witney Carson,Actor/Actress,Entertainment,Illinois,United States,41,36-45,28.5,9.5,3,0.9468334692334142,0.2228910435375835,1339999.9999999998,298673.9983403618,2,
28,10,Lauren Alaina,Gleb Savchenko,Singer/Rapper,Entertainment,Georgia,United States,24,≤25,27.0,9.0,3,0.8644385585749051,0.18997692848536257,1339999.9999999998,254569.08417038582,4,
28,10,Hannah Brown,Alan Bersten,TV Personality,Media,Alabama,United States,24,≤25,27.0,9.0,3,0.8289454419804998,0.18663523136274557,1339999.9999999998,250091.21002607903,1,
28,10,James Van Der Beek,Emma Slater,Actor/Actress,Entertainment,Connecticut,United States,42,36-45,25.5,8.5,3,0.7439647661279145,0.16144091377812378,1339999.9999999998,216330.82446268582,5,10.0
28,11,Ally Brooke,Sasha Farber,Singer/Rapper,Entertainment,Texas,United States,26,26-35,30.0,10.0,3,0.8767107074885433,0.2909012227216002,1400000.0,407261.71181024023,3,
28,11,Kel Mitchell,Witney Carson,Actor/Actress,Entertainment,Illinois,United States,41,36-45,29.5,9.833333333333334,3,0.9359266523003295,0.2757706060720909,1400000.0,386078.84850092727,2,
28,11,Hannah Brown,Alan Bersten,TV Personality,Media,Alabama,United States,24,≤25,29.0,9.666666666666666,3,0.7161623802505385,0.22454027441562155,1400000.0,314356.38418187015,1,
28,11,Lauren Alaina,Gleb Savchenko,Singer/Rapper,Entertainment,Georgia,United States,24,≤25,28.5,9.5,3,0.7367347003249805,0.20878789679068732,1400000.0,292303.05550696224,4,
29,1,Skai Jackson,Alan Bersten,Actor/Actress,Entertainment,New York,United States,18,≤25,21.0,7.0,3,0.9895236222400956,0.07612920467460707,800000.0,60903.36373968566,5,10.0
29,1,Justina Machado,Sasha Farber,Actor/Actress,Entertainment,Illinois,United States,48,46-55,21.0,7.0,3,0.9865226515521341,0.07601505957668322,800000.0,60812.04766134658,4,
29,1,Nev Schulman,Jenna Johnson,Producer,Other,New York,United States,35,26-35,20.0,6.666666666666667,3,0.9908062809347505,0.07382881433744226,800000.0,59063.05146995381,2,
29,1,Kaitlyn Bristowe,Artem Chigvintsev,TV Personality,Media,Unknown,Canada,35,26-35,20.0,6.666666666666667,3,0.9893898161990008,0.07377654489308766,800000.0,59021.235914470126,1,
29,1,Monica Aldama,Valentin Chmerkovskiy,TV Personality,Media,Alabama,United States,48,46-55,19.0,6.333333333333333,3,0.9870869717341272,0.07111140977323958,800000.0,56889.12781859167,10,7.0
29,1,Johnny Weir,Britt Stewart,Athlete,Sports,Pennsylvania,United States,36,36-45,18.0,6.0,3,0.9858725460956229,0.06836725022963869,800000.0,54693.80018371095,6,10.0
29,1,AJ McLean,Cheryl Burke,Singer/Rapper,Entertainment,Florida,United States,42,36-45,18.0,6.0,3,0.9850589640711269,0.06833944470261583,800000.0,54671.55576209266,7,9.0
29,1,Anne Heche,Keo Motsepe,Actor/Actress,Entertainment,Ohio,United States,51,46-55,18.0,6.0,3,0.9844681572888576,0.06831925998036689,800000.0,54655.40798429352,13,4.0
29,1,Jeannie Mai,Brandon Armstrong,TV Personality,Media,California,United States,41,36-45,18.0,6.0,3,0.9815641058940484,0.06822013064583514,800000.0,54576.104516668114,9,-1.0
29,1,Jesse Metcalfe,Sharna Burgess,Actor/Actress,Entertainment,California,United States,41,36-45,18.0,6.0,3,0.9779488337238503,0.06809692486510553,800000.0,54477.53989208442,12,5.0
29,1,Veron Davis,Peta Murgatroyd,Athlete,Sports,Washington D.C.,United States,36,36-45,17.0,5.666666666666667,3,0.9795253768458182,0.06547256187078357,800000.0,52378.04949662685,11,6.0
29,1,Nelly,Daniella Karagach,Singer/Rapper,Entertainment,Texas,United States,45,36-45,16.0,5.333333333333333,3,0.9689609426613216,0.06261085104819557,800000.0,50088.68083855645,3,
29,1,Chrishell Stause,Gleb Savchenko,Actor/Actress,Entertainment,Kentucky,United States,39,36-45,13.0,4.333333333333333,3,0.900050835187395,0.054854687528191746,800000.0,43883.750022553395,8,8.0
29,1,Carole Baskin,Pasha Pashkov,TV Personality,Media,Texas,United States,59,>55,11.0,3.6666666666666665,3,0.9050327899869852,0.05274447463182698,800000.0,42195.57970546158,14,3.0
29,1,Charles Oakley,Emma Slater,Athlete,Sports,Ohio,United States,56,>55,12.0,4.0,3,0.8438622105970425,0.052113381242380304,800000.0,41690.70499390424,15,2.0
29,2,Kaitlyn Bristowe,Artem Chigvintsev,TV Personality,Media,Unknown,Canada,35,26-35,22.0,7.333333333333333,3,0.9814316466235695,0.08160410023810631,860000.0000000001,70179.52620477144,1,
29,2,Justina Machado,Sasha Farber,Actor/Actress,Entertainment,Illinois,United States,48,46-55,21.0,7.0,3,0.9856077213744242,0.07904438617350773,860000.0000000001,67978.17210921666,4,
29,2,Nev Schulman,Jenna Johnson,Producer,Other,New York,United States,35,26-35,21.0,7.0,3,0.9775922300607337,0.07872823033738753,860000.0000000001,67706.27809015328,2,
29,2,Jesse Metcalfe,Sharna Burgess,Actor/Actress,Entertainment,California,United States,41,36-45,20.0,6.666666666666667,3,0.9718716183350552,0.07510712420182193,860000.0000000001,64592.12681356687,12,5.0
29,2,AJ McLean,Cheryl Burke,Singer/Rapper,Entertainment,Florida,United States,42,36-45,19.0,6.333333333333333,3,0.9720538844395537,0.0712321707034129,860000.0000000001,61259.6668049351,7,9.0
29,2,Johnny Weir,Britt Stewart,Athlete,Sports,Pennsylvania,United States,36,36-45,18.0,6.0,3,0.9824249166906394,0.0675852742467425,860000.0000000001,58123.33585219856,6,10.0
29,2,Anne Heche,Keo Motsepe,Actor/Actress,Entertainment,Ohio,United States,51,46-55,18.0,6.0,3,0.9806845189973453,0.06752648720096208,860000.0000000001,58072.77899282739,13,4.0
29,2,Jeannie Mai,Brandon Armstrong,TV Personality,Media,California,United States,41,36-45,18.0,6.0,3,0.9799029995394354,0.06750010572387127,860000.0000000001,58050.0909225293,9,-1.0
29,2,Nelly,Daniella Karagach,Singer/Rapper,Entertainment,Texas,United States,45,36-45,18.0,6.0,3,0.9778499224042198,0.06743084981504054,860000.0000000001,57990.530840934865,3,
29,2,Chrishell Stause,Gleb Savchenko,Actor/Actress,Entertainment,Kentucky,United States,39,36-45,18.0,6.0,3,0.9693660827836773,0.06714541937191233,860000.0000000001,57745.06065984461,8,8.0
29,2,Veron Davis,Peta Murgatroyd,Athlete,Sports,Washington D.C.,United States,36,36-45,18.0,6.0,3,0.9672704670615752,0.0670751007203124,860000.0000000001,57684.586619468675,11,6.0
29,2,Carole Baskin,Pasha Pashkov,TV Personality,Media,Texas,United States,59,>55,16.0,5.333333333333333,3,0.8698380711113697,0.057437563135740166,860000.0000000001,49396.30429673655,14,3.0
29,2,Monica Aldama,Valentin Chmerkovskiy,TV Personality,Media,Alabama,United States,48,46-55,16.0,5.333333333333333,3,0.8011412314284933,0.055498171789579116,860000.0000000001,47728.427739038045,10,7.0
29,2,Skai Jackson,Alan Bersten,Actor/Actress,Entertainment,New York,United States,18,≤25,15.0,5.0,3,0.8273361447137324,0.05401727457909044,860000.0000000001,46454.856138017785,5,10.0
29,2,Charles Oakley,Emma Slater,Athlete,Sports,Ohio,United States,56,>55,15.0,5.0,3,0.3742768864628509,0.043067741762512844,860000.0000000001,37038.25791576105,15,2.0
29,3,Nev Schulman,Jenna Johnson,Producer,Other,New York,United States,35,26-35,24.0,8.0,3,0.9837426585599413,0.08349761930729319,920000.0,76817.80976270973,2,
29,3,Johnny Weir,Britt Stewart,Athlete,Sports,Pennsylvania,United States,36,36-45,24.0,8.0,3,0.9825777294019656,0.0834489990627766,920000.0,76773.07913775447,6,10.0
29,3,Kaitlyn Bristowe,Artem Chigvintsev,TV Personality,Media,Unknown,Canada,35,26-35,23.0,7.666666666666667,3,0.9804371313844148,0.081005474384887,920000.0,74525.03643409605,1,
29,3,Jeannie Mai,Brandon Armstrong,TV Personality,Media,California,United States,41,36-45,22.0,7.333333333333333,3,0.976582191482214,0.07828792629744442,920000.0,72024.89219364888,9,-1.0
29,3,Veron Davis,Peta Murgatroyd,Athlete,Sports,Washington D.C.,United States,36,36-45,22.0,7.333333333333333,3,0.9754567622715985,0.07824388493041996,920000.0,71984.37413598636,11,6.0
29,3,Chrishell Stause,Gleb Savchenko,Actor/Actress,Entertainment,Kentucky,United States,39,36-45,22.0,7.333333333333333,3,0.9729941146765821,0.07814760066361537,920000.0,71895.79261052614,8,8.0
29,3,Monica Aldama,Valentin Chmerkovskiy,TV Personality,Media,Alabama,United States,48,46-55,21.0,7.0,3,0.9775461581603215,0.07564265823274392,920000.0,69591.2455741244,10,7.0
29,3,AJ McLean,Cheryl Burke,Singer/Rapper,Entertainment,Florida,United States,42,36-45,21.0,7.0,3,0.9744763985751576,0.07552664490120033,920000.0,69484.5133091043,7,9.0
29,3,Jesse Metcalfe,Sharna Burgess,Actor/Actress,Entertainment,California,United States,41,36-45,20.0,6.666666666666667,3,0.9567266913025331,0.07219501503180363,920000.0,66419.41382925934,12,5.0
29,3,Justina Machado,Sasha Farber,Actor/Actress,Entertainment,Illinois,United States,48,46-55,19.0,6.333333333333333,3,0.9141969291010629,0.06816802043693283,920000.0,62714.578801978205,4,
29,3,Skai Jackson,Alan Bersten,Actor/Actress,Entertainment,New York,United States,18,≤25,18.0,6.0,3,0.9164299009303154,0.06592690060451792,920000.0,60652.74855615648,5,10.0
29,3,Nelly,Daniella Karagach,Singer/Rapper,Entertainment,Texas,United States,45,36-45,18.0,6.0,3,0.9068867987565525,0.06561307633996019,920000.0,60364.030232763376,3,
29,3,Anne Heche,Keo Motsepe,Actor/Actress,Entertainment,Ohio,United States,51,46-55,15.0,5.0,3,0.5964982734982587,0.051659680367432514,920000.0,47526.90593803791,13,4.0
29,3,Carole Baskin,Pasha Pashkov,TV Personality,Media,Texas,United States,59,>55,12.0,4.0,3,0.3113961954107389,0.042636499438972165,920000.0,39225.579483854395,14,3.0
29,4,Skai Jackson,Alan Bersten,Actor/Actress,Entertainment,New York,United States,18,≤25,28.0,9.333333333333334,3,0.9854382482668196,0.09765305478632262,980000.0,95699.99369059617,5,10.0
29,4,Kaitlyn Bristowe,Artem Chigvintsev,TV Personality,Media,Unknown,Canada,35,26-35,25.0,8.333333333333334,3,0.9796928500484543,0.08797713732857335,980000.0,86217.59458200188,1,
29,4,Nev Schulman,Jenna Johnson,Producer,Other,New York,United States,35,26-35,24.0,8.0,3,0.9843693036391966,0.0835368942831471,980000.0,81866.15639748416,2,
29,4,Johnny Weir,Britt Stewart,Athlete,Sports,Pennsylvania,United States,36,36-45,24.0,8.0,3,0.9831461674605926,0.08348582140318778,980000.0,81816.10497512402,6,10.0
29,4,Monica Aldama,Valentin Chmerkovskiy,TV Personality,Media,Alabama,United States,48,46-55,24.0,8.0,3,0.9804353747712569,0.08337274167726144,980000.0,81705.28684371621,10,7.0
29,4,AJ McLean,Cheryl Burke,Singer/Rapper,Entertainment,Florida,United States,42,36-45,24.0,8.0,3,0.9758132351629097,0.08318028392878592,980000.0,81516.6782502102,7,9.0
29,4,Justina Machado,Sasha Farber,Actor/Actress,Entertainment,Illinois,United States,48,46-55,24.0,8.0,3,0.9749775524020756,0.0831455350243963,980000.0,81482.62432390837,4,
29,4,Veron Davis,Peta Murgatroyd,Athlete,Sports,Washington D.C.,United States,36,36-45,22.0,7.333333333333333,3,0.9228081439762452,0.07198697939052755,980000.0,70547.239802717,11,6.0
29,4,Chrishell Stause,Gleb Savchenko,Actor/Actress,Entertainment,Kentucky,United States,39,36-45,22.0,7.333333333333333,3,0.8918406383875555,0.07088093574783329,980000.0,69463.31703287663,8,8.0
29,4,Jesse Metcalfe,Sharna Burgess,Actor/Actress,Entertainment,California,United States,41,36-45,21.0,7.0,3,0.8296760460678896,0.06526575324424415,980000.0,63960.43817935926,12,5.0
29,4,Nelly,Daniella Karagach,Singer/Rapper,Entertainment,Texas,United States,45,36-45,21.0,7.0,3,0.8222938122969133,0.06502529377541152,980000.0,63724.78789990329,3,
29,4,Jeannie Mai,Brandon Armstrong,TV Personality,Media,California,United States,41,36-45,21.0,7.0,3,0.7477302240010086,0.06264566813523494,980000.0,61392.754772530236,9,-1.0
29,4,Anne Heche,Keo Motsepe,Actor/Actress,Entertainment,Ohio,United States,51,46-55,21.0,7.0,3,0.7219681316496107,0.0618439012750741,980000.0,60607.02324957262,13,4.0
29,5,Johnny Weir,Britt Stewart,Athlete,Sports,Pennsylvania,United States,36,36-45,29.0,9.666666666666666,3,0.980997467761819,0.10190043639379899,1040000.0,105976.45384955095,6,10.0
29,5,Kaitlyn Bristowe,Artem Chigvintsev,TV Personality,Media,Unknown,Canada,35,26-35,27.0,9.0,3,0.9782662915171938,0.0964072243063958,1040000.0,100263.51327865163,1,
29,5,Nev Schulman,Jenna Johnson,Producer,Other,New York,United States,35,26-35,26.0,8.666666666666666,3,0.9780998884187295,0.09312568673145702,1040000.0,96850.7142007153,2,
29,5,Monica Aldama,Valentin Chmerkovskiy,TV Personality,Media,Alabama,United States,48,46-55,26.0,8.666666666666666,3,0.9749628722992273,0.09297973283610265,1040000.0,96698.92214954676,10,7.0
29,5,Skai Jackson,Alan Bersten,Actor/Actress,Entertainment,New York,United States,18,≤25,24.0,8.0,3,0.9781979913738238,0.08603010371626929,1040000.0,89471.30786492006,5,10.0
29,5,Nelly,Daniella Karagach,Singer/Rapper,Entertainment,Texas,United States,45,36-45,24.0,8.0,3,0.9711295115425265,0.0857265893519878,1040000.0,89155.65292606731,3,
29,5,Justina Machado,Sasha Farber,Actor/Actress,Entertainment,Illinois,United States,48,46-55,24.0,8.0,3,0.9686092007971493,0.08561862856780147,1040000.0,89043.37371051354,4,
29,5,AJ McLean,Cheryl Burke,Singer/Rapper,Entertainment,Florida,United States,42,36-45,24.0,8.0,3,0.9625137681319073,0.08535808450900402,1040000.0,88772.40788936419,7,9.0
29,5,Jeannie Mai,Brandon Armstrong,TV Personality,Media,California,United States,41,36-45,24.0,8.0,3,0.950855712698267,0.08486197718492672,1040000.0,88256.45627232379,9,-1.0
29,5,Veron Davis,Peta Murgatroyd,Athlete,Sports,Washington D.C.,United States,36,36-45,21.0,7.0,3,0.8836763324576276,0.07312293021670092,1040000.0,76047.84742536896,11,6.0
29,5,Chrishell Stause,Gleb Savchenko,Actor/Actress,Entertainment,Kentucky,United States,39,36-45,19.0,6.333333333333333,3,0.5833198310040072,0.059513181850284,1040000.0,61893.70912429536,8,8.0
29,5,Jesse Metcalfe,Sharna Burgess,Actor/Actress,Entertainment,California,United States,41,36-45,19.0,6.333333333333333,3,0.4384734775509773,0.05535542433527134,1040000.0,57569.64130868219,12,5.0
29,6,AJ McLean,Cheryl Burke,Singer/Rapper,Entertainment,Florida,United States,42,36-45,27.0,9.0,3,0.968950483736789,0.10109313150213375,1100000.0,111202.44465234713,7,9.0
29,6,Monica Aldama,Valentin Chmerkovskiy,TV Personality,Media,Alabama,United States,48,46-55,27.0,9.0,3,0.9686599293073014,0.10107844604031672,1100000.0,111186.2906443484,10,7.0
29,6,Kaitlyn Bristowe,Artem Chigvintsev,TV Personality,Media,Unknown,Canada,35,26-35,27.0,9.0,3,0.9679459437655126,0.10104236820593328,1100000.0,111146.60502652661,1,
29,6,Justina Machado,Sasha Farber,Actor/Actress,Entertainment,Illinois,United States,48,46-55,27.0,9.0,3,0.9678854880197444,0.10103931395623321,1100000.0,111143.24535185653,4,
29,6,Nev Schulman,Jenna Johnson,Producer,Other,New York,United States,35,26-35,26.0,8.666666666666666,3,0.9722360295837698,0.09758399366697389,1100000.0,107342.39303367128,2,
29,6,Jeannie Mai,Brandon Armstrong,TV Personality,Media,California,United States,41,36-45,25.0,8.333333333333334,3,0.9489795119860511,0.09263413968670213,1100000.0,101897.55365537234,9,-1.0
29,6,Nelly,Daniella Karagach,Singer/Rapper,Entertainment,Texas,United States,45,36-45,24.0,8.0,3,0.963471002198245,0.08948011244722531,1100000.0,98428.12369194784,3,
29,6,Chrishell Stause,Gleb Savchenko,Actor/Actress,Entertainment,Kentucky,United States,39,36-45,24.0,8.0,3,0.9455323765502265,0.08868112586389963,1100000.0,97549.2384502896,8,8.0
29,6,Johnny Weir,Britt Stewart,Athlete,Sports,Pennsylvania,United States,36,36-45,22.0,7.333333333333333,3,0.9199970226348976,0.0808953543359692,1100000.0,88984.88976956611,6,10.0
29,6,Veron Davis,Peta Murgatroyd,Athlete,Sports,Washington D.C.,United States,36,36-45,21.0,7.0,3,0.8062094728714538,0.07389810964345216,1100000.0,81287.92060779736,11,6.0
29,6,Skai Jackson,Alan Bersten,Actor/Actress,Entertainment,New York,United States,18,≤25,18.0,6.0,3,0.9087313661383615,0.07257390465116052,1100000.0,79831.29511627658,5,10.0
29,7,Nev Schulman,Jenna Johnson,Producer,Other,New York,United States,35,26-35,30.0,10.0,3,0.969972660692635,0.12486542606420427,1160000.0000000002,144843.894234477,2,
29,7,Skai Jackson,Alan Bersten,Actor/Actress,Entertainment,New York,United States,18,≤25,27.0,9.0,3,0.970718502751688,0.11005919078814629,1160000.0000000002,127668.66131424972,5,10.0
29,7,Johnny Weir,Britt Stewart,Athlete,Sports,Pennsylvania,United States,36,36-45,27.0,9.0,3,0.9643077061396725,0.10970697204668685,1160000.0000000002,127260.08757415677,6,10.0
29,7,Nelly,Daniella Karagach,Singer/Rapper,Entertainment,Texas,United States,45,36-45,27.0,9.0,3,0.9428991796868822,0.10853890255499858,1160000.0000000002,125905.12696379838,3,
29,7,AJ McLean,Cheryl Burke,Singer/Rapper,Entertainment,Florida,United States,42,36-45,26.0,8.666666666666666,3,0.9291063824928164,0.10169791830228245,1160000.0000000002,117969.58523064766,7,9.0
29,7,Justina Machado,Sasha Farber,Actor/Actress,Entertainment,Illinois,United States,48,46-55,26.0,8.666666666666666,3,0.9267780129794017,0.10157959202619377,1160000.0000000002,117832.32675038479,4,
29,7,Chrishell Stause,Gleb Savchenko,Actor/Actress,Entertainment,Kentucky,United States,39,36-45,26.0,8.666666666666666,3,0.9180533367162839,0.10113743262411033,1160000.0000000002,117319.42184396801,8,8.0
29,7,Jeannie Mai,Brandon Armstrong,TV Personality,Media,California,United States,41,36-45,25.0,8.333333333333334,3,0.8208553639567558,0.09089235546931501,1160000.0000000002,105435.13234440543,9,-1.0
29,7,Kaitlyn Bristowe,Artem Chigvintsev,TV Personality,Media,Unknown,Canada,35,26-35,24.0,8.0,3,0.6905786773505163,0.08082754658412587,1160000.0000000002,93759.95403758604,1,
29,7,Monica Aldama,Valentin Chmerkovskiy,TV Personality,Media,Alabama,United States,48,46-55,22.0,7.333333333333333,3,0.5714260801061871,0.07069466353993649,1160000.0000000002,82005.80970632634,10,7.0
29,8,Nev Schulman,Jenna Johnson,Producer,Other,New York,United States,35,26-35,30.0,10.0,3,0.9690507620300632,0.1501161611984639,1220000.0000000002,183141.716662126,2,
29,8,Johnny Weir,Britt Stewart,Athlete,Sports,Pennsylvania,United States,36,36-45,30.0,10.0,3,0.9620789287918217,0.14959377979533228,1220000.0000000002,182504.41135030543,6,10.0
29,8,Justina Machado,Sasha Farber,Actor/Actress,Entertainment,Illinois,United States,48,46-55,28.9998,9.6666,3,0.9456775056555748,0.14084133520233336,1220000.0000000002,171826.42894684672,4,
29,8,Kaitlyn Bristowe,Artem Chigvintsev,TV Personality,Media,Unknown,Canada,35,26-35,28.0,9.333333333333334,3,0.9507983056982018,0.13290469670524363,1220000.0000000002,162143.72998039727,1,
29,8,Skai Jackson,Alan Bersten,Actor/Actress,Entertainment,New York,United States,18,≤25,26.9998,8.999933333333333,3,0.8393484682402014,0.11808521688428589,1220000.0000000002,144063.9645988288,5,10.0
29,8,AJ McLean,Cheryl Burke,Singer/Rapper,Entertainment,Florida,United States,42,36-45,27.0,9.0,3,0.7457120696004694,0.112685473074224,1220000.0000000002,137476.2771505533,7,9.0
29,8,Chrishell Stause,Gleb Savchenko,Actor/Actress,Entertainment,Kentucky,United States,39,36-45,27.0,9.0,3,0.5093358130593829,0.10012429712529308,1220000.0000000002,122151.64249285759,8,8.0
29,8,Nelly,Daniella Karagach,Singer/Rapper,Entertainment,Texas,United States,45,36-45,24.0,8.0,3,0.6933802277629109,0.0956490400148238,1220000.0000000002,116691.82881808506,3,
29,9,Kaitlyn Bristowe,Artem Chigvintsev,TV Personality,Media,Unknown,Canada,35,26-35,30.0,10.0,3,0.9541898376708624,0.1668653156037757,1280000.0,213587.6039728329,1,
29,9,Johnny Weir,Britt Stewart,Athlete,Sports,Pennsylvania,United States,36,36-45,30.0,10.0,3,0.9479982325095081,0.16634953232264899,1280000.0,212927.4013729907,6,10.0
29,9,Nev Schulman,Jenna Johnson,Producer,Other,New York,United States,35,26-35,28.9998,9.6666,3,0.9590860886190901,0.16022178830416509,1280000.0,205083.8890293313,2,
29,9,Skai Jackson,Alan Bersten,Actor/Actress,Entertainment,New York,United States,18,≤25,28.9998,9.6666,3,0.944812495345892,0.15908238865225283,1280000.0,203625.45747488362,5,10.0
29,9,Justina Machado,Sasha Farber,Actor/Actress,Entertainment,Illinois,United States,48,46-55,25.9998,8.6666,3,0.7009617466417443,0.12178523993719254,1280000.0,155885.10711960646,4,
29,9,Nelly,Daniella Karagach,Singer/Rapper,Entertainment,Texas,United States,45,36-45,24.0,8.0,3,0.7360829913389854,0.11474190918076377,1280000.0,146869.64375137762,3,
29,9,AJ McLean,Cheryl Burke,Singer/Rapper,Entertainment,Florida,United States,42,36-45,24.9998,8.333266666666667,3,0.598981230940569,0.11095382599920105,1280000.0,142020.89727897735,7,9.0
29,10,Nev Schulman,Jenna Johnson,Producer,Other,New York,United States,35,26-35,30.0,10.0,3,0.9523692418967254,0.21061593264514614,1339999.9999999998,282225.34974449576,2,
29,10,Kaitlyn Bristowe,Artem Chigvintsev,TV Personality,Media,Unknown,Canada,35,26-35,30.0,10.0,3,0.9304575801418022,0.20832105421150834,1339999.9999999998,279150.21264342114,1,
29,10,Justina Machado,Sasha Farber,Actor/Actress,Entertainment,Illinois,United States,48,46-55,29.0,9.666666666666666,3,0.9153736152266678,0.180855974031316,1339999.9999999998,242347.00520196342,4,
29,10,Nelly,Daniella Karagach,Singer/Rapper,Entertainment,Texas,United States,45,36-45,28.0,9.333333333333334,3,0.6062448822493708,0.13554438866191143,1339999.9999999998,181629.48080696128,3,
29,10,Skai Jackson,Alan Bersten,Actor/Actress,Entertainment,New York,United States,18,≤25,28.5,9.5,3,0.47627010154779875,0.13504311265504174,1339999.9999999998,180957.77095775589,5,10.0
29,10,Johnny Weir,Britt Stewart,Athlete,Sports,Pennsylvania,United States,36,36-45,28.5,9.5,3,0.394288994929914,0.1296195377950763,1339999.9999999998,173690.1806454022,6,10.0
29,11,Nev Schulman,Jenna Johnson,Producer,Other,New York,United States,35,26-35,30.0,10.0,3,0.9531738781265897,0.2711238930148484,1400000.0,379573.4502207878,2,
29,11,Kaitlyn Bristowe,Artem Chigvintsev,TV Personality,Media,Unknown,Canada,35,26-35,30.0,10.0,3,0.9263056437660377,0.26750593928539657,1400000.0,374508.3149995552,1,
29,11,Justina Machado,Sasha Farber,Actor/Actress,Entertainment,Illinois,United States,48,46-55,30.0,10.0,3,0.9258773742022738,0.26744866309206694,1400000.0,374428.12832889374,4,
29,11,Nelly,Daniella Karagach,Singer/Rapper,Entertainment,Texas,United States,45,36-45,28.5,9.5,3,0.7229628366305163,0.19392150460768798,1400000.0,271490.1064507632,3,
30,1,JoJo Siwa,Jenna Johnson,Social Media Personality,Media,Nebraska,United States,18,≤25,29.0,7.25,4,0.9895236222400956,0.0760720779883005,800000.0,60857.6623906404,2,
30,1,Suni Lee,Sasha Farber,Athlete,Sports,Minnesota,United States,18,≤25,28.0,7.0,4,0.9895236222400956,0.07421267104600641,800000.0,59370.13683680513,5,9.0
30,1,Amanda Kloots,Alan Bersten,TV Personality,Media,Ohio,United States,39,36-45,28.0,7.0,4,0.9887821639507508,0.07418516334521393,800000.0,59348.13067617114,4,
30,1,Melanie C,Gleb Savchenko,Singer/Rapper,Entertainment,Unknown,England,47,46-55,27.0,6.75,4,0.9796971097452366,0.07183141537375703,800000.0,57465.13229900563,11,5.0
30,1,Melora Hardin,Artem Chigvintsev,Actor/Actress,Entertainment,Texas,United States,54,46-55,26.0,6.5,4,0.9860654121353724,0.06992178126393184,800000.0,55937.42501114547,6,9.0
30,1,Kenya Moore,Brandon Armstrong,TV Personality,Media,Michigan,United States,50,46-55,26.0,6.5,4,0.9829580238435848,0.06981322855240468,800000.0,55850.582841923744,10,6.0
30,1,Christine Chiu,Pasha Pashkov,TV Personality,Media,Unknown,Taiwan China,38,36-45,25.0,6.25,4,0.9898189348065721,0.06786281913152419,800000.0,54290.25530521935,14,3.0
30,1,Olivia Jade,Valentin Chmerkovskiy,Social Media Personality,Media,California,United States,21,≤25,25.0,6.25,4,0.9836657844914778,0.06765435491041656,800000.0,54123.48392833325,8,8.0
30,1,Cody Rigsby,Cheryl Burke,Fitness Instructor,Other,California,United States,34,26-35,24.0,6.0,4,0.9831383313920681,0.06547956345084374,800000.0,52383.650760674995,3,
30,1,Matt James,Lindsay Arnold,Athlete,Sports,North Carolina,United States,29,26-35,24.0,6.0,4,0.981622406263568,0.06542995119751514,800000.0,52343.96095801212,12,4.0
30,1,"Mike ""The Miz"" Mizanin",Witney Carson,Athlete,Sports,Ohio,United States,40,36-45,24.0,6.0,4,0.980578641445894,0.06539581336571587,800000.0,52316.65069257269,9,7.0
30,1,Brian Austin Green,Sharna Burgess,Actor/Actress,Entertainment,California,United States,48,46-55,24.0,6.0,4,0.9715770888433466,0.0651021428072019,800000.0,52081.71424576153,13,4.0
30,1,Jimmie Allen,Emma Slater,Singer/Rapper,Entertainment,Delaware,United States,36,36-45,22.0,5.5,4,0.9552654727167141,0.060660684580717196,800000.0,48528.54766457376,7,8.0
30,1,Iman Shumpert,Daniella Karagach,Athlete,Sports,Illinois,United States,31,26-35,21.0,5.25,4,0.9512512902637478,0.05885354781674675,800000.0,47082.8382533974,1,
30,1,Martin Kove,Britt Stewart,Actor/Actress,Entertainment,New York,United States,75,>55,13.0,3.25,4,0.7669737709864924,0.047524785169704126,800000.0,38019.8281357633,15,2.0
30,2,Amanda Kloots,Alan Bersten,TV Personality,Media,Ohio,United States,39,36-45,32.0,8.0,4,0.9841183475887061,0.08035767502440434,866666.6666666667,69643.31835448377,4,
30,2,JoJo Siwa,Jenna Johnson,Social Media Personality,Media,Nebraska,United States,18,≤25,31.0,7.75,4,0.9816639539383146,0.07874428202238716,866666.6666666667,68245.04441940221,2,
30,2,Melanie C,Gleb Savchenko,Singer/Rapper,Entertainment,Unknown,England,47,46-55,30.0,7.5,4,0.9671751650927383,0.07648777394566832,866666.6666666667,66289.40408624588,11,5.0
30,2,Suni Lee,Sasha Farber,Athlete,Sports,Minnesota,United States,18,≤25,28.0,7.0,4,0.9882981937488086,0.07343255246374673,866666.6666666667,63641.54546858051,5,9.0
30,2,Jimmie Allen,Emma Slater,Singer/Rapper,Entertainment,Delaware,United States,36,36-45,27.0,6.75,4,0.9813444254701585,0.07111046284291424,866666.6666666667,61629.06779719234,7,8.0
30,2,Olivia Jade,Valentin Chmerkovskiy,Social Media Personality,Media,California,United States,21,≤25,27.0,6.75,4,0.9744142928681152,0.07086448678225955,866666.6666666667,61415.888544624955,8,8.0
30,2,Melora Hardin,Artem Chigvintsev,Actor/Actress,Entertainment,Texas,United States,54,46-55,27.0,6.75,4,0.9739131722567952,0.07084673317905794,866666.6666666667,61400.50208851689,6,9.0
30,2,"Mike ""The Miz"" Mizanin",Witney Carson,Athlete,Sports,Ohio,United States,40,36-45,26.0,6.5,4,0.9760412803930816,0.06884187042797481,866666.6666666667,59662.9543709115,9,7.0
30,2,Iman Shumpert,Daniella Karagach,Athlete,Sports,Illinois,United States,31,26-35,25.0,6.25,4,0.9409347821924147,0.06564099594780193,866666.6666666667,56888.863154761675,1,
30,2,Cody Rigsby,Cheryl Burke,Fitness Instructor,Other,California,United States,34,26-35,24.0,6.0,4,0.9533879630184428,0.06413179700626365,866666.6666666667,55580.89073876183,3,
30,2,Christine Chiu,Pasha Pashkov,TV Personality,Media,Unknown,Taiwan China,38,36-45,24.0,6.0,4,0.9068630553176235,0.06265715246210092,866666.6666666667,54302.86546715414,14,3.0
30,2,Kenya Moore,Brandon Armstrong,TV Personality,Media,Michigan,United States,50,46-55,24.0,6.0,4,0.8923317756716264,0.06220355798245189,866666.6666666667,53909.75025145831,10,6.0
30,2,Brian Austin Green,Sharna Burgess,Actor/Actress,Entertainment,California,United States,48,46-55,23.0,5.75,4,0.8695966320397518,0.05979519457900835,866666.6666666667,51822.50196847391,13,4.0
30,2,Matt James,Lindsay Arnold,Athlete,Sports,North Carolina,United States,29,26-35,22.0,5.5,4,0.8469609941764399,0.057599051890232476,866666.6666666667,49919.178304868154,12,4.0
30,2,Martin Kove,Britt Stewart,Actor/Actress,Entertainment,New York,United States,75,>55,15.0,3.75,4,0.1985829177538736,0.03728641344372775,866666.6666666667,32314.891651230722,15,2.0
30,3,JoJo Siwa,Jenna Johnson,Social Media Personality,Media,Nebraska,United States,18,≤25,24.0,8.0,3,0.9872932005674672,0.08532455564292836,933333.3333333334,79636.2519333998,2,
30,3,Amanda Kloots,Alan Bersten,TV Personality,Media,Ohio,United States,39,36-45,24.0,8.0,3,0.9872723080399433,0.08532366432477022,933333.3333333334,79635.42003645221,4,
30,3,Olivia Jade,Valentin Chmerkovskiy,Social Media Personality,Media,California,United States,21,≤25,24.0,8.0,3,0.979244081094066,0.08498185195004446,933333.3333333334,79316.39515337483,8,8.0
30,3,Melora Hardin,Artem Chigvintsev,Actor/Actress,Entertainment,Texas,United States,54,46-55,23.0,7.666666666666667,3,0.9799786500027063,0.08112247830374929,933333.3333333334,75714.31308349934,6,9.0
30,3,"Mike ""The Miz"" Mizanin",Witney Carson,Athlete,Sports,Ohio,United States,40,36-45,22.0,7.333333333333333,3,0.9844693380316701,0.07677134299682888,933333.3333333334,71653.25346370695,9,7.0
30,3,Melanie C,Gleb Savchenko,Singer/Rapper,Entertainment,Unknown,England,47,46-55,22.0,7.333333333333333,3,0.9754265762591232,0.07642501404653429,933333.3333333334,71330.01311009868,11,5.0
30,3,Suni Lee,Sasha Farber,Athlete,Sports,Minnesota,United States,18,≤25,21.0,7.0,3,0.9598463979036242,0.0712245270241601,933333.3333333334,66476.22522254943,5,9.0
30,3,Kenya Moore,Brandon Armstrong,TV Personality,Media,Michigan,United States,50,46-55,21.0,7.0,3,0.8932446670527071,0.06889174602153529,933333.3333333334,64298.96295343294,10,6.0
30,3,Jimmie Allen,Emma Slater,Singer/Rapper,Entertainment,Delaware,United States,36,36-45,20.0,6.666666666666667,3,0.940452129431485,0.06639725331061547,933333.3333333334,61970.76975657444,7,8.0
30,3,Matt James,Lindsay Arnold,Athlete,Sports,North Carolina,United States,29,26-35,20.0,6.666666666666667,3,0.9120876812091211,0.06546223855023794,933333.3333333334,61098.089313555414,12,4.0
30,3,Christine Chiu,Pasha Pashkov,TV Personality,Media,Unknown,Taiwan China,38,36-45,21.0,7.0,3,0.6958925093957379,0.062418411972876224,933333.3333333334,58257.18450801781,14,3.0
30,3,Iman Shumpert,Daniella Karagach,Athlete,Sports,Illinois,United States,31,26-35,19.0,6.333333333333333,3,0.8992033298724429,0.06176102161952408,933333.3333333334,57643.620178222474,1,
30,3,Cody Rigsby,Cheryl Burke,Fitness Instructor,Other,California,United States,34,26-35,18.0,6.0,3,0.8363559835530588,0.0575075901663979,933333.3333333334,53673.75082197138,3,
30,3,Brian Austin Green,Sharna Burgess,Actor/Actress,Entertainment,California,United States,48,46-55,19.0,6.333333333333333,3,0.7171819598790913,0.05638830406979748,933333.3333333334,52629.08379847765,13,4.0
30,4,Melora Hardin,Artem Chigvintsev,Actor/Actress,Entertainment,Texas,United States,54,46-55,36.5,9.125,4,0.9761871388387152,0.09213655877359844,1000000.0,92136.55877359844,6,9.0
30,4,JoJo Siwa,Jenna Johnson,Social Media Personality,Media,Nebraska,United States,18,≤25,35.0,8.75,4,0.9844588797197359,0.08856871960114551,1000000.0,88568.71960114551,2,
30,4,Olivia Jade,Valentin Chmerkovskiy,Social Media Personality,Media,California,United States,21,≤25,35.0,8.75,4,0.9768824956105444,0.0882338389777975,1000000.0,88233.83897779751,8,8.0
30,4,Suni Lee,Sasha Farber,Athlete,Sports,Minnesota,United States,18,≤25,34.0,8.5,4,0.9833564847846606,0.08546516524141073,1000000.0,85465.16524141074,5,9.0
30,4,Amanda Kloots,Alan Bersten,TV Personality,Media,Ohio,United States,39,36-45,34.0,8.5,4,0.9809392430361821,0.08536193265577516,1000000.0,85361.93265577516,4,
30,4,Melanie C,Gleb Savchenko,Singer/Rapper,Entertainment,Unknown,England,47,46-55,33.0,8.25,4,0.9568429204620444,0.08113071436574859,1000000.0,81130.71436574859,11,5.0
30,4,Jimmie Allen,Emma Slater,Singer/Rapper,Entertainment,Delaware,United States,36,36-45,32.5,8.125,4,0.9655857753070409,0.07985251144921043,1000000.0,79852.51144921043,7,8.0
30,4,"Mike ""The Miz"" Mizanin",Witney Carson,Athlete,Sports,Ohio,United States,40,36-45,32.5,8.125,4,0.9642221280780426,0.07979808467806473,1000000.0,79798.08467806474,9,7.0
30,4,Iman Shumpert,Daniella Karagach,Athlete,Sports,Illinois,United States,31,26-35,31.5,7.875,4,0.9382615035349747,0.07561054940232313,1000000.0,75610.54940232313,1,
30,4,Kenya Moore,Brandon Armstrong,TV Personality,Media,Michigan,United States,50,46-55,29.5,7.375,4,0.8374104852238837,0.06661544418808436,1000000.0,66615.44418808437,10,6.0
30,4,Cody Rigsby,Cheryl Burke,Fitness Instructor,Other,California,United States,34,26-35,29.0,7.25,4,0.8597749822727657,0.06625172545255865,1000000.0,66251.72545255866,3,
30,4,Matt James,Lindsay Arnold,Athlete,Sports,North Carolina,United States,29,26-35,28.5,7.125,4,0.7929828034518885,0.06309441382500984,1000000.0,63094.41382500984,12,4.0
30,4,Brian Austin Green,Sharna Burgess,Actor/Actress,Entertainment,California,United States,48,46-55,26.0,6.5,4,0.3574836354135973,0.047880341389272885,1000000.0,47880.341389272886,13,4.0
30,5,JoJo Siwa,Jenna Johnson,Social Media Personality,Media,Nebraska,United States,18,≤25,40.0,10.0,4,0.9779830204825928,0.10703263139891984,1066666.6666666667,114168.14015884785,2,
30,5,Amanda Kloots,Alan Bersten,TV Personality,Media,Ohio,United States,39,36-45,39.0,9.75,4,0.9748053521693374,0.10428092804140586,1066666.6666666667,111232.98991083293,4,
30,5,Suni Lee,Sasha Farber,Athlete,Sports,Minnesota,United States,18,≤25,36.0,9.0,4,0.9764322634446249,0.09479908565989335,1066666.6666666667,101119.02470388626,5,9.0
30,5,Olivia Jade,Valentin Chmerkovskiy,Social Media Personality,Media,California,United States,21,≤25,36.0,9.0,4,0.9716073009182735,0.09457066028872421,1066666.6666666667,100875.37097463917,8,8.0
30,5,Kenya Moore,Brandon Armstrong,TV Personality,Media,Michigan,United States,50,46-55,36.0,9.0,4,0.966045104636423,0.09430801539111311,1066666.6666666667,100595.21641718733,10,6.0
30,5,Melora Hardin,Artem Chigvintsev,Actor/Actress,Entertainment,Texas,United States,54,46-55,36.0,9.0,4,0.9581956841929834,0.09393860913953762,1066666.6666666667,100201.18308217348,6,9.0
30,5,Melanie C,Gleb Savchenko,Singer/Rapper,Entertainment,Unknown,England,47,46-55,36.0,9.0,4,0.9395661261540469,0.09306765442671382,1066666.6666666667,99272.16472182809,11,5.0
30,5,Jimmie Allen,Emma Slater,Singer/Rapper,Entertainment,Delaware,United States,36,36-45,34.0,8.5,4,0.9022243749284738,0.08487238358198967,1066666.6666666667,90530.54248745566,7,8.0
30,5,"Mike ""The Miz"" Mizanin",Witney Carson,Athlete,Sports,Ohio,United States,40,36-45,32.0,8.0,4,0.9152747326824753,0.0798487960366891,1066666.6666666667,85172.0491058017,9,7.0
30,5,Cody Rigsby,Cheryl Burke,Fitness Instructor,Other,California,United States,34,26-35,32.0,8.0,4,0.9037730112308665,0.0793909145996813,1066666.6666666667,84683.64223966005,3,
30,5,Iman Shumpert,Daniella Karagach,Athlete,Sports,Illinois,United States,31,26-35,28.0,7.0,4,0.9398565319013135,0.07389032143533211,1066666.6666666667,78816.34286435426,1,
30,6,JoJo Siwa,Jenna Johnson,Social Media Personality,Media,Nebraska,United States,18,≤25,40.0,10.0,4,0.9780793262953018,0.12070249461773375,1133333.3333333333,136796.1605667649,2,
30,6,Iman Shumpert,Daniella Karagach,Athlete,Sports,Illinois,United States,31,26-35,40.0,10.0,4,0.9710327168940354,0.12027797125281038,1133333.3333333333,136315.03408651843,1,
30,6,Jimmie Allen,Emma Slater,Singer/Rapper,Entertainment,Delaware,United States,36,36-45,38.0,9.5,4,0.9727126016399852,0.11170745359771521,1133333.3333333333,126601.78074407723,7,8.0
30,6,Amanda Kloots,Alan Bersten,TV Personality,Media,Ohio,United States,39,36-45,38.0,9.5,4,0.9665346275405254,0.11136292311924124,1133333.3333333333,126211.3128684734,4,
30,6,Olivia Jade,Valentin Chmerkovskiy,Social Media Personality,Media,California,United States,21,≤25,36.0,9.0,4,0.9361590599224376,0.09997825228065219,1133333.3333333333,113308.68591807247,8,8.0
30,6,Cody Rigsby,Cheryl Burke,Fitness Instructor,Other,California,United States,34,26-35,36.0,9.0,4,0.9176094754666877,0.09905526165302403,1133333.3333333333,112262.62987342723,3,
30,6,Suni Lee,Sasha Farber,Athlete,Sports,Minnesota,United States,18,≤25,36.0,9.0,4,0.9105387795500695,0.09870568513739347,1133333.3333333333,111866.4431557126,5,9.0
30,6,Melora Hardin,Artem Chigvintsev,Actor/Actress,Entertainment,Texas,United States,54,46-55,34.0,8.5,4,0.835341521357641,0.08708166663156192,1133333.3333333333,98692.55551577016,6,9.0
30,6,"Mike ""The Miz"" Mizanin",Witney Carson,Athlete,Sports,Ohio,United States,40,36-45,34.0,8.5,4,0.7610705787905838,0.08390715617912689,1133333.3333333333,95094.77700301047,9,7.0
30,6,Kenya Moore,Brandon Armstrong,TV Personality,Media,Michigan,United States,50,46-55,32.0,8.0,4,0.44603601947603644,0.06722113553074101,1133333.3333333333,76183.95360150647,10,6.0
30,7,Olivia Jade,Valentin Chmerkovskiy,Social Media Personality,Media,California,United States,21,≤25,42.0,10.5,4,0.9605666185407807,0.13989076385341778,1200000.0,167868.91662410134,8,8.0
30,7,JoJo Siwa,Jenna Johnson,Social Media Personality,Media,Nebraska,United States,18,≤25,39.0,9.75,4,0.9717108225566911,0.12998610745267658,1200000.0,155983.3289432119,2,
30,7,Jimmie Allen,Emma Slater,Singer/Rapper,Entertainment,Delaware,United States,36,36-45,38.0,9.5,4,0.9676660283060754,0.1252391353330427,1200000.0,150286.96239965124,7,8.0
30,7,Melora Hardin,Artem Chigvintsev,Actor/Actress,Entertainment,Texas,United States,54,46-55,38.0,9.5,4,0.955467741269842,0.12447760856379399,1200000.0,149373.13027655278,6,9.0
30,7,Cody Rigsby,Cheryl Burke,Fitness Instructor,Other,California,United States,34,26-35,36.0,9.0,4,0.9657952272141616,0.11578426227992764,1200000.0,138941.11473591317,3,
30,7,Iman Shumpert,Daniella Karagach,Athlete,Sports,Illinois,United States,31,26-35,34.0,8.5,4,0.8360298802906033,0.10065970438692123,1200000.0,120791.64526430548,1,
30,7,Suni Lee,Sasha Farber,Athlete,Sports,Minnesota,United States,18,≤25,34.0,8.5,4,0.7538127218323825,0.0966056265485587,1200000.0,115926.75185827044,5,9.0
30,7,Amanda Kloots,Alan Bersten,TV Personality,Media,Ohio,United States,39,36-45,34.0,8.5,4,0.7465462567354479,0.09625527268574655,1200000.0,115506.32722289585,4,
30,7,"Mike ""The Miz"" Mizanin",Witney Carson,Athlete,Sports,Ohio,United States,40,36-45,32.0,8.0,4,0.2616592832634231,0.07110151889591473,1200000.0,85321.82267509768,9,7.0
30,8,Suni Lee,Sasha Farber,Athlete,Sports,Minnesota,United States,18,≤25,42.0,10.5,4,0.9614601289039191,0.14688732523554301,1266666.6666666665,186057.2786316878,5,9.0
30,8,Amanda Kloots,Alan Bersten,TV Personality,Media,Ohio,United States,39,36-45,42.0,10.5,4,0.9532248006297768,0.14628373610571585,1266666.6666666665,185292.73240057338,4,
30,8,Melora Hardin,Artem Chigvintsev,Actor/Actress,Entertainment,Texas,United States,54,46-55,42.0,10.5,4,0.9454510698818689,0.14571625449383377,1266666.6666666665,184573.92235885607,6,9.0
30,8,JoJo Siwa,Jenna Johnson,Social Media Personality,Media,Nebraska,United States,18,≤25,41.0,10.25,4,0.9521569032988891,0.14217552542205222,1266666.6666666665,180088.9988679328,2,
30,8,Cody Rigsby,Cheryl Burke,Fitness Instructor,Other,California,United States,34,26-35,38.0,9.5,4,0.8885059521966239,0.12529840119699698,1266666.6666666665,158711.30818286282,3,
30,8,Iman Shumpert,Daniella Karagach,Athlete,Sports,Illinois,United States,31,26-35,35.0,8.75,4,0.8123510070629021,0.11022395842514728,1266666.6666666665,139617.01400518653,1,
30,8,Olivia Jade,Valentin Chmerkovskiy,Social Media Personality,Media,California,United States,21,≤25,36.0,9.0,4,0.4593706083185186,0.09500940422839331,1266666.6666666665,120345.24535596484,8,8.0
30,8,Jimmie Allen,Emma Slater,Singer/Rapper,Entertainment,Delaware,United States,36,36-45,32.0,8.0,4,0.5023339974809509,0.08840539489231762,1266666.6666666665,111980.16686360231,7,8.0
30,9,JoJo Siwa,Jenna Johnson,Social Media Personality,Media,Nebraska,United States,18,≤25,40.0,10.0,4,0.9376938802368174,0.20287549682091027,1333333.3333333335,270500.6624278804,2,
30,9,Amanda Kloots,Alan Bersten,TV Personality,Media,Ohio,United States,39,36-45,39.5,9.875,4,0.957851343540646,0.19982641021012337,1333333.3333333335,266435.21361349785,4,
30,9,Iman Shumpert,Daniella Karagach,Athlete,Sports,Illinois,United States,31,26-35,37.5,9.375,4,0.897934708670741,0.17055137699982115,1333333.3333333335,227401.83599976156,1,
30,9,Suni Lee,Sasha Farber,Athlete,Sports,Minnesota,United States,18,≤25,37.5,9.375,4,0.8045337921593329,0.1627696684460724,1333333.3333333335,217026.22459476325,5,9.0
30,9,Cody Rigsby,Cheryl Burke,Fitness Instructor,Other,California,United States,34,26-35,35.5,8.875,4,0.800246975135883,0.1436755166855191,1333333.3333333335,191567.35558069215,3,
30,9,Melora Hardin,Artem Chigvintsev,Actor/Actress,Entertainment,Texas,United States,54,46-55,36.0,9.0,4,0.3923048084356418,0.12030153083755371,1333333.3333333335,160402.0411167383,6,9.0
30,10,JoJo Siwa,Jenna Johnson,Social Media Personality,Media,Nebraska,United States,18,≤25,40.0,10.0,4,0.9630434816350147,0.3036364786130255,1400000.0,425091.0700582357,2,
30,10,Iman Shumpert,Daniella Karagach,Athlete,Sports,Illinois,United States,31,26-35,40.0,10.0,4,0.9287485811292391,0.2984742730213311,1400000.0,417863.9822298636,1,
30,10,Amanda Kloots,Alan Bersten,TV Personality,Media,Ohio,United States,39,36-45,39.0,9.75,4,0.4343921154717529,0.20558290237408214,1400000.0,287816.063323715,4,
30,10,Cody Rigsby,Cheryl Burke,Fitness Instructor,Other,California,United States,34,26-35,38.0,9.5,4,0.52273494710041,0.19230634599156127,1400000.0,269228.88438818575,3,
31,1,Charli D'Amelio,Mark Ballas,Social Media Personality,Media,Connecticut,United States,18,≤25,32.0,8.0,4,0.9895236222400956,0.07637362247893621,800000.0,61098.89798314897,1,
31,1,Wayne Brady,Witney Carson,Comedian,Entertainment,Georgia,United States,50,46-55,29.0,7.25,4,0.9899099141837758,0.07261276895475294,800000.0,58090.21516380235,3,
31,1,Gabby Windey,Valentin Chmerkovskiy,TV Personality,Media,Illinois,United States,31,26-35,28.0,7.0,4,0.9893898161990008,0.07104316232270091,800000.0,56834.529858160735,2,
31,1,Selma Blair,Sasha Farber,Actor/Actress,Entertainment,Michigan,United States,50,46-55,28.0,7.0,4,0.9865226515521341,0.07094138906859335,800000.0,56753.111254874675,12,-1.0
31,1,Shangela,Gleb Savchenko,TV Personality,Media,Texas,United States,40,36-45,28.0,7.0,4,0.9846204724820445,0.07087394953145133,800000.0,56699.15962516107,4,
31,1,Daniel Durant,Britt Stewart,Actor/Actress,Entertainment,Michigan,United States,32,26-35,27.0,6.75,4,0.9873279028057048,0.06930373097129332,800000.0,55442.98477703465,5,9.0
31,1,Jordin Sparks,Brandon Armstrong,Singer/Rapper,Entertainment,Arizona,United States,32,26-35,26.0,6.5,4,0.982504073779932,0.06738981330057016,800000.0,53911.85064045613,9,7.0
31,1,Heidi D'Amelio,Artem Chigvintsev,Social Media Personality,Media,Louisiana,United States,50,46-55,24.0,6.0,4,0.9859075839924677,0.0639140713557551,800000.0,51131.257084604076,8,8.0
31,1,Joseph Baena,Daniella Karagach,Actor/Actress,Entertainment,California,United States,24,≤25,23.0,5.75,4,0.9711014741399956,0.06170371160297172,800000.0,49362.96928237738,11,5.0
31,1,Cheryl Ladd,Louis van Amstel,Actor/Actress,Entertainment,South Dakota,United States,71,>55,21.0,5.25,4,0.9546104184104577,0.058027523342744046,800000.0,46422.018674195235,14,3.0
31,1,Trevor Donovan,Emma Slater,Actor/Actress,Entertainment,California,United States,39,36-45,21.0,5.25,4,0.9453092043448601,0.05775828667681372,800000.0,46206.62934145098,6,9.0
31,1,Teresa Giudice,Pasha Pashkov,TV Personality,Media,New Jersey,United States,50,46-55,20.0,5.0,4,0.9532341244055627,0.056598112993243854,800000.0,45278.49039459509,15,2.0
31,1,Jessie James Decker,Alan Bersten,Singer/Rapper,Entertainment,Unknown,Italy,34,26-35,20.0,5.0,4,0.9520270553156288,0.05656396438284208,800000.0,45251.17150627366,10,6.0
31,1,Sam Champion,Cheryl Burke,News Anchor,Media,Kentucky,United States,61,>55,20.0,5.0,4,0.9505792461860719,0.056523032288075994,800000.0,45218.425830460794,13,4.0
31,1,Vinny Guadagnino,Koko Iwasaki,TV Personality,Media,New York,United States,34,26-35,17.0,4.25,4,0.8146112709311539,0.04975931709677818,800000.0,39807.45367742254,7,8.0
31,1,Jason Lewis,Peta Murgatroyd,Actor/Actress,Entertainment,California,United States,51,46-55,18.0,4.5,4,0.3734908990575604,0.04061354363247699,800000.0,32490.834905981592,16,1.0
31,2,Charli D'Amelio,Mark Ballas,Social Media Personality,Media,Connecticut,United States,18,≤25,32.0,8.0,4,0.9888101066856918,0.07953656913930889,866666.6666666667,68931.69325406771,1,
31,2,Gabby Windey,Valentin Chmerkovskiy,TV Personality,Media,Illinois,United States,31,26-35,32.0,8.0,4,0.9849747924100666,0.079384191420588,866666.6666666667,68799.63256450961,2,
31,2,Wayne Brady,Witney Carson,Comedian,Entertainment,Georgia,United States,50,46-55,32.0,8.0,4,0.9835024511657182,0.07932577261674102,866666.6666666667,68749.0029345089,3,
31,2,Trevor Donovan,Emma Slater,Actor/Actress,Entertainment,California,United States,39,36-45,30.0,7.5,4,0.9772414373725576,0.07466901361814966,866666.6666666667,64713.14513572971,6,9.0
31,2,Daniel Durant,Britt Stewart,Actor/Actress,Entertainment,Michigan,United States,32,26-35,29.0,7.25,4,0.9773232579546548,0.07215174899463304,866666.6666666667,62531.51579534864,5,9.0
31,2,Selma Blair,Sasha Farber,Actor/Actress,Entertainment,Michigan,United States,50,46-55,28.0,7.0,4,0.984951535953059,0.06981376020009239,866666.6666666667,60505.258840080074,12,-1.0
31,2,Shangela,Gleb Savchenko,TV Personality,Media,Texas,United States,40,36-45,28.0,7.0,4,0.9828314703029097,0.06973979453258222,866666.6666666667,60441.155261571264,4,
31,2,Heidi D'Amelio,Artem Chigvintsev,Social Media Personality,Media,Louisiana,United States,50,46-55,28.0,7.0,4,0.9795905543953933,0.06962687564270438,866666.6666666667,60343.292223677134,8,8.0
31,2,Vinny Guadagnino,Koko Iwasaki,TV Personality,Media,New York,United States,34,26-35,27.0,6.75,4,0.9652798409555035,0.0665761256488271,866666.6666666667,57699.30889565016,7,8.0
31,2,Jordin Sparks,Brandon Armstrong,Singer/Rapper,Entertainment,Arizona,United States,32,26-35,27.0,6.75,4,0.9404058137824912,0.06575324516433313,866666.6666666667,56986.14580908872,9,7.0
31,2,Sam Champion,Cheryl Burke,News Anchor,Media,Kentucky,United States,61,>55,26.0,6.5,4,0.9283524084014875,0.06299261543686135,866666.6666666667,54593.60004527985,13,4.0
31,2,Jessie James Decker,Alan Bersten,Singer/Rapper,Entertainment,Unknown,Italy,34,26-35,25.0,6.25,4,0.912272976143401,0.06036692311772823,866666.6666666667,52318.00003536447,10,6.0
31,2,Joseph Baena,Daniella Karagach,Actor/Actress,Entertainment,California,United States,24,≤25,24.0,6.0,4,0.7838450543076886,0.054882031579559835,866666.6666666667,47564.42736895186,11,5.0
31,2,Cheryl Ladd,Louis van Amstel,Actor/Actress,Entertainment,South Dakota,United States,71,>55,21.0,5.25,4,0.7876499357813962,0.051382743398826584,866666.6666666667,44531.71094564971,14,3.0
31,2,Teresa Giudice,Pasha Pashkov,TV Personality,Media,New Jersey,United States,50,46-55,23.0,5.75,4,0.38643131288351784,0.04379858948906423,866666.6666666667,37958.777557189,15,2.0
31,3,Charli D'Amelio,Mark Ballas,Social Media Personality,Media,Connecticut,United States,18,≤25,33.0,8.25,4,0.9867922954424546,0.08365777543469832,933333.3333333334,78080.59040571844,1,
31,3,Wayne Brady,Witney Carson,Comedian,Entertainment,Georgia,United States,50,46-55,33.0,8.25,4,0.982960935929496,0.08349766733471307,933333.3333333334,77931.15617906554,3,
31,3,Gabby Windey,Valentin Chmerkovskiy,TV Personality,Media,Illinois,United States,31,26-35,33.0,8.25,4,0.980685537041332,0.08340272610253845,933333.3333333334,77842.54436236923,2,
31,3,Heidi D'Amelio,Artem Chigvintsev,Social Media Personality,Media,Louisiana,United States,50,46-55,32.0,8.0,4,0.9805151609886725,0.0811287487817825,933333.3333333334,75720.16552966367,8,8.0
31,3,Daniel Durant,Britt Stewart,Actor/Actress,Entertainment,Michigan,United States,32,26-35,31.0,7.75,4,0.9767486777432487,0.07848122375547391,933333.3333333334,73249.14217177565,5,9.0
31,3,Shangela,Gleb Savchenko,TV Personality,Media,Texas,United States,40,36-45,30.0,7.5,4,0.9664721882681061,0.07544881158133875,933333.3333333334,70418.8908092495,4,
31,3,Joseph Baena,Daniella Karagach,Actor/Actress,Entertainment,California,United States,24,≤25,29.0,7.25,4,0.9796519578945596,0.07325801102621363,933333.3333333334,68374.14362446606,11,5.0
31,3,Jordin Sparks,Brandon Armstrong,Singer/Rapper,Entertainment,Arizona,United States,32,26-35,29.0,7.25,4,0.9681289517488677,0.07283714833562593,933333.3333333334,67981.33844658421,9,7.0
31,3,Selma Blair,Sasha Farber,Actor/Actress,Entertainment,Michigan,United States,50,46-55,28.0,7.0,4,0.9457696801232786,0.06945375006017425,933333.3333333334,64823.50005616264,12,-1.0
31,3,Trevor Donovan,Emma Slater,Actor/Actress,Entertainment,California,United States,39,36-45,27.0,6.75,4,0.9416900250500577,0.06691491998903278,933333.3333333334,62453.92532309726,6,9.0
31,3,Jessie James Decker,Alan Bersten,Singer/Rapper,Entertainment,Unknown,Italy,34,26-35,26.0,6.5,4,0.904822024388266,0.06358004979679617,933333.3333333334,59341.379810343096,10,6.0
31,3,Sam Champion,Cheryl Burke,News Anchor,Media,Kentucky,United States,61,>55,25.0,6.25,4,0.8789234463145437,0.060954413563896054,933333.3333333334,56890.78599296965,13,4.0
31,3,Vinny Guadagnino,Koko Iwasaki,TV Personality,Media,New York,United States,34,26-35,23.0,5.75,4,0.8276491493284169,0.05671562322440487,933333.3333333334,52934.581676111215,7,8.0
31,3,Cheryl Ladd,Louis van Amstel,Actor/Actress,Entertainment,South Dakota,United States,71,>55,24.0,6.0,4,0.5598099304413563,0.05066913101331116,933333.3333333334,47291.18894575708,14,3.0
31,4,Wayne Brady,Witney Carson,Comedian,Entertainment,Georgia,United States,50,46-55,36.0,9.0,4,0.9802251831671721,0.09065123424002439,1000000.0,90651.23424002438,3,
31,4,Gabby Windey,Valentin Chmerkovskiy,TV Personality,Media,Illinois,United States,31,26-35,36.0,9.0,4,0.9792257293034933,0.09060594469401559,1000000.0,90605.94469401559,2,
31,4,Charli D'Amelio,Mark Ballas,Social Media Personality,Media,Connecticut,United States,18,≤25,36.0,9.0,4,0.9786480577552643,0.09057977823492717,1000000.0,90579.77823492717,1,
31,4,Heidi D'Amelio,Artem Chigvintsev,Social Media Personality,Media,Louisiana,United States,50,46-55,34.0,8.5,4,0.9777454821220107,0.08563650835223371,1000000.0,85636.50835223371,8,8.0
31,4,Jordin Sparks,Brandon Armstrong,Singer/Rapper,Entertainment,Arizona,United States,32,26-35,34.0,8.5,4,0.9724258459945145,0.08540903347540377,1000000.0,85409.03347540376,9,7.0
31,4,Selma Blair,Sasha Farber,Actor/Actress,Entertainment,Michigan,United States,50,46-55,32.0,8.0,4,0.9733136893824871,0.07993092620657827,1000000.0,79930.92620657827,12,-1.0
31,4,Shangela,Gleb Savchenko,TV Personality,Media,Texas,United States,40,36-45,32.0,8.0,4,0.9529083408364298,0.07911956307720938,1000000.0,79119.56307720939,4,
31,4,Jessie James Decker,Alan Bersten,Singer/Rapper,Entertainment,Unknown,Italy,34,26-35,31.0,7.75,4,0.924454906604902,0.07532490194319415,1000000.0,75324.90194319414,10,6.0
31,4,Vinny Guadagnino,Koko Iwasaki,TV Personality,Media,New York,United States,34,26-35,29.0,7.25,4,0.9104189122055772,0.06998989282105002,1000000.0,69989.89282105002,7,8.0
31,4,Daniel Durant,Britt Stewart,Actor/Actress,Entertainment,Michigan,United States,32,26-35,29.0,7.25,4,0.8892472179903094,0.06925289825476345,1000000.0,69252.89825476345,5,9.0
31,4,Joseph Baena,Daniella Karagach,Actor/Actress,Entertainment,California,United States,24,≤25,28.0,7.0,4,0.8835037493085458,0.06705878267560686,1000000.0,67058.78267560685,11,5.0
31,4,Trevor Donovan,Emma Slater,Actor/Actress,Entertainment,California,United States,39,36-45,28.0,7.0,4,0.7891057795868875,0.06396720967575902,1000000.0,63967.20967575902,6,9.0
31,4,Sam Champion,Cheryl Burke,News Anchor,Media,Kentucky,United States,61,>55,25.0,6.25,4,0.5255756223641636,0.0524733263492344,1000000.0,52473.3263492344,13,4.0
31,5,Charli D'Amelio,Mark Ballas,Social Media Personality,Media,Connecticut,United States,18,≤25,42.0,10.5,4,0.9830434586710094,0.09871241812636666,1066666.6666666667,105293.24600145778,1,
31,5,Wayne Brady,Witney Carson,Comedian,Entertainment,Georgia,United States,50,46-55,41.0,10.25,4,0.9813274844009556,0.09609911835015464,1066666.6666666667,102505.72624016495,3,
31,5,Gabby Windey,Valentin Chmerkovskiy,TV Personality,Media,Illinois,United States,31,26-35,41.0,10.25,4,0.9785595778762636,0.09596621364996506,1066666.6666666667,102363.96122662941,2,
31,5,Selma Blair,Sasha Farber,Actor/Actress,Entertainment,Michigan,United States,50,46-55,40.0,10.0,4,0.9765790741460507,0.09304167189662912,1066666.6666666667,99244.45002307107,12,-1.0
31,5,Heidi D'Amelio,Artem Chigvintsev,Social Media Personality,Media,Louisiana,United States,50,46-55,39.0,9.75,4,0.9755835537430311,0.08994398789486203,1066666.6666666667,95940.25375451951,8,8.0
31,5,Shangela,Gleb Savchenko,TV Personality,Media,Texas,United States,40,36-45,38.5,9.625,4,0.958157259444852,0.0876037656074918,1066666.6666666667,93444.01664799126,4,
31,5,Jessie James Decker,Alan Bersten,Singer/Rapper,Entertainment,Unknown,Italy,34,26-35,36.0,9.0,4,0.9257797486621275,0.07870766599447541,1066666.6666666667,83954.84372744044,10,6.0
31,5,Trevor Donovan,Emma Slater,Actor/Actress,Entertainment,California,United States,39,36-45,36.0,9.0,4,0.9085568558409451,0.0780327891501163,1066666.6666666667,83234.9750934574,6,9.0
31,5,Jordin Sparks,Brandon Armstrong,Singer/Rapper,Entertainment,Arizona,United States,32,26-35,35.5,8.875,4,0.898143167867452,0.07629074152931421,1066666.6666666667,81376.79096460184,9,7.0
31,5,Joseph Baena,Daniella Karagach,Actor/Actress,Entertainment,California,United States,24,≤25,35.0,8.75,4,0.8599269098784654,0.0736074176999041,1066666.6666666667,78514.57887989772,11,5.0
31,5,Daniel Durant,Britt Stewart,Actor/Actress,Entertainment,Michigan,United States,32,26-35,33.5,8.375,4,0.7507527081111148,0.06663742057076455,1066666.6666666667,71079.91527548218,5,9.0
31,5,Vinny Guadagnino,Koko Iwasaki,TV Personality,Media,New York,United States,34,26-35,31.0,7.75,4,0.8213555367643739,0.06535678952995605,1066666.6666666667,69713.90883195313,7,8.0
31,6,Charli D'Amelio,Mark Ballas,Social Media Personality,Media,Connecticut,United States,18,≤25,40.0,10.0,4,0.9806759004279949,0.12189247795519956,1133333.3333333333,138144.80834922616,1,
31,6,Gabby Windey,Valentin Chmerkovskiy,TV Personality,Media,Illinois,United States,31,26-35,37.0,9.25,4,0.9748882009389738,0.11205587252427696,1133333.3333333333,126996.65552751388,2,
31,6,Shangela,Gleb Savchenko,TV Personality,Media,Texas,United States,40,36-45,36.0,9.0,4,0.9778810140750149,0.10828886482117092,1133333.3333333333,122727.38013066037,4,
31,6,Heidi D'Amelio,Artem Chigvintsev,Social Media Personality,Media,Louisiana,United States,50,46-55,36.0,9.0,4,0.9706803314922545,0.10789968895312178,1133333.3333333333,122286.31414687134,8,8.0
31,6,Wayne Brady,Witney Carson,Comedian,Entertainment,Georgia,United States,50,46-55,34.0,8.5,4,0.9452780738375565,0.0985714591063654,1133333.3333333333,111714.32032054744,3,
31,6,Trevor Donovan,Emma Slater,Actor/Actress,Entertainment,California,United States,39,36-45,34.0,8.5,4,0.91537051160887,0.09710840940852718,1133333.3333333333,110056.19732966412,6,9.0
31,6,Daniel Durant,Britt Stewart,Actor/Actress,Entertainment,Michigan,United States,32,26-35,34.0,8.5,4,0.9148101071139374,0.0970812032257578,1133333.3333333333,110025.36365585883,5,9.0
31,6,Jordin Sparks,Brandon Armstrong,Singer/Rapper,Entertainment,Arizona,United States,32,26-35,34.0,8.5,4,0.8703759623180213,0.09494812620802207,1133333.3333333333,107607.87636909167,9,7.0
31,6,Jessie James Decker,Alan Bersten,Singer/Rapper,Entertainment,Unknown,Italy,34,26-35,32.0,8.0,4,0.742360788070059,0.08270251283222713,1133333.3333333333,93729.51454319074,10,6.0
31,6,Vinny Guadagnino,Koko Iwasaki,TV Personality,Media,New York,United States,34,26-35,28.0,7.0,4,0.8605944003910796,0.07945138496533136,1133333.3333333333,90044.90296070886,7,8.0
31,7,Charli D'Amelio,Mark Ballas,Social Media Personality,Media,Connecticut,United States,18,≤25,39.0,9.75,4,0.9619742611419672,0.13323324171662765,1200000.0,159879.89005995318,1,
31,7,Trevor Donovan,Emma Slater,Actor/Actress,Entertainment,California,United States,39,36-45,39.0,9.75,4,0.9615429408373573,0.13320451171349673,1200000.0,159845.41405619608,6,9.0
31,7,Wayne Brady,Witney Carson,Comedian,Entertainment,Georgia,United States,50,46-55,38.0,9.5,4,0.9662799736001495,0.1280996918317869,1200000.0,153719.6301981443,3,
31,7,Daniel Durant,Britt Stewart,Actor/Actress,Entertainment,Michigan,United States,32,26-35,36.5,9.125,4,0.9593882439436319,0.11857438884064038,1200000.0,142289.26660876846,5,9.0
31,7,Shangela,Gleb Savchenko,TV Personality,Media,Texas,United States,40,36-45,36.5,9.125,4,0.9487051144922501,0.1179427046607556,1200000.0,141531.24559290672,4,
31,7,Gabby Windey,Valentin Chmerkovskiy,TV Personality,Media,Illinois,United States,31,26-35,35.5,8.875,4,0.8558303968871218,0.10689884876975737,1200000.0,128278.61852370885,2,
31,7,Heidi D'Amelio,Artem Chigvintsev,Social Media Personality,Media,Louisiana,United States,50,46-55,35.0,8.75,4,0.7309562254675886,0.09793769208509327,1200000.0,117525.23050211192,8,8.0
31,7,Vinny Guadagnino,Koko Iwasaki,TV Personality,Media,New York,United States,34,26-35,31.5,7.875,4,0.7064505556589752,0.08513269266277439,1200000.0,102159.23119532927,7,8.0
31,7,Jordin Sparks,Brandon Armstrong,Singer/Rapper,Entertainment,Arizona,United States,32,26-35,34.5,8.625,4,0.34838648907288144,0.07897622771906773,1200000.0,94771.47326288128,9,7.0
31,8,Wayne Brady,Witney Carson,Comedian,Entertainment,Georgia,United States,50,46-55,45.0,11.25,4,0.9647040421292608,0.14737184233738104,1266666.6666666665,186671.00029401598,3,
31,8,Charli D'Amelio,Mark Ballas,Social Media Personality,Media,Connecticut,United States,18,≤25,45.0,11.25,4,0.9328778567104945,0.14504526119402533,1266666.6666666665,183723.99751243208,1,
31,8,Shangela,Gleb Savchenko,TV Personality,Media,Texas,United States,40,36-45,42.0,10.5,4,0.9524176430048644,0.13791516463043224,1266666.6666666665,174692.54186521415,4,
31,8,Gabby Windey,Valentin Chmerkovskiy,TV Personality,Media,Illinois,United States,31,26-35,40.0,10.0,4,0.9493630361932268,0.13155488885251884,1266666.6666666665,166636.19254652385,2,
31,8,Trevor Donovan,Emma Slater,Actor/Actress,Entertainment,California,United States,39,36-45,39.0,9.75,4,0.9155651662341748,0.12634581158012667,1266666.6666666665,160038.02800149377,6,9.0
31,8,Daniel Durant,Britt Stewart,Actor/Actress,Entertainment,Michigan,United States,32,26-35,39.0,9.75,4,0.9040429013469714,0.12562000935477927,1266666.6666666665,159118.6785160537,5,9.0
31,8,Heidi D'Amelio,Artem Chigvintsev,Social Media Personality,Media,Louisiana,United States,50,46-55,35.0,8.75,4,0.5617600328300619,0.09683440213795318,1266666.6666666665,122656.90937474067,8,8.0
31,8,Vinny Guadagnino,Koko Iwasaki,TV Personality,Media,New York,United States,34,26-35,29.0,7.25,4,0.5832570993728897,0.08931261991278329,1266666.6666666665,113129.31855619216,7,8.0
31,9,Charli D'Amelio,Mark Ballas,Social Media Personality,Media,Connecticut,United States,18,≤25,40.0,10.0,4,0.9343619184090093,0.1989018202869635,1333333.3333333335,265202.4270492847,1,
31,9,Gabby Windey,Valentin Chmerkovskiy,TV Personality,Media,Illinois,United States,31,26-35,40.0,10.0,4,0.9341138667009725,0.19887715284856827,1333333.3333333335,265169.5371314244,2,
31,9,Wayne Brady,Witney Carson,Comedian,Entertainment,Georgia,United States,50,46-55,36.5,9.125,4,0.9277783580138781,0.17339687603521267,1333333.3333333335,231195.83471361693,3,
31,9,Shangela,Gleb Savchenko,TV Personality,Media,Texas,United States,40,36-45,36.5,9.125,4,0.8549669830407561,0.16719776958400254,1333333.3333333335,222930.35944533674,4,
31,9,Daniel Durant,Britt Stewart,Actor/Actress,Entertainment,Michigan,United States,32,26-35,34.5,8.625,4,0.6050003187188301,0.1361893144403665,1333333.3333333335,181585.75258715535,5,9.0
31,9,Trevor Donovan,Emma Slater,Actor/Actress,Entertainment,California,United States,39,36-45,32.5,8.125,4,0.5683029588701237,0.12543706680488653,1333333.3333333335,167249.4224065154,6,9.0
31,10,Gabby Windey,Valentin Chmerkovskiy,TV Personality,Media,Illinois,United States,31,26-35,40.0,10.0,4,0.956983256666722,0.3107534068145784,1400000.0,435054.7695404098,2,
31,10,Charli D'Amelio,Mark Ballas,Social Media Personality,Media,Connecticut,United States,18,≤25,40.0,10.0,4,0.9294053696684857,0.30649785286955866,1400000.0,429096.99401738215,1,
31,10,Wayne Brady,Witney Carson,Comedian,Entertainment,Georgia,United States,50,46-55,38.0,9.5,4,0.4540307467913749,0.197079153779165,1400000.0,275910.815290831,3,
31,10,Shangela,Gleb Savchenko,TV Personality,Media,Texas,United States,40,36-45,38.0,9.5,4,0.3347572141354495,0.185669586536698,1400000.0,259937.42115137717,4,
32,1,Charity Lawson,Artem Chigvintsev,TV Personality,Media,Georgia,United States,27,26-35,22.0,7.333333333333333,3,0.9910397377910262,0.08568933587374734,800000.0,68551.46869899788,4,
32,1,Ariana Madix,Pasha Pashkov,TV Personality,Media,Florida,United States,38,36-45,21.0,7.0,3,0.9892201887806552,0.0837250073018262,800000.0,66980.00584146095,3,
32,1,Jason Mraz,Daniella Karagach,Singer/Rapper,Entertainment,Virginia,United States,46,46-55,21.0,7.0,3,0.9886654505169442,0.08370178778957311,800000.0,66961.4302316585,2,
32,1,Lele Pons,Brandon Armstrong,Social Media Personality,Media,Unknown,Venezuela,27,26-35,19.0,6.333333333333333,3,0.9808097478513648,0.07883204010347006,800000.0,63065.63208277604,8,7.0
32,1,Adrian Peterson,Britt Stewart,Athlete,Sports,Texas,United States,38,36-45,18.0,6.0,3,0.986030761085792,0.07648114141087152,800000.0,61184.91312869722,11,4.0
32,1,Xochitl Gomez,Valentin Chmerkovskiy,Actor/Actress,Entertainment,California,United States,17,≤25,18.0,6.0,3,0.9822278746435215,0.07633585503366308,800000.0,61068.68402693047,1,
32,1,Mira Sorvino,Gleb Savchenko,Actor/Actress,Entertainment,New York,United States,55,46-55,17.0,5.666666666666667,3,0.978713140511102,0.07358727937288284,800000.0,58869.82349830627,10,5.0
32,1,Barry Williams,Peta Murgatroyd,Actor/Actress,Entertainment,California,United States,68,>55,16.0,5.333333333333333,3,0.9694143403660572,0.07068242548217428,800000.0,56545.94038573942,7,8.0
32,1,Jamie Lynn Spears,Alan Bersten,Actor/Actress,Entertainment,Mississippi,United States,32,26-35,15.0,5.0,3,0.9621053241023104,0.06800826545898812,800000.0,54406.6123671905,13,2.0
32,1,Mauricio Umansky,Emma Slater,TV Personality,Media,Unknown,Mexico,53,46-55,15.0,5.0,3,0.9253210963809149,0.06676888207433422,800000.0,53415.10565946738,9,6.0
32,1,Alyson Hannigan,Sasha Farber,Actor/Actress,Entertainment,Washington D.C.,United States,49,46-55,13.0,4.333333333333333,3,0.9278013868408431,0.06278719742750609,800000.0,50229.75794200487,5,
32,1,Harry Jowsey,Rylee Arnold,TV Personality,Media,Unknown,Australia,26,26-35,12.0,4.0,3,0.9140478103944365,0.06074602771620221,800000.0,48596.822172961765,6,9.0
32,1,Tyson Beckford,Jenna Johnson,Model,Model,New York,United States,52,46-55,12.0,4.0,3,0.8780618150123698,0.05966279906930131,800000.0,47730.23925544105,12,3.0
32,1,Matt Walsh,Koko Iwasaki,Comedian,Entertainment,Illinois,United States,58,>55,12.0,4.0,3,0.6409246775779992,0.05299195588545962,800000.0,42393.564708367696,14,1.0
32,2,Xochitl Gomez,Valentin Chmerkovskiy,Actor/Actress,Entertainment,California,United States,17,≤25,24.0,8.0,3,0.9808879225929852,0.09238797917306478,860000.0000000001,79453.66208883573,1,
32,2,Jason Mraz,Daniella Karagach,Singer/Rapper,Entertainment,Virginia,United States,46,46-55,24.0,8.0,3,0.9807340954120388,0.0923808735551328,860000.0000000001,79447.55125741422,2,
32,2,Charity Lawson,Artem Chigvintsev,TV Personality,Media,Georgia,United States,27,26-35,21.0,7.0,3,0.9834264080482549,0.08583680852159929,860000.0000000001,73819.6553285754,4,
32,2,Lele Pons,Brandon Armstrong,Social Media Personality,Media,Unknown,Venezuela,27,26-35,21.0,7.0,3,0.9708485555604432,0.08529868105935848,860000.0000000001,73356.8657110483,8,7.0
32,2,Ariana Madix,Pasha Pashkov,TV Personality,Media,Florida,United States,38,36-45,20.0,6.666666666666667,3,0.9783504902825522,0.08298701178492003,860000.0000000001,71368.83013503124,3,
32,2,Alyson Hannigan,Sasha Farber,Actor/Actress,Entertainment,Washington D.C.,United States,49,46-55,19.0,6.333333333333333,3,0.98031967970364,0.0803551178189854,860000.0000000001,69105.40132432745,5,
32,2,Tyson Beckford,Jenna Johnson,Model,Model,New York,United States,52,46-55,18.0,6.0,3,0.9715438706359104,0.07732316839596454,860000.0000000001,66497.92482052952,12,3.0
32,2,Mira Sorvino,Gleb Savchenko,Actor/Actress,Entertainment,New York,United States,55,46-55,18.0,6.0,3,0.9313291981147667,0.07578393227712549,860000.0000000001,65174.181758327926,10,5.0
32,2,Jamie Lynn Spears,Alan Bersten,Actor/Actress,Entertainment,Mississippi,United States,32,26-35,16.0,5.333333333333333,3,0.8546138458690814,0.06828785185523444,860000.0000000001,58727.55259550162,13,2.0
32,2,Adrian Peterson,Britt Stewart,Athlete,Sports,Texas,United States,38,36-45,15.0,5.0,3,0.9103700811732092,0.06817350226955567,860000.0000000001,58629.21195181788,11,4.0
32,2,Harry Jowsey,Rylee Arnold,TV Personality,Media,Unknown,Australia,26,26-35,15.0,5.0,3,0.8998309002135502,0.06781520071138615,860000.0000000001,58321.0726117921,6,9.0
32,2,Barry Williams,Peta Murgatroyd,Actor/Actress,Entertainment,California,United States,68,>55,15.0,5.0,3,0.8575673229000774,0.0663971796509296,860000.0000000001,57101.57449979946,7,8.0
32,2,Mauricio Umansky,Emma Slater,TV Personality,Media,Unknown,Mexico,53,46-55,12.0,4.0,3,0.6882501253729157,0.05697269292674336,860000.0000000001,48996.5159169993,9,6.0
32,3,Jason Mraz,Daniella Karagach,Singer/Rapper,Entertainment,Virginia,United States,46,46-55,34.0,8.5,4,0.9842507497677444,0.10201246740171847,920000.0,93851.470009581,2,
32,3,Ariana Madix,Pasha Pashkov,TV Personality,Media,Florida,United States,38,36-45,34.0,8.5,4,0.9806441816821025,0.10182867571120051,920000.0,93682.38165430447,3,
32,3,Charity Lawson,Artem Chigvintsev,TV Personality,Media,Georgia,United States,27,26-35,32.0,8.0,4,0.9853537729585131,0.09850381649455707,920000.0,90623.5111749925,4,
32,3,Xochitl Gomez,Valentin Chmerkovskiy,Actor/Actress,Entertainment,California,United States,17,≤25,32.0,8.0,4,0.9797005942751025,0.0982257797896466,920000.0,90367.71740647487,1,
32,3,Lele Pons,Brandon Armstrong,Social Media Personality,Media,Unknown,Venezuela,27,26-35,27.0,6.75,4,0.9745473275367895,0.08709896041504858,920000.0,80131.0435818447,8,7.0
32,3,Mira Sorvino,Gleb Savchenko,Actor/Actress,Entertainment,New York,United States,55,46-55,26.0,6.5,4,0.9358438199144451,0.08327068929361116,920000.0,76609.03415012227,10,5.0
32,3,Barry Williams,Peta Murgatroyd,Actor/Actress,Entertainment,California,United States,68,>55,25.0,6.25,4,0.9001963359102856,0.07977124068015166,920000.0,73389.54142573953,7,8.0
32,3,Harry Jowsey,Rylee Arnold,TV Personality,Media,Unknown,Australia,26,26-35,24.0,6.0,4,0.9152641195497405,0.07845818122599187,920000.0,72181.52672791251,6,9.0
32,3,Alyson Hannigan,Sasha Farber,Actor/Actress,Entertainment,Washington D.C.,United States,49,46-55,24.0,6.0,4,0.8859657202829025,0.07731720923380137,920000.0,71131.83249509726,5,
32,3,Mauricio Umansky,Emma Slater,TV Personality,Media,Unknown,Mexico,53,46-55,23.0,5.75,4,0.8062455629920231,0.07262575468486321,920000.0,66815.69431007415,9,6.0
32,3,Adrian Peterson,Britt Stewart,Athlete,Sports,Texas,United States,38,36-45,22.0,5.5,4,0.7874205017091217,0.07044831904356677,920000.0,64812.45352008143,11,4.0
32,3,Tyson Beckford,Jenna Johnson,Model,Model,New York,United States,52,46-55,20.0,5.0,4,0.1916266728317119,0.05043890602584292,920000.0,46403.793543775486,12,3.0
32,4,Xochitl Gomez,Valentin Chmerkovskiy,Actor/Actress,Entertainment,California,United States,17,≤25,27.0,9.0,3,0.9823037435838481,0.11116092532277577,980000.0,108937.70681632026,1,
32,4,Ariana Madix,Pasha Pashkov,TV Personality,Media,Florida,United States,38,36-45,25.0,8.333333333333334,3,0.9688387656286782,0.1046799687791963,980000.0,102586.36940361238,3,
32,4,Jason Mraz,Daniella Karagach,Singer/Rapper,Entertainment,Virginia,United States,46,46-55,24.0,8.0,3,0.9859150889788835,0.10196368559814219,980000.0,99924.41188617934,2,
32,4,Charity Lawson,Artem Chigvintsev,TV Personality,Media,Georgia,United States,27,26-35,24.0,8.0,3,0.9851492872928618,0.10192465109061999,980000.0,99886.15806880759,4,
32,4,Lele Pons,Brandon Armstrong,Social Media Personality,Media,Unknown,Venezuela,27,26-35,22.0,7.333333333333333,3,0.9788111908076135,0.09366476997883953,980000.0,91791.47457926274,8,7.0
32,4,Harry Jowsey,Rylee Arnold,TV Personality,Media,Unknown,Australia,26,26-35,21.0,7.0,3,0.9550316350409734,0.08870761161081694,980000.0,86933.4593786006,6,9.0
32,4,Adrian Peterson,Britt Stewart,Athlete,Sports,Texas,United States,38,36-45,21.0,7.0,3,0.9428794752686508,0.0881702512516157,980000.0,86406.8462265834,11,4.0
32,4,Mira Sorvino,Gleb Savchenko,Actor/Actress,Entertainment,New York,United States,55,46-55,21.0,7.0,3,0.9274182223176859,0.08749126783799724,980000.0,85741.44248123729,10,5.0
32,4,Mauricio Umansky,Emma Slater,TV Personality,Media,Unknown,Mexico,53,46-55,19.0,6.333333333333333,3,0.8708100477995322,0.07873546115353058,980000.0,77160.75193045997,9,6.0
32,4,Alyson Hannigan,Sasha Farber,Actor/Actress,Entertainment,Washington D.C.,United States,49,46-55,18.0,6.0,3,0.791098811668165,0.07331647617530362,980000.0,71850.14665179755,5,
32,4,Barry Williams,Peta Murgatroyd,Actor/Actress,Entertainment,California,United States,68,>55,18.0,6.0,3,0.7037953552935305,0.07018493120116229,980000.0,68781.23257713905,7,8.0
32,5,Charity Lawson,Artem Chigvintsev,TV Personality,Media,Georgia,United States,27,26-35,28.0,9.333333333333334,3,0.9837201068823411,0.11740910011289912,1040000.0,122105.46411741509,4,
32,5,Xochitl Gomez,Valentin Chmerkovskiy,Actor/Actress,Entertainment,California,United States,17,≤25,28.0,9.333333333333334,3,0.9780588753862872,0.1170772299851521,1040000.0,121760.31918455819,1,
32,5,Jason Mraz,Daniella Karagach,Singer/Rapper,Entertainment,Virginia,United States,46,46-55,27.0,9.0,3,0.982822115206863,0.11394380546032869,1040000.0,118501.55767874184,2,
32,5,Ariana Madix,Pasha Pashkov,TV Personality,Media,Florida,United States,38,36-45,24.0,8.0,3,0.9794321773056265,0.10185856899152258,1040000.0,105932.91175118349,3,
32,5,Barry Williams,Peta Murgatroyd,Actor/Actress,Entertainment,California,United States,68,>55,24.0,8.0,3,0.9681646099450923,0.10128633328746785,1040000.0,105337.78661896657,7,8.0
32,5,Lele Pons,Brandon Armstrong,Social Media Personality,Media,Unknown,Venezuela,27,26-35,24.0,8.0,3,0.9620076107526425,0.10097500281258723,1040000.0,105014.00292509071,8,7.0
32,5,Mauricio Umansky,Emma Slater,TV Personality,Media,Unknown,Mexico,53,46-55,24.0,8.0,3,0.9447515047228771,0.10010753280518603,1040000.0,104111.83411739348,9,6.0
32,5,Mira Sorvino,Gleb Savchenko,Actor/Actress,Entertainment,New York,United States,55,46-55,22.0,7.333333333333333,3,0.8007070424372963,0.08628878933006581,1040000.0,89740.34090326844,10,5.0
32,5,Alyson Hannigan,Sasha Farber,Actor/Actress,Entertainment,Washington D.C.,United States,49,46-55,21.0,7.0,3,0.790162322697563,0.08297382482487345,1040000.0,86292.77781786838,5,
32,5,Harry Jowsey,Rylee Arnold,TV Personality,Media,Unknown,Australia,26,26-35,18.0,6.0,3,0.8173178966313013,0.07807981238991701,1040000.0,81203.0048855137,6,9.0
32,6,Xochitl Gomez,Valentin Chmerkovskiy,Actor/Actress,Entertainment,California,United States,17,≤25,42.0,10.5,4,0.9689784736232144,0.1342773004507828,1100000.0,147705.03049586108,1,
32,6,Ariana Madix,Pasha Pashkov,TV Personality,Media,Florida,United States,38,36-45,41.0,10.25,4,0.9684657358817591,0.1317424758603635,1100000.0,144916.72344639985,3,
32,6,Jason Mraz,Daniella Karagach,Singer/Rapper,Entertainment,Virginia,United States,46,46-55,39.0,9.75,4,0.9586397625437487,0.12546347529125004,1100000.0,138009.82282037503,2,
32,6,Charity Lawson,Artem Chigvintsev,TV Personality,Media,Georgia,United States,27,26-35,38.0,9.5,4,0.9691390320449731,0.12305267364308449,1100000.0,135357.94100739295,4,
32,6,Lele Pons,Brandon Armstrong,Social Media Personality,Media,Unknown,Venezuela,27,26-35,37.0,9.25,4,0.9477685699112314,0.118629992094478,1100000.0,130492.9913039258,8,7.0
32,6,Barry Williams,Peta Murgatroyd,Actor/Actress,Entertainment,California,United States,68,>55,32.0,8.0,4,0.8180244301403572,0.09774419348749085,1100000.0,107518.61283623993,7,8.0
32,6,Alyson Hannigan,Sasha Farber,Actor/Actress,Entertainment,Washington D.C.,United States,49,46-55,31.0,7.75,4,0.7405410757407969,0.09199495342659778,1100000.0,101194.44876925755,5,
32,6,Mauricio Umansky,Emma Slater,TV Personality,Media,Unknown,Mexico,53,46-55,33.0,8.25,4,0.5888169210401177,0.08925573445510845,1100000.0,98181.3079006193,9,6.0
32,6,Harry Jowsey,Rylee Arnold,TV Personality,Media,Unknown,Australia,26,26-35,29.0,7.25,4,0.7227861091344785,0.08783920129084424,1100000.0,96623.12141992866,6,9.0
32,7,Xochitl Gomez,Valentin Chmerkovskiy,Actor/Actress,Entertainment,California,United States,17,≤25,37.0,9.25,4,0.9522863333620473,0.1415256312597949,1160000.0000000002,164169.7322613621,1,
32,7,Ariana Madix,Pasha Pashkov,TV Personality,Media,Florida,United States,38,36-45,37.0,9.25,4,0.9520905177708069,0.14151177547552024,1160000.0000000002,164153.65955160352,3,
32,7,Lele Pons,Brandon Armstrong,Social Media Personality,Media,Unknown,Venezuela,27,26-35,36.5,9.125,4,0.9231702705263403,0.13568637381287513,1160000.0000000002,157396.19362293518,8,7.0
32,7,Charity Lawson,Artem Chigvintsev,TV Personality,Media,Georgia,United States,27,26-35,36.0,9.0,4,0.9720405466850883,0.13495849274224703,1160000.0000000002,156551.85158100657,4,
32,7,Jason Mraz,Daniella Karagach,Singer/Rapper,Entertainment,Virginia,United States,46,46-55,36.0,9.0,4,0.9624186662042922,0.1343107748141456,1160000.0000000002,155800.49878440893,2,
32,7,Alyson Hannigan,Sasha Farber,Actor/Actress,Entertainment,Washington D.C.,United States,49,46-55,35.0,8.75,4,0.908043755600053,0.12272121260347439,1160000.0000000002,142356.60662003033,5,
32,7,Barry Williams,Peta Murgatroyd,Actor/Actress,Entertainment,California,United States,68,>55,32.5,8.125,4,0.6886123271491866,0.09606062156480924,1160000.0000000002,111430.32101517874,7,8.0
32,7,Harry Jowsey,Rylee Arnold,TV Personality,Media,Unknown,Australia,26,26-35,32.0,8.0,4,0.6660084447465054,0.09322511772713353,1160000.0000000002,108141.13656347492,6,9.0
32,8,Ariana Madix,Pasha Pashkov,TV Personality,Media,Florida,United States,38,36-45,42.0,10.5,4,0.9456495340258065,0.1703558729102571,1220000.0000000002,207834.16495051372,3,
32,8,Xochitl Gomez,Valentin Chmerkovskiy,Actor/Actress,Entertainment,California,United States,17,≤25,40.0,10.0,4,0.9481882531277117,0.16372863409501615,1220000.0000000002,199748.93359591975,1,
32,8,Charity Lawson,Artem Chigvintsev,TV Personality,Media,Georgia,United States,27,26-35,39.0,9.75,4,0.9573984612706546,0.16069542177058657,1220000.0000000002,196048.41456011566,4,
32,8,Alyson Hannigan,Sasha Farber,Actor/Actress,Entertainment,Washington D.C.,United States,49,46-55,36.0,9.0,4,0.9086360649966904,0.1452172971657456,1220000.0000000002,177165.10254220967,5,
32,8,Jason Mraz,Daniella Karagach,Singer/Rapper,Entertainment,Virginia,United States,46,46-55,33.0,8.25,4,0.8483316994540172,0.13056706231477735,1220000.0000000002,159291.8160240284,2,
32,8,Barry Williams,Peta Murgatroyd,Actor/Actress,Entertainment,California,United States,68,>55,35.0,8.75,4,0.5894382163799449,0.12059174390759338,1220000.0000000002,147121.92756726395,7,8.0
32,8,Harry Jowsey,Rylee Arnold,TV Personality,Media,Unknown,Australia,26,26-35,28.0,7.0,4,0.6722878013590329,0.10884396783602383,1220000.0000000002,132789.6407599491,6,9.0
32,9,Jason Mraz,Daniella Karagach,Singer/Rapper,Entertainment,Virginia,United States,46,46-55,43.0,10.75,4,0.9593354712735163,0.20050750484978344,1280000.0,256649.6062077228,2,
32,9,Xochitl Gomez,Valentin Chmerkovskiy,Actor/Actress,Entertainment,California,United States,17,≤25,41.0,10.25,4,0.9350451957274906,0.19060054573991903,1280000.0,243968.69854709634,1,
32,9,Charity Lawson,Artem Chigvintsev,TV Personality,Media,Georgia,United States,27,26-35,38.0,9.5,4,0.9587824517433513,0.180004912806967,1280000.0,230406.28839291778,4,
32,9,Ariana Madix,Pasha Pashkov,TV Personality,Media,Florida,United States,38,36-45,37.0,9.25,4,0.9247336518498411,0.17265052903148545,1280000.0,220992.67716030136,3,
32,9,Alyson Hannigan,Sasha Farber,Actor/Actress,Entertainment,Washington D.C.,United States,49,46-55,32.0,8.0,4,0.7270417372901995,0.1393182829661342,1280000.0,178327.40219665176,5,
32,9,Harry Jowsey,Rylee Arnold,TV Personality,Media,Unknown,Australia,26,26-35,30.0,7.5,4,0.44864784487780773,0.11691822460571084,1280000.0,149655.32749530987,6,9.0
32,10,Xochitl Gomez,Valentin Chmerkovskiy,Actor/Actress,Entertainment,California,United States,17,≤25,30.0,10.0,3,0.9447419876821199,0.22687177405075415,1339999.9999999998,304008.1772280105,1,
32,10,Charity Lawson,Artem Chigvintsev,TV Personality,Media,Georgia,United States,27,26-35,29.5,9.833333333333334,3,0.957271945037621,0.22127456910982524,1339999.9999999998,296507.92260716576,4,
32,10,Ariana Madix,Pasha Pashkov,TV Personality,Media,Florida,United States,38,36-45,29.0,9.666666666666666,3,0.9099170210934213,0.20892281186809977,1339999.9999999998,279956.56790325366,3,
32,10,Jason Mraz,Daniella Karagach,Singer/Rapper,Entertainment,Virginia,United States,46,46-55,28.5,9.5,3,0.8511983408669963,0.19587643272882788,1339999.9999999998,262474.41985662933,2,
32,10,Alyson Hannigan,Sasha Farber,Actor/Actress,Entertainment,Washington D.C.,United States,49,46-55,25.5,8.5,3,0.6229855260642152,0.14705441224249302,1339999.9999999998,197052.9124049406,5,
32,11,Xochitl Gomez,Valentin Chmerkovskiy,Actor/Actress,Entertainment,California,United States,17,≤25,30.0,10.0,3,0.9386675875826552,0.21858405664896577,1400000.0,306017.67930855206,1,
32,11,Jason Mraz,Daniella Karagach,Singer/Rapper,Entertainment,Virginia,United States,46,46-55,30.0,10.0,3,0.9084899030635286,0.21531063447875035,1400000.0,301434.88827025046,2,
32,11,Charity Lawson,Artem Chigvintsev,TV Personality,Media,Georgia,United States,27,26-35,29.5,9.833333333333334,3,0.9245098214518264,0.20846869443186544,1400000.0,291856.1722046116,4,
32,11,Ariana Madix,Pasha Pashkov,TV Personality,Media,Florida,United States,38,36-45,29.5,9.833333333333334,3,0.9041629718961357,0.2063586054654492,1400000.0,288902.0476516289,3,
32,11,Alyson Hannigan,Sasha Farber,Actor/Actress,Entertainment,Washington D.C.,United States,49,46-55,26.5,8.833333333333334,3,0.704144925766091,0.15127800897496926,1400000.0,211789.21256495698,5,
33,1,Chandler Kinney,Brandon Armstrong,Actor/Actress,Entertainment,California,United States,24,≤25,23.0,7.666666666666667,3,0.9843771455847481,0.09225526922619,800000.0,73804.215380952,3,
33,1,Dwight Howard,Daniella Karagach,Athlete,Sports,Georgia,United States,38,36-45,22.0,7.333333333333333,3,0.9907122817781975,0.08963549483009182,800000.0,71708.39586407346,6,7.0
33,1,Joey Graziadei,Jenna Johnson,TV Personality,Media,Louisiana,United States,29,26-35,21.0,7.0,3,0.9893898161990008,0.08601402761957433,800000.0,68811.22209565947,1,
33,1,Stephen Nedoroscik,Rylee Arnold,Athlete,Sports,Florida,United States,26,26-35,21.0,7.0,3,0.9889727644858588,0.08599609334073327,800000.0,68796.87467258662,4,
33,1,Danny Amendola,Witney Carson,Athlete,Sports,Texas,United States,39,36-45,20.0,6.666666666666667,3,0.9872701015975915,0.08189026896503528,800000.0,65512.21517202822,5,
33,1,Phaedra Parks,Val Chmerkovskiy,TV Personality,Media,Georgia,United States,51,46-55,19.0,6.333333333333333,3,0.9890910454944073,0.07777216735436192,800000.0,62217.733883489534,8,5.0
33,1,Jenn Tran,Sasha Farber,TV Personality,Media,Florida,United States,26,26-35,19.0,6.333333333333333,3,0.9883898245057511,0.07774490439593978,800000.0,62195.92351675183,7,6.0
33,1,Anna Delvey,Ezra Sosa,Con artist,Other,Unknown,Russia,33,26-35,18.0,6.0,3,0.9746614032364138,0.073263445059821,800000.0,58610.756047856805,12,2.0
33,1,Ilona Maher,Alan Bersten,Athlete,Sports,California,United States,28,26-35,18.0,6.0,3,0.9470479881574114,0.07225886900252888,800000.0,57807.095202023105,2,
33,1,Brooks Nader,Gleb Savchenko,Model,Model,New York,United States,27,26-35,18.0,6.0,3,0.8939711500049509,0.07036645476175939,800000.0,56293.16380940751,9,4.0
33,1,Tori Spelling,Pasha Pashkov,Actor/Actress,Entertainment,California,United States,51,46-55,17.0,5.666666666666667,3,0.9063492706895684,0.06748027583481389,800000.0,53984.220667851114,12,2.0
33,1,Reginald VelJohnson,Emma Slater,Actor/Actress,Entertainment,New York,United States,74,>55,16.0,5.333333333333333,3,0.9112681250526299,0.06495631785035459,800000.0,51965.05428028367,10,3.0
33,1,Eric Roberts,Britt Stewart,Actor/Actress,Entertainment,California,United States,68,>55,15.0,5.0,3,0.8286549686947803,0.060366411758795785,800000.0,48293.12940703663,10,3.0
33,2,Chandler Kinney,Brandon Armstrong,Actor/Actress,Entertainment,California,United States,24,≤25,24.0,8.0,3,0.9749648221352366,0.09269584559631631,875000.0,81108.86489677678,3,
33,2,Dwight Howard,Daniella Karagach,Athlete,Sports,Georgia,United States,38,36-45,22.0,7.333333333333333,3,0.9904678363365994,0.08742996232979319,875000.0,76501.21703856904,6,7.0
33,2,Joey Graziadei,Jenna Johnson,TV Personality,Media,Louisiana,United States,29,26-35,22.0,7.333333333333333,3,0.9805490883335072,0.08699743785947388,875000.0,76122.75812703965,1,
33,2,Stephen Nedoroscik,Rylee Arnold,Athlete,Sports,Florida,United States,26,26-35,22.0,7.333333333333333,3,0.979791634166521,0.08696449581197854,875000.0,76093.93383548122,4,
33,2,Phaedra Parks,Val Chmerkovskiy,TV Personality,Media,Georgia,United States,51,46-55,21.0,7.0,3,0.9820366120319132,0.08353813790484,875000.0,73095.870666735,8,5.0
33,2,Danny Amendola,Witney Carson,Athlete,Sports,Texas,United States,39,36-45,21.0,7.0,3,0.9761430432183815,0.08329233136999627,875000.0,72880.78994874674,5,
33,2,Ilona Maher,Alan Bersten,Athlete,Sports,California,United States,28,26-35,21.0,7.0,3,0.9739325729730338,0.08320032461383184,875000.0,72800.28403710286,2,
33,2,Brooks Nader,Gleb Savchenko,Model,Model,New York,United States,27,26-35,20.0,6.666666666666667,3,0.9477788423607527,0.07854697459411038,875000.0,68728.60276984658,9,4.0
33,2,Jenn Tran,Sasha Farber,TV Personality,Media,Florida,United States,26,26-35,19.0,6.333333333333333,3,0.9580465403402765,0.07548304942236972,875000.0,66047.6682445735,7,6.0
33,2,Tori Spelling,Pasha Pashkov,Actor/Actress,Entertainment,California,United States,51,46-55,19.0,6.333333333333333,3,0.7955636871442154,0.06959318831326493,875000.0,60894.039774106815,12,2.0
33,2,Eric Roberts,Britt Stewart,Actor/Actress,Entertainment,California,United States,68,>55,15.0,5.0,3,0.7576741555320634,0.059472492947935926,875000.0,52038.431329443934,10,3.0
33,2,Reginald VelJohnson,Emma Slater,Actor/Actress,Entertainment,New York,United States,74,>55,15.0,5.0,3,0.6745347848750093,0.057050920830017775,875000.0,49919.55572626555,10,3.0
33,2,Anna Delvey,Ezra Sosa,Con artist,Other,Unknown,Russia,33,26-35,17.0,5.666666666666667,3,0.5123511309835141,0.05573483840607123,875000.0,48767.98360531232,12,2.0
33,3,Joey Graziadei,Jenna Johnson,TV Personality,Media,Louisiana,United States,29,26-35,35.0,8.75,4,0.9809461588926371,0.10910307058601011,950000.0000000001,103647.91705670962,1,
33,3,Chandler Kinney,Brandon Armstrong,Actor/Actress,Entertainment,California,United States,24,≤25,34.5,8.625,4,0.9783288016637954,0.10793659380951286,950000.0000000001,102539.76411903722,3,
33,3,Stephen Nedoroscik,Rylee Arnold,Athlete,Sports,Florida,United States,26,26-35,31.0,7.75,4,0.9835886472621368,0.09961784540158325,950000.0000000001,94636.9531315041,4,
33,3,Jenn Tran,Sasha Farber,TV Personality,Media,Florida,United States,26,26-35,31.0,7.75,4,0.9795997557741289,0.09941936101276198,950000.0000000001,94448.3929621239,7,6.0
33,3,Danny Amendola,Witney Carson,Athlete,Sports,Texas,United States,39,36-45,30.0,7.5,4,0.979123758827425,0.0966682206576618,950000.0000000001,91834.80962477872,5,
33,3,Brooks Nader,Gleb Savchenko,Model,Model,New York,United States,27,26-35,30.5,7.625,4,0.9378695664542589,0.09603519648667111,950000.0000000001,91233.43666233757,9,4.0
33,3,Phaedra Parks,Val Chmerkovskiy,TV Personality,Media,Georgia,United States,51,46-55,28.0,7.0,4,0.9337385860263894,0.08923346691070637,950000.0000000001,84771.79356517106,8,5.0
33,3,Ilona Maher,Alan Bersten,Athlete,Sports,California,United States,28,26-35,28.0,7.0,4,0.9180849252883756,0.0885377777738371,950000.0000000001,84110.88888514526,2,
33,3,Dwight Howard,Daniella Karagach,Athlete,Sports,Georgia,United States,38,36-45,26.0,6.5,4,0.9008576840595554,0.0831067501046403,950000.0000000001,78951.4125994083,6,7.0
33,3,Eric Roberts,Britt Stewart,Actor/Actress,Entertainment,California,United States,68,>55,23.0,5.75,4,0.5883112715043488,0.06646247681213417,950000.0000000001,63139.35297152747,10,3.0
33,3,Reginald VelJohnson,Emma Slater,Actor/Actress,Entertainment,New York,United States,74,>55,21.0,5.25,4,0.5738657280133728,0.06387924044448096,950000.0000000001,60685.27842225692,10,3.0
33,4,Danny Amendola,Witney Carson,Athlete,Sports,Texas,United States,39,36-45,36.0,9.0,4,0.9782269793578705,0.13688024033135465,1024999.9999999999,140302.2463396385,5,
33,4,Joey Graziadei,Jenna Johnson,TV Personality,Media,Louisiana,United States,29,26-35,36.0,9.0,4,0.9777183140078314,0.13684543164035523,1024999.9999999999,140266.5674313641,1,
33,4,Stephen Nedoroscik,Rylee Arnold,Athlete,Sports,Florida,United States,26,26-35,33.0,8.25,4,0.9824870922704622,0.1190275747741819,1024999.9999999999,122003.26414353643,4,
33,4,Chandler Kinney,Brandon Armstrong,Actor/Actress,Entertainment,California,United States,24,≤25,32.0,8.0,4,0.9388800729851593,0.11000549253555347,1024999.9999999999,112755.62984894229,3,
33,4,Phaedra Parks,Val Chmerkovskiy,TV Personality,Media,Georgia,United States,51,46-55,32.0,8.0,4,0.9295307441914277,0.10949245385223533,1024999.9999999999,112229.7651985412,8,5.0
33,4,Ilona Maher,Alan Bersten,Athlete,Sports,California,United States,28,26-35,32.0,8.0,4,0.91168378364911,0.10851974652237155,1024999.9999999999,111232.74018543083,2,
33,4,Jenn Tran,Sasha Farber,TV Personality,Media,Florida,United States,26,26-35,32.0,8.0,4,0.9109995666129155,0.10848262734246034,1024999.9999999999,111194.69302602184,7,6.0
33,4,Dwight Howard,Daniella Karagach,Athlete,Sports,Georgia,United States,38,36-45,29.0,7.25,4,0.7393790198078101,0.08710467053097394,1024999.9999999999,89282.28729424828,6,7.0
33,4,Brooks Nader,Gleb Savchenko,Model,Model,New York,United States,27,26-35,32.0,8.0,4,0.3909053724891761,0.08364176247051365,1024999.9999999999,85732.80653227649,9,4.0
33,5,Chandler Kinney,Brandon Armstrong,Actor/Actress,Entertainment,California,United States,24,≤25,27.0,9.0,3,0.9791043947655228,0.14893171628528354,1100000.0,163824.8879138119,3,
33,5,Joey Graziadei,Jenna Johnson,TV Personality,Media,Louisiana,United States,29,26-35,26.0,8.666666666666666,3,0.9828995344705156,0.13744188728723417,1100000.0,151186.07601595757,1,
33,5,Ilona Maher,Alan Bersten,Athlete,Sports,California,United States,28,26-35,26.0,8.666666666666666,3,0.9786275099201578,0.1371486230483746,1100000.0,150863.48535321208,2,
33,5,Danny Amendola,Witney Carson,Athlete,Sports,Texas,United States,39,36-45,25.5,8.5,3,0.9811738488474426,0.1303203307379609,1100000.0,143352.36381175698,5,
33,5,Jenn Tran,Sasha Farber,TV Personality,Media,Florida,United States,26,26-35,25.5,8.5,3,0.9797078524598695,0.13022484117203142,1100000.0,143247.32528923458,7,6.0
33,5,Stephen Nedoroscik,Rylee Arnold,Athlete,Sports,Florida,United States,26,26-35,24.0,8.0,3,0.9136695981934407,0.1081414559741286,1100000.0,118955.60157154145,4,
33,5,Dwight Howard,Daniella Karagach,Athlete,Sports,Georgia,United States,38,36-45,24.0,8.0,3,0.8876360171630686,0.10674292324633683,1100000.0,117417.21557097051,6,7.0
33,5,Phaedra Parks,Val Chmerkovskiy,TV Personality,Media,Georgia,United States,51,46-55,24.0,8.0,3,0.777985004700574,0.10104822224864994,1100000.0,111153.04447351494,8,5.0
33,6,Joey Graziadei,Jenna Johnson,TV Personality,Media,Louisiana,United States,29,26-35,32.0,10.666666666666666,3,0.9742276518291496,0.16062279877690583,1175000.0,188731.78856286436,1,
33,6,Chandler Kinney,Brandon Armstrong,Actor/Actress,Entertainment,California,United States,24,≤25,32.0,10.666666666666666,3,0.9655585312323316,0.1599280763162337,1175000.0,187915.4896715746,3,
33,6,Jenn Tran,Sasha Farber,TV Personality,Media,Florida,United States,26,26-35,31.0,10.333333333333334,3,0.9712897122045034,0.15446390520997189,1175000.0,181495.08862171698,7,6.0
33,6,Dwight Howard,Daniella Karagach,Athlete,Sports,Georgia,United States,38,36-45,31.0,10.333333333333334,3,0.9677042961870364,0.15418724458999067,1175000.0,181170.01239323904,6,7.0
33,6,Stephen Nedoroscik,Rylee Arnold,Athlete,Sports,Florida,United States,26,26-35,28.0,9.333333333333334,3,0.9178352359153418,0.13271792735681434,1175000.0,155943.56464425684,4,
33,6,Danny Amendola,Witney Carson,Athlete,Sports,Texas,United States,39,36-45,28.0,9.333333333333334,3,0.9099670774735586,0.1321968302073779,1175000.0,155331.27549366903,5,
33,6,Ilona Maher,Alan Bersten,Athlete,Sports,California,United States,28,26-35,24.0,8.0,3,0.7107706549729275,0.10588321754270573,1175000.0,124412.78061267923,2,
33,7,Chandler Kinney,Brandon Armstrong,Actor/Actress,Entertainment,California,United States,24,≤25,30.0,10.0,3,0.959831808674441,0.20848972392681805,1250000.0,260612.15490852256,3,
33,7,Joey Graziadei,Jenna Johnson,TV Personality,Media,Louisiana,United States,29,26-35,27.5,9.166666666666666,3,0.9711500605866675,0.18634375986478777,1250000.0,232929.6998309847,1,
33,7,Stephen Nedoroscik,Rylee Arnold,Athlete,Sports,Florida,United States,26,26-35,27.0,9.0,3,0.9649435101520425,0.18028215466921052,1250000.0,225352.69333651316,4,
33,7,Danny Amendola,Witney Carson,Athlete,Sports,Texas,United States,39,36-45,25.5,8.5,3,0.7710810218251987,0.1495550617225961,1250000.0,186943.82715324513,5,
33,7,Ilona Maher,Alan Bersten,Athlete,Sports,California,United States,28,26-35,26.0,8.666666666666666,3,0.630588870565689,0.14352552362546875,1250000.0,179406.90453183593,2,
33,7,Dwight Howard,Daniella Karagach,Athlete,Sports,Georgia,United States,38,36-45,24.0,8.0,3,0.6661693094780087,0.13180377619111894,1250000.0,164754.72023889868,6,7.0
33,8,Joey Graziadei,Jenna Johnson,TV Personality,Media,Louisiana,United States,29,26-35,29.0,9.666666666666666,3,0.9440685323019077,0.2345723309012483,1325000.0000000002,310808.33844415407,1,
33,8,Chandler Kinney,Brandon Armstrong,Actor/Actress,Entertainment,California,United States,24,≤25,29.0,9.666666666666666,3,0.940060684293496,0.23410273644957605,1325000.0000000002,310186.1257956883,3,
33,8,Ilona Maher,Alan Bersten,Athlete,Sports,California,United States,28,26-35,28.5,9.5,3,0.8994220122993926,0.21862771633703976,1325000.0000000002,289681.7241465777,2,
33,8,Danny Amendola,Witney Carson,Athlete,Sports,Texas,United States,39,36-45,27.0,9.0,3,0.5886474365576561,0.16059708699147182,1325000.0000000002,212791.1402637002,5,
33,8,Stephen Nedoroscik,Rylee Arnold,Athlete,Sports,Florida,United States,26,26-35,26.5,8.833333333333334,3,0.561087732619656,0.15210012932066405,1325000.0000000002,201532.6713498799,4,
33,9,Chandler Kinney,Brandon Armstrong,Actor/Actress,Entertainment,California,United States,24,≤25,30.0,10.0,3,0.9469448370296373,0.24002814381763607,1400000.0,336039.4013446905,3,
33,9,Stephen Nedoroscik,Rylee Arnold,Athlete,Sports,Florida,United States,26,26-35,29.5,9.833333333333334,3,0.9298383527726363,0.2230026941534923,1400000.0,312203.7718148892,4,
33,9,Joey Graziadei,Jenna Johnson,TV Personality,Media,Louisiana,United States,29,26-35,29.5,9.833333333333334,3,0.9274719723840232,0.2227389955860091,1400000.0,311834.59382041276,1,
33,9,Ilona Maher,Alan Bersten,Athlete,Sports,California,United States,28,26-35,28.5,9.5,3,0.6690567259507717,0.16896204276273935,1400000.0,236546.8598678351,2,
33,9,Danny Amendola,Witney Carson,Athlete,Sports,Texas,United States,39,36-45,28.0,9.333333333333334,3,0.48430574811377164,0.14526812368012315,1400000.0,203375.37315217243,5,
34,1,Robert Irwin,Witney Carson (Xoshitl Gomez week 9),Conservationist,Other,Unknown,Australia,22,≤25,15.0,7.5,2,0.989907691780457,0.08494106223015098,800000.0,67952.84978412079,1,
34,1,Whitney Leavitt,Mark Ballas,TV Personality,Media,Utah,United States,32,26-35,15.0,7.5,2,0.9888977739492222,0.08489818131093825,800000.0,67918.5450487506,6,10.0
34,1,Hilaria Baldwin,Gleb Savchenko,Entrepreneur,Other,New York,United States,41,36-45,14.0,7.0,2,0.985041026508897,0.08145261128460131,800000.0,65162.089027681046,11,4.0
34,1,Alix Earle,Val Chmerkovskiy (Joey Graziadei week 9),Social Media Personality,Media,Florida,United States,24,≤25,13.0,6.5,2,0.9860941103649503,0.07752458954559749,800000.0,62019.67163647799,2,
34,1,Lauren Jauregui,Brandon Armstrong,Singer/Rapper,Entertainment,Florida,United States,29,26-35,13.0,6.5,2,0.9808097478513648,0.0773200258942892,800000.0,61856.02071543136,12,3.0
34,1,Jen Affleck,Jan Ravnik,TV Personality,Media,Utah,United States,26,26-35,12.0,6.0,2,0.9883898245057511,0.07327929178636698,800000.0,58623.43342909359,9,7.0
34,1,Elaine Hendrix,Alan Bersten (Rashad Jennings week 9),Actor/Actress,Entertainment,Georgia,United States,55,46-55,12.0,6.0,2,0.9869321526422173,0.07322590266377746,800000.0,58580.72213102197,5,
34,1,Danielle Fishel,Pasha Pashkov,Actor/Actress,Entertainment,California,United States,44,36-45,12.0,6.0,2,0.9779488337238503,0.07289773440718027,800000.0,58318.187525744215,8,8.0
34,1,Jordan Chiles,Ezra Sosa (Apolo Anton Ohno week 9),Athlete,Sports,Texas,United States,24,≤25,10.0,5.0,2,0.9615072669596876,0.06450212041752551,800000.0,51601.69633402041,3,
34,1,Dylan Efron,Daniella Karagach (Rumer Willis week 9),TV Personality,Media,California,United States,33,26-35,10.0,5.0,2,0.9459065003172582,0.06400093640818144,800000.0,51200.74912654515,4,
34,1,Scott Hoying,Rylee Arnold,Singer/Rapper,Entertainment,California,United States,34,26-35,10.0,5.0,2,0.9357564413524978,0.0636769525781296,800000.0,50941.562062503675,10,6.0
34,1,Baron Davis,Britt Stewart,Athlete,Sports,California,United States,46,46-55,10.0,5.0,2,0.923430720495461,0.06328572717889826,800000.0,50628.58174311861,13,2.0
34,1,Andy Richter,Emma Slater/Kaitlyn Bristowe (week 9),Comedian,Entertainment,California,United States,59,>55,9.0,4.5,2,0.9528996911139384,0.061359075705952414,800000.0,49087.26056476193,7,9.0
34,1,Corey Feldman,Jenna Johnson,Actor/Actress,Entertainment,California,United States,54,46-55,9.0,4.5,2,0.8277009129802737,0.05763578858841077,800000.0,46108.630870728615,13,2.0
34,2,Robert Irwin,Witney Carson (Xoshitl Gomez week 9),Conservationist,Other,Unknown,Australia,22,≤25,22.0,7.333333333333333,3,0.9862757641730098,0.08156073909829459,860000.0000000001,70142.23562453335,1,
34,2,Whitney Leavitt,Mark Ballas,TV Personality,Media,Utah,United States,32,26-35,22.0,7.333333333333333,3,0.9849079473232125,0.08150497809156887,860000.0000000001,70094.28115874923,6,10.0
34,2,Jen Affleck,Jan Ravnik,TV Personality,Media,Utah,United States,26,26-35,22.0,7.333333333333333,3,0.9830702217154449,0.0814301205960202,860000.0000000001,70029.90371257738,9,7.0
34,2,Jordan Chiles,Ezra Sosa (Apolo Anton Ohno week 9),Athlete,Sports,Texas,United States,24,≤25,22.0,7.333333333333333,3,0.981711768321625,0.08137482986377519,860000.0000000001,69982.35368284667,3,
34,2,Alix Earle,Val Chmerkovskiy (Joey Graziadei week 9),Social Media Personality,Media,Florida,United States,24,≤25,21.0,7.0,3,0.9820291693344285,0.07760462723069195,860000.0000000001,66739.97941839509,2,
34,2,Elaine Hendrix,Alan Bersten (Rashad Jennings week 9),Actor/Actress,Entertainment,Georgia,United States,55,46-55,21.0,7.0,3,0.9814596982420781,0.07758253358034475,860000.0000000001,66720.9788790965,5,
34,2,Hilaria Baldwin,Gleb Savchenko,Entrepreneur,Other,New York,United States,41,36-45,21.0,7.0,3,0.9782607069097433,0.07745853984426977,860000.0000000001,66614.34426607202,11,4.0
34,2,Lauren Jauregui,Brandon Armstrong,Singer/Rapper,Entertainment,Florida,United States,29,26-35,21.0,7.0,3,0.9752388810808142,0.07734159510498928,860000.0000000001,66513.77179029079,12,3.0
34,2,Dylan Efron,Daniella Karagach (Rumer Willis week 9),TV Personality,Media,California,United States,33,26-35,20.0,6.666666666666667,3,0.9631797236468206,0.07292589004247728,860000.0000000001,62716.26543653047,4,
34,2,Danielle Fishel,Pasha Pashkov,Actor/Actress,Entertainment,California,United States,44,36-45,19.0,6.333333333333333,3,0.9044910732538447,0.06713089907870853,860000.0000000001,57732.57320768935,8,8.0
34,2,Scott Hoying,Rylee Arnold,Singer/Rapper,Entertainment,California,United States,34,26-35,18.0,6.0,3,0.8628635980196968,0.06257585026955757,860000.0000000001,53815.23123181952,10,6.0
34,2,Baron Davis,Britt Stewart,Athlete,Sports,California,United States,46,46-55,18.0,6.0,3,0.838959510402745,0.06183239273460201,860000.0000000001,53175.857751757736,13,2.0
34,2,Andy Richter,Emma Slater/Kaitlyn Bristowe (week 9),Comedian,Entertainment,California,United States,59,>55,16.0,5.333333333333333,3,0.8504421586740132,0.0576776949580785,860000.0000000001,49602.81766394751,7,9.0
34,2,Corey Feldman,Jenna Johnson,Actor/Actress,Entertainment,California,United States,54,46-55,15.0,5.0,3,0.2656712836292662,0.04199930950662141,860000.0000000001,36119.40617569442,13,2.0
34,3,Whitney Leavitt,Mark Ballas,TV Personality,Media,Utah,United States,32,26-35,24.0,8.0,3,0.985574236177625,0.09733847166696823,920000.0,89551.39393361077,6,10.0
34,3,Jordan Chiles,Ezra Sosa (Apolo Anton Ohno week 9),Athlete,Sports,Texas,United States,24,≤25,24.0,8.0,3,0.9803173958446265,0.09708296120658742,920000.0,89316.32431006043,3,
34,3,Alix Earle,Val Chmerkovskiy (Joey Graziadei week 9),Social Media Personality,Media,Florida,United States,24,≤25,23.0,7.666666666666667,3,0.981936333960127,0.09271967495546453,920000.0,85302.10095902736,2,
34,3,Dylan Efron,Daniella Karagach (Rumer Willis week 9),TV Personality,Media,California,United States,33,26-35,23.0,7.666666666666667,3,0.980560253937324,0.09265590205092183,920000.0,85243.42988684808,4,
34,3,Robert Irwin,Witney Carson (Xoshitl Gomez week 9),Conservationist,Other,Unknown,Australia,22,≤25,22.0,7.333333333333333,3,0.9876748029531118,0.08798173149628481,920000.0,80943.19297658202,1,
34,3,Hilaria Baldwin,Gleb Savchenko,Entrepreneur,Other,New York,United States,41,36-45,22.0,7.333333333333333,3,0.977844828962992,0.08755036338289453,920000.0,80546.33431226296,11,4.0
34,3,Scott Hoying,Rylee Arnold,Singer/Rapper,Entertainment,California,United States,34,26-35,22.0,7.333333333333333,3,0.9751175857748017,0.08743105917819645,920000.0,80436.57444394073,10,6.0
34,3,Elaine Hendrix,Alan Bersten (Rashad Jennings week 9),Actor/Actress,Entertainment,Georgia,United States,55,46-55,21.0,7.0,3,0.9474115224253139,0.08128979939130439,920000.0,74786.61544000004,5,
34,3,Danielle Fishel,Pasha Pashkov,Actor/Actress,Entertainment,California,United States,44,36-45,21.0,7.0,3,0.9051489937522458,0.0795900651672019,920000.0,73222.85995382575,8,8.0
34,3,Jen Affleck,Jan Ravnik,TV Personality,Media,Utah,United States,26,26-35,19.0,6.333333333333333,3,0.8964196975616731,0.07136111286052237,920000.0,65652.22383168057,9,7.0
34,3,Andy Richter,Emma Slater/Kaitlyn Bristowe (week 9),Comedian,Entertainment,California,United States,59,>55,18.0,6.0,3,0.8211699582426716,0.06616199161249303,920000.0,60869.03228349359,7,9.0
34,3,Lauren Jauregui,Brandon Armstrong,Singer/Rapper,Entertainment,Florida,United States,29,26-35,18.0,6.0,3,0.5864949492862934,0.05883686703116059,920000.0,54129.91766866774,12,3.0
34,4,Whitney Leavitt,Mark Ballas,TV Personality,Media,Utah,United States,32,26-35,25.0,8.333333333333334,3,0.980124917771095,0.10597911916136869,980000.0,103859.53677814132,6,10.0
34,4,Jordan Chiles,Ezra Sosa (Apolo Anton Ohno week 9),Athlete,Sports,Texas,United States,24,≤25,24.0,8.0,3,0.9810540307205974,0.1008561319268151,980000.0,98839.0092882788,3,
34,4,Elaine Hendrix,Alan Bersten (Rashad Jennings week 9),Actor/Actress,Entertainment,Georgia,United States,55,46-55,24.0,8.0,3,0.9803707483312704,0.10082168120264286,980000.0,98805.24757859,5,
34,4,Alix Earle,Val Chmerkovskiy (Joey Graziadei week 9),Social Media Personality,Media,Florida,United States,24,≤25,24.0,8.0,3,0.9788083655261418,0.10074295092780601,980000.0,98728.0919092499,2,
34,4,Dylan Efron,Daniella Karagach (Rumer Willis week 9),TV Personality,Media,California,United States,33,26-35,23.0,7.666666666666667,3,0.9745036189234895,0.09470453539496296,980000.0,92810.4446870637,4,
34,4,Jen Affleck,Jan Ravnik,TV Personality,Media,Utah,United States,26,26-35,23.0,7.666666666666667,3,0.9737219719382536,0.0946675298694585,980000.0,92774.17927206933,9,7.0
34,4,Robert Irwin,Witney Carson (Xoshitl Gomez week 9),Conservationist,Other,Unknown,Australia,22,≤25,22.0,7.333333333333333,3,0.9505614930275952,0.08784904409952501,980000.0,86092.06321753451,1,
34,4,Hilaria Baldwin,Gleb Savchenko,Entrepreneur,Other,New York,United States,41,36-45,23.0,7.666666666666667,3,0.7461084472099094,0.08448418063583964,980000.0,82794.49702312285,11,4.0
34,4,Scott Hoying,Rylee Arnold,Singer/Rapper,Entertainment,California,United States,34,26-35,21.0,7.0,3,0.880885178083067,0.07998148890231511,980000.0,78381.85912426881,10,6.0
34,4,Danielle Fishel,Pasha Pashkov,Actor/Actress,Entertainment,California,United States,44,36-45,21.0,7.0,3,0.8266131266951062,0.07784029233696592,980000.0,76283.4864902266,8,8.0
34,4,Andy Richter,Emma Slater/Kaitlyn Bristowe (week 9),Comedian,Entertainment,California,United States,59,>55,18.0,6.0,3,0.8955120096753781,0.07207304554229992,980000.0,70631.58463145392,7,9.0
34,5,Dylan Efron,Daniella Karagach (Rumer Willis week 9),TV Personality,Media,California,United States,33,26-35,36.0,9.0,4,0.9765419261123836,0.1163863196067483,1040000.0,121041.77239101824,4,
34,5,Robert Irwin,Witney Carson (Xoshitl Gomez week 9),Conservationist,Other,Unknown,Australia,22,≤25,35.0,8.75,4,0.9835173718605837,0.11390973510556797,1040000.0,118466.1245097907,1,
34,5,Alix Earle,Val Chmerkovskiy (Joey Graziadei week 9),Social Media Personality,Media,Florida,United States,24,≤25,35.0,8.75,4,0.9820376510743973,0.11382548897320689,1040000.0,118378.50853213517,2,
34,5,Whitney Leavitt,Mark Ballas,TV Personality,Media,Utah,United States,32,26-35,33.0,8.25,4,0.981963984450027,0.10723075784173802,1040000.0,111519.98815540754,6,10.0
34,5,Jordan Chiles,Ezra Sosa (Apolo Anton Ohno week 9),Athlete,Sports,Texas,United States,24,≤25,32.0,8.0,4,0.9826368522447738,0.10375742523586282,1040000.0,107907.72224529732,3,
34,5,Elaine Hendrix,Alan Bersten (Rashad Jennings week 9),Actor/Actress,Entertainment,Georgia,United States,55,46-55,30.0,7.5,4,0.9251188134173238,0.09419777127244335,1040000.0,97965.68212334107,5,
34,5,Scott Hoying,Rylee Arnold,Singer/Rapper,Entertainment,California,United States,34,26-35,30.0,7.5,4,0.91168378364911,0.0935671169283642,1040000.0,97309.80160549877,10,6.0
34,5,Jen Affleck,Jan Ravnik,TV Personality,Media,Utah,United States,26,26-35,29.0,7.25,4,0.9137323127653411,0.09069680260774214,1040000.0,94324.67471205183,9,7.0
34,5,Danielle Fishel,Pasha Pashkov,Actor/Actress,Entertainment,California,United States,44,36-45,29.0,7.25,4,0.8818766041299713,0.08926364104192636,1040000.0,92834.18668360342,8,8.0
34,5,Andy Richter,Emma Slater/Kaitlyn Bristowe (week 9),Comedian,Entertainment,California,United States,59,>55,24.0,6.0,4,0.8187998104580831,0.07716494138639989,1040000.0,80251.53904185588,7,9.0
34,6,Jordan Chiles,Ezra Sosa (Apolo Anton Ohno week 9),Athlete,Sports,Texas,United States,24,≤25,39.0,9.75,4,0.9719375752489637,0.11648518372180604,1100000.0,128133.70209398663,3,
34,6,Whitney Leavitt,Mark Ballas,TV Personality,Media,Utah,United States,32,26-35,39.0,9.75,4,0.9689516978585117,0.11631140823395913,1100000.0,127942.54905735505,6,10.0
34,6,Robert Irwin,Witney Carson (Xoshitl Gomez week 9),Conservationist,Other,Unknown,Australia,22,≤25,36.0,9.0,4,0.972252257124072,0.10803906705375943,1100000.0,118842.97375913538,1,
34,6,Elaine Hendrix,Alan Bersten (Rashad Jennings week 9),Actor/Actress,Entertainment,Georgia,United States,55,46-55,36.0,9.0,4,0.9715546891855678,0.1080013913298443,1100000.0,118801.53046282874,5,
34,6,Danielle Fishel,Pasha Pashkov,Actor/Actress,Entertainment,California,United States,44,36-45,36.0,9.0,4,0.9641831943684653,0.10760405816627473,1100000.0,118364.4639829022,8,8.0
34,6,Alix Earle,Val Chmerkovskiy (Joey Graziadei week 9),Social Media Personality,Media,Florida,United States,24,≤25,35.0,8.75,4,0.9611839972433145,0.10436766929675745,1100000.0,114804.43622643319,2,
34,6,Dylan Efron,Daniella Karagach (Rumer Willis week 9),TV Personality,Media,California,United States,33,26-35,32.0,8.0,4,0.9244144802394191,0.09375972095190306,1100000.0,103135.69304709337,4,
34,6,Jen Affleck,Jan Ravnik,TV Personality,Media,Utah,United States,26,26-35,32.0,8.0,4,0.9103440046504336,0.0931024138863084,1100000.0,102412.65527493924,9,7.0
34,6,Andy Richter,Emma Slater/Kaitlyn Bristowe (week 9),Comedian,Entertainment,California,United States,59,>55,27.0,6.75,4,0.7861479605611741,0.07817736084270942,1100000.0,85995.09692698036,7,9.0
34,6,Scott Hoying,Rylee Arnold,Singer/Rapper,Entertainment,California,United States,34,26-35,28.0,7.0,4,0.6459650262579926,0.07415172651667812,1100000.0,81566.89916834593,10,6.0
34,7,Alix Earle,Val Chmerkovskiy (Joey Graziadei week 9),Social Media Personality,Media,Florida,United States,24,≤25,43.0,10.75,4,0.9704537840975708,0.13295032587465655,1160000.0000000002,154222.37801460162,2,
34,7,Whitney Leavitt,Mark Ballas,TV Personality,Media,Utah,United States,32,26-35,42.0,10.5,4,0.9704537840975708,0.13046072779804457,1160000.0000000002,151334.44424573175,6,10.0
34,7,Robert Irwin,Witney Carson (Xoshitl Gomez week 9),Conservationist,Other,Unknown,Australia,22,≤25,41.0,10.25,4,0.9765609767423984,0.12814624195106872,1160000.0000000002,148649.64066323976,1,
34,7,Jordan Chiles,Ezra Sosa (Apolo Anton Ohno week 9),Athlete,Sports,Texas,United States,24,≤25,38.0,9.5,4,0.973680479026832,0.11898543939944216,1160000.0000000002,138023.10970335294,3,
34,7,Dylan Efron,Daniella Karagach (Rumer Willis week 9),TV Personality,Media,California,United States,33,26-35,38.0,9.5,4,0.9578420244599546,0.11804688786790009,1160000.0000000002,136934.38992676412,4,
34,7,Danielle Fishel,Pasha Pashkov,Actor/Actress,Entertainment,California,United States,44,36-45,35.0,8.75,4,0.7861995811183605,0.10020050040685272,1160000.0000000002,116232.58047194917,8,8.0
34,7,Elaine Hendrix,Alan Bersten (Rashad Jennings week 9),Actor/Actress,Entertainment,Georgia,United States,55,46-55,32.0,8.0,4,0.8127117713814748,0.09474260200244364,1160000.0000000002,109901.41832283464,5,
34,7,Jen Affleck,Jan Ravnik,TV Personality,Media,Utah,United States,26,26-35,34.0,8.5,4,0.642689971590334,0.09098919920871837,1160000.0000000002,105547.47108211333,9,7.0
34,7,Andy Richter,Emma Slater/Kaitlyn Bristowe (week 9),Comedian,Entertainment,California,United States,59,>55,29.0,7.25,4,0.7104584211546476,0.0854780754908732,1160000.0000000002,99154.56756941293,7,9.0
34,8,Whitney Leavitt,Mark Ballas,TV Personality,Media,Utah,United States,32,26-35,39.5,9.875,4,0.9534458781814428,0.14362388218737146,1220000.0000000002,175221.13626859323,6,10.0
34,8,Jordan Chiles,Ezra Sosa (Apolo Anton Ohno week 9),Athlete,Sports,Texas,United States,24,≤25,39.0,9.75,4,0.9674335721965535,0.14034767396936038,1220000.0000000002,171224.1622426197,3,
34,8,Alix Earle,Val Chmerkovskiy (Joey Graziadei week 9),Social Media Personality,Media,Florida,United States,24,≤25,38.5,9.625,4,0.9605629318545498,0.13525468779416489,1220000.0000000002,165010.7191088812,2,
34,8,Robert Irwin,Witney Carson (Xoshitl Gomez week 9),Conservationist,Other,Unknown,Australia,22,≤25,38.0,9.5,4,0.9704866792599692,0.1311294085552679,1220000.0000000002,159977.87843742684,1,
34,8,Dylan Efron,Daniella Karagach (Rumer Willis week 9),TV Personality,Media,California,United States,33,26-35,38.0,9.5,4,0.9507908048251786,0.1298443921382182,1220000.0000000002,158410.15840862622,4,
34,8,Elaine Hendrix,Alan Bersten (Rashad Jennings week 9),Actor/Actress,Entertainment,Georgia,United States,55,46-55,37.5,9.375,4,0.9355020243278378,0.12418444582457282,1220000.0000000002,151505.02390597886,5,
34,8,Danielle Fishel,Pasha Pashkov,Actor/Actress,Entertainment,California,United States,44,36-45,37.0,9.25,4,0.5385803786997906,0.09819738019491066,1220000.0000000002,119800.80383779103,8,8.0
34,8,Andy Richter,Emma Slater/Kaitlyn Bristowe (week 9),Comedian,Entertainment,California,United States,59,>55,34.0,8.5,4,0.8210021938392984,0.09741812933613357,1220000.0000000002,118850.11779008298,7,9.0
34,9,Robert Irwin,Witney Carson (Xoshitl Gomez week 9),Conservationist,Other,Unknown,Australia,22,≤25,42.0,10.5,4,0.9538176443832941,0.16135041652562296,1280000.0,206528.53315279738,1,
34,9,Whitney Leavitt,Mark Ballas,TV Personality,Media,Utah,United States,32,26-35,42.0,10.5,4,0.9400255902682002,0.1602415674085634,1280000.0,205109.20628296115,6,10.0
34,9,Dylan Efron,Daniella Karagach (Rumer Willis week 9),TV Personality,Media,California,United States,33,26-35,42.0,10.5,4,0.9265940804956855,0.15916902980017264,1280000.0,203736.35814422098,4,
34,9,Alix Earle,Val Chmerkovskiy (Joey Graziadei week 9),Social Media Personality,Media,Florida,United States,24,≤25,40.0,10.0,4,0.8978577558916059,0.14937545408719344,1280000.0,191200.5812316076,2,
34,9,Jordan Chiles,Ezra Sosa (Apolo Anton Ohno week 9),Athlete,Sports,Texas,United States,24,≤25,39.0,9.75,4,0.9466830310627166,0.14913693247230328,1280000.0,190895.2735645482,3,
34,9,Elaine Hendrix,Alan Bersten (Rashad Jennings week 9),Actor/Actress,Entertainment,Georgia,United States,55,46-55,36.0,9.0,4,0.8562914393100826,0.1319506203917932,1280000.0,168896.7941014953,5,
34,9,Andy Richter,Emma Slater/Kaitlyn Bristowe (week 9),Comedian,Entertainment,California,United States,59,>55,29.0,7.25,4,0.3138034637223516,0.08877597931435105,1280000.0,113633.25352236934,7,9.0
34,10,Robert Irwin,Witney Carson (Xoshitl Gomez week 9),Conservationist,Other,Unknown,Australia,22,≤25,29.5,9.833333333333334,3,0.9756696630490657,0.2030280395602544,1339999.9999999998,272057.57301074086,1,
34,10,Alix Earle,Val Chmerkovskiy (Joey Graziadei week 9),Social Media Personality,Media,Florida,United States,24,≤25,29.0,9.666666666666666,3,0.9481267694069186,0.18555726903484782,1339999.9999999998,248646.74050669602,2,
34,10,Elaine Hendrix,Alan Bersten (Rashad Jennings week 9),Actor/Actress,Entertainment,Georgia,United States,55,46-55,28.5,9.5,3,0.8738344077305861,0.163376799446761,1339999.9999999998,218924.9112586597,5,
34,10,Jordan Chiles,Ezra Sosa (Apolo Anton Ohno week 9),Athlete,Sports,Texas,United States,24,≤25,28.5,9.5,3,0.842483654732776,0.1608357743973833,1339999.9999999998,215519.9376924936,3,
34,10,Whitney Leavitt,Mark Ballas,TV Personality,Media,Utah,United States,32,26-35,29.0,9.666666666666666,3,0.5567535470499312,0.1525781541762792,1339999.9999999998,204454.7265962141,6,10.0
34,10,Dylan Efron,Daniella Karagach (Rumer Willis week 9),TV Personality,Media,California,United States,33,26-35,27.5,9.166666666666666,3,0.7725478905829462,0.13462396338447413,1339999.9999999998,180396.11093519532,4,
34,11,Alix Earle,Val Chmerkovskiy (Joey Graziadei week 9),Social Media Personality,Media,Florida,United States,24,≤25,30.0,10.0,3,0.9417415270912648,0.23832167180613356,1400000.0,333650.340528587,2,
34,11,Jordan Chiles,Ezra Sosa (Apolo Anton Ohno week 9),Athlete,Sports,Texas,United States,24,≤25,29.666600000000003,9.888866666666669,3,0.9404549233177344,0.21694911967416325,1400000.0,303728.7675438285,3,
34,11,Robert Irwin,Witney Carson (Xoshitl Gomez week 9),Conservationist,Other,Unknown,Australia,22,≤25,29.666600000000003,9.888866666666669,3,0.9060553540039119,0.2132495486507482,1400000.0,298549.3681110475,1,
34,11,Elaine Hendrix,Alan Bersten (Rashad Jennings week 9),Actor/Actress,Entertainment,Georgia,United States,55,46-55,28.9998,9.6666,3,0.8323867336138349,0.16916375644933387,1400000.0,236829.2590290674,5,
34,11,Dylan Efron,Daniella Karagach (Rumer Willis week 9),TV Personality,Media,California,United States,33,26-35,29.3332,9.777733333333334,3,0.5756398339983344,0.16231590341962113,1400000.0,227242.26478746958,4,
