celebrity_name,ballroom_partner,celebrity_industry,celebrity_homestate,celebrity_homecountry_region,celebrity_age_during_season,season,results,placement,week1_judge1_score,week1_judge2_score,week1_judge3_score,week1_judge4_score,week2_judge1_score,week2_judge2_score,week2_judge3_score,week2_judge4_score,week3_judge1_score,week3_judge2_score,week3_judge3_score,week3_judge4_score,week4_judge1_score,week4_judge2_score,week4_judge3_score,week4_judge4_score,week5_judge1_score,week5_judge2_score,week5_judge3_score,week5_judge4_score,week6_judge1_score,week6_judge2_score,week6_judge3_score,week6_judge4_score,week7_judge1_score,week7_judge2_score,week7_judge3_score,week7_judge4_score,week8_judge1_score,week8_judge2_score,week8_judge3_score,week8_judge4_score,week9_judge1_score,week9_judge2_score,week9_judge3_score,week9_judge4_score,week10_judge1_score,week10_judge2_score,week10_judge3_score,week10_judge4_score,week11_judge1_score,week11_judge2_score,week11_judge3_score,week11_judge4_score,elimination_week,final_place,weeks_participated,week1_judge_total,week1_judge_mean,week1_judge_count,week2_judge_total,week2_judge_mean,week2_judge_count,week3_judge_total,week3_judge_mean,week3_judge_count,week4_judge_total,week4_judge_mean,week4_judge_count,week5_judge_total,week5_judge_mean,week5_judge_count,week6_judge_total,week6_judge_mean,week6_judge_count,week7_judge_total,week7_judge_mean,week7_judge_count,week8_judge_total,week8_judge_mean,week8_judge_count,week9_judge_total,week9_judge_mean,week9_judge_count,week10_judge_total,week10_judge_mean,week10_judge_count,week11_judge_total,week11_judge_mean,week11_judge_count,avg_judge_total,max_judge_total,min_judge_total,std_judge_total,score_trend,partner_prev_seasons,partner_historical_avg_placement,is_us_contestant,age_group,industry_category
Debbie Gibson,Alan Bersten,Singer/Rapper,New York,United States,47,25,Eliminated Week 2,12,6.0,5.0,6.0,,7.0,6.5,7.0,,,,,,,,,,,,,,,,,,,,,,,,,,,,,,,,,,,,,,2.0,,2.0,17.0,5.666666666666667,3,20.5,6.833333333333333,3,,,0,,,0,,,0,,,0,,,0,,,0,,,0,,,0,,,0,18.75,20.5,17.0,2.4748737341529163,,0,6.814726840855107,1,46-55,Entertainment
Mirai Nagasu,Alan Bersten,Athlete,California,United States,25,26,Eliminated Week 3,4,7.0,8.0,8.0,,9.0,10.0,9.0,9.0,9.0,9.0,8.0,9.0,,,,,,,,,,,,,,,,,,,,,,,,,,,,,,,,,3.0,,3.0,23.0,7.666666666666667,3,37.0,9.25,4,35.0,8.75,4,,,0,,,0,,,0,,,0,,,0,,,0,,,0,,,0,31.666666666666668,37.0,23.0,7.571877794400365,,1,12.0,1,≤25,Sports
Alexis Ren,Alan Bersten,Social Media Personality,California,United States,21,27,4th Place,4,7.0,7.5,7.5,,8.0,8.5,8.0,,9.0,8.0,9.0,,8.0,8.0,9.0,,10.0,9.0,10.0,,9.0,9.0,9.0,,9.0,9.0,9.5,,9.5,9.5,10.0,,9.5,9.5,9.5,,,,,,,,,,,4.0,9.0,22.0,7.333333333333333,3,24.5,8.166666666666666,3,26.0,8.666666666666666,3,25.0,8.333333333333334,3,29.0,9.666666666666666,3,27.0,9.0,3,27.5,9.166666666666666,3,29.0,9.666666666666666,3,28.5,9.5,3,,,0,,,0,26.5,29.0,22.0,2.358495283014151,4.166666666666664,2,8.0,1,≤25,Media
Hannah Brown,Alan Bersten,TV Personality,Alabama,United States,24,28,1st Place,1,7.0,7.0,6.0,,8.0,8.0,8.0,,7.0,7.0,7.0,,8.0,8.0,8.0,8.0,9.0,7.0,9.0,,8.0,8.0,8.0,,8.5,9.0,8.5,,10.6666,9.6666,10.6666,,9.0,8.5,9.0,9.0,9.0,9.0,9.0,,10.0,9.5,9.5,,,1.0,11.0,20.0,6.666666666666667,3,24.0,8.0,3,21.0,7.0,3,32.0,8.0,4,25.0,8.333333333333334,3,24.0,8.0,3,26.0,8.666666666666666,3,30.9998,10.333266666666667,3,35.5,8.875,4,27.0,9.0,3,29.0,9.666666666666666,3,26.77270909090909,35.5,20.0,4.740043536815784,8.833333333333332,3,6.666666666666667,1,≤25,Media
Skai Jackson,Alan Bersten,Actor/Actress,New York,United States,18,29,Eliminated Week 10,5,7.0,7.0,7.0,,5.0,5.0,5.0,,6.0,6.0,6.0,,10.0,9.0,9.0,,8.0,8.0,8.0,,6.0,6.0,6.0,,9.0,9.0,9.0,,8.6666,9.6666,8.6666,,9.6666,9.6666,9.6666,,9.5,9.5,9.5,,,,,,10.0,,10.0,21.0,7.0,3,15.0,5.0,3,18.0,6.0,3,28.0,9.333333333333334,3,24.0,8.0,3,18.0,6.0,3,27.0,9.0,3,26.9998,8.999933333333333,3,28.9998,9.6666,3,28.5,9.5,3,,,0,23.54996,28.9998,15.0,5.155595019695701,10.166533333333334,4,5.25,1,≤25,Entertainment
Amanda Kloots,Alan Bersten,TV Personality,Ohio,United States,39,30,4th Place,4,7.0,7.0,7.0,7.0,8.0,8.0,8.0,8.0,8.0,8.0,8.0,,8.5,8.5,8.5,8.5,10.0,10.0,9.0,10.0,9.0,9.0,10.0,10.0,8.25,8.25,8.25,9.25,10.5,10.5,10.5,10.5,9.5,10.0,10.0,10.0,9.5,10.0,9.5,10.0,,,,,,4.0,10.0,28.0,7.0,4,32.0,8.0,4,24.0,8.0,3,34.0,8.5,4,39.0,9.75,4,38.0,9.5,4,34.0,8.5,4,42.0,10.5,4,39.5,9.875,4,39.0,9.75,4,,,0,34.95,42.0,24.0,5.68843856724614,12.166666666666664,5,5.2,1,36-45,Media
Jessie James Decker,Alan Bersten,Singer/Rapper,Unknown,Italy,34,31,Eliminated Week 6,10,5.0,5.0,5.0,5.0,7.0,6.0,6.0,6.0,6.0,6.0,7.0,7.0,8.0,7.0,8.0,8.0,8.875,8.875,9.375,8.875,8.0,8.0,8.0,8.0,,,,,,,,,,,,,,,,,,,,,6.0,,6.0,20.0,5.0,4,25.0,6.25,4,26.0,6.5,4,31.0,7.75,4,36.0,9.0,4,32.0,8.0,4,,,0,,,0,,,0,,,0,,,0,28.333333333333332,36.0,20.0,5.750362307426086,9.333333333333332,6,5.0,0,26-35,Entertainment
Jamie Lynn Spears,Alan Bersten,Actor/Actress,Mississippi,United States,32,32,Eliminated Week 2,13,5.0,5.0,5.0,,6.0,5.0,5.0,,,,,,,,,,,,,,,,,,,,,,,,,,,,,,,,,,,,,,2.0,,2.0,15.0,5.0,3,16.0,5.333333333333333,3,,,0,,,0,,,0,,,0,,,0,,,0,,,0,,,0,,,0,15.5,16.0,15.0,0.7071067811865476,,7,5.714285714285714,1,26-35,Entertainment
Ilona Maher,Alan Bersten,Athlete,California,United States,28,33,2nd Place,2,6.0,6.0,6.0,,7.0,7.0,7.0,,7.5,7.0,7.0,6.5,8.0,8.0,8.0,8.0,9.0,8.5,8.5,,8.0,8.0,8.0,,9.0,8.5,8.5,,9.5,9.5,9.5,,9.5,9.5,9.5,,,,,,,,,,,2.0,9.0,18.0,6.0,3,21.0,7.0,3,28.0,7.0,4,32.0,8.0,4,26.0,8.666666666666666,3,24.0,8.0,3,26.0,8.666666666666666,3,28.5,9.5,3,28.5,9.5,3,,,0,,,0,25.77777777777778,32.0,18.0,4.258162097013739,5.333333333333336,8,6.625,1,26-35,Sports
Elaine Hendrix,Alan Bersten (Rashad Jennings week 9),Actor/Actress,Georgia,United States,55,34,5th Place,5,6.0,6.0,,,7.0,7.0,7.0,,7.0,7.0,7.0,,8.0,8.0,8.0,,8.0,7.0,7.0,8.0,9.0,9.0,9.0,9.0,8.0,8.0,8.0,8.0,9.0,9.5,10.0,9.0,9.0,9.0,9.0,9.0,9.5,9.5,9.5,,9.6666,9.6666,9.6666,,,5.0,11.0,12.0,6.0,2,21.0,7.0,3,21.0,7.0,3,24.0,8.0,3,30.0,7.5,4,36.0,9.0,4,32.0,8.0,4,37.5,9.375,4,36.0,9.0,4,28.5,9.5,3,28.9998,9.6666,3,27.909072727272726,37.5,12.0,7.8064630568639615,13.166599999999999,0,6.814726840855107,1,46-55,Entertainment
Kelly Monaco,Alec Mazo,Actor/Actress,Pennsylvania,United States,29,1,1st Place,1,5.0,4.0,4.0,,5.0,6.0,6.0,,6.0,7.0,8.0,,9.0,9.0,8.0,,8.5,7.5,7.5,,8.5,9.5,9.5,,,,,,,,,,,,,,,,,,,,,,,1.0,6.0,13.0,4.333333333333333,3,17.0,5.666666666666667,3,21.0,7.0,3,26.0,8.666666666666666,3,23.5,7.833333333333333,3,27.5,9.166666666666666,3,,,0,,,0,,,0,,,0,,,0,21.333333333333332,27.5,13.0,5.52871293039046,8.666666666666668,0,6.814726840855107,1,26-35,Entertainment
Paulina Porizkova,Alec Mazo,Model,Unknown,Czechoslovakia,41,4,Eliminated Week 2,11,6.0,6.0,7.0,,7.0,7.0,7.0,,,,,,,,,,,,,,,,,,,,,,,,,,,,,,,,,,,,,,2.0,,2.0,19.0,6.333333333333333,3,21.0,7.0,3,,,0,,,0,,,0,,,0,,,0,,,0,,,0,,,0,,,0,20.0,21.0,19.0,1.4142135623730951,,1,1.0,0,36-45,Model
Josie Maran,Alec Mazo,Model,California,United States,29,5,Eliminated Week 1,12,6.0,5.0,5.0,,,,,,,,,,,,,,,,,,,,,,,,,,,,,,,,,,,,,,,,,,1.0,,1.0,16.0,5.333333333333333,3,,,0,,,0,,,0,,,0,,,0,,,0,,,0,,,0,,,0,,,0,16.0,16.0,16.0,,,2,6.0,1,26-35,Model
Toni Braxton,Alec Mazo,Singer/Rapper,Maryland,United States,40,7,Eliminated Week 5,8,7.5,7.0,8.0,,7.0,8.0,8.0,,8.0,7.0,7.0,,7.0,7.0,8.0,,7.0,7.0,8.0,,,,,,,,,,,,,,,,,,,,,,,,,,5.0,,5.0,22.5,7.5,3,23.0,7.666666666666667,3,22.0,7.333333333333333,3,22.0,7.333333333333333,3,22.0,7.333333333333333,3,,,0,,,0,,,0,,,0,,,0,,,0,22.3,23.0,22.0,0.4472135954999579,-0.5,3,8.0,1,36-45,Entertainment
Natalie Coughlin,Alec Mazo,Athlete,California,United States,27,9,Eliminated Week 5,10,9.6666,8.6666,8.6666,,7.0,7.0,7.0,,9.0,8.0,9.0,,8.0,8.0,8.0,,7.0,8.0,7.0,,,,,,,,,,,,,,,,,,,,,,,,,,5.0,,5.0,26.9998,8.999933333333333,3,21.0,7.0,3,26.0,8.666666666666666,3,24.0,8.0,3,22.0,7.333333333333333,3,,,0,,,0,,,0,,,0,,,0,,,0,23.999959999999998,26.9998,21.0,2.549450922845937,-0.666599999999999,4,8.0,1,26-35,Sports
Jonathan Bennett,Allison Holker,Actor/Actress,Ohio,United States,33,19,Eliminated Week 6,9,8.0,7.0,7.0,8.0,7.0,7.0,8.0,8.0,8.0,8.0,8.0,8.0,6.0,6.0,6.0,6.0,6.0,6.0,6.0,6.0,8.0,8.0,8.0,8.0,,,,,,,,,,,,,,,,,,,,,6.0,,6.0,30.0,7.5,4,30.0,7.5,4,32.0,8.0,4,24.0,6.0,4,24.0,6.0,4,32.0,8.0,4,,,0,,,0,,,0,,,0,,,0,28.666666666666668,32.0,24.0,3.7237973450050514,-4.0,0,6.814726840855107,1,26-35,Entertainment
Riker Lynch,Allison Holker,Actor/Actress,Colorado,United States,23,20,2nd Place,2,8.0,7.0,8.0,8.0,8.0,8.0,8.0,8.0,9.0,7.0,9.0,9.0,8.0,8.0,9.0,9.0,10.0,9.0,9.0,10.0,10.0,8.5,9.5,10.0,9.0,10.0,9.0,9.0,10.0,9.0,10.0,10.0,10.0,10.0,10.0,10.0,10.0,10.0,10.0,10.0,,,,,,2.0,10.0,31.0,7.75,4,32.0,8.0,4,34.0,8.5,4,34.0,8.5,4,38.0,9.5,4,38.0,9.5,4,37.0,9.25,4,39.0,9.75,4,40.0,10.0,4,40.0,10.0,4,,,0,36.3,40.0,31.0,3.301514803843836,7.333333333333329,1,9.0,1,≤25,Entertainment
Andy Grammer,Allison Holker,Singer/Rapper,California,United States,31,21,Eliminated Week 8,7,7.0,7.0,7.0,,7.5,7.5,7.0,,7.0,7.0,8.0,7.0,7.0,8.0,8.0,,9.0,9.0,9.0,9.0,10.0,10.0,10.0,10.0,9.5,9.5,9.0,,8.6666,7.6666,7.6666,,,,,,,,,,,,,,8.0,,8.0,21.0,7.0,3,22.0,7.333333333333333,3,29.0,7.25,4,23.0,7.666666666666667,3,36.0,9.0,4,40.0,10.0,4,28.0,9.333333333333334,3,23.9998,7.999933333333334,3,,,0,,,0,,,0,27.874975,40.0,21.0,6.916610958255289,6.666599999999999,2,5.5,1,26-35,Entertainment
Babyface,Allison Holker,Singer/Rapper,Indiana,United States,57,23,Eliminated Week 4,11,7.0,6.0,6.0,7.0,8.0,7.0,7.0,8.0,7.0,6.0,6.0,6.0,6.0,6.0,6.0,,,,,,,,,,,,,,,,,,,,,,,,,,,,,,4.0,,4.0,26.0,6.5,4,30.0,7.5,4,25.0,6.25,4,18.0,6.0,3,,,0,,,0,,,0,,,0,,,0,,,0,,,0,24.75,30.0,18.0,4.9916597106239795,-2.666666666666668,3,6.0,1,>55,Entertainment
Kenny Mayne,Andrea Hale,Sports Broadcaster,Washington,United States,46,2,Eliminated Week 1,10,4.0,5.0,4.0,,,,,,,,,,,,,,,,,,,,,,,,,,,,,,,,,,,,,,,,,,1.0,,1.0,13.0,4.333333333333333,3,,,0,,,0,,,0,,,0,,,0,,,0,,,0,,,0,,,0,,,0,13.0,13.0,13.0,,,0,6.814726840855107,1,46-55,Media
Michael Irvin,Anna Demidova,Athlete,Florida,United States,43,9,Eliminated Week 7,7,7.0,6.0,6.0,,7.0,7.0,6.0,,5.0,4.0,5.0,,5.0,6.0,5.0,,7.0,7.0,7.0,,6.6666,8.6666,6.6666,,8.0,8.0,7.5,,,,,,,,,,,,,,,,,,7.0,,7.0,19.0,6.333333333333333,3,20.0,6.666666666666667,3,14.0,4.666666666666667,3,16.0,5.333333333333333,3,21.0,7.0,3,21.9998,7.333266666666667,3,23.5,7.833333333333333,3,,,0,,,0,,,0,,,0,19.357114285714285,23.5,14.0,3.350524480052126,4.499933333333331,0,6.814726840855107,1,36-45,Sports
Jerry Rice,Anna Trebunskaya,Athlete,Mississippi,United States,43,2,2nd Place,2,7.0,7.0,7.0,,7.0,8.0,8.0,,7.0,6.0,6.0,,8.0,8.0,8.0,,7.0,8.0,8.0,,8.0,7.0,8.0,,7.0,7.0,6.5,,9.0,9.0,8.6666,,,,,,,,,,,,,,,2.0,8.0,21.0,7.0,3,23.0,7.666666666666667,3,19.0,6.333333333333333,3,24.0,8.0,3,23.0,7.666666666666667,3,23.0,7.666666666666667,3,20.5,6.833333333333333,3,26.666600000000003,8.888866666666667,3,,,0,,,0,,,0,22.520825000000002,26.666600000000003,19.0,2.3560586372462935,2.3888666666666687,0,6.814726840855107,1,36-45,Sports
Albert Reed,Anna Trebunskaya,Model,Florida,United States,22,5,Eliminated Week 2,11,7.0,7.0,7.0,,7.0,7.0,7.0,,,,,,,,,,,,,,,,,,,,,,,,,,,,,,,,,,,,,,2.0,,2.0,21.0,7.0,3,21.0,7.0,3,,,0,,,0,,,0,,,0,,,0,,,0,,,0,,,0,,,0,21.0,21.0,21.0,0.0,,1,2.0,1,≤25,Model
Steve Guttenberg,Anna Trebunskaya,Actor/Actress,New York,United States,49,6,Eliminated Week 3,10,6.0,6.0,6.0,,6.0,5.0,5.0,,7.0,7.0,7.0,,,,,,,,,,,,,,,,,,,,,,,,,,,,,,,,,,3.0,,3.0,18.0,6.0,3,16.0,5.333333333333333,3,21.0,7.0,3,,,0,,,0,,,0,,,0,,,0,,,0,,,0,,,0,18.333333333333332,21.0,16.0,2.5166114784235836,,2,6.5,1,46-55,Entertainment
Chuck Liddell,Anna Trebunskaya,Athlete,California,United States,39,9,Eliminated Week 4,11,8.0,7.0,7.0,,6.0,7.0,6.0,,6.0,5.0,6.0,,6.0,5.0,6.0,,,,,,,,,,,,,,,,,,,,,,,,,,,,,,4.0,,4.0,22.0,7.333333333333333,3,19.0,6.333333333333333,3,17.0,5.666666666666667,3,17.0,5.666666666666667,3,,,0,,,0,,,0,,,0,,,0,,,0,,,0,18.75,22.0,17.0,2.362907813126304,-1.6666666666666643,3,7.666666666666667,1,36-45,Sports
Evan Lysacek,Anna Trebunskaya,Athlete,Illinois,United States,24,10,2nd Place,2,8.0,7.0,8.0,,8.0,8.0,8.0,,9.0,8.0,9.0,,9.0,8.0,9.0,,9.0,9.0,9.0,,9.0,9.0,9.0,,9.0,9.0,9.0,,9.0,8.5,9.0,,10.0,9.5,10.0,,9.3333,8.7777,8.7777,,,,,,,2.0,10.0,23.0,7.666666666666667,3,24.0,8.0,3,26.0,8.666666666666666,3,26.0,8.666666666666666,3,27.0,9.0,3,27.0,9.0,3,27.0,9.0,3,26.5,8.833333333333334,3,29.5,9.833333333333334,3,26.888699999999996,8.9629,3,,,0,26.288869999999996,29.5,23.0,1.778117885137103,3.2962333333333333,4,8.5,1,≤25,Sports
Kurt Warner,Anna Trebunskaya,Athlete,Iowa,United States,39,11,Eliminated Week 8,5,7.0,5.0,7.0,,7.0,7.0,7.0,,8.0,8.0,7.0,,6.0,5.5,5.5,,8.0,8.0,8.0,,7.3333,7.3333,7.3333,,9.5,8.5,8.5,8.5,8.0,8.0,8.0,,,,,,,,,,,,,,8.0,,8.0,19.0,6.333333333333333,3,21.0,7.0,3,23.0,7.666666666666667,3,17.0,5.666666666666667,3,24.0,8.0,3,21.9999,7.3333,3,35.0,8.75,4,24.0,8.0,3,,,0,,,0,,,0,23.1249875,35.0,17.0,5.3835095431558395,5.999966666666666,5,7.2,1,36-45,Sports
Sugar Ray Leonard,Anna Trebunskaya,Athlete,North Carolina,United States,54,12,Eliminated Week 4,9,6.0,5.0,6.0,,6.0,5.0,6.0,,7.0,6.0,7.0,,7.0,7.0,7.0,,,,,,,,,,,,,,,,,,,,,,,,,,,,,,4.0,,4.0,17.0,5.666666666666667,3,17.0,5.666666666666667,3,20.0,6.666666666666667,3,21.0,7.0,3,,,0,,,0,,,0,,,0,,,0,,,0,,,0,18.75,21.0,17.0,2.0615528128088303,1.3333333333333321,6,6.833333333333333,1,46-55,Sports
Carson Kressley,Anna Trebunskaya,TV Personality,Pennsylvania,United States,41,13,Eliminated Week 5,8,6.0,5.0,6.0,,6.0,6.0,6.0,,8.0,7.0,8.0,,7.0,6.0,7.0,,6.0,6.0,7.0,,,,,,,,,,,,,,,,,,,,,,,,,,5.0,,5.0,17.0,5.666666666666667,3,18.0,6.0,3,23.0,7.666666666666667,3,20.0,6.666666666666667,3,19.0,6.333333333333333,3,,,0,,,0,,,0,,,0,,,0,,,0,19.4,23.0,17.0,2.3021728866442674,1.3333333333333357,7,7.142857142857143,1,36-45,Media
Jack Wagner,Anna Trebunskaya,Actor/Actress,Missouri,United States,52,14,Eliminated Week 3,11,8.0,7.0,8.0,,7.0,7.0,7.0,,8.0,8.0,8.0,,,,,,,,,,,,,,,,,,,,,,,,,,,,,,,,,,3.0,,3.0,23.0,7.666666666666667,3,21.0,7.0,3,24.0,8.0,3,,,0,,,0,,,0,,,0,,,0,,,0,,,0,,,0,22.666666666666668,24.0,21.0,1.5275252316519465,,8,7.25,1,46-55,Entertainment
Drew Lachey,Anna Trebunskaya,Singer/Rapper,Ohio,United States,36,15,Eliminated Week 3,11,7.0,7.0,7.5,,7.5,7.5,7.5,,8.0,8.0,8.0,,,,,,,,,,,,,,,,,,,,,,,,,,,,,,,,,,3.0,,3.0,21.5,7.166666666666667,3,22.5,7.5,3,24.0,8.0,3,,,0,,,0,,,0,,,0,,,0,,,0,,,0,,,0,22.666666666666668,24.0,21.5,1.2583057392117916,,9,7.666666666666667,1,36-45,Entertainment
Gary Busey,Anna Trebunskaya,Actor/Actress,Texas,United States,71,21,Eliminated Week 4,10,5.0,5.0,5.0,,5.5,5.5,5.5,,6.0,7.0,6.0,6.0,5.0,6.0,5.0,,,,,,,,,,,,,,,,,,,,,,,,,,,,,,4.0,,4.0,15.0,5.0,3,16.5,5.5,3,25.0,6.25,4,16.0,5.333333333333333,3,,,0,,,0,,,0,,,0,,,0,,,0,,,0,18.125,25.0,15.0,4.625563028792639,0.3333333333333357,10,8.0,1,>55,Entertainment
Lea Thompson,Artem Chigvintsev,Actor/Actress,Minnesota,United States,53,19,Eliminated Week 9,6,8.0,8.0,8.0,8.0,9.0,8.0,9.0,9.0,7.0,8.0,8.0,8.0,10.0,10.0,10.0,9.0,9.0,8.0,8.0,9.0,8.0,8.0,8.0,8.0,8.5,8.5,9.0,9.0,8.0,8.0,8.0,8.0,8.5,9.0,8.5,9.0,,,,,,,,,9.0,,9.0,32.0,8.0,4,35.0,8.75,4,31.0,7.75,4,39.0,9.75,4,34.0,8.5,4,32.0,8.0,4,35.0,8.75,4,32.0,8.0,4,35.0,8.75,4,,,0,,,0,33.888888888888886,39.0,31.0,2.4720661623652207,1.3333333333333357,0,6.814726840855107,1,46-55,Entertainment
Patti LaBelle,Artem Chigvintsev,Singer/Rapper,Pennsylvania,United States,70,20,Eliminated Week 6,8,7.0,6.0,6.0,6.0,7.0,7.0,7.0,7.0,6.0,5.0,5.0,6.0,8.0,7.0,7.0,8.0,7.0,6.0,7.0,7.0,9.0,8.0,8.5,8.5,,,,,,,,,,,,,,,,,,,,,6.0,,6.0,25.0,6.25,4,28.0,7.0,4,22.0,5.5,4,30.0,7.5,4,27.0,6.75,4,34.0,8.5,4,,,0,,,0,,,0,,,0,,,0,27.666666666666668,34.0,22.0,4.131182235954578,5.333333333333332,1,6.0,1,>55,Entertainment
Mischa Barton,Artem Chigvintsev,Actor/Actress,Unknown,England,30,22,Eliminated Week 3,11,5.0,5.0,6.0,,5.0,5.0,5.0,,6.0,6.0,6.0,,,,,,,,,,,,,,,,,,,,,,,,,,,,,,,,,,3.0,,3.0,16.0,5.333333333333333,3,15.0,5.0,3,18.0,6.0,3,,,0,,,0,,,0,,,0,,,0,,,0,,,0,,,0,16.333333333333332,18.0,15.0,1.5275252316519465,,2,7.0,0,26-35,Entertainment
Maureen McCormick,Artem Chigvintsev,Actor/Actress,California,United States,60,23,Eliminated Week 7,8,6.0,5.0,5.0,6.0,7.0,6.0,6.0,7.0,7.0,7.0,7.0,7.0,8.0,8.0,8.0,,8.0,8.0,8.0,,8.0,7.0,8.0,8.0,8.5,8.0,8.0,8.5,,,,,,,,,,,,,,,,,7.0,,7.0,22.0,5.5,4,26.0,6.5,4,28.0,7.0,4,24.0,8.0,3,24.0,8.0,3,31.0,7.75,4,33.0,8.25,4,,,0,,,0,,,0,,,0,26.857142857142858,33.0,22.0,4.0178174601214955,4.0,3,8.333333333333334,1,>55,Entertainment
Nancy Kerrigan,Artem Chigvintsev,Athlete,Massachusetts,United States,47,24,Eliminated Week 7,7,7.0,7.0,7.0,7.0,7.0,7.0,7.0,7.0,8.0,9.0,8.0,8.0,8.0,9.0,8.0,8.0,9.0,9.0,9.0,9.0,8.5,8.5,8.0,8.5,9.0,9.0,9.0,9.0,,,,,,,,,,,,,,,,,7.0,,7.0,28.0,7.0,4,28.0,7.0,4,33.0,8.25,4,33.0,8.25,4,36.0,9.0,4,33.5,8.375,4,36.0,9.0,4,,,0,,,0,,,0,,,0,32.5,36.0,28.0,3.3291640592396967,5.4999999999999964,4,8.25,1,46-55,Sports
Nikki Bella,Artem Chigvintsev,Athlete,California,United States,33,25,Eliminated Week 7,8,7.0,7.0,6.0,,6.5,6.5,6.5,,7.0,7.0,7.0,,8.0,8.0,8.0,,9.0,9.0,9.0,,9.0,9.0,9.0,9.0,8.0,8.0,8.0,,,,,,,,,,,,,,,,,,7.0,,7.0,20.0,6.666666666666667,3,19.5,6.5,3,21.0,7.0,3,24.0,8.0,3,27.0,9.0,3,36.0,9.0,4,24.0,8.0,3,,,0,,,0,,,0,,,0,24.5,36.0,19.5,5.722761571129799,8.833333333333332,5,8.0,1,26-35,Sports
Jamie Anderson,Artem Chigvintsev,Athlete,California,United States,27,26,Eliminated Week 1,10,6.0,7.0,6.0,,,,,,,,,,,,,,,,,,,,,,,,,,,,,,,,,,,,,,,,,,1.0,,1.0,19.0,6.333333333333333,3,,,0,,,0,,,0,,,0,,,0,,,0,,,0,,,0,,,0,,,0,19.0,19.0,19.0,,,6,8.0,1,26-35,Sports
Danelle Umstead,Artem Chigvintsev,Athlete,New Mexico,United States,46,27,Eliminated Week 2,12,6.0,6.0,6.0,,6.5,6.0,6.0,,,,,,,,,,,,,,,,,,,,,,,,,,,,,,,,,,,,,,2.0,,2.0,18.0,6.0,3,18.5,6.166666666666667,3,,,0,,,0,,,0,,,0,,,0,,,0,,,0,,,0,,,0,18.25,18.5,18.0,0.3535533905932738,,7,8.285714285714286,1,46-55,Sports
Kaitlyn Bristowe,Artem Chigvintsev,TV Personality,Unknown,Canada,35,29,1st Place,1,6.0,7.0,7.0,,7.0,8.0,7.0,,8.0,7.0,8.0,,9.0,8.0,8.0,,9.0,9.0,9.0,,9.0,9.0,9.0,,7.0,9.0,8.0,,9.0,10.0,9.0,,10.0,10.0,10.0,,10.0,10.0,10.0,,10.0,10.0,10.0,,,1.0,11.0,20.0,6.666666666666667,3,22.0,7.333333333333333,3,23.0,7.666666666666667,3,25.0,8.333333333333334,3,27.0,9.0,3,27.0,9.0,3,24.0,8.0,3,28.0,9.333333333333334,3,30.0,10.0,3,30.0,10.0,3,30.0,10.0,3,26.0,30.0,20.0,3.4641016151377544,8.333333333333332,8,8.75,0,26-35,Media
Melora Hardin,Artem Chigvintsev,Actor/Actress,Texas,United States,54,30,Eliminated Week 9,6,7.0,6.0,7.0,6.0,7.0,6.0,7.0,7.0,8.0,7.0,8.0,,9.0,9.5,9.0,9.0,9.0,9.0,9.0,9.0,8.0,9.0,8.0,9.0,9.5,9.5,9.5,9.5,10.5,10.5,10.5,10.5,8.5,9.5,9.0,9.0,,,,,,,,,9.0,,9.0,26.0,6.5,4,27.0,6.75,4,23.0,7.666666666666667,3,36.5,9.125,4,36.0,9.0,4,34.0,8.5,4,38.0,9.5,4,42.0,10.5,4,36.0,9.0,4,,,0,,,0,33.166666666666664,42.0,23.0,6.34428877022476,13.333333333333332,9,7.888888888888889,1,46-55,Entertainment
Heidi D'Amelio,Artem Chigvintsev,Social Media Personality,Louisiana,United States,50,31,Eliminated Week 8,8,6.0,6.0,6.0,6.0,7.0,7.0,7.0,7.0,8.0,8.0,8.0,8.0,9.0,8.0,8.0,9.0,9.625,10.125,9.625,9.625,9.0,9.0,9.0,9.0,8.5,9.0,9.0,8.5,9.0,8.0,9.0,9.0,,,,,,,,,,,,,8.0,,8.0,24.0,6.0,4,28.0,7.0,4,32.0,8.0,4,34.0,8.5,4,39.0,9.75,4,36.0,9.0,4,35.0,8.75,4,35.0,8.75,4,,,0,,,0,,,0,32.875,39.0,24.0,4.793969425970806,7.333333333333336,10,7.7,1,46-55,Media
Charity Lawson,Artem Chigvintsev,TV Personality,Georgia,United States,27,32,4th Place,4,7.0,7.0,8.0,,7.0,7.0,7.0,,8.0,8.0,8.0,8.0,8.0,8.0,8.0,,10.0,9.0,9.0,,9.75,9.75,8.75,9.75,9.0,9.0,9.0,9.0,9.75,9.75,9.75,9.75,9.0,10.0,9.0,10.0,10.0,9.5,10.0,,9.5,10.0,10.0,,,4.0,11.0,22.0,7.333333333333333,3,21.0,7.0,3,32.0,8.0,4,24.0,8.0,3,28.0,9.333333333333334,3,38.0,9.5,4,36.0,9.0,4,39.0,9.75,4,38.0,9.5,4,29.5,9.833333333333334,3,29.5,9.833333333333334,3,30.636363636363637,39.0,21.0,6.557785102803038,7.333333333333336,11,7.7272727272727275,1,26-35,Media
Joey McIntyre,Ashly DelGrosso,Singer/Rapper,Massachusetts,United States,32,1,3rd Place,3,7.0,7.0,6.0,,8.0,7.0,6.0,,7.0,7.0,8.0,,7.0,6.0,7.0,,8.5,7.0,7.0,,,,,,,,,,,,,,,,,,,,,,,,,,,3.0,5.0,20.0,6.666666666666667,3,21.0,7.0,3,22.0,7.333333333333333,3,20.0,6.666666666666667,3,22.5,7.5,3,,,0,,,0,,,0,,,0,,,0,,,0,21.1,22.5,20.0,1.1401754250991378,0.5,0,6.814726840855107,1,26-35,Entertainment
Master P,Ashly DelGrosso,Singer/Rapper,Louisiana,United States,35,2,Eliminated Week 4,7,4.0,4.0,4.0,,6.0,5.0,5.0,,6.0,4.0,4.0,,4.0,2.0,2.0,,,,,,,,,,,,,,,,,,,,,,,,,,,,,,4.0,,4.0,12.0,4.0,3,16.0,5.333333333333333,3,14.0,4.666666666666667,3,8.0,2.6666666666666665,3,,,0,,,0,,,0,,,0,,,0,,,0,,,0,12.5,16.0,8.0,3.415650255319866,-1.333333333333334,1,3.0,1,26-35,Entertainment
Harry Hamlin,Ashly DelGrosso,Actor/Actress,California,United States,54,3,Eliminated Week 3,9,5.0,6.0,6.0,,7.0,7.0,7.0,,7.0,8.0,7.0,,,,,,,,,,,,,,,,,,,,,,,,,,,,,,,,,,3.0,,3.0,17.0,5.666666666666667,3,21.0,7.0,3,22.0,7.333333333333333,3,,,0,,,0,,,0,,,0,,,0,,,0,,,0,,,0,20.0,22.0,17.0,2.6457513110645907,,2,5.0,1,46-55,Entertainment
Buzz Aldrin,Ashly DelGrosso,Astronaut,New Jersey,United States,80,10,Eliminated Week 3,10,5.0,4.0,5.0,,4.0,4.0,4.0,,5.0,4.0,4.0,,,,,,,,,,,,,,,,,,,,,,,,,,,,,,,,,,3.0,,3.0,14.0,4.666666666666667,3,12.0,4.0,3,13.0,4.333333333333333,3,,,0,,,0,,,0,,,0,,,0,,,0,,,0,,,0,13.0,14.0,12.0,1.0,,3,6.333333333333333,1,>55,Other
Tinashe,Brandon Armstrong,Singer/Rapper,Kentucky,United States,25,27,Eliminated Week 4,10,8.0,7.0,8.0,,9.0,8.0,9.0,,9.0,9.0,9.0,,9.0,8.0,9.0,,,,,,,,,,,,,,,,,,,,,,,,,,,,,,4.0,,4.0,23.0,7.666666666666667,3,26.0,8.666666666666666,3,27.0,9.0,3,26.0,8.666666666666666,3,,,0,,,0,,,0,,,0,,,0,,,0,,,0,25.5,27.0,23.0,1.7320508075688772,1.0,0,6.814726840855107,1,≤25,Entertainment
Mary Wilson,Brandon Armstrong,Singer/Rapper,Nevada,United States,75,28,Eliminated Week 2,12,6.0,5.0,6.0,,5.0,5.0,5.0,,,,,,,,,,,,,,,,,,,,,,,,,,,,,,,,,,,,,,2.0,,2.0,17.0,5.666666666666667,3,15.0,5.0,3,,,0,,,0,,,0,,,0,,,0,,,0,,,0,,,0,,,0,16.0,17.0,15.0,1.4142135623730951,,1,10.0,1,>55,Entertainment
Jeannie Mai,Brandon Armstrong,TV Personality,California,United States,41,29,Withdrew,9,6.0,6.0,6.0,,6.0,6.0,6.0,,7.0,7.0,8.0,,7.0,7.0,7.0,,8.0,8.0,8.0,,8.0,8.0,9.0,,8.0,9.0,8.0,,,,,,,,,,,,,,,,,,-1.0,,7.0,18.0,6.0,3,18.0,6.0,3,22.0,7.333333333333333,3,21.0,7.0,3,24.0,8.0,3,25.0,8.333333333333334,3,25.0,8.333333333333334,3,,,0,,,0,,,0,,,0,21.857142857142858,25.0,18.0,3.023715784073818,5.333333333333336,2,11.0,1,36-45,Media
Kenya Moore,Brandon Armstrong,TV Personality,Michigan,United States,50,30,Eliminated Week 6,10,7.0,6.0,6.0,7.0,6.0,6.0,6.0,6.0,7.0,7.0,7.0,,7.0,7.0,8.0,7.5,9.0,9.0,9.0,9.0,8.0,8.0,8.0,8.0,,,,,,,,,,,,,,,,,,,,,6.0,,6.0,26.0,6.5,4,24.0,6.0,4,21.0,7.0,3,29.5,7.375,4,36.0,9.0,4,32.0,8.0,4,,,0,,,0,,,0,,,0,,,0,28.083333333333332,36.0,21.0,5.499242372060597,8.833333333333332,3,10.333333333333334,1,46-55,Media
Jordin Sparks,Brandon Armstrong,Singer/Rapper,Arizona,United States,32,31,Eliminated Week 7,9,7.0,6.0,6.0,7.0,7.0,6.0,7.0,7.0,7.0,7.0,7.0,8.0,9.0,8.0,8.0,9.0,8.875,8.375,8.875,9.375,9.0,8.0,8.0,9.0,8.5,9.0,8.5,8.5,,,,,,,,,,,,,,,,,7.0,,7.0,26.0,6.5,4,27.0,6.75,4,29.0,7.25,4,34.0,8.5,4,35.5,8.875,4,34.0,8.5,4,34.5,8.625,4,,,0,,,0,,,0,,,0,31.428571428571427,35.5,26.0,3.9626229889280347,7.333333333333332,4,10.25,1,26-35,Entertainment
Lele Pons,Brandon Armstrong,Social Media Personality,Unknown,Venezuela,27,32,Eliminated Week 7,8,6.0,7.0,6.0,,7.0,7.0,7.0,,7.0,6.0,7.0,7.0,7.0,7.0,8.0,,8.0,8.0,8.0,,9.0,9.0,9.0,10.0,9.5,9.0,9.0,9.0,,,,,,,,,,,,,,,,,7.0,,7.0,19.0,6.333333333333333,3,21.0,7.0,3,27.0,6.75,4,22.0,7.333333333333333,3,24.0,8.0,3,37.0,9.25,4,36.5,9.125,4,,,0,,,0,,,0,,,0,26.642857142857142,37.0,19.0,7.341175460568774,10.166666666666668,5,10.0,0,26-35,Media
Chandler Kinney,Brandon Armstrong,Actor/Actress,California,United States,24,33,3rd Place,3,8.0,7.0,8.0,,8.0,8.0,8.0,,8.5,8.5,9.0,8.5,8.0,8.0,8.0,8.0,9.0,9.0,9.0,,10.0,11.0,11.0,,10.0,10.0,10.0,,9.5,9.5,10.0,,10.0,10.0,10.0,,,,,,,,,,,3.0,9.0,23.0,7.666666666666667,3,24.0,8.0,3,34.5,8.625,4,32.0,8.0,4,27.0,9.0,3,32.0,10.666666666666666,3,30.0,10.0,3,29.0,9.666666666666666,3,30.0,10.0,3,,,0,,,0,29.055555555555557,34.5,23.0,3.7950991789119,2.5,6,9.666666666666666,1,≤25,Entertainment
Lauren Jauregui,Brandon Armstrong,Singer/Rapper,Florida,United States,29,34,Eliminated Week 3,12,7.0,6.0,,,7.0,7.0,7.0,,6.0,6.0,6.0,,,,,,,,,,,,,,,,,,,,,,,,,,,,,,,,,,3.0,,3.0,13.0,6.5,2,21.0,7.0,3,18.0,6.0,3,,,0,,,0,,,0,,,0,,,0,,,0,,,0,,,0,17.333333333333332,21.0,13.0,4.041451884327381,,7,8.714285714285714,1,26-35,Entertainment
Shandi Finnessey,Brian Fortuna,Beauty Pageant,Missouri,United States,28,4,Eliminated Week 3,10,6.0,6.0,7.0,,6.0,7.0,7.0,,7.0,7.0,7.0,,,,,,,,,,,,,,,,,,,,,,,,,,,,,,,,,,3.0,,3.0,19.0,6.333333333333333,3,20.0,6.666666666666667,3,21.0,7.0,3,,,0,,,0,,,0,,,0,,,0,,,0,,,0,,,0,20.0,21.0,19.0,1.0,,0,6.814726840855107,1,26-35,Model
Johnny Weir,Britt Stewart,Athlete,Pennsylvania,United States,36,29,Eliminated Week 10,6,6.0,6.0,6.0,,6.0,6.0,6.0,,8.0,8.0,8.0,,8.0,8.0,8.0,,10.0,10.0,9.0,,7.0,8.0,7.0,,9.0,9.0,9.0,,10.0,10.0,10.0,,10.0,10.0,10.0,,9.5,9.5,9.5,,,,,,10.0,,10.0,18.0,6.0,3,18.0,6.0,3,24.0,8.0,3,24.0,8.0,3,29.0,9.666666666666666,3,22.0,7.333333333333333,3,27.0,9.0,3,30.0,10.0,3,30.0,10.0,3,28.5,9.5,3,,,0,25.05,30.0,18.0,4.60947092649712,9.5,0,6.814726840855107,1,36-45,Sports
Martin Kove,Britt Stewart,Actor/Actress,New York,United States,75,30,Eliminated Week 2,15,4.0,3.0,3.0,3.0,4.0,3.0,4.0,4.0,,,,,,,,,,,,,,,,,,,,,,,,,,,,,,,,,,,,,2.0,,2.0,13.0,3.25,4,15.0,3.75,4,,,0,,,0,,,0,,,0,,,0,,,0,,,0,,,0,,,0,14.0,15.0,13.0,1.4142135623730951,,1,6.0,1,>55,Entertainment
Daniel Durant,Britt Stewart,Actor/Actress,Michigan,United States,32,31,Eliminated Week 9,5,7.0,6.0,7.0,7.0,7.0,7.0,7.0,8.0,8.0,7.0,8.0,8.0,7.0,7.0,7.0,8.0,8.125,8.125,8.625,8.625,9.0,8.0,8.0,9.0,9.0,8.5,9.5,9.5,10.0,9.0,10.0,10.0,9.0,8.0,9.0,8.5,,,,,,,,,9.0,,9.0,27.0,6.75,4,29.0,7.25,4,31.0,7.75,4,29.0,7.25,4,33.5,8.375,4,34.0,8.5,4,36.5,9.125,4,39.0,9.75,4,34.5,8.625,4,,,0,,,0,32.611111111111114,39.0,27.0,3.911343900900445,7.666666666666664,2,10.5,1,26-35,Entertainment
Adrian Peterson,Britt Stewart,Athlete,Texas,United States,38,32,Eliminated Week 4,11,6.0,6.0,6.0,,5.0,5.0,5.0,,5.0,5.0,6.0,6.0,7.0,7.0,7.0,,,,,,,,,,,,,,,,,,,,,,,,,,,,,,4.0,,4.0,18.0,6.0,3,15.0,5.0,3,22.0,5.5,4,21.0,7.0,3,,,0,,,0,,,0,,,0,,,0,,,0,,,0,19.0,22.0,15.0,3.1622776601683795,1.0,3,8.666666666666666,1,36-45,Sports
Eric Roberts,Britt Stewart,Actor/Actress,California,United States,68,33,Eliminated Week 3,10,5.0,5.0,5.0,,6.0,4.0,5.0,,6.5,5.5,5.5,5.5,,,,,,,,,,,,,,,,,,,,,,,,,,,,,,,,,3.0,,3.0,15.0,5.0,3,15.0,5.0,3,23.0,5.75,4,,,0,,,0,,,0,,,0,,,0,,,0,,,0,,,0,17.666666666666668,23.0,15.0,4.618802153517007,,4,9.25,1,>55,Entertainment
Baron Davis,Britt Stewart,Athlete,California,United States,46,34,Eliminated Week 2,13,5.0,5.0,,,6.0,6.0,6.0,,,,,,,,,,,,,,,,,,,,,,,,,,,,,,,,,,,,,,2.0,,2.0,10.0,5.0,2,18.0,6.0,3,,,0,,,0,,,0,,,0,,,0,,,0,,,0,,,0,,,0,14.0,18.0,10.0,5.656854249492381,,5,9.4,1,46-55,Sports
John O'Hurley,Charlotte Jorgensen,Actor/Actress,Maine,United States,50,1,2nd Place,2,7.0,7.0,6.0,,8.0,9.0,9.0,,9.0,8.0,7.0,,7.0,8.0,6.0,,9.0,9.0,9.0,,9.0,9.0,9.0,,,,,,,,,,,,,,,,,,,,,,,2.0,6.0,20.0,6.666666666666667,3,26.0,8.666666666666666,3,24.0,8.0,3,21.0,7.0,3,27.0,9.0,3,27.0,9.0,3,,,0,,,0,,,0,,,0,,,0,24.166666666666668,27.0,20.0,3.0605010483034745,1.6666666666666679,0,6.814726840855107,1,46-55,Entertainment
Ty Murray,Chelsie Hightower,Athlete,Arizona,United States,39,8,Eliminated Week 10,4,5.0,4.0,5.0,,7.0,6.0,7.0,,8.0,8.0,7.0,,9.0,8.0,8.0,,7.0,7.0,7.0,,6.0,6.0,6.0,,8.0,8.0,8.0,,9.0,8.0,9.0,,7.5,8.0,7.5,,8.0,8.0,8.0,,,,,,10.0,,10.0,14.0,4.666666666666667,3,20.0,6.666666666666667,3,23.0,7.666666666666667,3,25.0,8.333333333333334,3,21.0,7.0,3,18.0,6.0,3,24.0,8.0,3,26.0,8.666666666666666,3,23.0,7.666666666666667,3,24.0,8.0,3,,,0,21.8,26.0,14.0,3.6453928305312844,5.333333333333332,0,6.814726840855107,1,36-45,Sports
Louie Vito,Chelsie Hightower,Athlete,Ohio,United States,21,9,Eliminated Week 6,8,8.6666,9.6666,8.6666,,6.0,7.0,6.0,,8.0,5.0,7.0,,5.0,5.0,6.0,,7.0,8.0,7.0,,8.0,8.0,8.0,,,,,,,,,,,,,,,,,,,,,,6.0,,6.0,26.9998,8.999933333333333,3,19.0,6.333333333333333,3,20.0,6.666666666666667,3,16.0,5.333333333333333,3,22.0,7.333333333333333,3,24.0,8.0,3,,,0,,,0,,,0,,,0,,,0,21.333299999999998,26.9998,16.0,3.8815220390975496,-1.3332666666666633,1,4.0,1,≤25,Sports
Jake Pavelka,Chelsie Hightower,TV Personality,Texas,United States,32,10,Eliminated Week 6,7,7.0,6.0,7.0,,6.0,7.0,7.0,,7.0,7.0,7.0,,6.5,6.5,6.0,,8.0,7.0,8.0,,8.3333,8.3333,8.3333,,,,,,,,,,,,,,,,,,,,,,6.0,,6.0,20.0,6.666666666666667,3,20.0,6.666666666666667,3,21.0,7.0,3,19.0,6.333333333333333,3,23.0,7.666666666666667,3,24.999899999999997,8.3333,3,,,0,,,0,,,0,,,0,,,0,21.333316666666665,24.999899999999997,19.0,2.2508931564307226,1.9999666666666656,2,6.0,1,26-35,Media
Michael Bolton,Chelsie Hightower,Singer/Rapper,Connecticut,United States,57,11,Eliminated Week 2,11,6.0,5.0,5.0,,4.0,5.0,3.0,,,,,,,,,,,,,,,,,,,,,,,,,,,,,,,,,,,,,,2.0,,2.0,16.0,5.333333333333333,3,12.0,4.0,3,,,0,,,0,,,0,,,0,,,0,,,0,,,0,,,0,,,0,14.0,16.0,12.0,2.8284271247461903,,3,6.333333333333333,1,>55,Entertainment
Romeo,Chelsie Hightower,Singer/Rapper,Louisiana,United States,21,12,Eliminated Week 8,5,7.0,6.0,6.0,,7.0,8.0,8.0,,7.0,6.0,7.0,,7.0,8.0,8.0,,9.0,8.0,9.0,,10.0,9.0,9.0,,7.5,8.0,7.0,7.5,8.5,9.0,8.5,,,,,,,,,,,,,,8.0,,8.0,19.0,6.333333333333333,3,23.0,7.666666666666667,3,20.0,6.666666666666667,3,23.0,7.666666666666667,3,26.0,8.666666666666666,3,28.0,9.333333333333334,3,30.0,7.5,4,26.0,8.666666666666666,3,,,0,,,0,,,0,24.375,30.0,19.0,3.814914340921881,7.333333333333332,4,7.5,1,≤25,Entertainment
Roshon Fegan,Chelsie Hightower,Actor/Actress,California,United States,20,14,Eliminated Week 8,6,8.0,7.0,8.0,,9.0,8.0,9.0,,8.0,8.0,9.0,,9.0,8.0,9.0,,9.0,8.0,9.0,,8.6666,9.6666,9.6666,,9.5,8.0,8.5,,9.5,9.0,9.5,,,,,,,,,,,,,,8.0,,8.0,23.0,7.666666666666667,3,26.0,8.666666666666666,3,25.0,8.333333333333334,3,26.0,8.666666666666666,3,26.0,8.666666666666666,3,27.9998,9.333266666666667,3,26.0,8.666666666666666,3,28.0,9.333333333333334,3,,,0,,,0,,,0,25.999975,28.0,23.0,1.6035318178053986,2.6665999999999954,5,7.0,1,≤25,Entertainment
Helio Castroneves,Chelsie Hightower,Racing Driver,Unknown,Brazil,37,15,Eliminated Week 3,10,7.0,7.5,7.0,,8.0,7.5,7.5,,8.5,8.5,8.5,,,,,,,,,,,,,,,,,,,,,,,,,,,,,,,,,,3.0,,3.0,21.5,7.166666666666667,3,23.0,7.666666666666667,3,25.5,8.5,3,,,0,,,0,,,0,,,0,,,0,,,0,,,0,,,0,23.333333333333332,25.5,21.5,2.0207259421636903,,6,6.833333333333333,0,36-45,Sports
Drew Lachey,Cheryl Burke,Singer/Rapper,Ohio,United States,29,2,1st Place,1,8.0,8.0,8.0,,9.0,9.0,9.0,,9.0,9.0,9.0,,9.0,9.0,10.0,,9.0,9.0,9.0,,10.0,10.0,10.0,,9.5,9.0,9.0,,9.6666,9.6666,9.6666,,,,,,,,,,,,,,,1.0,8.0,24.0,8.0,3,27.0,9.0,3,27.0,9.0,3,28.0,9.333333333333334,3,27.0,9.0,3,30.0,10.0,3,27.5,9.166666666666666,3,28.9998,9.6666,3,,,0,,,0,,,0,27.437475,30.0,24.0,1.7614168418390592,2.8332666666666633,0,6.814726840855107,1,26-35,Entertainment
Emmitt Smith,Cheryl Burke,Athlete,Florida,United States,37,3,1st Place,1,8.0,8.0,8.0,,8.0,8.0,8.0,,7.0,6.0,6.0,,8.0,8.0,8.0,,9.0,9.0,9.0,,8.0,8.0,9.0,,10.0,9.5,9.0,,8.5,9.0,9.5,,9.5,10.0,10.0,,10.0,9.6666,10.0,,,,,,,1.0,10.0,24.0,8.0,3,24.0,8.0,3,19.0,6.333333333333333,3,24.0,8.0,3,27.0,9.0,3,25.0,8.333333333333334,3,28.5,9.5,3,27.0,9.0,3,29.5,9.833333333333334,3,29.666600000000003,9.888866666666667,3,,,0,25.76666,29.666600000000003,19.0,3.255755246124418,6.388866666666669,1,1.0,1,36-45,Sports
Ian Ziering,Cheryl Burke,Actor/Actress,New Jersey,United States,42,4,Eliminated Week 9,4,7.0,7.0,7.0,,7.0,8.0,7.0,,8.0,8.0,8.0,,7.0,9.0,8.0,,8.0,8.0,8.0,,8.0,8.0,8.0,,9.0,9.0,9.0,,8.0,7.5,8.0,,9.5,10.0,9.5,,,,,,,,,,9.0,,9.0,21.0,7.0,3,22.0,7.333333333333333,3,24.0,8.0,3,24.0,8.0,3,24.0,8.0,3,24.0,8.0,3,27.0,9.0,3,23.5,7.833333333333333,3,29.0,9.666666666666666,3,,,0,,,0,24.27777777777778,29.0,21.0,2.412352471021688,4.166666666666668,2,1.0,1,36-45,Entertainment
Wayne Newton,Cheryl Burke,Singer/Rapper,Virginia,United States,65,5,Eliminated Week 3,10,6.0,7.0,6.0,,5.0,5.0,5.0,,6.0,6.0,6.0,,,,,,,,,,,,,,,,,,,,,,,,,,,,,,,,,,3.0,,3.0,19.0,6.333333333333333,3,15.0,5.0,3,18.0,6.0,3,,,0,,,0,,,0,,,0,,,0,,,0,,,0,,,0,17.333333333333332,19.0,15.0,2.081665999466133,,3,2.0,1,>55,Entertainment
Cristian de la Fuente,Cheryl Burke,Actor/Actress,Unknown,Chile,34,6,3rd Place,3,7.0,7.0,7.0,,7.0,6.0,7.0,,8.0,8.0,9.0,,9.0,8.0,9.0,,7.0,8.0,8.0,,9.0,9.0,9.0,,7.5,7.5,8.0,,10.0,9.0,9.5,,9.5,9.0,9.5,,9.0,8.0,9.0,,,,,,,3.0,10.0,21.0,7.0,3,20.0,6.666666666666667,3,25.0,8.333333333333334,3,26.0,8.666666666666666,3,23.0,7.666666666666667,3,27.0,9.0,3,23.0,7.666666666666667,3,28.5,9.5,3,28.0,9.333333333333334,3,26.0,8.666666666666666,3,,,0,24.75,28.5,20.0,2.8987545218210147,5.5,4,4.0,0,26-35,Entertainment
Maurice Greene,Cheryl Burke,Athlete,Kansas,United States,34,7,Eliminated Week 8,5,6.5,6.5,6.5,,7.0,6.0,6.0,,8.0,8.0,8.0,,6.0,7.0,7.0,,9.0,9.0,9.0,,7.0,7.0,7.0,,8.0,9.0,8.0,,8.0,8.0,8.0,,,,,,,,,,,,,,8.0,,8.0,19.5,6.5,3,19.0,6.333333333333333,3,24.0,8.0,3,20.0,6.666666666666667,3,27.0,9.0,3,21.0,7.0,3,25.0,8.333333333333334,3,24.0,8.0,3,,,0,,,0,,,0,22.4375,27.0,19.0,2.94518371971209,2.5,5,3.8,1,26-35,Sports
Gilles Marini,Cheryl Burke,Actor/Actress,Unknown,France,33,8,2nd Place,2,8.0,8.0,8.0,,9.0,9.0,9.0,,9.0,9.0,9.0,,10.0,10.0,10.0,,10.0,9.0,10.0,,9.0,8.0,9.0,,9.0,9.0,9.0,,9.0,9.0,9.5,,9.5,9.0,9.5,,10.0,10.0,10.0,,9.5,10.0,9.5,,,2.0,11.0,24.0,8.0,3,27.0,9.0,3,27.0,9.0,3,30.0,10.0,3,29.0,9.666666666666666,3,26.0,8.666666666666666,3,27.0,9.0,3,27.5,9.166666666666666,3,28.0,9.333333333333334,3,30.0,10.0,3,29.0,9.666666666666666,3,27.681818181818183,30.0,24.0,1.7926618096106035,3.0,6,4.0,0,26-35,Entertainment
Tom DeLay,Cheryl Burke,Politician,Texas,United States,62,9,Withdrew,13,7.3333,6.3333,6.3333,,6.0,6.0,6.0,,6.0,4.0,5.0,,,,,,,,,,,,,,,,,,,,,,,,,,,,,,,,,,-1.0,,3.0,19.9999,6.666633333333333,3,18.0,6.0,3,15.0,5.0,3,,,0,,,0,,,0,,,0,,,0,,,0,,,0,,,0,17.666633333333333,19.9999,15.0,2.5165651200263692,,7,3.7142857142857144,1,>55,Other
Chad Ochocinco,Cheryl Burke,Athlete,Florida,United States,32,10,Eliminated Week 9,4,6.0,6.0,6.0,,6.0,5.0,5.0,,7.0,6.0,7.0,,7.5,6.5,8.0,,6.0,6.0,6.0,,10.3333,10.3333,10.3333,,8.5,9.0,8.5,,7.5,7.5,7.5,,8.5,8.5,9.0,,,,,,,,,,9.0,,9.0,18.0,6.0,3,16.0,5.333333333333333,3,20.0,6.666666666666667,3,22.0,7.333333333333333,3,18.0,6.0,3,30.999899999999997,10.3333,3,26.0,8.666666666666666,3,22.5,7.5,3,26.0,8.666666666666666,3,,,0,,,0,22.166655555555554,30.999899999999997,16.0,4.808823054321897,6.833333333333332,8,4.875,1,26-35,Sports
Rick Fox,Cheryl Burke,Athlete,Unknown,Canada,41,11,Eliminated Week 7,6,8.0,7.0,7.0,,7.0,7.0,7.0,,8.0,8.0,8.0,,6.0,7.0,6.5,,8.0,8.0,8.0,,10.0,10.0,10.0,,9.0,8.5,8.5,8.5,,,,,,,,,,,,,,,,,7.0,,7.0,22.0,7.333333333333333,3,21.0,7.0,3,24.0,8.0,3,19.5,6.5,3,24.0,8.0,3,30.0,10.0,3,34.5,8.625,4,,,0,,,0,,,0,,,0,25.0,34.5,19.5,5.361902647381804,7.166666666666668,9,4.777777777777778,0,36-45,Sports
Chris Jericho,Cheryl Burke,Athlete,New York,United States,40,12,Eliminated Week 6,7,7.0,6.0,6.0,,8.0,7.0,8.0,,7.0,7.0,7.0,,8.0,7.0,8.0,,9.0,8.0,9.0,,7.0,8.0,7.0,,,,,,,,,,,,,,,,,,,,,,6.0,,6.0,19.0,6.333333333333333,3,23.0,7.666666666666667,3,21.0,7.0,3,23.0,7.666666666666667,3,26.0,8.666666666666666,3,22.0,7.333333333333333,3,,,0,,,0,,,0,,,0,,,0,22.333333333333332,26.0,19.0,2.3380903889000244,2.666666666666668,10,4.9,1,36-45,Sports
Rob Kardashian,Cheryl Burke,TV Personality,California,United States,24,13,2nd Place,2,6.0,5.0,5.0,,7.0,7.0,7.0,,8.0,8.0,8.0,,8.0,8.0,8.0,,9.0,8.0,8.0,,8.0,7.0,7.0,,9.0,8.0,8.5,,8.5,8.5,8.5,,11.1666,10.6666,10.6666,,9.4444,9.4444,9.4444,,,,,,,2.0,10.0,16.0,5.333333333333333,3,21.0,7.0,3,24.0,8.0,3,24.0,8.0,3,25.0,8.333333333333334,3,22.0,7.333333333333333,3,25.5,8.5,3,25.5,8.5,3,32.4998,10.833266666666667,3,28.333199999999998,9.4444,3,,,0,24.3833,32.4998,16.0,4.372312296714405,8.444333333333333,11,5.090909090909091,1,≤25,Media
William Levy,Cheryl Burke,Actor/Actress,Unknown,Cuba,31,14,3rd Place,3,8.0,8.0,8.0,,9.0,7.0,9.0,,9.0,9.0,10.0,,7.0,7.0,8.0,,10.0,9.0,10.0,,12.0,11.0,13.0,,9.0,8.5,9.0,,9.5,9.5,9.5,,9.5,9.5,10.0,,10.0,9.6666,10.0,,,,,,,3.0,10.0,24.0,8.0,3,25.0,8.333333333333334,3,28.0,9.333333333333334,3,22.0,7.333333333333333,3,29.0,9.666666666666666,3,36.0,12.0,3,26.5,8.833333333333334,3,28.5,9.5,3,29.0,9.666666666666666,3,29.666600000000003,9.888866666666667,3,,,0,27.76666,36.0,22.0,3.825834404327157,3.388866666666665,12,4.833333333333333,0,26-35,Entertainment
Emmitt Smith,Cheryl Burke,Athlete,Florida,United States,43,15,Eliminated Week 9,4,8.0,8.5,8.0,,7.5,7.5,7.5,,8.5,8.0,8.5,,9.0,9.0,9.0,9.0,9.25,9.25,9.5,,8.5,8.5,9.5,,10.8333,11.8333,11.8333,,9.5,9.7777,9.7777,,9.0,9.0,9.0,,,,,,,,,,9.0,,9.0,24.5,8.166666666666666,3,22.5,7.5,3,25.0,8.333333333333334,3,36.0,9.0,4,28.0,9.333333333333334,3,26.5,8.833333333333334,3,34.4999,11.499966666666666,3,29.0554,9.685133333333333,3,27.0,9.0,3,,,0,,,0,28.117255555555555,36.0,22.5,4.499844849856245,6.185099999999995,13,4.6923076923076925,1,36-45,Sports
D. L. Hughley,Cheryl Burke,Comedian,Virginia,United States,50,16,Eliminated Week 5,9,4.0,4.0,4.0,,5.0,5.0,6.0,,6.0,5.0,5.0,,7.0,7.0,7.0,,6.0,6.0,6.0,,,,,,,,,,,,,,,,,,,,,,,,,,5.0,,5.0,12.0,4.0,3,16.0,5.333333333333333,3,16.0,5.333333333333333,3,21.0,7.0,3,18.0,6.0,3,,,0,,,0,,,0,,,0,,,0,,,0,16.6,21.0,12.0,3.286335345030997,3.666666666666666,14,4.642857142857143,1,46-55,Entertainment
Jack Osbourne,Cheryl Burke,TV Personality,Unknown,England,27,17,3rd Place,3,8.0,8.0,7.0,,8.0,8.0,8.0,,7.0,7.0,8.0,,8.0,8.0,8.0,,9.0,9.0,9.0,,8.6666,9.6666,8.6666,,10.0,9.0,9.5,,10.0,10.0,10.0,,9.0,9.0,9.0,,9.0,8.5,9.0,9.0,9.3333,9.3333,9.3333,,,3.0,11.0,23.0,7.666666666666667,3,24.0,8.0,3,22.0,7.333333333333333,3,24.0,8.0,3,27.0,9.0,3,26.9998,8.999933333333333,3,28.5,9.5,3,30.0,10.0,3,27.0,9.0,3,35.5,8.875,4,27.999899999999997,9.3333,3,26.909063636363634,35.5,22.0,3.786935917142704,7.166633333333333,15,4.933333333333334,0,26-35,Media
Drew Carey,Cheryl Burke,Comedian,Ohio,United States,55,18,Eliminated Week 6,8,7.0,7.0,7.0,,7.0,7.0,7.0,,7.0,7.0,8.0,8.0,8.0,8.0,9.0,8.0,7.0,7.0,7.0,7.0,8.0,9.0,7.0,8.0,,,,,,,,,,,,,,,,,,,,,6.0,,6.0,21.0,7.0,3,21.0,7.0,3,30.0,7.5,4,33.0,8.25,4,28.0,7.0,4,32.0,8.0,4,,,0,,,0,,,0,,,0,,,0,27.5,33.0,21.0,5.319774431308154,7.0,16,4.8125,1,46-55,Entertainment
Antonio Sabato Jr.,Cheryl Burke,Actor/Actress,Unknown,Italy,42,19,Eliminated Week 7,8,6.0,6.0,6.0,7.0,8.0,7.0,8.0,8.0,7.0,7.0,7.0,8.0,7.0,7.0,7.0,8.0,8.0,6.0,7.0,7.0,7.0,7.0,7.0,7.0,7.0,7.5,7.5,7.5,,,,,,,,,,,,,,,,,7.0,,7.0,25.0,6.25,4,31.0,7.75,4,29.0,7.25,4,29.0,7.25,4,28.0,7.0,4,28.0,7.0,4,29.5,7.375,4,,,0,,,0,,,0,,,0,28.5,31.0,25.0,1.848422751068236,0.16666666666666785,17,5.0,0,36-45,Entertainment
Ryan Lochte,Cheryl Burke,Athlete,New York,United States,32,23,Eliminated Week 8,7,6.0,6.0,6.0,6.0,6.0,6.0,6.0,6.0,6.0,7.0,6.0,6.0,7.0,7.0,8.0,,8.0,8.0,8.0,,7.0,8.0,8.0,7.0,8.5,8.0,8.0,8.5,8.0,9.0,9.0,,,,,,,,,,,,,,8.0,,8.0,24.0,6.0,4,24.0,6.0,4,25.0,6.25,4,22.0,7.333333333333333,3,24.0,8.0,3,30.0,7.5,4,33.0,8.25,4,26.0,8.666666666666666,3,,,0,,,0,,,0,26.0,33.0,22.0,3.6645015252516173,5.333333333333336,18,5.166666666666667,1,26-35,Sports
Terrell Owens,Cheryl Burke,Athlete,Alabama,United States,43,25,Eliminated Week 8,6,5.0,5.0,5.0,,6.5,6.0,7.0,,7.0,7.0,7.0,,8.0,8.0,8.0,,9.0,8.0,8.0,,9.0,9.0,10.0,9.0,8.0,8.0,8.5,,8.5,8.5,8.5,,,,,,,,,,,,,,8.0,,8.0,15.0,5.0,3,19.5,6.5,3,21.0,7.0,3,24.0,8.0,3,25.0,8.333333333333334,3,37.0,9.25,4,24.5,8.166666666666666,3,25.5,8.5,3,,,0,,,0,,,0,23.9375,37.0,15.0,6.355186296021766,10.5,19,5.2631578947368425,1,36-45,Sports
Juan Pablo Di Pace,Cheryl Burke,Actor/Actress,Unknown,Argentina,39,27,Eliminated Week 8,5,7.0,7.0,8.0,,9.0,8.0,9.0,,10.0,10.0,10.0,,8.0,8.0,8.0,,10.0,9.0,10.0,,10.0,10.0,10.0,,9.5,9.0,9.5,,10.0,10.0,10.0,,,,,,,,,,,,,,8.0,,8.0,22.0,7.333333333333333,3,26.0,8.666666666666666,3,30.0,10.0,3,24.0,8.0,3,29.0,9.666666666666666,3,30.0,10.0,3,28.0,9.333333333333334,3,30.0,10.0,3,,,0,,,0,,,0,27.375,30.0,22.0,3.0676887530703447,3.333333333333332,20,5.3,0,36-45,Entertainment
Ray Lewis,Cheryl Burke,Athlete,Florida,United States,44,28,Withdrew,11,5.0,5.0,5.0,,5.0,5.0,5.0,,,,,,,,,,,,,,,,,,,,,,,,,,,,,,,,,,,,,,-1.0,,2.0,15.0,5.0,3,15.0,5.0,3,,,0,,,0,,,0,,,0,,,0,,,0,,,0,,,0,,,0,15.0,15.0,15.0,0.0,,21,5.285714285714286,1,36-45,Sports
AJ McLean,Cheryl Burke,Singer/Rapper,Florida,United States,42,29,Eliminated Week 9,7,6.0,6.0,6.0,,7.0,6.0,6.0,,7.0,7.0,7.0,,8.0,8.0,8.0,,8.0,8.0,8.0,,9.0,9.0,9.0,,9.0,8.0,9.0,,9.0,9.0,9.0,,7.6666,8.6666,8.6666,,,,,,,,,,9.0,,9.0,18.0,6.0,3,19.0,6.333333333333333,3,21.0,7.0,3,24.0,8.0,3,24.0,8.0,3,27.0,9.0,3,26.0,8.666666666666666,3,27.0,9.0,3,24.9998,8.333266666666667,3,,,0,,,0,23.444422222222222,27.0,18.0,3.3582287004378433,6.666599999999999,22,5.545454545454546,1,36-45,Entertainment
Cody Rigsby,Cheryl Burke,Fitness Instructor,California,United States,34,30,3rd Place,3,6.0,6.0,6.0,6.0,6.0,6.0,6.0,6.0,6.0,6.0,6.0,,7.5,6.5,7.5,7.5,8.0,8.0,8.0,8.0,9.0,9.0,9.0,9.0,8.5,8.5,9.5,9.5,10.0,10.0,9.0,9.0,9.0,9.0,8.5,9.0,9.5,9.5,9.5,9.5,,,,,,3.0,10.0,24.0,6.0,4,24.0,6.0,4,18.0,6.0,3,29.0,7.25,4,32.0,8.0,4,36.0,9.0,4,36.0,9.0,4,38.0,9.5,4,35.5,8.875,4,38.0,9.5,4,,,0,31.05,38.0,18.0,6.9938465016676545,15.166666666666664,23,5.608695652173913,1,26-35,Other
Sam Champion,Cheryl Burke,News Anchor,Kentucky,United States,61,31,Eliminated Week 4,13,5.0,5.0,5.0,5.0,6.0,6.0,7.0,7.0,6.0,6.0,6.0,7.0,7.0,6.0,6.0,6.0,,,,,,,,,,,,,,,,,,,,,,,,,,,,,4.0,,4.0,20.0,5.0,4,26.0,6.5,4,25.0,6.25,4,25.0,6.25,4,,,0,,,0,,,0,,,0,,,0,,,0,,,0,24.0,26.0,20.0,2.70801280154532,1.6666666666666643,24,5.5,1,>55,Media
Cloris Leachman,Corky Ballas,Actor/Actress,Iowa,United States,82,7,Eliminated Week 6,7,6.0,5.0,5.0,,5.0,5.0,5.0,,6.0,5.0,5.0,,8.0,7.0,7.0,,7.0,7.0,7.0,,5.0,5.0,5.0,,,,,,,,,,,,,,,,,,,,,,6.0,,6.0,16.0,5.333333333333333,3,15.0,5.0,3,16.0,5.333333333333333,3,22.0,7.333333333333333,3,21.0,7.0,3,15.0,5.0,3,,,0,,,0,,,0,,,0,,,0,17.5,22.0,15.0,3.146426544510455,3.666666666666666,0,6.814726840855107,1,>55,Entertainment
Florence Henderson,Corky Ballas,Actor/Actress,Indiana,United States,76,11,Eliminated Week 5,8,6.0,6.0,6.0,,7.0,6.0,6.0,,7.0,6.0,7.0,,6.0,6.0,5.5,,7.0,7.0,7.0,,,,,,,,,,,,,,,,,,,,,,,,,,5.0,,5.0,18.0,6.0,3,19.0,6.333333333333333,3,20.0,6.666666666666667,3,17.5,5.833333333333333,3,21.0,7.0,3,,,0,,,0,,,0,,,0,,,0,,,0,19.1,21.0,17.5,1.4317821063276353,0.5,1,7.0,1,>55,Entertainment
Pamela Anderson,Damian Whitewood,Model,Unknown,Canada,42,10,Eliminated Week 7,6,7.0,6.0,8.0,,7.0,7.0,8.0,,7.0,7.0,7.0,,7.5,7.5,8.5,,7.0,6.0,8.0,,9.6666,9.6666,10.6666,,8.5,8.5,8.5,,,,,,,,,,,,,,,,,,7.0,,7.0,21.0,7.0,3,22.0,7.333333333333333,3,21.0,7.0,3,23.5,7.833333333333333,3,21.0,7.0,3,29.9998,9.999933333333333,3,25.5,8.5,3,,,0,,,0,,,0,,,0,23.428542857142855,29.9998,21.0,3.3469303642079478,4.166599999999999,0,6.814726840855107,0,36-45,Model
Nelly,Daniella Karagach,Singer/Rapper,Texas,United States,45,29,3rd Place,3,5.0,5.0,6.0,,6.0,6.0,6.0,,6.0,6.0,6.0,,7.0,7.0,7.0,,8.0,8.0,8.0,,8.0,8.0,8.0,,9.0,9.0,9.0,,8.0,8.0,8.0,,8.0,8.0,8.0,,9.5,9.0,9.5,,9.5,9.5,9.5,,,3.0,11.0,16.0,5.333333333333333,3,18.0,6.0,3,18.0,6.0,3,21.0,7.0,3,24.0,8.0,3,24.0,8.0,3,27.0,9.0,3,24.0,8.0,3,24.0,8.0,3,28.0,9.333333333333334,3,28.5,9.5,3,22.954545454545453,28.5,16.0,4.221697202870816,9.5,0,6.814726840855107,1,36-45,Entertainment
Iman Shumpert,Daniella Karagach,Athlete,Illinois,United States,31,30,1st Place,1,7.0,4.0,5.0,5.0,7.0,6.0,6.0,6.0,7.0,6.0,6.0,,8.5,6.5,8.5,8.0,7.0,7.0,7.0,7.0,10.0,10.0,10.0,10.0,9.5,7.5,8.5,8.5,9.0,8.0,9.0,9.0,9.5,9.0,10.0,9.0,10.0,10.0,10.0,10.0,,,,,,1.0,10.0,21.0,5.25,4,25.0,6.25,4,19.0,6.333333333333333,3,31.5,7.875,4,28.0,7.0,4,40.0,10.0,4,34.0,8.5,4,35.0,8.75,4,37.5,9.375,4,40.0,10.0,4,,,0,31.1,40.0,19.0,7.58946638440411,15.833333333333332,1,3.0,1,26-35,Sports
Joseph Baena,Daniella Karagach,Actor/Actress,California,United States,24,31,Eliminated Week 5,11,6.0,5.0,6.0,6.0,6.0,6.0,6.0,6.0,8.0,7.0,7.0,7.0,7.0,7.0,7.0,7.0,9.0,8.5,9.0,8.5,,,,,,,,,,,,,,,,,,,,,,,,,5.0,,5.0,23.0,5.75,4,24.0,6.0,4,29.0,7.25,4,28.0,7.0,4,35.0,8.75,4,,,0,,,0,,,0,,,0,,,0,,,0,27.8,35.0,23.0,4.764451699828638,5.333333333333336,2,2.0,1,≤25,Entertainment
Jason Mraz,Daniella Karagach,Singer/Rapper,Virginia,United States,46,32,2nd Place,2,7.0,7.0,7.0,,8.0,8.0,8.0,,9.0,8.0,9.0,8.0,8.0,8.0,8.0,,9.0,9.0,9.0,,9.75,9.75,9.75,9.75,8.5,8.5,10.0,9.0,8.0,9.0,8.0,8.0,10.75,10.75,10.75,10.75,9.5,9.5,9.5,,10.0,10.0,10.0,,,2.0,11.0,21.0,7.0,3,24.0,8.0,3,34.0,8.5,4,24.0,8.0,3,27.0,9.0,3,39.0,9.75,4,36.0,9.0,4,33.0,8.25,4,43.0,10.75,4,28.5,9.5,3,30.0,10.0,3,30.863636363636363,43.0,21.0,6.834072391667025,7.5000000000000036,3,5.0,1,46-55,Entertainment
Dwight Howard,Daniella Karagach,Athlete,Georgia,United States,38,33,Eliminated Week 7,6,8.0,7.0,7.0,,8.0,7.0,7.0,,7.0,6.5,6.0,6.5,7.0,8.0,7.0,7.0,8.0,8.0,8.0,,11.0,10.0,10.0,,8.0,8.0,8.0,,,,,,,,,,,,,,,,,,7.0,,7.0,22.0,7.333333333333333,3,22.0,7.333333333333333,3,26.0,6.5,4,29.0,7.25,4,24.0,8.0,3,31.0,10.333333333333334,3,24.0,8.0,3,,,0,,,0,,,0,,,0,25.428571428571427,31.0,22.0,3.4572215654165057,3.0,4,4.25,1,36-45,Sports
Dylan Efron,Daniella Karagach (Rumer Willis week 9),TV Personality,California,United States,33,34,4th Place,4,5.0,5.0,,,7.0,6.0,7.0,,7.0,8.0,8.0,,7.0,8.0,8.0,,9.0,9.0,9.0,9.0,8.0,8.0,8.0,8.0,9.75,9.75,8.75,9.75,9.0,9.5,10.0,9.5,10.5,10.5,10.5,10.5,9.0,9.0,9.5,,9.6666,9.6666,10.0,,,4.0,11.0,10.0,5.0,2,20.0,6.666666666666667,3,23.0,7.666666666666667,3,23.0,7.666666666666667,3,36.0,9.0,4,32.0,8.0,4,38.0,9.5,4,38.0,9.5,4,42.0,10.5,4,27.5,9.166666666666666,3,29.3332,9.777733333333334,3,28.98483636363636,42.0,10.0,9.515032805752456,15.277733333333334,0,6.814726840855107,1,26-35,Media
Jennie Garth,Derek Hough,Actor/Actress,Illinois,United States,35,5,Eliminated Week 9,4,7.0,7.0,7.0,,7.0,7.0,7.0,,9.0,8.0,9.0,,8.0,10.0,9.0,,8.0,9.0,8.0,,9.0,9.0,9.0,,8.5,8.5,9.5,,8.5,8.5,8.0,,9.5,10.0,9.5,,,,,,,,,,9.0,,9.0,21.0,7.0,3,21.0,7.0,3,26.0,8.666666666666666,3,27.0,9.0,3,25.0,8.333333333333334,3,27.0,9.0,3,26.5,8.833333333333334,3,25.0,8.333333333333334,3,29.0,9.666666666666666,3,,,0,,,0,25.27777777777778,29.0,21.0,2.7054471801246547,4.166666666666664,0,6.814726840855107,1,26-35,Entertainment
Shannon Elizabeth,Derek Hough,Actor/Actress,Texas,United States,34,6,Eliminated Week 7,6,7.0,7.0,7.0,,8.0,8.0,8.0,,8.0,8.0,8.0,,9.0,10.0,9.0,,8.0,8.0,7.0,,8.0,8.0,8.0,,8.5,8.5,8.5,,,,,,,,,,,,,,,,,,7.0,,7.0,21.0,7.0,3,24.0,8.0,3,24.0,8.0,3,28.0,9.333333333333334,3,23.0,7.666666666666667,3,24.0,8.0,3,25.5,8.5,3,,,0,,,0,,,0,,,0,24.214285714285715,28.0,21.0,2.1574897229794407,1.1666666666666679,1,4.0,1,26-35,Entertainment
Brooke Burke,Derek Hough,TV Personality,Connecticut,United States,37,7,1st Place,1,8.0,8.0,8.5,,8.0,8.0,8.0,,9.0,10.0,9.0,,9.0,8.0,9.0,,10.0,9.0,10.0,,8.0,10.0,8.0,,10.0,10.0,10.0,,9.5,8.5,9.5,,8.0,8.5,8.0,,10.0,10.0,10.0,,,,,,,1.0,10.0,24.5,8.166666666666666,3,24.0,8.0,3,28.0,9.333333333333334,3,26.0,8.666666666666666,3,29.0,9.666666666666666,3,26.0,8.666666666666666,3,30.0,10.0,3,27.5,9.166666666666666,3,24.5,8.166666666666666,3,30.0,10.0,3,,,0,26.95,30.0,24.0,2.2785229133512495,1.8333333333333321,2,5.0,1,36-45,Media
Lil' Kim,Derek Hough,Singer/Rapper,New York,United States,34,8,Eliminated Week 9,5,7.0,7.0,7.0,,8.0,7.0,8.0,,8.0,8.0,9.0,,9.0,8.0,10.0,,9.0,8.0,9.0,,10.0,8.0,10.0,,9.0,8.0,9.0,,9.0,9.0,10.0,,8.5,9.0,8.5,,,,,,,,,,9.0,,9.0,21.0,7.0,3,23.0,7.666666666666667,3,25.0,8.333333333333334,3,27.0,9.0,3,26.0,8.666666666666666,3,28.0,9.333333333333334,3,26.0,8.666666666666666,3,28.0,9.333333333333334,3,26.0,8.666666666666666,3,,,0,,,0,25.555555555555557,28.0,21.0,2.2973414586817036,3.666666666666668,3,3.6666666666666665,1,26-35,Entertainment
Joanna Krupa,Derek Hough,Model,Unknown,Poland,30,9,Eliminated Week 9,4,11.3333,11.3333,11.3333,,6.0,7.0,7.0,,7.0,8.0,8.0,,9.0,8.0,9.0,,8.0,8.0,8.0,,11.3333,12.3333,12.3333,,9.0,9.0,9.5,,8.5,8.5,9.0,,9.0,9.0,9.0,,,,,,,,,,9.0,,9.0,33.9999,11.3333,3,20.0,6.666666666666667,3,23.0,7.666666666666667,3,26.0,8.666666666666666,3,24.0,8.0,3,35.9999,11.999966666666666,3,27.5,9.166666666666666,3,26.0,8.666666666666666,3,27.0,9.0,3,,,0,,,0,27.055533333333333,35.9999,20.0,5.077142952241938,1.1666999999999987,4,4.0,0,26-35,Model
Nicole Scherzinger,Derek Hough,Singer/Rapper,Hawaii,United States,31,10,1st Place,1,9.0,7.0,9.0,,10.0,8.0,10.0,,8.0,6.0,9.0,,8.5,8.0,8.5,,10.0,9.0,10.0,,12.3333,10.3333,13.3333,,9.0,9.0,9.0,,10.0,9.5,10.0,,10.0,9.5,10.0,,9.5,9.5,9.7777,,,,,,,1.0,10.0,25.0,8.333333333333334,3,28.0,9.333333333333334,3,23.0,7.666666666666667,3,25.0,8.333333333333334,3,29.0,9.666666666666666,3,35.9999,11.999966666666666,3,27.0,9.0,3,29.5,9.833333333333334,3,29.5,9.833333333333334,3,28.7777,9.592566666666666,3,,,0,28.07776,35.9999,23.0,3.559693356393996,3.9258999999999986,5,4.0,1,26-35,Entertainment
Jennifer Grey,Derek Hough,Actor/Actress,New York,United States,50,11,1st Place,1,8.0,8.0,8.0,,8.0,8.0,8.0,,8.0,8.0,8.0,,9.5,9.0,9.5,,8.0,8.0,9.0,,9.0,10.0,10.0,,9.5,9.0,9.0,9.0,9.5,9.5,9.5,,10.0,10.0,10.0,,10.0,10.0,10.0,,,,,,,1.0,10.0,24.0,8.0,3,24.0,8.0,3,24.0,8.0,3,28.0,9.333333333333334,3,25.0,8.333333333333334,3,29.0,9.666666666666666,3,36.5,9.125,4,28.5,9.5,3,30.0,10.0,3,30.0,10.0,3,,,0,27.9,36.5,24.0,3.9214509786273974,5.5,6,3.5,1,46-55,Entertainment
Ricki Lake,Derek Hough,Actor/Actress,New York,United States,42,13,3rd Place,3,7.0,6.0,7.0,,8.0,7.0,8.0,,9.0,9.0,9.0,,10.0,9.0,10.0,,8.0,8.0,8.0,,10.0,9.0,10.0,,9.0,8.5,9.0,,8.5,8.5,9.0,,10.8333,11.3333,11.3333,,9.3333,9.3333,9.3333,,,,,,,3.0,10.0,20.0,6.666666666666667,3,23.0,7.666666666666667,3,27.0,9.0,3,29.0,9.666666666666666,3,24.0,8.0,3,29.0,9.666666666666666,3,26.5,8.833333333333334,3,26.0,8.666666666666666,3,33.4999,11.166633333333332,3,27.999899999999997,9.3333,3,,,0,26.59998,33.4999,20.0,3.7252641966860693,5.833266666666667,7,3.142857142857143,1,36-45,Entertainment
Maria Menounos,Derek Hough,TV Personality,Massachusetts,United States,33,14,Eliminated Week 9,4,7.0,7.0,7.0,,8.0,8.0,9.0,,9.0,9.0,9.0,,9.0,8.0,9.0,,9.0,9.0,9.0,,9.3333,10.3333,10.3333,,10.0,9.0,9.5,,9.5,7.5,9.5,,10.0,9.5,10.0,,,,,,,,,,9.0,,9.0,21.0,7.0,3,25.0,8.333333333333334,3,27.0,9.0,3,26.0,8.666666666666666,3,27.0,9.0,3,29.999899999999997,9.999966666666666,3,28.5,9.5,3,26.5,8.833333333333334,3,29.5,9.833333333333334,3,,,0,,,0,26.72221111111111,29.999899999999997,21.0,2.6938564366185345,3.8333333333333357,8,3.125,1,26-35,Media
Shawn Johnson,Derek Hough,Athlete,Iowa,United States,20,15,2nd Place,2,8.0,6.5,7.5,,8.5,8.0,8.5,,9.0,8.0,9.5,,10.0,9.5,10.0,10.0,9.25,9.0,10.0,,9.5,8.5,10.0,,12.6666,12.6666,12.6666,,10.0,8.3333,9.5,,9.5,10.0,10.0,,9.6666,9.5,9.7777,,,,,,,2.0,10.0,22.0,7.333333333333333,3,25.0,8.333333333333334,3,26.5,8.833333333333334,3,39.5,9.875,4,28.25,9.416666666666666,3,28.0,9.333333333333334,3,37.9998,12.6666,3,27.8333,9.277766666666666,3,29.5,9.833333333333334,3,28.944300000000002,9.648100000000001,3,,,0,29.35274,39.5,22.0,5.420423685203133,4.259200000000003,9,3.2222222222222223,1,≤25,Sports
Kellie Pickler,Derek Hough,Singer/Rapper,North Carolina,United States,26,16,1st Place,1,7.0,7.0,7.0,,9.0,8.0,9.0,,8.0,9.0,8.0,,9.0,8.0,9.0,,9.0,9.0,9.0,,8.5,9.5,9.0,,9.0,10.0,10.0,,9.5,8.0,10.0,,9.5,10.0,9.5,,10.0,10.0,10.0,,,,,,,1.0,10.0,21.0,7.0,3,26.0,8.666666666666666,3,25.0,8.333333333333334,3,26.0,8.666666666666666,3,27.0,9.0,3,27.0,9.0,3,29.0,9.666666666666666,3,27.5,9.166666666666666,3,29.0,9.666666666666666,3,30.0,10.0,3,,,0,26.75,30.0,21.0,2.5522321385189257,4.833333333333332,10,3.1,1,26-35,Entertainment
Amber Riley,Derek Hough,Actor/Actress,California,United States,27,17,1st Place,1,9.0,9.0,9.0,,8.0,8.0,8.0,,8.0,8.0,8.0,,9.0,9.0,9.0,,9.0,7.0,10.0,,11.3333,9.3333,11.3333,,10.0,10.0,9.5,,9.0,9.0,10.0,,8.5,8.5,8.5,,10.0,10.0,9.5,10.0,10.4444,10.4444,10.4444,,,1.0,11.0,27.0,9.0,3,24.0,8.0,3,24.0,8.0,3,27.0,9.0,3,26.0,8.666666666666666,3,31.999899999999997,10.666633333333332,3,29.5,9.833333333333334,3,28.0,9.333333333333334,3,25.5,8.5,3,39.5,9.875,4,31.333199999999998,10.4444,3,28.53028181818182,39.5,24.0,4.5029571991788195,7.111066666666666,11,2.909090909090909,1,26-35,Entertainment
Amy Purdy,Derek Hough,Athlete,Nevada,United States,34,18,2nd Place,2,8.0,8.0,8.0,,8.0,8.0,8.0,,9.0,9.0,9.0,9.0,9.0,8.0,8.0,9.0,9.0,9.0,10.0,9.0,9.0,10.0,9.0,10.0,9.5,9.5,9.0,9.5,10.0,10.0,10.0,10.0,9.5,9.5,10.0,10.0,10.0,9.6666,10.0,,,,,,,2.0,10.0,24.0,8.0,3,24.0,8.0,3,36.0,9.0,4,34.0,8.5,4,37.0,9.25,4,38.0,9.5,4,37.5,9.375,4,40.0,10.0,4,39.0,9.75,4,29.666600000000003,9.888866666666667,3,,,0,33.91666,40.0,24.0,5.971775280470996,8.2222,12,2.75,1,26-35,Sports
Bethany Mota,Derek Hough,Social Media Personality,California,United States,18,19,Eliminated Week 11,4,8.0,8.0,8.0,8.0,8.0,9.0,8.0,8.0,10.0,10.0,10.0,10.0,8.0,8.0,8.0,9.0,8.0,8.0,8.0,8.0,9.0,9.0,9.0,9.0,9.5,9.0,9.5,9.5,9.75,9.75,9.75,10.75,9.0,9.5,9.5,9.0,9.5,9.5,9.5,9.5,9.5,9.5,9.5,9.5,11.0,,11.0,32.0,8.0,4,33.0,8.25,4,40.0,10.0,4,33.0,8.25,4,32.0,8.0,4,36.0,9.0,4,37.5,9.375,4,40.0,10.0,4,37.0,9.25,4,38.0,9.5,4,38.0,9.5,4,36.04545454545455,40.0,32.0,3.0533141457647743,2.6666666666666643,13,2.6923076923076925,1,≤25,Media
Nastia Liukin,Derek Hough,Athlete,Unknown,Russia,25,20,Eliminated Week 9,4,7.0,7.0,8.0,8.0,9.0,8.0,8.0,9.0,9.0,8.0,9.0,8.0,9.0,8.0,9.0,10.0,9.0,9.0,10.0,10.0,9.5,8.5,9.0,9.5,10.75,9.75,9.75,10.75,9.5,9.5,9.5,9.5,10.0,10.0,10.0,10.0,,,,,,,,,9.0,,9.0,30.0,7.5,4,34.0,8.5,4,34.0,8.5,4,36.0,9.0,4,38.0,9.5,4,36.5,9.125,4,41.0,10.25,4,38.0,9.5,4,40.0,10.0,4,,,0,,,0,36.388888888888886,41.0,30.0,3.3891165679437925,7.0,14,2.7857142857142856,0,≤25,Sports
Bindi Irwin,Derek Hough,TV Personality,Unknown,Australia,17,21,1st Place,1,8.0,8.0,8.0,,8.0,8.0,8.0,,8.0,8.0,8.0,8.0,9.0,9.0,10.0,,9.0,9.0,10.0,9.0,10.0,10.0,10.0,10.0,9.5,10.0,9.5,,10.0,9.0,9.0,,10.0,10.0,10.0,,10.5,10.5,10.5,,10.0,10.0,10.0,,,1.0,11.0,24.0,8.0,3,24.0,8.0,3,32.0,8.0,4,28.0,9.333333333333334,3,37.0,9.25,4,40.0,10.0,4,29.0,9.666666666666666,3,28.0,9.333333333333334,3,30.0,10.0,3,31.5,10.5,3,30.0,10.0,3,30.318181818181817,40.0,24.0,4.849086136957805,3.833333333333332,15,2.8666666666666667,0,≤25,Media
Marilu Henner,Derek Hough,Actor/Actress,Illinois,United States,64,23,Eliminated Week 9,6,7.0,7.0,6.0,7.0,7.0,6.0,7.0,7.0,7.0,7.0,7.0,7.0,7.0,7.0,7.0,,9.0,9.0,9.0,,8.0,9.0,9.0,8.0,7.5,8.0,8.5,8.0,7.0,8.0,8.0,,9.0,9.0,9.0,9.0,,,,,,,,,9.0,,9.0,27.0,6.75,4,27.0,6.75,4,28.0,7.0,4,21.0,7.0,3,27.0,9.0,3,34.0,8.5,4,32.0,8.0,4,23.0,7.666666666666667,3,36.0,9.0,4,,,0,,,0,28.333333333333332,36.0,21.0,4.898979485566356,3.0,16,2.75,1,>55,Entertainment
Holly Madison,Dmitry Chaplin,TV Personality,Oregon,United States,30,8,Eliminated Week 4,11,6.0,6.0,6.0,,6.0,6.0,6.0,,5.0,6.0,6.0,,5.0,6.0,5.0,,,,,,,,,,,,,,,,,,,,,,,,,,,,,,4.0,,4.0,18.0,6.0,3,18.0,6.0,3,17.0,5.666666666666667,3,16.0,5.333333333333333,3,,,0,,,0,,,0,,,0,,,0,,,0,,,0,17.25,18.0,16.0,0.9574271077563381,-0.6666666666666679,0,6.814726840855107,1,26-35,Media
Mya,Dmitry Chaplin,Singer/Rapper,Washington D.C.,United States,29,9,2nd Place,2,11.3333,8.3333,11.3333,,9.0,9.0,9.0,,10.0,7.0,10.0,,10.0,8.0,10.0,,9.0,9.0,9.0,,11.0,10.0,12.0,,8.5,7.5,8.5,,9.5,10.0,10.0,,9.3333,9.6666,10.0,,9.4444,9.4444,9.4444,,,,,,,2.0,10.0,30.999899999999997,10.3333,3,27.0,9.0,3,27.0,9.0,3,28.0,9.333333333333334,3,27.0,9.0,3,33.0,11.0,3,24.5,8.166666666666666,3,29.5,9.833333333333334,3,28.9999,9.666633333333333,3,28.333199999999998,9.4444,3,,,0,28.433299999999996,33.0,24.5,2.37423048024688,0.6110666666666695,1,11.0,1,26-35,Entertainment
Petra Nemcova,Dmitry Chaplin,Model,Unknown,Czechoslovakia,31,12,Eliminated Week 5,8,6.0,6.0,6.0,,6.0,6.0,6.0,,8.0,9.0,8.0,,8.0,7.0,8.0,,7.0,7.0,8.0,,,,,,,,,,,,,,,,,,,,,,,,,,5.0,,5.0,18.0,6.0,3,18.0,6.0,3,25.0,8.333333333333334,3,23.0,7.666666666666667,3,22.0,7.333333333333333,3,,,0,,,0,,,0,,,0,,,0,,,0,21.2,25.0,18.0,3.1144823004794873,3.0,2,6.5,0,26-35,Model
Evander Holyfield,Edyta Sliwinska,Athlete,Alabama,United States,42,1,Eliminated Week 3,5,5.0,7.0,6.0,,5.0,4.0,5.0,,5.0,4.0,4.0,,,,,,,,,,,,,,,,,,,,,,,,,,,,,,,,,,3.0,,3.0,18.0,6.0,3,14.0,4.666666666666667,3,13.0,4.333333333333333,3,,,0,,,0,,,0,,,0,,,0,,,0,,,0,,,0,15.0,18.0,13.0,2.6457513110645907,,0,6.814726840855107,1,36-45,Sports
George Hamilton,Edyta Sliwinska,Actor/Actress,Tennessee,United States,66,2,Eliminated Week 6,5,7.0,5.0,6.0,,8.0,7.0,7.0,,7.0,7.0,8.0,,7.0,7.0,7.0,,8.0,8.0,8.0,,8.0,7.0,8.0,,,,,,,,,,,,,,,,,,,,,,6.0,,6.0,18.0,6.0,3,22.0,7.333333333333333,3,22.0,7.333333333333333,3,21.0,7.0,3,24.0,8.0,3,23.0,7.666666666666667,3,,,0,,,0,,,0,,,0,,,0,21.666666666666668,24.0,18.0,2.0655911179772892,2.0,1,5.0,1,>55,Entertainment
Joey Lawrence,Edyta Sliwinska,Actor/Actress,Pennsylvania,United States,30,3,3rd Place,3,7.0,7.0,7.0,,10.0,9.0,10.0,,8.0,6.0,8.0,,9.0,9.0,9.0,,8.0,8.0,9.0,,8.0,8.0,8.0,,9.5,9.0,10.0,,9.5,8.5,9.0,,9.5,10.0,10.0,,,,,,,,,,,3.0,9.0,21.0,7.0,3,29.0,9.666666666666666,3,22.0,7.333333333333333,3,27.0,9.0,3,25.0,8.333333333333334,3,24.0,8.0,3,28.5,9.5,3,27.0,9.0,3,29.5,9.833333333333334,3,,,0,,,0,25.88888888888889,29.5,21.0,3.069790076065644,4.333333333333332,2,5.0,1,26-35,Entertainment
John Ratzenberger,Edyta Sliwinska,Actor/Actress,Connecticut,United States,59,4,Eliminated Week 7,6,6.0,5.0,6.0,,7.0,7.0,7.0,,7.0,6.0,7.0,,6.0,5.0,5.0,,6.0,6.0,6.0,,7.0,6.0,6.0,,7.5,7.5,7.5,,,,,,,,,,,,,,,,,,7.0,,7.0,17.0,5.666666666666667,3,21.0,7.0,3,20.0,6.666666666666667,3,16.0,5.333333333333333,3,18.0,6.0,3,19.0,6.333333333333333,3,22.5,7.5,3,,,0,,,0,,,0,,,0,19.071428571428573,22.5,16.0,2.280872848797353,0.5,3,4.333333333333333,1,>55,Entertainment
Cameron Mathison,Edyta Sliwinska,Actor/Actress,Unknown,Canada,38,5,Eliminated Week 8,5,7.0,7.0,7.0,,7.0,7.0,7.0,,8.0,7.0,8.0,,9.0,9.0,9.0,,8.0,9.0,9.0,,9.0,8.0,8.0,,8.5,8.5,8.5,,8.5,8.5,8.5,,,,,,,,,,,,,,8.0,,8.0,21.0,7.0,3,21.0,7.0,3,23.0,7.666666666666667,3,27.0,9.0,3,26.0,8.666666666666666,3,25.0,8.333333333333334,3,25.5,8.5,3,25.5,8.5,3,,,0,,,0,,,0,24.25,27.0,21.0,2.29906813420444,3.6666666666666643,4,4.75,0,36-45,Entertainment
Jason Taylor,Edyta Sliwinska,Athlete,Pennsylvania,United States,33,6,2nd Place,2,7.0,8.0,7.0,,9.0,9.0,9.0,,8.0,7.0,8.0,,10.0,9.0,10.0,,9.0,9.0,9.0,,8.0,8.0,8.0,,9.5,8.5,9.5,,9.0,8.0,9.0,,9.0,9.5,9.0,,9.5,9.5,9.5,,,,,,,2.0,10.0,22.0,7.333333333333333,3,27.0,9.0,3,23.0,7.666666666666667,3,29.0,9.666666666666666,3,27.0,9.0,3,24.0,8.0,3,27.5,9.166666666666666,3,26.0,8.666666666666666,3,27.5,9.166666666666666,3,28.5,9.5,3,,,0,26.15,29.0,22.0,2.369364659331461,3.333333333333332,5,4.8,1,26-35,Sports
Jeffrey Ross,Edyta Sliwinska,Comedian,New Jersey,United States,43,7,Eliminated Week 1,13,4.0,4.0,4.0,,,,,,,,,,,,,,,,,,,,,,,,,,,,,,,,,,,,,,,,,,1.0,,1.0,12.0,4.0,3,,,0,,,0,,,0,,,0,,,0,,,0,,,0,,,0,,,0,,,0,12.0,12.0,12.0,,,6,4.333333333333333,1,36-45,Entertainment
Lawrence Taylor,Edyta Sliwinska,Athlete,Virginia,United States,50,8,Eliminated Week 7,7,6.0,5.0,5.0,,7.0,6.0,7.0,,7.0,6.0,7.0,,7.0,5.0,7.0,,6.0,7.0,7.0,,7.0,7.0,8.0,,7.0,7.0,7.0,,,,,,,,,,,,,,,,,,7.0,,7.0,16.0,5.333333333333333,3,20.0,6.666666666666667,3,20.0,6.666666666666667,3,19.0,6.333333333333333,3,20.0,6.666666666666667,3,22.0,7.333333333333333,3,21.0,7.0,3,,,0,,,0,,,0,,,0,19.714285714285715,22.0,16.0,1.889822365046136,2.333333333333332,7,5.571428571428571,1,46-55,Sports
Ashley Hamiliton,Edyta Sliwinska,Actor/Actress,California,United States,34,9,Eliminated Week 1,16,6.3333,7.3333,5.3333,,,,,,,,,,,,,,,,,,,,,,,,,,,,,,,,,,,,,,,,,,1.0,,1.0,18.9999,6.3333,3,,,0,,,0,,,0,,,0,,,0,,,0,,,0,,,0,,,0,,,0,18.9999,18.9999,18.9999,,,8,5.75,1,26-35,Entertainment
Aiden Turner,Edyta Sliwinska,Actor/Actress,Unknown,England,32,10,Eliminated Week 4,9,5.0,5.0,5.0,,7.0,6.0,6.0,,7.0,6.0,7.0,,5.5,5.5,5.5,,,,,,,,,,,,,,,,,,,,,,,,,,,,,,4.0,,4.0,15.0,5.0,3,19.0,6.333333333333333,3,20.0,6.666666666666667,3,16.5,5.5,3,,,0,,,0,,,0,,,0,,,0,,,0,,,0,17.625,20.0,15.0,2.286737122335374,0.5,9,6.888888888888889,0,26-35,Entertainment
Geraldo Rivera,Edyta Sliwinska,Journalist,New York,United States,72,22,Eliminated Week 2,12,5.0,4.0,4.0,,5.0,4.0,4.0,,,,,,,,,,,,,,,,,,,,,,,,,,,,,,,,,,,,,,2.0,,2.0,13.0,4.333333333333333,3,13.0,4.333333333333333,3,,,0,,,0,,,0,,,0,,,0,,,0,,,0,,,0,,,0,13.0,13.0,13.0,0.0,,10,7.1,1,>55,Media
Tucker Carlson,Elena Grinenko,TV Personality,California,United States,37,3,Eliminated Week 1,11,5.0,4.0,3.0,,,,,,,,,,,,,,,,,,,,,,,,,,,,,,,,,,,,,,,,,,1.0,,1.0,12.0,4.0,3,,,0,,,0,,,0,,,0,,,0,,,0,,,0,,,0,,,0,,,0,12.0,12.0,12.0,,,0,6.814726840855107,1,36-45,Media
Clyde Drexler,Elena Grinenko,Athlete,Louisiana,United States,44,4,Eliminated Week 5,8,6.0,5.0,5.0,,6.0,6.0,6.0,,6.0,5.0,5.0,,6.0,4.0,5.0,,4.0,5.0,4.0,,,,,,,,,,,,,,,,,,,,,,,,,,5.0,,5.0,16.0,5.333333333333333,3,18.0,6.0,3,16.0,5.333333333333333,3,15.0,5.0,3,13.0,4.333333333333333,3,,,0,,,0,,,0,,,0,,,0,,,0,15.6,18.0,13.0,1.816590212458495,-2.0000000000000018,1,11.0,1,36-45,Sports
Bill Engvall,Emma Slater,Comedian,Texas,United States,56,17,Eliminated Week 11,4,6.0,6.0,6.0,,7.0,7.0,7.0,,8.0,8.0,8.0,,7.0,7.0,7.0,,8.0,8.0,8.0,,8.3333,8.3333,7.3333,,8.5,8.0,8.5,,8.0,8.0,8.0,,7.0,7.0,7.0,,7.5,7.5,7.5,7.5,8.3333,8.8333,8.3333,,11.0,,11.0,18.0,6.0,3,21.0,7.0,3,24.0,8.0,3,21.0,7.0,3,24.0,8.0,3,23.9999,7.9999666666666664,3,25.0,8.333333333333334,3,24.0,8.0,3,21.0,7.0,3,30.0,7.5,4,25.499899999999997,8.499966666666666,3,23.409072727272726,30.0,18.0,3.137013780043342,4.499966666666666,0,6.814726840855107,1,>55,Entertainment
Billy Dee Williams,Emma Slater,Actor/Actress,New York,United States,76,18,Withdrew,10,5.0,5.0,5.0,,5.0,5.0,5.0,,,,,,,,,,,,,,,,,,,,,,,,,,,,,,,,,,,,,,-1.0,,2.0,15.0,5.0,3,15.0,5.0,3,,,0,,,0,,,0,,,0,,,0,,,0,,,0,,,0,,,0,15.0,15.0,15.0,0.0,,1,4.0,1,>55,Entertainment
Michael Waltrip,Emma Slater,Racing Driver,Kentucky,United States,51,19,Eliminated Week 8,7,7.0,6.0,6.0,6.0,6.0,6.0,6.0,6.0,7.0,7.0,7.0,7.0,6.0,6.0,6.0,7.0,5.0,5.0,5.0,5.0,8.0,7.0,8.0,7.0,7.0,7.0,7.0,7.0,6.0,7.0,6.0,6.0,,,,,,,,,,,,,8.0,,8.0,25.0,6.25,4,24.0,6.0,4,28.0,7.0,4,25.0,6.25,4,20.0,5.0,4,30.0,7.5,4,28.0,7.0,4,25.0,6.25,4,,,0,,,0,,,0,25.625,30.0,20.0,3.0676887530703447,2.0,2,7.0,1,46-55,Sports
Redfoo,Emma Slater,Singer/Rapper,California,United States,39,20,Eliminated Week 2,12,6.0,5.0,5.0,6.0,8.0,7.0,8.0,8.0,,,,,,,,,,,,,,,,,,,,,,,,,,,,,,,,,,,,,2.0,,2.0,22.0,5.5,4,31.0,7.75,4,,,0,,,0,,,0,,,0,,,0,,,0,,,0,,,0,,,0,26.5,31.0,22.0,6.363961030678928,,3,7.0,1,36-45,Entertainment
Hayes Grier,Emma Slater,Social Media Personality,North Carolina,United States,15,21,Eliminated Week 7,8,7.0,7.0,7.0,,8.0,7.0,7.5,,7.0,8.0,7.0,8.0,9.0,9.0,9.0,,8.0,8.0,7.0,7.0,8.0,8.0,8.0,8.0,9.0,9.5,9.5,,,,,,,,,,,,,,,,,,7.0,,7.0,21.0,7.0,3,22.5,7.5,3,30.0,7.5,4,27.0,9.0,3,30.0,7.5,4,32.0,8.0,4,28.0,9.333333333333334,3,,,0,,,0,,,0,,,0,27.214285714285715,32.0,21.0,4.081024614574372,5.5,4,8.25,1,≤25,Media
Rick Perry,Emma Slater,Politician,Texas,United States,66,23,Eliminated Week 3,12,5.0,5.0,5.0,5.0,6.0,5.0,6.0,5.0,6.0,5.0,6.0,6.0,,,,,,,,,,,,,,,,,,,,,,,,,,,,,,,,,3.0,,3.0,20.0,5.0,4,22.0,5.5,4,23.0,5.75,4,,,0,,,0,,,0,,,0,,,0,,,0,,,0,,,0,21.666666666666668,23.0,20.0,1.5275252316519465,,5,8.2,1,>55,Other
Rashad Jennings,Emma Slater,Athlete,Virginia,United States,32,24,1st Place,1,8.0,7.0,8.0,8.0,8.0,8.0,8.0,8.0,7.0,7.0,7.0,7.0,10.0,9.0,10.0,10.0,7.0,8.0,9.0,8.0,8.5,9.5,8.5,8.5,9.5,9.5,10.5,9.5,9.5,9.0,9.5,9.5,9.5,9.0,10.0,10.0,10.0,9.6666,10.0,10.0,,,,,,1.0,10.0,31.0,7.75,4,32.0,8.0,4,28.0,7.0,4,39.0,9.75,4,32.0,8.0,4,35.0,8.75,4,39.0,9.75,4,37.5,9.375,4,38.5,9.625,4,39.6666,9.91665,4,,,0,35.16666,39.6666,28.0,4.149958500515397,8.222200000000004,6,8.833333333333334,1,26-35,Sports
Drew Scott,Emma Slater,TV Personality,Unknown,Canada,39,25,Eliminated Week 10,4,6.0,5.0,5.0,,7.0,6.5,7.0,,8.0,7.0,8.0,,8.0,8.0,8.0,,9.0,8.0,8.0,,7.0,7.0,9.0,7.0,9.5,9.5,9.5,,8.0,7.5,8.0,,8.0,8.0,8.0,,9.0,9.5,9.5,9.5,,,,,10.0,,10.0,16.0,5.333333333333333,3,20.5,6.833333333333333,3,23.0,7.666666666666667,3,24.0,8.0,3,25.0,8.333333333333334,3,30.0,7.5,4,28.5,9.5,3,23.5,7.833333333333333,3,24.0,8.0,3,37.5,9.375,4,,,0,25.2,37.5,16.0,5.798467230417209,8.5,7,7.714285714285714,0,36-45,Media
Johnny Damon,Emma Slater,Athlete,Kansas,United States,44,26,Eliminated Week 1,9,6.0,6.0,6.0,,,,,,,,,,,,,,,,,,,,,,,,,,,,,,,,,,,,,,,,,,1.0,,1.0,18.0,6.0,3,,,0,,,0,,,0,,,0,,,0,,,0,,,0,,,0,,,0,,,0,18.0,18.0,18.0,,,8,7.25,1,36-45,Sports
John Schneider,Emma Slater,Actor/Actress,New York,United States,58,27,Eliminated Week 7,8,7.0,5.0,6.0,,7.5,6.5,7.5,,7.0,7.0,7.0,,7.0,7.0,7.0,,8.0,8.0,8.0,,6.0,7.0,6.0,,9.0,9.0,9.0,,,,,,,,,,,,,,,,,,7.0,,7.0,18.0,6.0,3,21.5,7.166666666666667,3,21.0,7.0,3,21.0,7.0,3,24.0,8.0,3,19.0,6.333333333333333,3,27.0,9.0,3,,,0,,,0,,,0,,,0,21.642857142857142,27.0,18.0,3.0374644814697795,3.1666666666666643,9,7.444444444444445,1,>55,Entertainment
James Van Der Beek,Emma Slater,Actor/Actress,Connecticut,United States,42,28,Eliminated Week 10,5,7.0,7.0,7.0,,7.0,6.0,7.0,,8.0,7.0,8.0,,7.0,7.0,7.0,7.0,9.0,8.0,9.0,,9.0,9.0,9.0,,9.0,9.0,9.0,,10.6666,10.6666,10.6666,,9.0,8.5,9.5,9.0,8.5,8.5,8.5,,,,,,10.0,,10.0,21.0,7.0,3,20.0,6.666666666666667,3,23.0,7.666666666666667,3,28.0,7.0,4,26.0,8.666666666666666,3,27.0,9.0,3,27.0,9.0,3,31.9998,10.6666,3,36.0,9.0,4,25.5,8.5,3,,,0,26.549979999999998,36.0,20.0,4.821512211329553,9.833266666666667,10,7.5,1,36-45,Entertainment
Charles Oakley,Emma Slater,Athlete,Ohio,United States,56,29,Eliminated Week 2,15,4.0,4.0,4.0,,5.0,5.0,5.0,,,,,,,,,,,,,,,,,,,,,,,,,,,,,,,,,,,,,,2.0,,2.0,12.0,4.0,3,15.0,5.0,3,,,0,,,0,,,0,,,0,,,0,,,0,,,0,,,0,,,0,13.5,15.0,12.0,2.1213203435596424,,11,7.2727272727272725,1,>55,Sports
Jimmie Allen,Emma Slater,Singer/Rapper,Delaware,United States,36,30,Eliminated Week 8,7,6.0,5.0,6.0,5.0,7.0,6.0,7.0,7.0,6.0,6.0,8.0,,8.5,7.5,8.5,8.0,8.0,8.0,9.0,9.0,10.0,9.0,10.0,9.0,9.0,9.0,10.0,10.0,8.0,8.0,8.0,8.0,,,,,,,,,,,,,8.0,,8.0,22.0,5.5,4,27.0,6.75,4,20.0,6.666666666666667,3,32.5,8.125,4,34.0,8.5,4,38.0,9.5,4,38.0,9.5,4,32.0,8.0,4,,,0,,,0,,,0,30.4375,38.0,20.0,6.821381824821127,13.0,12,7.916666666666667,1,36-45,Entertainment
Trevor Donovan,Emma Slater,Actor/Actress,California,United States,39,31,Eliminated Week 9,6,5.0,5.0,5.0,6.0,7.0,7.0,8.0,8.0,7.0,6.0,7.0,7.0,7.0,7.0,7.0,7.0,9.0,9.0,9.0,9.0,9.0,8.0,8.0,9.0,10.0,9.0,10.0,10.0,9.25,10.25,9.25,10.25,8.5,8.0,8.0,8.0,,,,,,,,,9.0,,9.0,21.0,5.25,4,30.0,7.5,4,27.0,6.75,4,28.0,7.0,4,36.0,9.0,4,34.0,8.5,4,39.0,9.75,4,39.0,9.75,4,32.5,8.125,4,,,0,,,0,31.833333333333332,39.0,21.0,5.958187643906492,10.833333333333336,13,7.846153846153846,1,36-45,Entertainment
Mauricio Umansky,Emma Slater,TV Personality,Unknown,Mexico,53,32,Eliminated Week 6,9,5.0,5.0,5.0,,4.0,4.0,4.0,,7.0,5.0,6.0,5.0,7.0,6.0,6.0,,8.0,8.0,8.0,,8.5,8.5,7.5,8.5,,,,,,,,,,,,,,,,,,,,,6.0,,6.0,15.0,5.0,3,12.0,4.0,3,23.0,5.75,4,19.0,6.333333333333333,3,24.0,8.0,3,33.0,8.25,4,,,0,,,0,,,0,,,0,,,0,21.0,33.0,12.0,7.4565407529228995,8.666666666666664,14,7.714285714285714,0,46-55,Media
Reginald VelJohnson,Emma Slater,Actor/Actress,New York,United States,74,33,Eliminated Week 3,10,6.0,5.0,5.0,,6.0,4.0,5.0,,6.0,5.0,5.0,5.0,,,,,,,,,,,,,,,,,,,,,,,,,,,,,,,,,3.0,,3.0,16.0,5.333333333333333,3,15.0,5.0,3,21.0,5.25,4,,,0,,,0,,,0,,,0,,,0,,,0,,,0,,,0,17.333333333333332,21.0,15.0,3.2145502536643185,,15,7.8,1,>55,Entertainment
Andy Richter,Emma Slater/Kaitlyn Bristowe (week 9),Comedian,California,United States,59,34,Eliminated Week 9,7,5.0,4.0,,,6.0,5.0,5.0,,6.0,6.0,6.0,,6.0,6.0,6.0,,6.0,6.0,6.0,6.0,7.0,6.0,7.0,7.0,7.25,7.25,7.25,7.25,8.0,8.5,9.5,8.0,8.0,7.0,7.0,7.0,,,,,,,,,9.0,,9.0,9.0,4.5,2,16.0,5.333333333333333,3,18.0,6.0,3,18.0,6.0,3,24.0,6.0,4,27.0,6.75,4,29.0,7.25,4,34.0,8.5,4,29.0,7.25,4,,,0,,,0,22.666666666666668,34.0,9.0,7.937253933193772,16.333333333333336,0,6.814726840855107,1,>55,Entertainment
Anna Delvey,Ezra Sosa,Con artist,Unknown,Russia,33,33,Eliminated Week 2,12,6.0,6.0,6.0,,6.0,5.0,6.0,,,,,,,,,,,,,,,,,,,,,,,,,,,,,,,,,,,,,,2.0,,2.0,18.0,6.0,3,17.0,5.666666666666667,3,,,0,,,0,,,0,,,0,,,0,,,0,,,0,,,0,,,0,17.5,18.0,17.0,0.7071067811865476,,0,6.814726840855107,0,26-35,Other
Jordan Chiles,Ezra Sosa (Apolo Anton Ohno week 9),Athlete,Texas,United States,24,34,3rd Place,3,5.0,5.0,,,8.0,7.0,7.0,,8.0,8.0,8.0,,8.0,8.0,8.0,,8.0,8.0,8.0,8.0,10.0,9.0,10.0,10.0,10.0,9.0,9.0,10.0,10.0,9.5,10.0,9.5,9.5,10.5,9.5,9.5,9.5,9.5,9.5,,9.6666,10.0,10.0,,,3.0,11.0,10.0,5.0,2,22.0,7.333333333333333,3,24.0,8.0,3,24.0,8.0,3,32.0,8.0,4,39.0,9.75,4,38.0,9.5,4,39.0,9.75,4,39.0,9.75,4,28.5,9.5,3,29.666600000000003,9.888866666666667,3,29.5606,39.0,10.0,9.204549742382842,13.722199999999997,0,6.814726840855107,1,≤25,Sports
Marlee Matlin,Fabian Sanchez,Actor/Actress,Illinois,United States,42,6,Eliminated Week 6,7,7.0,7.0,8.0,,8.0,8.0,8.0,,7.0,7.0,7.0,,8.0,8.0,8.0,,7.0,7.0,8.0,,7.0,7.0,7.0,,,,,,,,,,,,,,,,,,,,,,6.0,,6.0,22.0,7.333333333333333,3,24.0,8.0,3,21.0,7.0,3,24.0,8.0,3,22.0,7.333333333333333,3,21.0,7.0,3,,,0,,,0,,,0,,,0,,,0,22.333333333333332,24.0,21.0,1.3662601021279464,0.0,0,6.814726840855107,1,36-45,Entertainment
Lisa Vanderpump,Gleb Savchenko,TV Personality,Unknown,England,52,16,Eliminated Week 4,10,6.0,6.0,6.0,,6.0,6.0,6.0,,7.0,7.0,7.0,,6.0,6.0,6.0,,,,,,,,,,,,,,,,,,,,,,,,,,,,,,4.0,,4.0,18.0,6.0,3,18.0,6.0,3,21.0,7.0,3,18.0,6.0,3,,,0,,,0,,,0,,,0,,,0,,,0,,,0,18.75,21.0,18.0,1.5,0.0,0,6.814726840855107,0,46-55,Media
Jana Kramer,Gleb Savchenko,Singer/Rapper,Michigan,United States,32,23,Eliminated Week 11,4,7.0,6.0,6.0,8.0,7.0,8.0,7.0,7.0,6.0,7.0,6.0,7.0,8.0,7.0,8.0,,9.0,8.0,9.0,,10.0,10.0,10.0,10.0,8.0,8.5,9.0,9.0,10.0,10.0,10.0,,10.0,10.0,10.0,10.0,9.5,9.5,10.0,,8.5,9.0,9.0,9.0,11.0,,11.0,27.0,6.75,4,29.0,7.25,4,26.0,6.5,4,23.0,7.666666666666667,3,26.0,8.666666666666666,3,40.0,10.0,4,34.5,8.625,4,30.0,10.0,3,40.0,10.0,4,29.0,9.666666666666666,3,35.5,8.875,4,30.90909090909091,40.0,23.0,5.774158734474581,7.5000000000000036,1,10.0,1,26-35,Entertainment
Erika Jayne,Gleb Savchenko,Singer/Rapper,Georgia,United States,45,24,Eliminated Week 5,9,6.0,6.0,6.0,6.0,7.0,7.0,7.0,7.0,6.0,7.0,7.0,6.0,8.0,7.0,7.0,8.0,8.0,8.0,8.0,8.0,,,,,,,,,,,,,,,,,,,,,,,,,5.0,,5.0,24.0,6.0,4,28.0,7.0,4,26.0,6.5,4,30.0,7.5,4,32.0,8.0,4,,,0,,,0,,,0,,,0,,,0,,,0,28.0,32.0,24.0,3.1622776601683795,3.333333333333332,2,7.0,1,36-45,Entertainment
Sasha Pieterse,Gleb Savchenko,Actor/Actress,Unknown,South Africa,21,25,Eliminated Week 5,10,6.0,6.0,6.0,,8.0,7.5,7.0,,7.0,6.0,6.0,,8.0,8.0,8.0,,8.0,8.0,8.0,,,,,,,,,,,,,,,,,,,,,,,,,,5.0,,5.0,18.0,6.0,3,22.5,7.5,3,19.0,6.333333333333333,3,24.0,8.0,3,24.0,8.0,3,,,0,,,0,,,0,,,0,,,0,,,0,21.5,24.0,18.0,2.8284271247461903,2.5,3,7.666666666666667,0,≤25,Entertainment
Arike Ogunbowale,Gleb Savchenko,Athlete,Wisconsin,United States,21,26,Eliminated Week 2,7,7.0,6.0,7.0,,8.5,9.5,8.5,8.5,,,,,,,,,,,,,,,,,,,,,,,,,,,,,,,,,,,,,2.0,,2.0,20.0,6.666666666666667,3,35.0,8.75,4,,,0,,,0,,,0,,,0,,,0,,,0,,,0,,,0,,,0,27.5,35.0,20.0,10.606601717798213,,4,8.25,1,≤25,Sports
Nikki Glaser,Gleb Savchenko,Comedian,Ohio,United States,34,27,Eliminated Week 1,13,6.0,5.5,6.0,,,,,,,,,,,,,,,,,,,,,,,,,,,,,,,,,,,,,,,,,,1.0,,1.0,17.5,5.833333333333333,3,,,0,,,0,,,0,,,0,,,0,,,0,,,0,,,0,,,0,,,0,17.5,17.5,17.5,,,5,8.0,1,26-35,Entertainment
Lauren Alaina,Gleb Savchenko,Singer/Rapper,Georgia,United States,24,28,4th Place,4,7.0,6.0,6.0,,6.0,6.0,7.0,,6.0,7.0,7.0,,8.0,8.0,8.0,8.0,8.0,7.0,8.0,,9.0,8.0,9.0,,9.0,9.0,9.0,,8.0,8.0,8.0,,9.0,9.0,8.5,8.5,9.0,9.0,9.0,,9.5,9.5,9.5,,,4.0,11.0,19.0,6.333333333333333,3,19.0,6.333333333333333,3,20.0,6.666666666666667,3,32.0,8.0,4,23.0,7.666666666666667,3,26.0,8.666666666666666,3,27.0,9.0,3,24.0,8.0,3,35.0,8.75,4,27.0,9.0,3,28.5,9.5,3,25.5,35.0,19.0,5.191338940966964,10.833333333333336,6,8.833333333333334,1,≤25,Entertainment
Chrishell Stause,Gleb Savchenko,Actor/Actress,Kentucky,United States,39,29,Eliminated Week 8,8,4.0,5.0,4.0,,6.0,6.0,6.0,,7.0,7.0,8.0,,7.0,8.0,7.0,,6.0,6.0,7.0,,8.0,8.0,8.0,,9.0,9.0,8.0,,9.0,9.0,9.0,,,,,,,,,,,,,,8.0,,8.0,13.0,4.333333333333333,3,18.0,6.0,3,22.0,7.333333333333333,3,22.0,7.333333333333333,3,19.0,6.333333333333333,3,24.0,8.0,3,26.0,8.666666666666666,3,27.0,9.0,3,,,0,,,0,,,0,21.375,27.0,13.0,4.596194077712559,8.0,7,8.142857142857142,1,36-45,Entertainment
Melanie C,Gleb Savchenko,Singer/Rapper,Unknown,England,47,30,Eliminated Week 5,11,7.0,7.0,6.0,7.0,7.0,7.0,8.0,8.0,7.0,7.0,8.0,,8.0,8.0,8.5,8.5,9.0,9.0,9.0,9.0,,,,,,,,,,,,,,,,,,,,,,,,,5.0,,5.0,27.0,6.75,4,30.0,7.5,4,22.0,7.333333333333333,3,33.0,8.25,4,36.0,9.0,4,,,0,,,0,,,0,,,0,,,0,,,0,29.6,36.0,22.0,5.412947441089743,4.0,8,8.125,0,46-55,Entertainment
Shangela,Gleb Savchenko,TV Personality,Texas,United States,40,31,4th Place,4,7.0,7.0,7.0,7.0,7.0,7.0,7.0,7.0,8.0,7.0,7.0,8.0,8.0,8.0,8.0,8.0,9.75,9.25,9.75,9.75,9.0,9.0,9.0,9.0,9.0,9.5,9.0,9.0,11.25,10.25,10.25,10.25,9.5,9.0,9.0,9.0,9.5,9.5,9.5,9.5,,,,,,4.0,10.0,28.0,7.0,4,28.0,7.0,4,30.0,7.5,4,32.0,8.0,4,38.5,9.625,4,36.0,9.0,4,36.5,9.125,4,42.0,10.5,4,36.5,9.125,4,38.0,9.5,4,,,0,34.55,42.0,28.0,4.781038938696623,10.166666666666668,9,8.444444444444445,1,36-45,Media
Mira Sorvino,Gleb Savchenko,Actor/Actress,New York,United States,55,32,Eliminated Week 5,10,6.0,5.0,6.0,,6.0,6.0,6.0,,6.0,6.0,7.0,7.0,7.0,7.0,7.0,,7.0,8.0,7.0,,,,,,,,,,,,,,,,,,,,,,,,,,5.0,,5.0,17.0,5.666666666666667,3,18.0,6.0,3,26.0,6.5,4,21.0,7.0,3,22.0,7.333333333333333,3,,,0,,,0,,,0,,,0,,,0,,,0,20.8,26.0,17.0,3.5637059362410923,2.666666666666668,10,8.0,1,46-55,Entertainment
Brooks Nader,Gleb Savchenko,Model,New York,United States,27,33,Eliminated Week 4,9,6.0,6.0,6.0,,7.0,6.0,7.0,,7.5,7.5,8.0,7.5,8.0,8.0,8.0,8.0,,,,,,,,,,,,,,,,,,,,,,,,,,,,,4.0,,4.0,18.0,6.0,3,20.0,6.666666666666667,3,30.5,7.625,4,32.0,8.0,4,,,0,,,0,,,0,,,0,,,0,,,0,,,0,25.125,32.0,18.0,7.145802963978226,4.666666666666668,11,8.181818181818182,1,26-35,Model
Hilaria Baldwin,Gleb Savchenko,Entrepreneur,New York,United States,41,34,Eliminated Week 4,11,7.0,7.0,,,7.0,7.0,7.0,,7.0,8.0,7.0,,8.0,7.0,8.0,,,,,,,,,,,,,,,,,,,,,,,,,,,,,,4.0,,4.0,14.0,7.0,2,21.0,7.0,3,22.0,7.333333333333333,3,23.0,7.666666666666667,3,,,0,,,0,,,0,,,0,,,0,,,0,,,0,20.0,23.0,14.0,4.08248290463863,3.0,12,8.25,1,36-45,Other
Diana Nyad,Henry Byalikov,Athlete,New York,United States,64,18,Eliminated Week 2,12,6.0,6.0,6.0,,,,,,,,,,,,,,,,,,,,,,,,,,,,,,,,,,,,,,,,,,2.0,,2.0,18.0,6.0,3,,,0,,,0,,,0,,,0,,,0,,,0,,,0,,,0,,,0,,,0,18.0,18.0,18.0,,,0,6.814726840855107,1,>55,Sports
Ted McGinley,Inna Brayer,Actor/Actress,California,United States,50,7,Eliminated Week 1,12,6.0,6.0,6.5,,,,,,,,,,,,,,,,,,,,,,,,,,,,,,,,,,,,,,,,,,1.0,,1.0,18.5,6.166666666666667,3,,,0,,,0,,,0,,,0,,,0,,,0,,,0,,,0,,,0,,,0,18.5,18.5,18.5,,,0,6.814726840855107,1,46-55,Entertainment
Jen Affleck,Jan Ravnik,TV Personality,Utah,United States,26,34,Eliminated Week 7,9,6.0,6.0,,,8.0,7.0,7.0,,7.0,6.0,6.0,,7.0,8.0,8.0,,8.0,7.0,7.0,7.0,8.0,8.0,8.0,8.0,8.5,8.5,8.5,8.5,,,,,,,,,,,,,,,,,7.0,,7.0,12.0,6.0,2,22.0,7.333333333333333,3,19.0,6.333333333333333,3,23.0,7.666666666666667,3,29.0,7.25,4,32.0,8.0,4,34.0,8.5,4,,,0,,,0,,,0,,,0,24.428571428571427,34.0,12.0,7.764387566686395,14.0,0,6.814726840855107,1,26-35,Media
Jake T. Austin,Jenna Johnson,Actor/Actress,New York,United States,21,23,Eliminated Week 2,13,5.0,6.0,5.0,6.0,6.0,6.0,6.0,6.0,,,,,,,,,,,,,,,,,,,,,,,,,,,,,,,,,,,,,2.0,,2.0,22.0,5.5,4,24.0,6.0,4,,,0,,,0,,,0,,,0,,,0,,,0,,,0,,,0,,,0,23.0,24.0,22.0,1.4142135623730951,,0,6.814726840855107,1,≤25,Entertainment
Adam Rippon,Jenna Johnson,Athlete,Pennsylvania,United States,28,26,1st Place,1,8.0,8.0,8.0,,9.0,9.5,9.0,9.5,10.5,10.5,9.5,10.5,9.5,9.5,10.0,,,,,,,,,,,,,,,,,,,,,,,,,,,,,,,1.0,4.0,24.0,8.0,3,37.0,9.25,4,41.0,10.25,4,29.0,9.666666666666666,3,,,0,,,0,,,0,,,0,,,0,,,0,,,0,32.75,41.0,24.0,7.675719293112969,1.6666666666666643,1,13.0,1,26-35,Sports
Joe Amabile,Jenna Johnson,TV Personality,Illinois,United States,32,27,Eliminated Week 8,6,5.0,4.0,5.0,,5.5,6.0,6.0,,6.0,6.0,6.0,,5.0,5.0,5.0,,6.0,5.0,6.0,,8.0,7.0,7.0,,8.0,7.5,8.0,,8.0,7.5,7.5,,,,,,,,,,,,,,8.0,,8.0,14.0,4.666666666666667,3,17.5,5.833333333333333,3,18.0,6.0,3,15.0,5.0,3,17.0,5.666666666666667,3,22.0,7.333333333333333,3,23.5,7.833333333333333,3,23.0,7.666666666666667,3,,,0,,,0,,,0,18.75,23.5,14.0,3.6449573777637356,6.333333333333332,2,7.0,1,26-35,Media
Karamo Brown,Jenna Johnson,TV Personality,Texas,United States,38,28,Eliminated Week 7,8,6.0,5.0,6.0,,7.0,5.0,7.0,,5.0,5.0,6.0,,7.0,7.0,7.0,7.0,7.0,7.0,7.0,,9.0,8.0,8.0,,8.5,8.0,8.0,,,,,,,,,,,,,,,,,,7.0,,7.0,17.0,5.666666666666667,3,19.0,6.333333333333333,3,16.0,5.333333333333333,3,28.0,7.0,4,21.0,7.0,3,25.0,8.333333333333334,3,24.5,8.166666666666666,3,,,0,,,0,,,0,,,0,21.5,28.0,16.0,4.481443219916251,6.166666666666668,3,6.666666666666667,1,36-45,Media
Nev Schulman,Jenna Johnson,Producer,New York,United States,35,29,2nd Place,2,7.0,7.0,6.0,,7.0,7.0,7.0,,8.0,8.0,8.0,,8.0,8.0,8.0,,8.0,9.0,9.0,,9.0,9.0,8.0,,10.0,10.0,10.0,,10.0,10.0,10.0,,9.6666,9.6666,9.6666,,10.0,10.0,10.0,,10.0,10.0,10.0,,,2.0,11.0,20.0,6.666666666666667,3,21.0,7.0,3,24.0,8.0,3,24.0,8.0,3,26.0,8.666666666666666,3,26.0,8.666666666666666,3,30.0,10.0,3,30.0,10.0,3,28.9998,9.6666,3,30.0,10.0,3,30.0,10.0,3,26.363618181818183,30.0,20.0,3.748925179786383,7.999933333333331,4,7.0,1,26-35,Other
JoJo Siwa,Jenna Johnson,Social Media Personality,Nebraska,United States,18,30,2nd Place,2,8.0,7.0,7.0,7.0,8.0,8.0,7.0,8.0,8.0,8.0,8.0,,8.5,8.5,9.0,9.0,10.0,10.0,10.0,10.0,10.0,10.0,10.0,10.0,10.0,9.0,10.0,10.0,10.5,9.5,10.5,10.5,10.0,10.0,10.0,10.0,10.0,10.0,10.0,10.0,,,,,,2.0,10.0,29.0,7.25,4,31.0,7.75,4,24.0,8.0,3,35.0,8.75,4,40.0,10.0,4,40.0,10.0,4,39.0,9.75,4,41.0,10.25,4,40.0,10.0,4,40.0,10.0,4,,,0,35.9,41.0,24.0,5.933895104491746,12.333333333333336,5,6.0,1,≤25,Media
Tyson Beckford,Jenna Johnson,Model,New York,United States,52,32,Eliminated Week 3,12,4.0,4.0,4.0,,6.0,6.0,6.0,,5.0,5.0,5.0,5.0,,,,,,,,,,,,,,,,,,,,,,,,,,,,,,,,,3.0,,3.0,12.0,4.0,3,18.0,6.0,3,20.0,5.0,4,,,0,,,0,,,0,,,0,,,0,,,0,,,0,,,0,16.666666666666668,20.0,12.0,4.163331998932266,,6,5.333333333333333,1,46-55,Model
Joey Graziadei,Jenna Johnson,TV Personality,Louisiana,United States,29,33,1st Place,1,7.0,7.0,7.0,,8.0,7.0,7.0,,9.0,9.0,8.5,8.5,9.0,9.0,9.0,9.0,8.5,8.5,9.0,,11.0,10.0,11.0,,9.0,9.5,9.0,,9.5,10.0,9.5,,9.5,10.0,10.0,,,,,,,,,,,1.0,9.0,21.0,7.0,3,22.0,7.333333333333333,3,35.0,8.75,4,36.0,9.0,4,26.0,8.666666666666666,3,32.0,10.666666666666666,3,27.5,9.166666666666666,3,29.0,9.666666666666666,3,29.5,9.833333333333334,3,,,0,,,0,28.666666666666668,36.0,21.0,5.2141634036535525,2.666666666666668,7,6.285714285714286,1,26-35,Media
Corey Feldman,Jenna Johnson,Actor/Actress,California,United States,54,34,Eliminated Week 2,13,4.0,5.0,,,5.0,5.0,5.0,,,,,,,,,,,,,,,,,,,,,,,,,,,,,,,,,,,,,,2.0,,2.0,9.0,4.5,2,15.0,5.0,3,,,0,,,0,,,0,,,0,,,0,,,0,,,0,,,0,,,0,12.0,15.0,9.0,4.242640687119285,,8,5.625,1,46-55,Entertainment
Shanna Moakler,Jesse DeSoto,Model,Rhode Island,United States,31,3,Eliminated Week 2,10,7.0,5.0,6.0,,8.0,7.0,7.0,,,,,,,,,,,,,,,,,,,,,,,,,,,,,,,,,,,,,,2.0,,2.0,18.0,6.0,3,22.0,7.333333333333333,3,,,0,,,0,,,0,,,0,,,0,,,0,,,0,,,0,,,0,20.0,22.0,18.0,2.8284271247461903,,0,6.814726840855107,1,26-35,Model
Rachel Hunter,Jonathan Roberts,Model,Unknown,New Zealand,35,1,Eliminated Week 4,4,7.0,6.0,7.0,,8.0,8.0,8.0,,8.0,9.0,9.0,,7.0,9.0,9.0,,,,,,,,,,,,,,,,,,,,,,,,,,,,,,4.0,,4.0,20.0,6.666666666666667,3,24.0,8.0,3,26.0,8.666666666666666,3,25.0,8.333333333333334,3,,,0,,,0,,,0,,,0,,,0,,,0,,,0,23.75,26.0,20.0,2.6299556396765835,1.6666666666666679,0,6.814726840855107,0,26-35,Model
Giselle Fernandez,Jonathan Roberts,News Anchor,Unknown,Mexico,44,2,Eliminated Week 3,8,7.0,8.0,8.0,,8.0,8.0,8.0,,7.0,8.0,7.0,,,,,,,,,,,,,,,,,,,,,,,,,,,,,,,,,,3.0,,3.0,23.0,7.666666666666667,3,24.0,8.0,3,22.0,7.333333333333333,3,,,0,,,0,,,0,,,0,,,0,,,0,,,0,,,0,23.0,24.0,22.0,1.0,,1,4.0,0,36-45,Media
Heather Mills,Jonathan Roberts,Model,Unknown,England,39,4,Eliminated Week 6,7,6.0,6.0,6.0,,8.0,8.0,8.0,,8.0,8.0,8.0,,7.0,8.0,8.0,,7.0,7.0,7.0,,7.0,8.0,8.0,,,,,,,,,,,,,,,,,,,,,,6.0,,6.0,18.0,6.0,3,24.0,8.0,3,24.0,8.0,3,23.0,7.666666666666667,3,21.0,7.0,3,23.0,7.666666666666667,3,,,0,,,0,,,0,,,0,,,0,22.166666666666668,24.0,18.0,2.316606713852541,0.33333333333333215,2,6.0,0,36-45,Model
Marie Osmond,Jonathan Roberts,Singer/Rapper,Utah,United States,47,5,3rd Place,3,7.0,7.0,7.0,,8.0,8.0,8.0,,9.0,8.0,9.0,,9.0,9.0,8.0,,7.0,7.0,7.0,,8.0,8.0,7.0,,9.0,8.5,8.5,,8.0,8.5,8.0,,9.5,9.5,9.0,,8.0,7.5,7.5,,,,,,,3.0,10.0,21.0,7.0,3,24.0,8.0,3,26.0,8.666666666666666,3,26.0,8.666666666666666,3,21.0,7.0,3,23.0,7.666666666666667,3,26.0,8.666666666666666,3,24.5,8.166666666666666,3,28.0,9.333333333333334,3,23.0,7.666666666666667,3,,,0,24.25,28.0,21.0,2.3003622903070435,1.5,3,6.333333333333333,1,46-55,Entertainment
Monica Seles,Jonathan Roberts,Athlete,Unknown,Yugoslavia,34,6,Eliminated Week 2,11,5.0,5.0,5.0,,5.0,5.0,5.0,,,,,,,,,,,,,,,,,,,,,,,,,,,,,,,,,,,,,,2.0,,2.0,15.0,5.0,3,15.0,5.0,3,,,0,,,0,,,0,,,0,,,0,,,0,,,0,,,0,,,0,15.0,15.0,15.0,0.0,,4,5.5,0,26-35,Sports
Belinda Carlisle,Jonathan Roberts,Singer/Rapper,California,United States,50,8,Eliminated Week 2,13,6.0,6.0,5.0,,6.0,6.0,6.0,,,,,,,,,,,,,,,,,,,,,,,,,,,,,,,,,,,,,,2.0,,2.0,17.0,5.666666666666667,3,18.0,6.0,3,,,0,,,0,,,0,,,0,,,0,,,0,,,0,,,0,,,0,17.5,18.0,17.0,0.7071067811865476,,5,6.6,1,46-55,Entertainment
Macy Gray,Jonathan Roberts,Singer/Rapper,Ohio,United States,42,9,Eliminated Week 1,15,7.3333,5.3333,6.3333,,,,,,,,,,,,,,,,,,,,,,,,,,,,,,,,,,,,,,,,,,1.0,,1.0,18.9999,6.3333,3,,,0,,,0,,,0,,,0,,,0,,,0,,,0,,,0,,,0,,,0,18.9999,18.9999,18.9999,,,6,7.666666666666667,1,36-45,Entertainment
Apolo Anton Ohno,Julianne Hough,Athlete,Washington,United States,24,4,1st Place,1,7.0,7.0,7.0,,8.0,9.0,9.0,,7.0,8.0,8.0,,9.0,8.0,9.0,,10.0,10.0,10.0,,9.0,9.0,10.0,,9.0,8.5,9.5,,10.0,9.0,10.0,,10.0,9.5,10.0,,9.6666,9.6666,10.0,,,,,,,1.0,10.0,21.0,7.0,3,26.0,8.666666666666666,3,23.0,7.666666666666667,3,26.0,8.666666666666666,3,30.0,10.0,3,28.0,9.333333333333334,3,27.0,9.0,3,29.0,9.666666666666666,3,29.5,9.833333333333334,3,29.3332,9.777733333333334,3,,,0,26.883319999999998,30.0,21.0,2.9731703994221386,5.944400000000002,0,6.814726840855107,1,≤25,Sports
Helio Castroneves,Julianne Hough,Racing Driver,Unknown,Brazil,32,5,1st Place,1,8.0,9.0,8.0,,9.0,9.0,9.0,,8.0,8.0,8.0,,9.0,9.0,9.0,,8.0,7.0,8.0,,9.0,10.0,9.0,,9.0,8.5,8.5,,9.5,9.5,9.5,,10.0,10.0,10.0,,9.0,9.3333,9.6666,,,,,,,1.0,10.0,25.0,8.333333333333334,3,27.0,9.0,3,24.0,8.0,3,27.0,9.0,3,23.0,7.666666666666667,3,28.0,9.333333333333334,3,26.0,8.666666666666666,3,28.5,9.5,3,30.0,10.0,3,27.999900000000004,9.333300000000001,3,,,0,26.649990000000003,30.0,23.0,2.1608827930835224,3.4999666666666656,1,1.0,0,26-35,Sports
Adam Carolla,Julianne Hough,Radio Personality,California,United States,43,6,Eliminated Week 4,9,5.0,5.0,5.0,,6.0,7.0,6.0,,7.0,7.0,7.0,,6.0,7.0,6.0,,,,,,,,,,,,,,,,,,,,,,,,,,,,,,4.0,,4.0,15.0,5.0,3,19.0,6.333333333333333,3,21.0,7.0,3,19.0,6.333333333333333,3,,,0,,,0,,,0,,,0,,,0,,,0,,,0,18.5,21.0,15.0,2.516611478423583,1.3333333333333357,2,1.0,1,36-45,Media
Cody Linley,Julianne Hough,Actor/Actress,Texas,United States,18,7,Eliminated Week 9,4,7.0,6.5,7.0,,7.0,7.0,7.0,,7.0,7.0,7.0,,7.0,8.0,8.0,,10.0,9.0,9.0,,8.0,8.0,7.0,,8.0,7.0,7.0,,8.0,8.0,8.0,,8.0,7.5,7.5,,,,,,,,,,9.0,,9.0,20.5,6.833333333333333,3,21.0,7.0,3,21.0,7.0,3,23.0,7.666666666666667,3,28.0,9.333333333333334,3,23.0,7.666666666666667,3,22.0,7.333333333333333,3,24.0,8.0,3,23.0,7.666666666666667,3,,,0,,,0,22.833333333333332,28.0,20.5,2.2638462845343543,2.166666666666668,3,3.6666666666666665,1,≤25,Entertainment
Chuck Wicks,Julianne Hough,Singer/Rapper,Delaware,United States,29,8,Eliminated Week 8,6,6.0,7.0,7.0,,6.0,7.0,7.0,,8.0,7.0,8.0,,8.0,7.0,7.0,,7.0,8.0,8.0,,8.0,7.0,8.0,,9.0,9.0,9.0,,8.5,8.5,8.5,,,,,,,,,,,,,,8.0,,8.0,20.0,6.666666666666667,3,20.0,6.666666666666667,3,23.0,7.666666666666667,3,22.0,7.333333333333333,3,23.0,7.666666666666667,3,23.0,7.666666666666667,3,27.0,9.0,3,25.5,8.5,3,,,0,,,0,,,0,22.9375,27.0,20.0,2.42660109147401,4.166666666666668,4,3.75,1,26-35,Entertainment
Mario Lopez,Karina Smirnoff,Actor/Actress,California,United States,32,3,2nd Place,2,9.0,8.0,9.0,,7.0,6.0,8.0,,8.0,6.0,8.0,,10.0,9.0,10.0,,9.0,9.0,9.0,,9.0,9.0,10.0,,9.5,9.0,9.5,,9.5,9.0,10.0,,10.0,9.5,10.0,,10.0,10.0,9.6666,,,,,,,2.0,10.0,26.0,8.666666666666666,3,21.0,7.0,3,22.0,7.333333333333333,3,29.0,9.666666666666666,3,27.0,9.0,3,28.0,9.333333333333334,3,28.0,9.333333333333334,3,28.5,9.5,3,29.5,9.833333333333334,3,29.666600000000003,9.888866666666667,3,,,0,26.866660000000003,29.666600000000003,21.0,3.044721479763516,6.222200000000001,0,6.814726840855107,1,26-35,Entertainment
Billy Ray Cyrus,Karina Smirnoff,Singer/Rapper,Kentucky,United States,45,4,Eliminated Week 8,5,5.0,4.0,4.0,,7.0,7.0,7.0,,7.0,7.0,7.0,,7.0,7.0,7.0,,6.0,6.0,5.0,,7.0,7.0,7.0,,6.0,6.5,6.5,,6.5,6.5,6.0,,,,,,,,,,,,,,8.0,,8.0,13.0,4.333333333333333,3,21.0,7.0,3,21.0,7.0,3,21.0,7.0,3,17.0,5.666666666666667,3,21.0,7.0,3,19.0,6.333333333333333,3,19.0,6.333333333333333,3,,,0,,,0,,,0,19.0,21.0,13.0,2.8284271247461903,1.3333333333333357,1,2.0,1,36-45,Entertainment
Floyd Mayweather Jr.,Karina Smirnoff,Athlete,Michigan,United States,30,5,Eliminated Week 4,9,6.0,6.0,6.0,,7.0,7.0,7.0,,7.0,7.0,7.0,,7.0,8.0,8.0,,,,,,,,,,,,,,,,,,,,,,,,,,,,,,4.0,,4.0,18.0,6.0,3,21.0,7.0,3,21.0,7.0,3,23.0,7.666666666666667,3,,,0,,,0,,,0,,,0,,,0,,,0,,,0,20.75,23.0,18.0,2.0615528128088303,1.6666666666666679,2,3.5,1,26-35,Sports
Mario,Karina Smirnoff,Singer/Rapper,Maryland,United States,21,6,Eliminated Week 8,5,8.0,8.0,8.0,,9.0,8.0,9.0,,7.0,6.0,8.0,,8.0,7.0,9.0,,9.0,9.0,9.0,,9.0,9.0,10.0,,8.5,8.5,8.5,,9.0,8.5,9.0,,,,,,,,,,,,,,8.0,,8.0,24.0,8.0,3,26.0,8.666666666666666,3,21.0,7.0,3,24.0,8.0,3,27.0,9.0,3,28.0,9.333333333333334,3,25.5,8.5,3,26.5,8.833333333333334,3,,,0,,,0,,,0,25.25,28.0,21.0,2.2038926600773587,3.0,3,5.333333333333333,1,≤25,Entertainment
Rocco DiSpirito,Karina Smirnoff,TV Personality,New York,United States,41,7,Eliminated Week 4,9,6.0,5.5,6.0,,5.0,6.0,5.0,,7.0,7.0,6.0,,6.0,6.0,6.0,,,,,,,,,,,,,,,,,,,,,,,,,,,,,,4.0,,4.0,17.5,5.833333333333333,3,16.0,5.333333333333333,3,20.0,6.666666666666667,3,18.0,6.0,3,,,0,,,0,,,0,,,0,,,0,,,0,,,0,17.875,20.0,16.0,1.6520189667999174,0.16666666666666785,4,5.25,1,36-45,Media
Steve Wozniak,Karina Smirnoff,Entrepreneur,California,United States,58,8,Eliminated Week 4,10,5.0,4.0,4.0,,6.0,5.0,6.0,,4.0,3.0,3.0,,4.0,4.0,4.0,,,,,,,,,,,,,,,,,,,,,,,,,,,,,,4.0,,4.0,13.0,4.333333333333333,3,17.0,5.666666666666667,3,10.0,3.3333333333333335,3,12.0,4.0,3,,,0,,,0,,,0,,,0,,,0,,,0,,,0,13.0,17.0,10.0,2.943920288775949,-0.3333333333333339,5,6.0,1,>55,Other
Aaron Carter,Karina Smirnoff,Singer/Rapper,Florida,United States,21,9,Eliminated Week 8,5,10.3333,11.3333,10.3333,,9.0,9.0,9.0,,8.0,6.0,7.0,,6.0,6.0,6.0,,8.0,8.0,8.0,,10.6666,11.6666,10.6666,,8.5,9.0,9.0,,8.0,8.5,8.5,,,,,,,,,,,,,,8.0,,8.0,31.999899999999997,10.666633333333332,3,27.0,9.0,3,21.0,7.0,3,18.0,6.0,3,24.0,8.0,3,32.9998,10.999933333333333,3,26.5,8.833333333333334,3,25.0,8.333333333333334,3,,,0,,,0,,,0,25.8124625,32.9998,18.0,5.070427391661095,1.4999666666666656,6,6.666666666666667,1,≤25,Entertainment
The Situation,Karina Smirnoff,TV Personality,New York,United States,28,11,Eliminated Week 4,9,5.0,5.0,5.0,,6.0,6.0,6.0,,7.0,6.0,7.0,,5.0,4.5,4.5,,,,,,,,,,,,,,,,,,,,,,,,,,,,,,4.0,,4.0,15.0,5.0,3,18.0,6.0,3,20.0,6.666666666666667,3,14.0,4.666666666666667,3,,,0,,,0,,,0,,,0,,,0,,,0,,,0,16.75,20.0,14.0,2.753785273643051,-0.3333333333333357,7,6.428571428571429,1,26-35,Media
Ralph Macchio,Karina Smirnoff,Actor/Actress,New York,United States,49,12,Eliminated Week 9,4,8.0,8.0,8.0,,7.0,7.0,7.0,,7.0,7.0,7.0,,8.0,8.0,9.0,,8.0,7.0,7.0,,8.0,8.0,8.0,,9.0,8.5,7.5,8.0,7.5,7.5,8.0,,8.0,8.0,8.0,,,,,,,,,,9.0,,9.0,24.0,8.0,3,21.0,7.0,3,21.0,7.0,3,25.0,8.333333333333334,3,22.0,7.333333333333333,3,24.0,8.0,3,33.0,8.25,4,23.0,7.666666666666667,3,24.0,8.0,3,,,0,,,0,24.11111111111111,33.0,21.0,3.620926830400072,4.666666666666668,8,6.75,1,46-55,Entertainment
J.R. Martinez,Karina Smirnoff,Actor/Actress,Louisiana,United States,28,13,1st Place,1,8.0,7.0,7.0,,7.0,7.0,8.0,,9.0,8.0,9.0,,8.0,9.0,9.0,,9.0,9.0,10.0,,10.0,9.0,10.0,,8.5,7.5,8.0,,10.0,10.0,10.0,,9.5,9.0,9.5,,9.3333,9.1666,9.6666,,,,,,,1.0,10.0,22.0,7.333333333333333,3,22.0,7.333333333333333,3,26.0,8.666666666666666,3,26.0,8.666666666666666,3,28.0,9.333333333333334,3,29.0,9.666666666666666,3,24.0,8.0,3,30.0,10.0,3,28.0,9.333333333333334,3,28.1665,9.388833333333332,3,,,0,26.31665,30.0,22.0,2.8419682151831167,5.388833333333334,9,6.444444444444445,1,26-35,Entertainment
Gavin DeGraw,Karina Smirnoff,Singer/Rapper,New York,United States,35,14,Eliminated Week 5,9,7.0,6.0,7.0,,7.0,7.0,7.0,,8.0,8.0,8.0,,8.0,8.0,7.0,,6.0,6.0,7.0,,,,,,,,,,,,,,,,,,,,,,,,,,5.0,,5.0,20.0,6.666666666666667,3,21.0,7.0,3,24.0,8.0,3,23.0,7.666666666666667,3,19.0,6.333333333333333,3,,,0,,,0,,,0,,,0,,,0,,,0,21.4,24.0,19.0,2.0736441353327724,0.33333333333333215,10,5.9,1,26-35,Entertainment
Apolo Anton Ohno,Karina Smirnoff,Athlete,Washington,United States,30,15,Eliminated Week 9,5,7.5,7.0,7.5,,8.5,8.0,8.0,,9.0,8.0,8.5,,8.5,9.0,8.5,8.5,9.0,9.75,9.5,,10.0,10.0,10.0,,11.0,11.0,11.0,,9.7777,9.5,10.0,,9.3333,9.5,9.7777,,,,,,,,,,9.0,,9.0,22.0,7.333333333333333,3,24.5,8.166666666666666,3,25.5,8.5,3,34.5,8.625,4,28.25,9.416666666666666,3,30.0,10.0,3,33.0,11.0,3,29.2777,9.759233333333333,3,28.611,9.537,3,,,0,,,0,28.404299999999996,34.5,22.0,3.974091277889827,6.296233333333333,11,6.181818181818182,1,26-35,Sports
Jacoby Jones,Karina Smirnoff,Athlete,Louisiana,United States,28,16,3rd Place,3,7.0,6.0,7.0,,8.0,7.0,8.0,,8.6666,8.6666,8.6666,,8.0,8.0,8.0,,9.0,8.0,9.0,,7.5,7.5,7.5,,9.0,9.0,9.0,,8.5,9.0,8.5,,10.0,9.5,10.0,,9.3333,9.3333,9.3333,,,,,,,3.0,10.0,20.0,6.666666666666667,3,23.0,7.666666666666667,3,25.9998,8.6666,3,24.0,8.0,3,26.0,8.666666666666666,3,22.5,7.5,3,27.0,9.0,3,26.0,8.666666666666666,3,29.5,9.833333333333334,3,27.999899999999997,9.3333,3,,,0,25.19997,29.5,20.0,2.830373356624332,4.833366666666667,12,6.083333333333333,1,26-35,Sports
Corbin Bleu,Karina Smirnoff,Actor/Actress,New York,United States,24,17,2nd Place,2,8.0,8.0,8.0,,9.0,8.0,9.0,,9.0,8.0,9.0,,9.0,9.0,9.0,,9.0,9.0,10.0,,9.3333,8.3333,9.3333,,10.0,9.5,10.0,,10.0,10.0,10.0,,9.5,9.5,10.0,,9.5,9.0,9.5,9.5,9.8888,9.8888,9.8888,,,2.0,11.0,24.0,8.0,3,26.0,8.666666666666666,3,26.0,8.666666666666666,3,27.0,9.0,3,28.0,9.333333333333334,3,26.999899999999997,8.999966666666666,3,29.5,9.833333333333334,3,30.0,10.0,3,29.0,9.666666666666666,3,37.5,9.375,4,29.6664,9.8888,3,28.515118181818185,37.5,24.0,3.512239667453855,6.7221333333333355,13,5.846153846153846,1,≤25,Entertainment
Sean Avery,Karina Smirnoff,Athlete,Unknown,Canada,33,18,Eliminated Week 2,11,7.0,6.0,7.0,,7.0,7.0,7.0,,,,,,,,,,,,,,,,,,,,,,,,,,,,,,,,,,,,,,2.0,,2.0,20.0,6.666666666666667,3,21.0,7.0,3,,,0,,,0,,,0,,,0,,,0,,,0,,,0,,,0,,,0,20.5,21.0,20.0,0.7071067811865476,,14,5.571428571428571,0,26-35,Sports
Randy Couture,Karina Smirnoff,Athlete,Washington,United States,51,19,Eliminated Week 3,11,8.0,7.0,8.0,8.0,7.0,7.0,7.0,7.0,7.0,7.0,6.0,6.0,,,,,,,,,,,,,,,,,,,,,,,,,,,,,,,,,3.0,,3.0,31.0,7.75,4,28.0,7.0,4,26.0,6.5,4,,,0,,,0,,,0,,,0,,,0,,,0,,,0,,,0,28.333333333333332,31.0,26.0,2.5166114784235836,,15,5.933333333333334,1,46-55,Sports
Victor Espinoza,Karina Smirnoff,Athlete,Unknown,Mexico,43,21,Eliminated Week 2,12,5.0,5.0,5.0,,6.5,5.5,6.5,,,,,,,,,,,,,,,,,,,,,,,,,,,,,,,,,,,,,,2.0,,2.0,15.0,5.0,3,18.5,6.166666666666667,3,,,0,,,0,,,0,,,0,,,0,,,0,,,0,,,0,,,0,16.75,18.5,15.0,2.4748737341529163,,16,6.25,0,36-45,Sports
Doug Flutie,Karina Smirnoff,Athlete,Maryland,United States,53,22,Eliminated Week 6,9,5.0,5.0,5.0,,7.0,6.0,7.0,,7.0,6.0,7.0,,6.0,6.0,6.0,6.0,7.0,7.0,7.0,7.0,7.0,7.0,7.0,,,,,,,,,,,,,,,,,,,,,,6.0,,6.0,15.0,5.0,3,20.0,6.666666666666667,3,20.0,6.666666666666667,3,24.0,6.0,4,28.0,7.0,4,21.0,7.0,3,,,0,,,0,,,0,,,0,,,0,21.333333333333332,28.0,15.0,4.366539438350084,6.0,17,6.588235294117647,1,46-55,Sports
Lolo Jones,Keo Motsepe,Athlete,Iowa,United States,32,19,Eliminated Week 1,13,6.0,6.0,5.0,5.0,,,,,,,,,,,,,,,,,,,,,,,,,,,,,,,,,,,,,,,,,1.0,,1.0,22.0,5.5,4,,,0,,,0,,,0,,,0,,,0,,,0,,,0,,,0,,,0,,,0,22.0,22.0,22.0,,,0,6.814726840855107,1,26-35,Sports
Charlotte McKinney,Keo Motsepe,Model,Florida,United States,21,20,Eliminated Week 3,11,6.0,5.0,5.0,6.0,7.0,6.0,7.0,6.0,6.0,5.0,5.0,6.0,,,,,,,,,,,,,,,,,,,,,,,,,,,,,,,,,3.0,,3.0,22.0,5.5,4,26.0,6.5,4,22.0,5.5,4,,,0,,,0,,,0,,,0,,,0,,,0,,,0,,,0,23.333333333333332,26.0,22.0,2.3094010767585034,,1,13.0,1,≤25,Model
Chaka Khan,Keo Motsepe,Singer/Rapper,Illinois,United States,62,21,Eliminated Week 2,13,5.0,4.0,4.0,,5.0,5.0,5.0,,,,,,,,,,,,,,,,,,,,,,,,,,,,,,,,,,,,,,2.0,,2.0,13.0,4.333333333333333,3,15.0,5.0,3,,,0,,,0,,,0,,,0,,,0,,,0,,,0,,,0,,,0,14.0,15.0,13.0,1.4142135623730951,,2,12.0,1,>55,Entertainment
Jodie Sweetin,Keo Motsepe,Actor/Actress,California,United States,34,22,Eliminated Week 8,6,7.0,6.0,7.0,,7.0,7.0,7.0,,8.0,7.0,8.0,,7.0,6.0,7.0,7.0,9.0,8.0,9.0,9.0,9.0,8.0,8.0,,8.0,8.5,9.0,,10.0,10.0,10.0,,,,,,,,,,,,,,8.0,,8.0,20.0,6.666666666666667,3,21.0,7.0,3,23.0,7.666666666666667,3,27.0,6.75,4,35.0,8.75,4,25.0,8.333333333333334,3,25.5,8.5,3,30.0,10.0,3,,,0,,,0,,,0,25.8125,35.0,20.0,4.91308384389508,5.5,3,12.333333333333334,1,26-35,Entertainment
Charo,Keo Motsepe,Actor/Actress,Unknown,Spain,66,24,Eliminated Week 3,11,6.0,5.0,5.0,5.0,6.0,6.0,7.0,6.0,6.0,6.0,6.0,6.0,,,,,,,,,,,,,,,,,,,,,,,,,,,,,,,,,3.0,,3.0,21.0,5.25,4,25.0,6.25,4,24.0,6.0,4,,,0,,,0,,,0,,,0,,,0,,,0,,,0,,,0,23.333333333333332,25.0,21.0,2.081665999466133,,4,10.75,0,>55,Entertainment
Barbara Corcoran,Keo Motsepe,Entrepreneur,New Jersey,United States,68,25,Eliminated Week 2,13,5.0,4.0,5.0,,6.0,5.0,6.0,,,,,,,,,,,,,,,,,,,,,,,,,,,,,,,,,,,,,,2.0,,2.0,14.0,4.666666666666667,3,17.0,5.666666666666667,3,,,0,,,0,,,0,,,0,,,0,,,0,,,0,,,0,,,0,15.5,17.0,14.0,2.1213203435596424,,5,10.8,1,>55,Other
Jennie Finch Daigle,Keo Motsepe,Athlete,California,United States,37,26,Eliminated Week 3,6,7.0,7.0,7.0,,7.5,8.5,8.0,7.5,7.0,8.0,7.0,7.0,,,,,,,,,,,,,,,,,,,,,,,,,,,,,,,,,3.0,,3.0,21.0,7.0,3,31.5,7.875,4,29.0,7.25,4,,,0,,,0,,,0,,,0,,,0,,,0,,,0,,,0,27.166666666666668,31.5,21.0,5.484827557301444,,6,11.166666666666666,1,36-45,Sports
Evanna Lynch,Keo Motsepe,Actor/Actress,Unknown,Ireland,27,27,3rd Place,3,7.0,5.0,6.0,,8.0,8.0,8.0,,9.0,9.0,9.0,,8.0,8.0,8.0,,8.0,8.0,8.0,,10.0,9.0,10.0,,10.0,9.5,10.0,,10.0,9.5,9.5,,10.0,10.0,10.0,,,,,,,,,,,3.0,9.0,18.0,6.0,3,24.0,8.0,3,27.0,9.0,3,24.0,8.0,3,24.0,8.0,3,29.0,9.666666666666666,3,29.5,9.833333333333334,3,29.0,9.666666666666666,3,30.0,10.0,3,,,0,,,0,26.055555555555557,30.0,18.0,3.9246372797722056,6.5,7,10.428571428571429,0,26-35,Entertainment
Anne Heche,Keo Motsepe,Actor/Actress,Ohio,United States,51,29,Eliminated Week 4,13,6.0,6.0,6.0,,6.0,6.0,6.0,,5.0,5.0,5.0,,7.0,7.0,7.0,,,,,,,,,,,,,,,,,,,,,,,,,,,,,,4.0,,4.0,18.0,6.0,3,18.0,6.0,3,15.0,5.0,3,21.0,7.0,3,,,0,,,0,,,0,,,0,,,0,,,0,,,0,18.0,21.0,15.0,2.449489742783178,1.0,8,9.5,1,46-55,Entertainment
Vinny Guadagnino,Koko Iwasaki,TV Personality,New York,United States,34,31,Eliminated Week 8,7,4.0,4.0,5.0,4.0,7.0,6.0,7.0,7.0,6.0,5.0,6.0,6.0,8.0,7.0,7.0,7.0,7.75,7.75,7.75,7.75,7.0,7.0,7.0,7.0,7.5,8.0,8.0,8.0,8.0,7.0,7.0,7.0,,,,,,,,,,,,,8.0,,8.0,17.0,4.25,4,27.0,6.75,4,23.0,5.75,4,29.0,7.25,4,31.0,7.75,4,28.0,7.0,4,31.5,7.875,4,29.0,7.25,4,,,0,,,0,,,0,26.9375,31.5,17.0,4.799088455113116,7.166666666666668,0,6.814726840855107,1,26-35,Media
Matt Walsh,Koko Iwasaki,Comedian,Illinois,United States,58,32,Eliminated Week 1,14,4.0,4.0,4.0,,,,,,,,,,,,,,,,,,,,,,,,,,,,,,,,,,,,,,,,,,1.0,,1.0,12.0,4.0,3,,,0,,,0,,,0,,,0,,,0,,,0,,,0,,,0,,,0,,,0,12.0,12.0,12.0,,,1,7.0,1,>55,Entertainment
Mr. T,Kym Herjavec,Actor/Actress,Illinois,United States,64,24,Eliminated Week 4,10,5.0,5.0,5.0,5.0,6.0,5.0,6.0,5.0,6.0,6.0,6.0,6.0,7.0,7.0,7.0,7.0,,,,,,,,,,,,,,,,,,,,,,,,,,,,,4.0,,4.0,20.0,5.0,4,22.0,5.5,4,24.0,6.0,4,28.0,7.0,4,,,0,,,0,,,0,,,0,,,0,,,0,,,0,23.5,28.0,20.0,3.415650255319866,2.666666666666668,0,6.814726840855107,1,>55,Entertainment
Jerry Springer,Kym Johnson,TV Personality,Unknown,England,62,3,Eliminated Week 7,5,5.0,5.0,6.0,,7.0,6.0,6.0,,7.0,7.0,7.0,,7.0,7.0,8.0,,8.0,8.0,8.0,,7.0,6.0,5.0,,7.5,8.0,7.5,,,,,,,,,,,,,,,,,,7.0,,7.0,16.0,5.333333333333333,3,19.0,6.333333333333333,3,21.0,7.0,3,22.0,7.333333333333333,3,24.0,8.0,3,18.0,6.0,3,23.0,7.666666666666667,3,,,0,,,0,,,0,,,0,20.428571428571427,24.0,16.0,2.8784916685156974,3.0,0,6.814726840855107,0,>55,Media
Joey Fatone,Kym Johnson,Singer/Rapper,New York,United States,30,4,2nd Place,2,8.0,8.0,8.0,,8.0,8.0,8.0,,8.0,8.0,8.0,,10.0,9.0,9.0,,8.0,8.0,9.0,,9.0,9.0,9.0,,10.0,9.5,10.0,,9.5,9.0,9.0,,10.0,10.0,10.0,,9.6666,9.3333,9.6666,,,,,,,2.0,10.0,24.0,8.0,3,24.0,8.0,3,24.0,8.0,3,28.0,9.333333333333334,3,25.0,8.333333333333334,3,27.0,9.0,3,29.5,9.833333333333334,3,27.5,9.166666666666666,3,30.0,10.0,3,28.6665,9.5555,3,,,0,26.76665,30.0,24.0,2.350713840162884,4.722166666666666,1,5.0,1,26-35,Entertainment
Mark Cuban,Kym Johnson,TV Personality,Pennsylvania,United States,49,5,Eliminated Week 5,8,7.0,7.0,7.0,,6.0,6.0,6.0,,6.0,7.0,7.0,,7.0,8.0,7.0,,7.0,7.0,7.0,,,,,,,,,,,,,,,,,,,,,,,,,,5.0,,5.0,21.0,7.0,3,18.0,6.0,3,20.0,6.666666666666667,3,22.0,7.333333333333333,3,21.0,7.0,3,,,0,,,0,,,0,,,0,,,0,,,0,20.4,22.0,18.0,1.5165750888103102,1.3333333333333321,2,3.5,1,46-55,Media
Penn Jillette,Kym Johnson,Magician,Massachusetts,United States,53,6,Eliminated Week 2,12,5.0,6.0,5.0,,6.0,6.0,5.0,,,,,,,,,,,,,,,,,,,,,,,,,,,,,,,,,,,,,,2.0,,2.0,16.0,5.333333333333333,3,17.0,5.666666666666667,3,,,0,,,0,,,0,,,0,,,0,,,0,,,0,,,0,,,0,16.5,17.0,16.0,0.7071067811865476,,3,5.0,1,46-55,Entertainment
Warren Sapp,Kym Johnson,Athlete,Florida,United States,35,7,2nd Place,2,7.0,7.0,7.5,,8.0,8.0,8.0,,9.0,8.0,8.0,,8.0,7.0,7.0,,8.0,8.0,9.0,,8.0,9.0,8.0,,7.0,7.0,7.0,,9.5,8.5,9.0,,8.5,8.0,8.0,,9.0,9.5,9.0,,,,,,,2.0,10.0,21.5,7.166666666666667,3,24.0,8.0,3,25.0,8.333333333333334,3,22.0,7.333333333333333,3,25.0,8.333333333333334,3,25.0,8.333333333333334,3,21.0,7.0,3,27.0,9.0,3,24.5,8.166666666666666,3,27.5,9.166666666666666,3,,,0,24.25,27.5,21.0,2.188987589427283,2.833333333333332,4,6.75,1,26-35,Sports
David Alan Grier,Kym Johnson,Actor/Actress,Michigan,United States,52,8,Eliminated Week 5,9,6.0,7.0,6.0,,6.0,5.0,6.0,,8.0,8.0,8.0,,8.0,7.0,7.0,,7.0,8.0,7.0,,,,,,,,,,,,,,,,,,,,,,,,,,5.0,,5.0,19.0,6.333333333333333,3,17.0,5.666666666666667,3,24.0,8.0,3,22.0,7.333333333333333,3,22.0,7.333333333333333,3,,,0,,,0,,,0,,,0,,,0,,,0,20.8,24.0,17.0,2.7748873851023212,2.666666666666668,5,5.8,1,46-55,Entertainment
Donny Osmond,Kym Johnson,Singer/Rapper,Utah,United States,51,9,1st Place,1,10.3333,9.3333,10.3333,,8.0,9.0,8.0,,7.0,7.0,7.0,,8.0,8.0,8.0,,10.0,9.0,10.0,,10.3333,10.3333,10.3333,,8.5,8.5,9.0,,8.5,8.0,8.5,,8.0,8.3333,8.3333,,9.6666,9.6666,9.6666,,,,,,,1.0,10.0,29.999899999999997,9.999966666666666,3,25.0,8.333333333333334,3,21.0,7.0,3,24.0,8.0,3,29.0,9.666666666666666,3,30.999899999999997,10.3333,3,26.0,8.666666666666666,3,25.0,8.333333333333334,3,24.666600000000003,8.2222,3,28.9998,9.6666,3,,,0,26.46662,30.999899999999997,21.0,3.1552005285102096,0.8888333333333378,6,6.333333333333333,1,46-55,Entertainment
David Hasselhoff,Kym Johnson,Actor/Actress,Maryland,United States,58,11,Eliminated Week 1,12,5.0,5.0,5.0,,,,,,,,,,,,,,,,,,,,,,,,,,,,,,,,,,,,,,,,,,1.0,,1.0,15.0,5.0,3,,,0,,,0,,,0,,,0,,,0,,,0,,,0,,,0,,,0,,,0,15.0,15.0,15.0,,,7,5.571428571428571,1,>55,Entertainment
Hines Ward,Kym Johnson,Athlete,Unknown,South Korea,35,12,1st Place,1,7.0,7.0,7.0,,8.0,7.0,8.0,,9.0,8.0,8.0,,9.0,8.0,8.0,,9.0,9.0,9.0,,9.0,9.0,9.0,,8.0,8.0,8.0,9.0,9.0,9.0,9.0,,10.0,10.0,10.0,,10.0,9.6666,10.0,,,,,,,1.0,10.0,21.0,7.0,3,23.0,7.666666666666667,3,25.0,8.333333333333334,3,25.0,8.333333333333334,3,27.0,9.0,3,27.0,9.0,3,33.0,8.25,4,27.0,9.0,3,30.0,10.0,3,29.666600000000003,9.888866666666667,3,,,0,26.76666,33.0,21.0,3.520831341285433,5.888866666666669,8,6.375,0,26-35,Sports
David Arquette,Kym Johnson,Actor/Actress,Virginia,United States,40,13,Eliminated Week 7,6,6.0,6.0,6.0,,6.0,6.0,6.0,,8.0,8.0,8.0,,8.0,7.0,8.0,,8.0,9.0,8.0,,8.0,7.0,8.0,,8.0,7.5,8.0,,,,,,,,,,,,,,,,,,7.0,,7.0,18.0,6.0,3,18.0,6.0,3,24.0,8.0,3,23.0,7.666666666666667,3,25.0,8.333333333333334,3,23.0,7.666666666666667,3,23.5,7.833333333333333,3,,,0,,,0,,,0,,,0,22.071428571428573,25.0,18.0,2.8639799148005474,3.833333333333332,9,5.777777777777778,1,36-45,Entertainment
Jaleel White,Kym Johnson,Actor/Actress,California,United States,35,14,Eliminated Week 7,7,9.0,8.0,9.0,,7.0,7.0,8.0,,9.0,8.0,8.0,,8.0,7.0,7.0,,8.0,8.0,8.0,,12.6666,11.6666,12.6666,,9.0,8.0,8.5,,,,,,,,,,,,,,,,,,7.0,,7.0,26.0,8.666666666666666,3,22.0,7.333333333333333,3,25.0,8.333333333333334,3,22.0,7.333333333333333,3,24.0,8.0,3,36.9998,12.333266666666667,3,25.5,8.5,3,,,0,,,0,,,0,,,0,25.928542857142855,36.9998,22.0,5.135008230716267,4.499933333333331,10,5.8,1,26-35,Entertainment
Joey Fatone,Kym Johnson,Singer/Rapper,New York,United States,35,15,Eliminated Week 2,12,6.5,7.0,7.0,,7.5,7.5,7.5,,,,,,,,,,,,,,,,,,,,,,,,,,,,,,,,,,,,,,2.0,,2.0,20.5,6.833333333333333,3,22.5,7.5,3,,,0,,,0,,,0,,,0,,,0,,,0,,,0,,,0,,,0,21.5,22.5,20.5,1.4142135623730951,,11,5.909090909090909,1,26-35,Entertainment
Ingo Rademacher,Kym Johnson,Actor/Actress,Unknown,Germany,41,16,Eliminated Week 9,5,7.0,6.0,7.0,,6.0,7.0,7.0,,7.0,7.0,7.0,,8.0,7.0,8.0,,7.0,7.0,7.0,,7.5,8.0,7.5,,8.0,9.0,8.0,,8.0,8.0,8.0,,8.5,8.5,8.5,,,,,,,,,,9.0,,9.0,20.0,6.666666666666667,3,20.0,6.666666666666667,3,21.0,7.0,3,23.0,7.666666666666667,3,21.0,7.0,3,23.0,7.666666666666667,3,25.0,8.333333333333334,3,24.0,8.0,3,25.5,8.5,3,,,0,,,0,22.5,25.5,20.0,2.091650066335189,4.5,12,6.416666666666667,0,36-45,Entertainment
Robert Herjavec,Kym Johnson,Entrepreneur,Unknown,Croatia,52,20,Eliminated Week 8,6,7.0,7.0,7.0,7.0,7.0,7.0,7.0,7.0,7.0,7.0,8.0,7.0,8.0,9.0,8.0,9.0,6.0,6.0,6.0,6.0,8.5,8.0,8.5,8.5,7.0,8.0,8.0,8.0,7.5,7.5,8.5,7.5,,,,,,,,,,,,,8.0,,8.0,28.0,7.0,4,28.0,7.0,4,29.0,7.25,4,34.0,8.5,4,24.0,6.0,4,33.5,8.375,4,31.0,7.75,4,31.0,7.75,4,,,0,,,0,,,0,29.8125,34.0,24.0,3.272586351583626,3.5,13,6.3076923076923075,0,46-55,Other
Lance Bass,Lacey Schwimmer,Singer/Rapper,Mississippi,United States,29,7,3rd Place,3,7.5,6.0,8.0,,7.0,6.0,7.0,,8.0,7.0,7.0,,9.0,8.0,9.0,,7.0,7.0,7.0,,9.0,9.0,9.0,,9.0,7.0,9.0,,8.5,7.5,9.0,,10.0,9.0,9.5,,9.0,9.0,9.5,,,,,,,3.0,10.0,21.5,7.166666666666667,3,20.0,6.666666666666667,3,22.0,7.333333333333333,3,26.0,8.666666666666666,3,21.0,7.0,3,27.0,9.0,3,25.0,8.333333333333334,3,25.0,8.333333333333334,3,28.5,9.5,3,27.5,9.166666666666666,3,,,0,24.35,28.5,20.0,3.009706519468856,5.833333333333332,0,6.814726840855107,1,26-35,Entertainment
Steve-O,Lacey Schwimmer,TV Personality,Unknown,England,34,8,Eliminated Week 6,8,6.0,5.0,6.0,,5.0,4.0,5.0,,5.0,5.0,5.0,,5.0,5.0,5.0,,6.0,6.0,6.0,,7.0,4.0,5.0,,,,,,,,,,,,,,,,,,,,,,6.0,,6.0,17.0,5.666666666666667,3,14.0,4.666666666666667,3,15.0,5.0,3,15.0,5.0,3,18.0,6.0,3,16.0,5.333333333333333,3,,,0,,,0,,,0,,,0,,,0,15.833333333333334,18.0,14.0,1.4719601443879746,0.9999999999999982,1,3.0,0,26-35,Media
Mark Dacascos,Lacey Schwimmer,Actor/Actress,Hawaii,United States,45,9,Eliminated Week 7,6,9.6666,9.6666,9.6666,,7.0,7.0,7.0,,6.0,6.0,6.0,,8.0,7.0,7.0,,9.0,9.0,8.0,,11.0,11.0,10.0,,7.0,7.5,7.0,,,,,,,,,,,,,,,,,,7.0,,7.0,28.9998,9.6666,3,21.0,7.0,3,18.0,6.0,3,22.0,7.333333333333333,3,26.0,8.666666666666666,3,32.0,10.666666666666666,3,21.5,7.166666666666667,3,,,0,,,0,,,0,,,0,24.214257142857143,32.0,18.0,4.965324044093914,3.833400000000001,2,5.5,1,36-45,Entertainment
Kyle Massey,Lacey Schwimmer,Actor/Actress,Georgia,United States,19,11,2nd Place,2,8.0,7.0,8.0,,8.0,7.0,7.0,,8.0,7.0,8.0,,7.0,6.5,6.5,,8.0,5.0,7.0,,10.3333,9.3333,10.3333,,9.0,8.5,8.0,8.0,9.5,9.0,9.5,,10.0,9.0,10.0,,9.3333,8.6666,9.3333,,,,,,,2.0,10.0,23.0,7.666666666666667,3,22.0,7.333333333333333,3,23.0,7.666666666666667,3,20.0,6.666666666666667,3,20.0,6.666666666666667,3,29.999899999999997,9.999966666666666,3,33.5,8.375,4,28.0,9.333333333333334,3,29.0,9.666666666666666,3,27.333199999999998,9.111066666666666,3,,,0,25.58331,33.5,20.0,4.610258087364644,5.444400000000002,3,5.666666666666667,1,≤25,Entertainment
Mike Catherwood,Lacey Schwimmer,Radio Personality,California,United States,32,12,Eliminated Week 2,11,5.0,4.0,4.0,,6.0,5.0,6.0,,,,,,,,,,,,,,,,,,,,,,,,,,,,,,,,,,,,,,2.0,,2.0,13.0,4.333333333333333,3,17.0,5.666666666666667,3,,,0,,,0,,,0,,,0,,,0,,,0,,,0,,,0,,,0,15.0,17.0,13.0,2.8284271247461903,,4,4.75,1,26-35,Media
Chaz Bono,Lacey Schwimmer,TV Personality,California,United States,42,13,Eliminated Week 6,7,6.0,5.0,6.0,,6.0,5.0,6.0,,6.0,6.0,6.0,,7.0,7.0,7.0,,7.0,7.0,7.0,,7.0,6.0,6.0,,,,,,,,,,,,,,,,,,,,,,6.0,,6.0,17.0,5.666666666666667,3,17.0,5.666666666666667,3,18.0,6.0,3,21.0,7.0,3,21.0,7.0,3,19.0,6.333333333333333,3,,,0,,,0,,,0,,,0,,,0,18.833333333333332,21.0,17.0,1.8348478592697182,3.0,5,6.0,1,36-45,Media
Victor Ortiz,Lindsay Arnold,Athlete,Kansas,United States,26,16,Eliminated Week 6,8,6.0,6.0,6.0,,6.0,6.0,6.0,,8.0,7.0,8.0,,6.0,6.0,6.0,,7.0,7.0,7.0,,6.5,7.0,6.5,,,,,,,,,,,,,,,,,,,,,,6.0,,6.0,18.0,6.0,3,18.0,6.0,3,23.0,7.666666666666667,3,18.0,6.0,3,21.0,7.0,3,20.0,6.666666666666667,3,,,0,,,0,,,0,,,0,,,0,19.666666666666668,23.0,18.0,2.0655911179772892,0.0,0,6.814726840855107,1,26-35,Sports
Alek Skarlatos,Lindsay Arnold,Military,California,United States,22,21,3rd Place,3,8.0,7.0,7.0,,7.5,7.0,8.0,,8.0,8.0,9.0,8.0,8.0,8.0,8.0,,8.0,7.0,7.0,7.0,8.0,8.0,7.0,7.0,9.0,9.0,8.5,,9.0,8.0,8.0,,8.5,8.5,8.5,,9.5,9.5,9.5,,9.3333,9.3333,9.3333,,,3.0,11.0,22.0,7.333333333333333,3,22.5,7.5,3,33.0,8.25,4,24.0,8.0,3,29.0,7.25,4,30.0,7.5,4,26.5,8.833333333333334,3,25.0,8.333333333333334,3,25.5,8.5,3,28.5,9.5,3,27.999899999999997,9.3333,3,26.727263636363638,33.0,22.0,3.349351633457654,1.4999666666666656,1,8.0,1,≤25,Other
Wanya Morris,Lindsay Arnold,Singer/Rapper,Pennsylvania,United States,42,22,Eliminated Week 9,4,8.0,7.0,8.0,,8.0,8.0,8.0,,8.0,8.0,8.0,,8.0,9.0,9.0,9.0,8.0,7.0,7.0,8.0,10.0,9.0,10.0,,9.0,9.0,9.5,,8.0,8.0,9.0,,10.0,10.0,10.0,,,,,,,,,,9.0,,9.0,23.0,7.666666666666667,3,24.0,8.0,3,24.0,8.0,3,35.0,8.75,4,30.0,7.5,4,29.0,9.666666666666666,3,27.5,9.166666666666666,3,25.0,8.333333333333334,3,30.0,10.0,3,,,0,,,0,27.5,35.0,23.0,3.905124837953327,3.833333333333332,2,5.5,1,36-45,Entertainment
Calvin Johnson Jr.,Lindsay Arnold,Athlete,Georgia,United States,30,23,3rd Place,3,7.0,6.0,6.0,7.0,7.0,7.0,7.0,7.0,8.0,8.0,8.0,8.0,8.0,7.0,8.0,,8.0,8.0,8.0,,9.0,10.0,9.0,9.0,9.5,9.0,9.0,9.5,10.0,10.0,10.0,,9.0,9.0,10.0,9.0,9.0,9.5,9.5,,9.3333,9.6666,9.6666,9.6666,,3.0,11.0,26.0,6.5,4,28.0,7.0,4,32.0,8.0,4,23.0,7.666666666666667,3,24.0,8.0,3,37.0,9.25,4,37.0,9.25,4,30.0,10.0,3,37.0,9.25,4,28.0,9.333333333333334,3,38.3331,9.583275,4,30.939372727272726,38.3331,23.0,5.654501952266161,5.777699999999999,3,5.0,1,26-35,Sports
David Ross,Lindsay Arnold,Athlete,Georgia,United States,40,24,2nd Place,2,7.0,7.0,7.0,7.0,7.0,6.0,7.0,7.0,8.0,7.0,8.0,8.0,7.0,8.0,8.0,8.0,7.0,7.0,8.0,7.0,7.5,8.5,7.5,7.5,8.0,8.0,8.0,8.0,8.0,8.0,8.5,8.0,9.0,8.5,9.0,8.5,9.0,9.0,9.3333,9.0,,,,,,2.0,10.0,28.0,7.0,4,27.0,6.75,4,31.0,7.75,4,31.0,7.75,4,29.0,7.25,4,31.0,7.75,4,32.0,8.0,4,32.5,8.125,4,35.0,8.75,4,36.3333,9.083325,4,,,0,31.28333,36.3333,27.0,2.9038543352088295,5.944433333333333,4,4.5,1,36-45,Sports
Jordan Fisher,Lindsay Arnold,Actor/Actress,Alabama,United States,23,25,1st Place,1,8.0,7.0,7.0,,8.0,8.0,8.0,,9.0,7.0,9.0,,10.0,9.0,10.0,,10.0,10.0,10.0,,10.0,9.0,10.0,10.0,9.0,9.0,9.0,,10.0,10.0,10.0,,9.5,9.5,10.0,,10.0,10.0,10.0,10.0,,,,,,1.0,10.0,22.0,7.333333333333333,3,24.0,8.0,3,25.0,8.333333333333334,3,29.0,9.666666666666666,3,30.0,10.0,3,39.0,9.75,4,27.0,9.0,3,30.0,10.0,3,29.0,9.666666666666666,3,40.0,10.0,4,,,0,29.5,40.0,22.0,5.9113826169894,9.333333333333332,5,4.0,1,≤25,Entertainment
Kareem Abdul-Jabbar,Lindsay Arnold,Athlete,New York,United States,71,26,Eliminated Week 2,8,6.0,5.0,6.0,,7.5,8.0,7.0,7.0,,,,,,,,,,,,,,,,,,,,,,,,,,,,,,,,,,,,,2.0,,2.0,17.0,5.666666666666667,3,29.5,7.375,4,,,0,,,0,,,0,,,0,,,0,,,0,,,0,,,0,,,0,23.25,29.5,17.0,8.838834764831844,,6,3.5,1,>55,Sports
DeMarcus Ware,Lindsay Arnold,Athlete,Alabama,United States,36,27,Eliminated Week 7,7,8.0,7.0,8.0,,8.0,7.5,8.0,,9.0,8.0,9.0,,7.0,7.0,8.0,,9.0,8.0,9.0,,8.0,9.0,9.0,,9.0,8.5,9.0,,,,,,,,,,,,,,,,,,7.0,,7.0,23.0,7.666666666666667,3,23.5,7.833333333333333,3,26.0,8.666666666666666,3,22.0,7.333333333333333,3,26.0,8.666666666666666,3,26.0,8.666666666666666,3,26.5,8.833333333333334,3,,,0,,,0,,,0,,,0,24.714285714285715,26.5,22.0,1.8224786888818676,2.0,7,4.142857142857143,1,36-45,Sports
Sean Spicer,Lindsay Arnold,Politician,New York,United States,48,28,Eliminated Week 9,6,4.0,4.0,4.0,,6.0,5.0,5.0,,5.0,5.0,5.0,,5.0,6.0,5.0,5.0,7.0,6.0,6.0,,7.0,7.0,7.0,,7.0,7.0,7.0,,7.0,7.0,6.0,,6.5,6.0,6.5,6.0,,,,,,,,,9.0,,9.0,12.0,4.0,3,16.0,5.333333333333333,3,15.0,5.0,3,21.0,5.25,4,19.0,6.333333333333333,3,21.0,7.0,3,21.0,7.0,3,20.0,6.666666666666667,3,25.0,6.25,4,,,0,,,0,18.88888888888889,25.0,12.0,3.919325338768283,7.666666666666666,8,4.5,1,46-55,Other
Matt James,Lindsay Arnold,Athlete,North Carolina,United States,29,30,Eliminated Week 4,12,6.0,6.0,6.0,6.0,5.0,5.0,6.0,6.0,7.0,6.0,7.0,,7.0,6.5,7.5,7.5,,,,,,,,,,,,,,,,,,,,,,,,,,,,,4.0,,4.0,24.0,6.0,4,22.0,5.5,4,20.0,6.666666666666667,3,28.5,7.125,4,,,0,,,0,,,0,,,0,,,0,,,0,,,0,23.625,28.5,20.0,3.637192140465866,1.5,9,4.666666666666667,1,26-35,Sports
Trista Sutter,Louis van Amstel,TV Personality,Indiana,United States,32,1,Eliminated Week 2,6,6.0,6.0,6.0,,6.0,7.0,6.0,,,,,,,,,,,,,,,,,,,,,,,,,,,,,,,,,,,,,,2.0,,2.0,18.0,6.0,3,19.0,6.333333333333333,3,,,0,,,0,,,0,,,0,,,0,,,0,,,0,,,0,,,0,18.5,19.0,18.0,0.7071067811865476,,0,6.814726840855107,1,26-35,Media
Lisa Rinna,Louis van Amstel,Actor/Actress,California,United States,42,2,Eliminated Week 7,4,5.0,7.0,7.0,,6.0,7.0,7.0,,8.0,8.0,9.0,,9.0,9.0,8.0,,7.0,9.0,9.0,,9.0,9.0,9.0,,8.5,9.0,9.0,,,,,,,,,,,,,,,,,,7.0,,7.0,19.0,6.333333333333333,3,20.0,6.666666666666667,3,25.0,8.333333333333334,3,26.0,8.666666666666666,3,25.0,8.333333333333334,3,27.0,9.0,3,26.5,8.833333333333334,3,,,0,,,0,,,0,,,0,24.071428571428573,27.0,19.0,3.2201005603936688,4.833333333333336,1,6.0,1,36-45,Entertainment
Monique Coleman,Louis van Amstel,Actor/Actress,South Carolina,United States,25,3,Eliminated Week 8,4,6.0,6.0,7.0,,9.0,8.0,9.0,,9.0,9.0,9.0,,8.0,8.0,8.0,,9.0,9.0,9.0,,9.0,7.0,7.0,,9.0,9.0,9.0,,8.5,9.0,9.0,,,,,,,,,,,,,,8.0,,8.0,19.0,6.333333333333333,3,26.0,8.666666666666666,3,27.0,9.0,3,24.0,8.0,3,27.0,9.0,3,23.0,7.666666666666667,3,27.0,9.0,3,26.5,8.833333333333334,3,,,0,,,0,,,0,24.9375,27.0,19.0,2.8339460121886586,1.5,2,5.0,1,≤25,Entertainment
Priscilla Presley,Louis van Amstel,Actor/Actress,New York,United States,62,6,Eliminated Week 5,8,8.0,8.0,8.0,,7.0,7.0,7.0,,8.0,9.0,9.0,,7.0,7.0,8.0,,7.0,7.0,7.0,,,,,,,,,,,,,,,,,,,,,,,,,,5.0,,5.0,24.0,8.0,3,21.0,7.0,3,26.0,8.666666666666666,3,22.0,7.333333333333333,3,21.0,7.0,3,,,0,,,0,,,0,,,0,,,0,,,0,22.8,26.0,21.0,2.16794833886788,-0.6666666666666679,3,4.666666666666667,1,>55,Entertainment
Kelly Osbourne,Louis van Amstel,TV Personality,Unknown,England,24,9,3rd Place,3,9.6666,10.6666,10.6666,,6.0,7.0,6.0,,7.0,6.0,7.0,,8.0,7.0,8.0,,8.0,8.0,8.0,,8.6666,7.6666,8.6666,,8.5,8.5,9.0,,8.0,8.5,9.0,,8.6666,8.6666,8.6666,,8.5,8.5,8.2222,,,,,,,3.0,10.0,30.9998,10.333266666666667,3,19.0,6.333333333333333,3,20.0,6.666666666666667,3,23.0,7.666666666666667,3,24.0,8.0,3,24.9998,8.333266666666667,3,26.0,8.666666666666666,3,25.5,8.5,3,25.9998,8.6666,3,25.2222,8.4074,3,,,0,24.472159999999995,30.9998,19.0,3.3584126922633493,2.2407333333333384,4,5.5,0,≤25,Media
Niecy Nash,Louis van Amstel,Actor/Actress,California,United States,40,10,Eliminated Week 8,5,7.0,5.0,6.0,,7.0,7.0,7.0,,7.0,7.0,7.0,,6.0,6.0,6.0,,6.0,6.0,6.0,,8.6666,8.6666,8.6666,,8.5,8.0,8.0,,7.0,7.0,7.5,,,,,,,,,,,,,,8.0,,8.0,18.0,6.0,3,21.0,7.0,3,21.0,7.0,3,18.0,6.0,3,18.0,6.0,3,25.9998,8.6666,3,24.5,8.166666666666666,3,21.5,7.166666666666667,3,,,0,,,0,,,0,20.999975,25.9998,18.0,3.0354571327890634,3.999933333333331,5,5.0,1,36-45,Entertainment
Margaret Cho,Louis van Amstel,Comedian,California,United States,41,11,Eliminated Week 3,10,5.0,5.0,5.0,,6.0,6.0,6.0,,6.0,6.0,6.0,,,,,,,,,,,,,,,,,,,,,,,,,,,,,,,,,,3.0,,3.0,15.0,5.0,3,18.0,6.0,3,18.0,6.0,3,,,0,,,0,,,0,,,0,,,0,,,0,,,0,,,0,17.0,18.0,15.0,1.7320508075688772,,6,5.0,1,36-45,Entertainment
Kendra Wilkinson,Louis van Amstel,TV Personality,California,United States,25,12,Eliminated Week 7,6,6.0,6.0,6.0,,7.0,6.0,6.0,,8.0,7.0,8.0,,6.0,6.0,6.0,,8.0,7.0,7.0,,8.0,8.0,9.0,,7.5,7.5,7.5,8.0,,,,,,,,,,,,,,,,,7.0,,7.0,18.0,6.0,3,19.0,6.333333333333333,3,23.0,7.666666666666667,3,18.0,6.0,3,22.0,7.333333333333333,3,25.0,8.333333333333334,3,30.5,7.625,4,,,0,,,0,,,0,,,0,22.214285714285715,30.5,18.0,4.52637771712605,5.833333333333332,7,5.714285714285714,1,≤25,Media
Sabrina Bryan,Louis van Amstel,Actor/Actress,California,United States,28,15,Eliminated Week 6,8,7.5,7.5,7.5,,9.0,8.5,8.5,,8.5,8.5,8.5,,9.0,9.0,8.5,9.0,9.75,9.75,9.75,,10.0,10.0,10.0,,,,,,,,,,,,,,,,,,,,,,6.0,,6.0,22.5,7.5,3,26.0,8.666666666666666,3,25.5,8.5,3,35.5,8.875,4,29.25,9.75,3,30.0,10.0,3,,,0,,,0,,,0,,,0,,,0,28.125,35.5,22.5,4.521476528745892,6.916666666666664,8,5.75,1,26-35,Entertainment
Paula Deen,Louis van Amstel,TV Personality,Georgia,United States,68,21,Eliminated Week 6,9,5.0,5.0,5.0,,6.5,6.0,6.0,,5.0,5.0,5.0,5.0,6.0,6.0,6.0,,7.0,7.0,6.0,6.0,6.0,6.0,6.0,6.0,,,,,,,,,,,,,,,,,,,,,6.0,,6.0,15.0,5.0,3,18.5,6.166666666666667,3,20.0,5.0,4,18.0,6.0,3,26.0,6.5,4,24.0,6.0,4,,,0,,,0,,,0,,,0,,,0,20.25,26.0,15.0,4.071240597164456,4.833333333333336,9,6.0,1,>55,Media
Cheryl Ladd,Louis van Amstel,Actor/Actress,South Dakota,United States,71,31,Eliminated Week 3,14,6.0,5.0,5.0,5.0,5.0,6.0,5.0,5.0,6.0,6.0,6.0,6.0,,,,,,,,,,,,,,,,,,,,,,,,,,,,,,,,,3.0,,3.0,21.0,5.25,4,21.0,5.25,4,24.0,6.0,4,,,0,,,0,,,0,,,0,,,0,,,0,,,0,,,0,22.0,24.0,21.0,1.7320508075688772,,10,6.3,1,>55,Entertainment
Tia Carrere,Maksim Chmerkoskiy,Actor/Actress,Hawaii,United States,39,2,Eliminated Week 5,6,6.0,7.0,7.0,,7.0,8.0,7.0,,9.0,8.0,9.0,,9.0,8.0,8.0,,7.0,7.0,8.0,,,,,,,,,,,,,,,,,,,,,,,,,,5.0,,5.0,20.0,6.666666666666667,3,22.0,7.333333333333333,3,26.0,8.666666666666666,3,25.0,8.333333333333334,3,22.0,7.333333333333333,3,,,0,,,0,,,0,,,0,,,0,,,0,23.0,26.0,20.0,2.449489742783178,1.6666666666666643,0,6.814726840855107,1,36-45,Entertainment
Willa Ford,Maksim Chmerkoskiy,Singer/Rapper,Florida,United States,25,3,Eliminated Week 5,7,7.0,7.0,8.0,,7.0,8.0,8.0,,7.0,7.0,8.0,,9.0,9.0,10.0,,9.0,9.0,9.0,,,,,,,,,,,,,,,,,,,,,,,,,,5.0,,5.0,22.0,7.333333333333333,3,23.0,7.666666666666667,3,22.0,7.333333333333333,3,28.0,9.333333333333334,3,27.0,9.0,3,,,0,,,0,,,0,,,0,,,0,,,0,24.4,28.0,22.0,2.8809720581775866,3.3333333333333357,1,6.0,1,≤25,Entertainment
Laila Ali,Maksim Chmerkoskiy,Athlete,Florida,United States,29,4,3rd Place,3,7.0,8.0,8.0,,9.0,9.0,9.0,,7.0,7.0,7.0,,7.0,7.0,7.0,,9.0,10.0,9.0,,9.0,9.0,10.0,,10.0,9.5,10.0,,9.0,8.5,9.0,,10.0,10.0,10.0,,9.6666,9.0,9.6666,,,,,,,3.0,10.0,23.0,7.666666666666667,3,27.0,9.0,3,21.0,7.0,3,21.0,7.0,3,28.0,9.333333333333334,3,28.0,9.333333333333334,3,29.5,9.833333333333334,3,26.5,8.833333333333334,3,30.0,10.0,3,28.333200000000005,9.444400000000002,3,,,0,26.233320000000003,30.0,21.0,3.3565762982870244,4.611066666666666,2,6.5,1,26-35,Sports
Mel B,Maksim Chmerkoskiy,Singer/Rapper,Unknown,England,32,5,2nd Place,2,8.0,8.0,8.0,,7.0,8.0,8.0,,9.0,9.0,9.0,,8.0,9.0,9.0,,10.0,9.0,10.0,,10.0,10.0,10.0,,9.0,9.0,9.0,,9.0,9.5,9.5,,10.0,10.0,10.0,,9.3333,9.3333,9.6666,,,,,,,2.0,10.0,24.0,8.0,3,23.0,7.666666666666667,3,27.0,9.0,3,26.0,8.666666666666666,3,29.0,9.666666666666666,3,30.0,10.0,3,27.0,9.0,3,28.0,9.333333333333334,3,30.0,10.0,3,28.333199999999998,9.4444,3,,,0,27.23332,30.0,23.0,2.362509024462482,4.111066666666666,3,5.333333333333333,0,26-35,Entertainment
Misty May-Treanor,Maksim Chmerkoskiy,Athlete,California,United States,31,7,Withdrew,10,6.5,7.5,7.0,,7.0,7.0,7.0,,,,,,,,,,,,,,,,,,,,,,,,,,,,,,,,,,,,,,-1.0,,2.0,21.0,7.0,3,21.0,7.0,3,,,0,,,0,,,0,,,0,,,0,,,0,,,0,,,0,,,0,21.0,21.0,21.0,0.0,,4,4.5,1,26-35,Sports
Denise Richards,Maksim Chmerkoskiy,Actor/Actress,Illinois,United States,38,8,Eliminated Week 3,12,6.0,6.0,6.0,,7.0,7.0,7.0,,5.0,6.0,5.0,,,,,,,,,,,,,,,,,,,,,,,,,,,,,,,,,,3.0,,3.0,18.0,6.0,3,21.0,7.0,3,16.0,5.333333333333333,3,,,0,,,0,,,0,,,0,,,0,,,0,,,0,,,0,18.333333333333332,21.0,16.0,2.5166114784235836,,5,5.6,1,36-45,Entertainment
Debi Mazar,Maksim Chmerkoskiy,Actor/Actress,New York,United States,45,9,Eliminated Week 3,12,8.0,7.0,7.0,,7.0,7.0,7.0,,6.0,5.0,6.0,,,,,,,,,,,,,,,,,,,,,,,,,,,,,,,,,,3.0,,3.0,22.0,7.333333333333333,3,21.0,7.0,3,17.0,5.666666666666667,3,,,0,,,0,,,0,,,0,,,0,,,0,,,0,,,0,20.0,22.0,17.0,2.6457513110645907,,6,6.666666666666667,1,36-45,Entertainment
Erin Andrews,Maksim Chmerkoskiy,Sports Broadcaster,Maine,United States,32,10,3rd Place,3,7.0,7.0,7.0,,8.0,7.0,8.0,,8.0,7.0,8.0,,6.5,6.5,6.5,,7.0,7.0,8.0,,12.0,10.0,12.0,,8.5,8.5,8.5,,8.5,9.0,9.0,,9.5,9.0,9.5,,9.2222,8.8888,8.8888,,,,,,,3.0,10.0,21.0,7.0,3,23.0,7.666666666666667,3,23.0,7.666666666666667,3,19.5,6.5,3,22.0,7.333333333333333,3,34.0,11.333333333333334,3,25.5,8.5,3,26.5,8.833333333333334,3,28.0,9.333333333333334,3,26.9998,8.999933333333333,3,,,0,24.94998,34.0,19.5,4.2127343988330335,4.833266666666667,7,7.428571428571429,1,26-35,Media
Brandy,Maksim Chmerkoskiy,Singer/Rapper,Mississippi,United States,31,11,Eliminated Week 9,4,7.0,8.0,8.0,,7.0,7.0,7.0,,8.0,8.0,8.0,,8.0,8.0,8.0,,9.0,9.0,9.0,,11.3333,12.3333,12.3333,,9.0,9.0,9.5,9.0,9.0,9.5,10.0,,9.5,9.5,9.5,,,,,,,,,,9.0,,9.0,23.0,7.666666666666667,3,21.0,7.0,3,24.0,8.0,3,24.0,8.0,3,27.0,9.0,3,35.9999,11.999966666666666,3,36.5,9.125,4,28.5,9.5,3,28.5,9.5,3,,,0,,,0,27.6111,36.5,21.0,5.504398367669258,8.5,8,6.875,1,26-35,Entertainment
Kirstie Alley,Maksim Chmerkoskiy,Actor/Actress,Kansas,United States,60,12,2nd Place,2,8.0,7.0,8.0,,7.0,6.0,7.0,,7.0,7.0,7.0,,7.0,7.0,8.0,,8.0,7.0,8.0,,8.0,9.0,9.0,,8.0,7.0,7.0,8.0,8.5,9.0,9.0,,9.0,9.0,9.0,,9.3333,9.3333,9.3333,,,,,,,2.0,10.0,23.0,7.666666666666667,3,20.0,6.666666666666667,3,21.0,7.0,3,22.0,7.333333333333333,3,23.0,7.666666666666667,3,26.0,8.666666666666666,3,30.0,7.5,4,26.5,8.833333333333334,3,27.0,9.0,3,27.999899999999997,9.3333,3,,,0,24.64999,30.0,20.0,3.300241237125283,5.833300000000001,9,6.555555555555555,1,>55,Entertainment
Hope Solo,Maksim Chmerkoskiy,Athlete,Washington,United States,30,13,Eliminated Week 9,4,7.0,7.0,7.0,,6.0,7.0,6.0,,8.0,8.0,8.0,,8.0,8.0,8.0,,8.0,8.0,8.0,,7.0,6.0,7.0,,8.5,8.0,8.5,,8.5,9.0,8.5,,8.1666,8.1666,8.1666,,,,,,,,,,9.0,,9.0,21.0,7.0,3,19.0,6.333333333333333,3,24.0,8.0,3,24.0,8.0,3,24.0,8.0,3,20.0,6.666666666666667,3,25.0,8.333333333333334,3,26.0,8.666666666666666,3,24.4998,8.1666,3,,,0,,,0,23.055533333333333,26.0,19.0,2.4295484271773637,3.833266666666667,10,6.1,1,26-35,Sports
Melissa Gilbert,Maksim Chmerkoskiy,Actor/Actress,California,United States,47,14,Eliminated Week 8,5,7.0,6.0,7.0,,7.0,6.0,7.0,,8.0,8.0,8.0,,7.0,8.0,7.0,,7.0,7.0,7.0,,10.0,10.0,10.0,,8.0,7.5,8.0,,8.5,8.5,8.5,,,,,,,,,,,,,,8.0,,8.0,20.0,6.666666666666667,3,20.0,6.666666666666667,3,24.0,8.0,3,22.0,7.333333333333333,3,21.0,7.0,3,30.0,10.0,3,23.5,7.833333333333333,3,25.5,8.5,3,,,0,,,0,,,0,23.25,30.0,20.0,3.359421718944242,5.0,11,5.909090909090909,1,46-55,Entertainment
Kirstie Alley,Maksim Chmerkoskiy,Actor/Actress,Kansas,United States,61,15,Eliminated Week 8,7,6.5,6.0,6.5,,7.0,7.0,7.0,,8.0,8.0,8.0,,7.5,7.5,7.5,7.5,8.75,8.75,8.75,,9.5,8.5,9.5,,9.3333,9.3333,9.3333,,8.5,8.5,8.5,,,,,,,,,,,,,,8.0,,8.0,19.0,6.333333333333333,3,21.0,7.0,3,24.0,8.0,3,30.0,7.5,4,26.25,8.75,3,27.5,9.166666666666666,3,27.999899999999997,9.3333,3,25.5,8.5,3,,,0,,,0,,,0,25.1562375,30.0,19.0,3.6813549283372358,5.666633333333333,12,5.833333333333333,1,>55,Entertainment
Meryl Davis,Maksim Chmerkoskiy,Athlete,Michigan,United States,27,18,1st Place,1,8.0,8.0,8.0,,8.0,9.0,8.0,,10.0,9.0,10.0,10.0,10.0,9.0,10.0,10.0,9.0,9.0,9.0,9.0,10.0,10.0,10.0,10.0,10.0,10.0,9.0,10.0,9.0,9.0,8.0,10.0,10.0,10.0,10.0,10.0,10.0,10.0,10.0,,,,,,,1.0,10.0,24.0,8.0,3,25.0,8.333333333333334,3,39.0,9.75,4,39.0,9.75,4,36.0,9.0,4,40.0,10.0,4,39.0,9.75,4,36.0,9.0,4,40.0,10.0,4,30.0,10.0,3,,,0,34.8,40.0,24.0,6.196773353931867,6.0000000000000036,13,5.923076923076923,1,26-35,Sports
Amber Rose,Maksim Chmerkoskiy,Model,Pennsylvania,United States,32,23,Eliminated Week 6,9,6.0,6.0,6.0,6.0,6.0,6.0,6.0,6.0,7.0,6.0,6.0,6.0,8.0,8.0,8.0,,8.0,8.0,8.0,,7.0,7.0,7.0,7.0,,,,,,,,,,,,,,,,,,,,,6.0,,6.0,24.0,6.0,4,24.0,6.0,4,25.0,6.25,4,24.0,8.0,3,24.0,8.0,3,28.0,7.0,4,,,0,,,0,,,0,,,0,,,0,24.833333333333332,28.0,24.0,1.6020819787597222,1.0,14,5.571428571428571,1,26-35,Model
Heather Morris,Maksim Chmerkoskiy,Actor/Actress,California,United States,30,24,Eliminated Week 6,8,7.0,7.0,7.0,7.0,8.0,6.0,8.0,8.0,9.0,8.0,8.0,8.0,8.0,9.0,9.0,9.0,8.0,8.0,9.0,9.0,9.0,9.5,9.0,9.5,,,,,,,,,,,,,,,,,,,,,6.0,,6.0,28.0,7.0,4,30.0,7.5,4,33.0,8.25,4,35.0,8.75,4,34.0,8.5,4,37.0,9.25,4,,,0,,,0,,,0,,,0,,,0,32.833333333333336,37.0,28.0,3.3115957885386114,5.0000000000000036,15,5.8,1,26-35,Entertainment
Vanessa Lachey,Maksim Chmerkoskiy,TV Personality,Unknown,Philippines,36,25,Eliminated Week 7,7,7.0,7.0,7.0,,8.0,8.0,7.5,,7.0,8.0,8.0,,8.0,8.0,8.0,,8.0,8.0,8.0,,9.0,9.0,9.0,9.0,9.0,9.0,9.0,,,,,,,,,,,,,,,,,,7.0,,7.0,21.0,7.0,3,23.5,7.833333333333333,3,23.0,7.666666666666667,3,24.0,8.0,3,24.0,8.0,3,36.0,9.0,4,27.0,9.0,3,,,0,,,0,,,0,,,0,25.5,36.0,21.0,4.958158260214505,6.5,16,5.9375,0,36-45,Media
Sabrina Bryan,Mark Ballas,Actor/Actress,California,United States,23,5,Eliminated Week 6,7,9.0,8.0,9.0,,9.0,8.0,9.0,,9.0,9.0,9.0,,10.0,10.0,10.0,,9.0,9.0,10.0,,9.0,8.0,8.0,,,,,,,,,,,,,,,,,,,,,,6.0,,6.0,26.0,8.666666666666666,3,26.0,8.666666666666666,3,27.0,9.0,3,30.0,10.0,3,28.0,9.333333333333334,3,25.0,8.333333333333334,3,,,0,,,0,,,0,,,0,,,0,27.0,30.0,25.0,1.7888543819998317,1.3333333333333357,0,6.814726840855107,1,≤25,Entertainment
Kristi Yamaguchi,Mark Ballas,Athlete,California,United States,36,6,1st Place,1,9.0,9.0,9.0,,9.0,9.0,9.0,,9.0,9.0,9.0,,10.0,9.0,10.0,,9.0,10.0,10.0,,10.0,10.0,10.0,,9.5,8.0,9.5,,8.5,9.5,9.5,,9.5,9.0,10.0,,10.0,10.0,10.0,,,,,,,1.0,10.0,27.0,9.0,3,27.0,9.0,3,27.0,9.0,3,29.0,9.666666666666666,3,29.0,9.666666666666666,3,30.0,10.0,3,27.0,9.0,3,27.5,9.166666666666666,3,28.5,9.5,3,30.0,10.0,3,,,0,28.2,30.0,27.0,1.2516655570345725,1.6666666666666679,1,7.0,1,36-45,Sports
Kim Kardashian,Mark Ballas,TV Personality,California,United States,27,7,Eliminated Week 2,11,6.0,6.5,6.0,,6.0,6.0,5.0,,,,,,,,,,,,,,,,,,,,,,,,,,,,,,,,,,,,,,2.0,,2.0,18.5,6.166666666666667,3,17.0,5.666666666666667,3,,,0,,,0,,,0,,,0,,,0,,,0,,,0,,,0,,,0,17.75,18.5,17.0,1.0606601717798212,,2,4.0,1,26-35,Media
Shawn Johnson,Mark Ballas,Athlete,Iowa,United States,17,8,1st Place,1,8.0,8.0,7.0,,8.0,8.0,8.0,,9.0,9.0,9.0,,8.0,8.0,9.0,,9.0,8.0,9.0,,8.0,9.0,9.0,,9.0,9.0,10.0,,9.0,8.0,9.0,,9.5,9.0,9.5,,9.5,9.0,9.5,,10.0,10.0,10.0,,,1.0,11.0,23.0,7.666666666666667,3,24.0,8.0,3,27.0,9.0,3,25.0,8.333333333333334,3,26.0,8.666666666666666,3,26.0,8.666666666666666,3,28.0,9.333333333333334,3,26.0,8.666666666666666,3,28.0,9.333333333333334,3,28.0,9.333333333333334,3,30.0,10.0,3,26.454545454545453,30.0,23.0,2.018099916438052,4.0,3,6.333333333333333,1,≤25,Sports
Melissa Joan Hart,Mark Ballas,Actor/Actress,New York,United States,33,9,Eliminated Week 6,9,8.0,8.0,8.0,,7.0,6.0,6.0,,6.0,6.0,7.0,,9.0,9.0,10.0,,8.0,8.0,7.0,,8.3333,8.3333,7.3333,,,,,,,,,,,,,,,,,,,,,,6.0,,6.0,24.0,8.0,3,19.0,6.333333333333333,3,19.0,6.333333333333333,3,28.0,9.333333333333334,3,23.0,7.666666666666667,3,23.9999,7.9999666666666664,3,,,0,,,0,,,0,,,0,,,0,22.833316666666665,28.0,19.0,3.4302507199425913,4.333299999999998,4,5.0,1,26-35,Entertainment
Shannen Doherty,Mark Ballas,Actor/Actress,Tennessee,United States,38,10,Eliminated Week 2,11,6.0,6.0,6.0,,7.0,6.0,7.0,,,,,,,,,,,,,,,,,,,,,,,,,,,,,,,,,,,,,,2.0,,2.0,18.0,6.0,3,20.0,6.666666666666667,3,,,0,,,0,,,0,,,0,,,0,,,0,,,0,,,0,,,0,19.0,20.0,18.0,1.4142135623730951,,5,5.8,1,36-45,Entertainment
Bristol Palin,Mark Ballas,TV Personality,Alaska,United States,19,11,3rd Place,3,6.0,6.0,6.0,,7.0,8.0,7.0,,6.0,6.0,7.0,,5.0,5.5,5.5,,6.0,6.0,6.0,,9.6666,8.6666,9.6666,,8.5,8.0,8.0,8.0,7.5,8.0,8.0,,8.5,9.0,9.0,,8.3333,9.0,8.3333,,,,,,,3.0,10.0,18.0,6.0,3,22.0,7.333333333333333,3,19.0,6.333333333333333,3,16.0,5.333333333333333,3,18.0,6.0,3,27.9998,9.333266666666667,3,32.5,8.125,4,23.5,7.833333333333333,3,26.5,8.833333333333334,3,25.666600000000003,8.555533333333335,3,,,0,22.91664,32.5,16.0,5.278775812460899,5.555533333333333,6,6.666666666666667,1,≤25,Media
Chelsea Kane,Mark Ballas,Actor/Actress,Arizona,United States,22,12,3rd Place,3,7.0,7.0,7.0,,6.0,5.0,7.0,,7.0,8.0,8.0,,9.0,8.0,9.0,,9.0,8.0,9.0,,10.0,9.0,9.0,,8.0,8.5,7.5,8.0,9.0,9.0,9.5,,12.0,12.0,12.5,,10.0,9.6666,10.0,,,,,,,3.0,10.0,21.0,7.0,3,18.0,6.0,3,23.0,7.666666666666667,3,26.0,8.666666666666666,3,26.0,8.666666666666666,3,28.0,9.333333333333334,3,32.0,8.0,4,27.5,9.166666666666666,3,36.5,12.166666666666666,3,29.666600000000003,9.888866666666667,3,,,0,26.76666,36.5,18.0,5.354813826040599,10.555533333333333,7,6.142857142857143,1,≤25,Entertainment
Kristin Cavallari,Mark Ballas,TV Personality,Colorado,United States,24,13,Eliminated Week 3,10,7.0,6.0,6.0,,8.0,7.0,7.0,,8.0,8.0,8.0,,,,,,,,,,,,,,,,,,,,,,,,,,,,,,,,,,3.0,,3.0,19.0,6.333333333333333,3,22.0,7.333333333333333,3,24.0,8.0,3,,,0,,,0,,,0,,,0,,,0,,,0,,,0,,,0,21.666666666666668,24.0,19.0,2.5166114784235836,,8,5.75,1,≤25,Media
Katherine Jenkins,Mark Ballas,Singer/Rapper,Unknown,Wales,31,14,2nd Place,2,9.0,8.0,9.0,,9.0,8.0,9.0,,10.0,9.0,10.0,,8.0,8.0,8.0,,10.0,9.0,10.0,,13.3333,12.3333,13.3333,,9.5,8.5,9.0,,9.0,9.0,9.5,,9.5,9.0,9.5,,10.0,10.0,10.0,,,,,,,2.0,10.0,26.0,8.666666666666666,3,26.0,8.666666666666666,3,29.0,9.666666666666666,3,24.0,8.0,3,29.0,9.666666666666666,3,38.9999,12.999966666666666,3,27.0,9.0,3,27.5,9.166666666666666,3,28.0,9.333333333333334,3,30.0,10.0,3,,,0,28.54999,38.9999,24.0,4.071894317677378,1.5,9,6.222222222222222,0,26-35,Entertainment
Bristol Palin,Mark Ballas,TV Personality,Alaska,United States,21,15,Eliminated Week 4,9,6.5,6.5,6.5,,6.0,6.0,6.0,,7.5,7.5,7.5,,8.0,8.0,8.0,8.0,,,,,,,,,,,,,,,,,,,,,,,,,,,,,4.0,,4.0,19.5,6.5,3,18.0,6.0,3,22.5,7.5,3,32.0,8.0,4,,,0,,,0,,,0,,,0,,,0,,,0,,,0,23.0,32.0,18.0,6.284902544988268,4.166666666666668,10,5.8,1,≤25,Media
Alexandra Raisman,Mark Ballas,Athlete,Massachusetts,United States,18,16,Eliminated Week 10,4,7.0,7.0,7.0,,8.0,8.0,8.0,,7.0,8.0,8.0,,9.0,9.0,9.0,,8.0,8.0,9.0,,8.5,9.0,8.5,,11.0,10.0,11.0,,9.0,9.5,9.5,,10.0,9.5,10.0,,9.5,9.5,10.0,,,,,,10.0,,10.0,21.0,7.0,3,24.0,8.0,3,23.0,7.666666666666667,3,27.0,9.0,3,25.0,8.333333333333334,3,26.0,8.666666666666666,3,32.0,10.666666666666666,3,28.0,9.333333333333334,3,29.5,9.833333333333334,3,29.0,9.666666666666666,3,,,0,26.45,32.0,21.0,3.320391543176798,6.166666666666664,11,6.090909090909091,1,≤25,Sports
Christina Milian,Mark Ballas,Singer/Rapper,New Jersey,United States,31,17,Eliminated Week 5,9,7.0,7.0,8.0,,9.0,8.0,8.0,,9.0,8.0,9.0,,8.0,8.0,8.0,,9.0,10.0,9.0,,,,,,,,,,,,,,,,,,,,,,,,,,5.0,,5.0,22.0,7.333333333333333,3,25.0,8.333333333333334,3,26.0,8.666666666666666,3,24.0,8.0,3,28.0,9.333333333333334,3,,,0,,,0,,,0,,,0,,,0,,,0,25.0,28.0,22.0,2.23606797749979,1.6666666666666679,12,5.916666666666667,1,26-35,Entertainment
Candace Cameron Bure,Mark Ballas,Actor/Actress,California,United States,37,18,3rd Place,3,9.0,8.0,8.0,,7.0,7.0,7.0,,8.0,8.0,8.0,8.0,7.0,7.0,7.0,7.0,8.0,9.0,9.0,9.0,8.0,8.0,8.0,8.0,9.0,9.5,9.0,9.5,9.0,9.0,9.0,9.0,8.5,9.5,9.5,8.5,8.6666,8.6666,8.6666,,,,,,,3.0,10.0,25.0,8.333333333333334,3,21.0,7.0,3,32.0,8.0,4,28.0,7.0,4,35.0,8.75,4,32.0,8.0,4,37.0,9.25,4,36.0,9.0,4,36.0,9.0,4,25.9998,8.6666,3,,,0,30.799979999999998,37.0,21.0,5.513638847198222,6.666599999999995,13,6.153846153846154,1,36-45,Entertainment
Sadie Robertson,Mark Ballas,TV Personality,Louisiana,United States,17,19,2nd Place,2,8.0,8.0,9.0,9.0,8.0,7.0,8.0,8.0,8.0,8.0,8.0,8.0,9.0,10.0,9.0,9.0,9.0,9.0,9.0,9.0,9.0,10.0,8.0,8.0,7.5,7.5,8.0,8.0,9.0,9.0,10.0,10.0,9.0,9.5,9.0,9.0,9.0,9.5,9.5,9.0,10.0,9.6666,10.0,9.6666,,2.0,11.0,34.0,8.5,4,31.0,7.75,4,32.0,8.0,4,37.0,9.25,4,36.0,9.0,4,35.0,8.75,4,31.0,7.75,4,38.0,9.5,4,36.5,9.125,4,37.0,9.25,4,39.333200000000005,9.833300000000001,4,35.16665454545455,39.333200000000005,31.0,2.8411460914087603,5.27773333333333,14,5.928571428571429,1,≤25,Media
Willow Shields,Mark Ballas,Actor/Actress,New Mexico,United States,14,20,Eliminated Week 7,7,6.0,6.0,6.0,7.0,8.0,8.0,8.0,8.0,8.0,8.0,8.0,8.0,10.0,9.0,10.0,10.0,8.0,8.0,9.0,9.0,9.5,8.5,9.0,9.5,9.5,9.5,9.5,10.5,,,,,,,,,,,,,,,,,7.0,,7.0,25.0,6.25,4,32.0,8.0,4,32.0,8.0,4,39.0,9.75,4,34.0,8.5,4,36.5,9.125,4,39.0,9.75,4,,,0,,,0,,,0,,,0,33.92857142857143,39.0,25.0,4.919591543246344,6.833333333333332,15,5.666666666666667,1,≤25,Entertainment
Alexa PenaVega,Mark Ballas,Actor/Actress,Florida,United States,27,21,Eliminated Week 9,6,7.0,7.0,8.0,,7.5,7.5,8.0,,9.0,9.0,9.0,9.0,7.0,7.0,7.0,,10.0,10.0,10.0,10.0,8.0,7.0,7.0,8.0,9.0,9.5,9.0,,9.6666,8.6666,8.6666,,10.0,10.0,10.0,,,,,,,,,,9.0,,9.0,22.0,7.333333333333333,3,23.0,7.666666666666667,3,36.0,9.0,4,21.0,7.0,3,40.0,10.0,4,30.0,7.5,4,27.5,9.166666666666666,3,26.9998,8.999933333333333,3,30.0,10.0,3,,,0,,,0,28.499977777777776,40.0,21.0,6.3737802758209705,1.166599999999999,16,5.75,1,26-35,Entertainment
Paige VanZant,Mark Ballas,Athlete,Oregon,United States,22,22,2nd Place,2,7.0,7.0,7.0,,8.0,8.0,8.0,,8.0,7.0,8.0,,9.0,9.0,9.0,9.0,8.0,8.0,7.0,8.0,9.0,10.0,9.0,,9.0,9.0,9.5,,10.0,9.0,9.0,,10.0,9.5,10.0,,10.0,9.6666,10.0,,,,,,,2.0,10.0,21.0,7.0,3,24.0,8.0,3,23.0,7.666666666666667,3,36.0,9.0,4,31.0,7.75,4,28.0,9.333333333333334,3,27.5,9.166666666666666,3,28.0,9.333333333333334,3,29.5,9.833333333333334,3,29.666600000000003,9.888866666666667,3,,,0,27.76666,36.0,21.0,4.317060213772021,6.388866666666665,17,5.764705882352941,1,≤25,Sports
Lindsey Stirling,Mark Ballas,Musician,California,United States,31,25,2nd Place,2,7.0,8.0,7.0,,7.5,7.5,7.5,,9.0,9.0,9.0,,9.0,8.0,9.0,,9.0,10.0,9.0,,10.0,10.0,10.0,10.0,8.5,8.5,8.5,,9.5,8.5,9.0,,9.5,9.0,10.0,,10.0,10.0,10.0,10.0,,,,,,2.0,10.0,22.0,7.333333333333333,3,22.5,7.5,3,27.0,9.0,3,26.0,8.666666666666666,3,28.0,9.333333333333334,3,40.0,10.0,4,25.5,8.5,3,27.0,9.0,3,28.5,9.5,3,40.0,10.0,4,,,0,28.65,40.0,22.0,6.346696428501646,8.0,18,5.555555555555555,1,26-35,Entertainment
Charli D'Amelio,Mark Ballas,Social Media Personality,Connecticut,United States,18,31,1st Place,1,8.0,8.0,8.0,8.0,8.0,8.0,8.0,8.0,8.0,8.0,8.0,9.0,9.0,9.0,9.0,9.0,10.375,10.375,10.375,10.875,10.0,10.0,10.0,10.0,9.5,9.5,10.0,10.0,11.25,11.25,11.25,11.25,10.0,10.0,10.0,10.0,10.0,10.0,10.0,10.0,,,,,,1.0,10.0,32.0,8.0,4,32.0,8.0,4,33.0,8.25,4,36.0,9.0,4,42.0,10.5,4,40.0,10.0,4,39.0,9.75,4,45.0,11.25,4,40.0,10.0,4,40.0,10.0,4,,,0,37.9,45.0,32.0,4.458450154232722,9.333333333333329,19,5.368421052631579,1,≤25,Media
Whitney Leavitt,Mark Ballas,TV Personality,Utah,United States,32,34,Eliminated Week 10,6,7.0,8.0,,,7.0,7.0,8.0,,8.0,8.0,8.0,,9.0,8.0,8.0,,9.0,8.0,8.0,8.0,10.0,9.0,10.0,10.0,10.25,10.25,10.25,11.25,9.5,10.0,10.0,10.0,10.5,10.5,10.5,10.5,9.0,10.0,10.0,,,,,,10.0,,10.0,15.0,7.5,2,22.0,7.333333333333333,3,24.0,8.0,3,25.0,8.333333333333334,3,33.0,8.25,4,39.0,9.75,4,42.0,10.5,4,39.5,9.875,4,42.0,10.5,4,29.0,9.666666666666666,3,,,0,31.05,42.0,15.0,9.476432755936052,16.500000000000004,20,5.15,1,26-35,Media
Tatum O'Neal,Nick Kosovich,Actor/Actress,California,United States,42,2,Eliminated Week 2,9,7.0,8.0,8.0,,5.0,6.0,6.0,,,,,,,,,,,,,,,,,,,,,,,,,,,,,,,,,,,,,,2.0,,2.0,23.0,7.666666666666667,3,17.0,5.666666666666667,3,,,0,,,0,,,0,,,0,,,0,,,0,,,0,,,0,,,0,20.0,23.0,17.0,4.242640687119285,,0,6.814726840855107,1,36-45,Entertainment
Vivica A. Fox,Nick Kosovich,Actor/Actress,Indiana,United States,42,3,Eliminated Week 4,8,6.0,8.0,8.0,,8.0,8.0,8.0,,9.0,9.0,9.0,,8.0,8.0,8.0,,,,,,,,,,,,,,,,,,,,,,,,,,,,,,4.0,,4.0,22.0,7.333333333333333,3,24.0,8.0,3,27.0,9.0,3,24.0,8.0,3,,,0,,,0,,,0,,,0,,,0,,,0,,,0,24.25,27.0,22.0,2.0615528128088303,0.6666666666666679,1,9.0,1,36-45,Entertainment
Kate Flannery,Pasha Pashkov,Actor/Actress,Pennsylvania,United States,55,28,Eliminated Week 8,7,5.0,5.0,5.0,,7.0,7.0,7.0,,8.0,8.0,8.0,,7.0,7.0,6.0,6.0,8.0,8.0,8.0,,9.0,9.0,9.0,,8.0,8.0,8.0,,8.6666,8.6666,8.6666,,,,,,,,,,,,,,8.0,,8.0,15.0,5.0,3,21.0,7.0,3,24.0,8.0,3,26.0,6.5,4,24.0,8.0,3,27.0,9.0,3,24.0,8.0,3,25.9998,8.6666,3,,,0,,,0,,,0,23.374975,27.0,15.0,3.852159877170951,5.666599999999999,0,6.814726840855107,1,46-55,Entertainment
Carole Baskin,Pasha Pashkov,TV Personality,Texas,United States,59,29,Eliminated Week 3,14,4.0,4.0,3.0,,6.0,5.0,5.0,,5.0,4.0,3.0,,,,,,,,,,,,,,,,,,,,,,,,,,,,,,,,,,3.0,,3.0,11.0,3.6666666666666665,3,16.0,5.333333333333333,3,12.0,4.0,3,,,0,,,0,,,0,,,0,,,0,,,0,,,0,,,0,13.0,16.0,11.0,2.6457513110645907,,1,7.0,1,>55,Media
Christine Chiu,Pasha Pashkov,TV Personality,Unknown,Taiwan China,38,30,Eliminated Week 3,14,6.0,7.0,6.0,6.0,6.0,6.0,6.0,6.0,7.0,7.0,7.0,,,,,,,,,,,,,,,,,,,,,,,,,,,,,,,,,,3.0,,3.0,25.0,6.25,4,24.0,6.0,4,21.0,7.0,3,,,0,,,0,,,0,,,0,,,0,,,0,,,0,,,0,23.333333333333332,25.0,21.0,2.081665999466133,,2,10.5,0,36-45,Media
Teresa Giudice,Pasha Pashkov,TV Personality,New Jersey,United States,50,31,Eliminated Week 2,15,5.0,5.0,5.0,5.0,6.0,5.0,6.0,6.0,,,,,,,,,,,,,,,,,,,,,,,,,,,,,,,,,,,,,2.0,,2.0,20.0,5.0,4,23.0,5.75,4,,,0,,,0,,,0,,,0,,,0,,,0,,,0,,,0,,,0,21.5,23.0,20.0,2.1213203435596424,,3,11.666666666666666,1,46-55,Media
Ariana Madix,Pasha Pashkov,TV Personality,Florida,United States,38,32,3rd Place,3,7.0,7.0,7.0,,6.0,7.0,7.0,,9.0,8.0,9.0,8.0,8.0,9.0,8.0,,8.0,8.0,8.0,,10.0,10.0,10.0,11.0,9.0,9.0,10.0,9.0,9.75,10.75,10.75,10.75,9.0,9.0,9.0,10.0,9.5,9.5,10.0,,9.5,10.0,10.0,,,3.0,11.0,21.0,7.0,3,20.0,6.666666666666667,3,34.0,8.5,4,25.0,8.333333333333334,3,24.0,8.0,3,41.0,10.25,4,37.0,9.25,4,42.0,10.5,4,37.0,9.25,4,29.0,9.666666666666666,3,29.5,9.833333333333334,3,30.863636363636363,42.0,20.0,7.836105247796603,6.833333333333332,4,12.5,1,36-45,Media
Tori Spelling,Pasha Pashkov,Actor/Actress,California,United States,51,33,Eliminated Week 2,12,6.0,6.0,5.0,,7.0,6.0,6.0,,,,,,,,,,,,,,,,,,,,,,,,,,,,,,,,,,,,,,2.0,,2.0,17.0,5.666666666666667,3,19.0,6.333333333333333,3,,,0,,,0,,,0,,,0,,,0,,,0,,,0,,,0,,,0,18.0,19.0,17.0,1.4142135623730951,,5,10.6,1,46-55,Entertainment
Danielle Fishel,Pasha Pashkov,Actor/Actress,California,United States,44,34,Eliminated Week 8,8,6.0,6.0,,,7.0,6.0,6.0,,7.0,7.0,7.0,,7.0,7.0,7.0,,7.0,7.0,7.0,8.0,9.0,9.0,9.0,9.0,8.5,8.5,8.5,9.5,9.5,9.0,9.5,9.0,,,,,,,,,,,,,8.0,,8.0,12.0,6.0,2,19.0,6.333333333333333,3,21.0,7.0,3,21.0,7.0,3,29.0,7.25,4,36.0,9.0,4,35.0,8.75,4,37.0,9.25,4,,,0,,,0,,,0,26.25,37.0,12.0,9.300537618869138,18.666666666666668,6,10.833333333333334,1,36-45,Entertainment
Metta World Peace (Ron),Peta Murgatroyd,Athlete,New York,United States,31,13,Eliminated Week 1,12,5.0,4.0,5.0,,,,,,,,,,,,,,,,,,,,,,,,,,,,,,,,,,,,,,,,,,1.0,,1.0,14.0,4.666666666666667,3,,,0,,,0,,,0,,,0,,,0,,,0,,,0,,,0,,,0,,,0,14.0,14.0,14.0,,,0,6.814726840855107,1,26-35,Sports
Donald Driver,Peta Murgatroyd,Athlete,Texas,United States,37,14,1st Place,1,7.0,7.0,7.0,,8.0,8.0,8.0,,9.0,8.0,9.0,,9.0,9.0,9.0,,10.0,8.0,9.0,,11.3333,11.3333,11.3333,,9.0,8.5,9.0,,9.5,9.0,9.0,,9.5,9.0,10.0,,10.0,9.6666,10.0,,,,,,,1.0,10.0,21.0,7.0,3,24.0,8.0,3,26.0,8.666666666666666,3,27.0,9.0,3,27.0,9.0,3,33.9999,11.3333,3,26.5,8.833333333333334,3,27.5,9.166666666666666,3,28.5,9.5,3,29.666600000000003,9.888866666666667,3,,,0,27.11665,33.9999,21.0,3.411146489329748,4.888866666666665,1,12.0,1,36-45,Sports
Gilles Marini,Peta Murgatroyd,Actor/Actress,Unknown,France,36,15,Eliminated Week 8,6,8.0,8.0,8.0,,8.5,8.5,8.5,,8.5,8.5,8.5,,10.0,9.5,10.0,10.0,9.5,9.25,9.5,,9.0,9.0,9.5,,11.1666,11.1666,11.1666,,9.5,10.0,9.7777,,,,,,,,,,,,,,8.0,,8.0,24.0,8.0,3,25.5,8.5,3,25.5,8.5,3,39.5,9.875,4,28.25,9.416666666666666,3,27.5,9.166666666666666,3,33.4998,11.1666,3,29.2777,9.759233333333333,3,,,0,,,0,,,0,29.1284375,39.5,24.0,5.109596682416752,5.092500000000001,2,6.5,0,36-45,Entertainment
Sean Lowe,Peta Murgatroyd,TV Personality,Texas,United States,29,16,Eliminated Week 8,6,7.0,6.0,6.0,,7.0,6.0,7.0,,7.0,7.0,7.0,,6.0,7.0,7.0,,8.0,8.0,8.0,,7.5,8.0,7.5,,8.0,8.0,8.0,,7.0,7.0,7.0,,,,,,,,,,,,,,8.0,,8.0,19.0,6.333333333333333,3,20.0,6.666666666666667,3,21.0,7.0,3,20.0,6.666666666666667,3,24.0,8.0,3,23.0,7.666666666666667,3,24.0,8.0,3,21.0,7.0,3,,,0,,,0,,,0,21.5,24.0,19.0,1.927248223318863,2.666666666666668,3,6.333333333333333,1,26-35,Media
Brant Daugherty,Peta Murgatroyd,Actor/Actress,Ohio,United States,28,17,Eliminated Week 8,7,7.0,8.0,7.0,,8.0,7.0,8.0,,9.0,9.0,9.0,,7.0,7.0,7.0,,9.0,9.0,9.0,,10.0,11.0,10.0,,9.5,9.5,9.5,,9.0,9.0,9.0,,,,,,,,,,,,,,8.0,,8.0,22.0,7.333333333333333,3,23.0,7.666666666666667,3,27.0,9.0,3,21.0,7.0,3,27.0,9.0,3,31.0,10.333333333333334,3,28.5,9.5,3,27.0,9.0,3,,,0,,,0,,,0,25.8125,31.0,21.0,3.463457191057183,4.833333333333332,4,6.25,1,26-35,Entertainment
James Maslow,Peta Murgatroyd,Actor/Actress,New York,United States,23,18,Eliminated Week 10,4,7.0,7.0,7.0,,9.0,8.0,8.0,,9.0,9.0,9.0,9.0,9.0,8.0,9.0,9.0,10.0,10.0,10.0,10.0,9.0,9.0,8.0,9.0,8.5,9.5,8.0,9.0,8.0,9.0,10.0,9.0,9.5,9.5,9.5,9.5,9.5,9.5,10.0,,,,,,10.0,,10.0,21.0,7.0,3,25.0,8.333333333333334,3,36.0,9.0,4,35.0,8.75,4,40.0,10.0,4,35.0,8.75,4,35.0,8.75,4,36.0,9.0,4,38.0,9.5,4,29.0,9.666666666666666,3,,,0,33.0,40.0,21.0,6.036923425424944,7.0000000000000036,5,6.4,1,≤25,Entertainment
Tommy Chong,Peta Murgatroyd,Comedian,Unknown,Canada,76,19,Eliminated Week 10,5,7.0,6.0,7.0,7.0,7.0,7.0,7.0,7.0,8.0,10.0,8.0,8.0,7.0,7.0,7.0,7.0,6.0,6.0,5.0,6.0,7.0,7.0,7.0,7.0,7.5,7.5,7.5,7.5,6.75,7.75,7.75,6.75,7.0,7.5,7.0,7.0,8.0,7.5,8.0,7.5,,,,,10.0,,10.0,27.0,6.75,4,28.0,7.0,4,34.0,8.5,4,28.0,7.0,4,23.0,5.75,4,28.0,7.0,4,30.0,7.5,4,29.0,7.25,4,28.5,7.125,4,31.0,7.75,4,,,0,28.65,34.0,23.0,2.8289181285038594,-0.16666666666666785,6,6.0,0,>55,Entertainment
Michael Sam,Peta Murgatroyd,Athlete,Texas,United States,25,20,Eliminated Week 4,10,6.0,6.0,7.0,7.0,7.0,7.0,7.0,7.0,6.0,6.0,6.0,6.0,7.0,7.0,8.0,8.0,,,,,,,,,,,,,,,,,,,,,,,,,,,,,4.0,,4.0,26.0,6.5,4,28.0,7.0,4,24.0,6.0,4,30.0,7.5,4,,,0,,,0,,,0,,,0,,,0,,,0,,,0,27.0,30.0,24.0,2.581988897471611,1.3333333333333321,7,5.857142857142857,1,≤25,Sports
Nyle DiMarco,Peta Murgatroyd,Model,New York,United States,26,22,1st Place,1,8.0,7.0,8.0,,7.0,6.0,7.0,,8.0,8.0,9.0,,8.0,8.0,9.0,9.0,9.0,10.0,9.0,9.0,8.0,8.0,9.0,,9.5,9.0,9.5,,10.0,9.0,10.0,,9.5,9.5,9.5,,9.6666,9.6666,9.6666,,,,,,,1.0,10.0,23.0,7.666666666666667,3,20.0,6.666666666666667,3,25.0,8.333333333333334,3,34.0,8.5,4,37.0,9.25,4,25.0,8.333333333333334,3,28.0,9.333333333333334,3,29.0,9.666666666666666,3,28.5,9.5,3,28.9998,9.6666,3,,,0,27.84998,37.0,20.0,5.0113708485580855,6.166599999999995,8,6.375,1,26-35,Model
Nick Viall,Peta Murgatroyd,TV Personality,Wisconsin,United States,36,24,Eliminated Week 7,6,6.0,6.0,6.0,6.0,7.0,5.0,7.0,6.0,7.0,6.0,7.0,6.0,8.0,7.0,8.0,7.0,9.0,8.0,9.0,8.0,7.5,8.0,7.5,7.5,8.0,8.0,9.0,9.0,,,,,,,,,,,,,,,,,7.0,,7.0,24.0,6.0,4,25.0,6.25,4,26.0,6.5,4,30.0,7.5,4,34.0,8.5,4,30.5,7.625,4,34.0,8.5,4,,,0,,,0,,,0,,,0,29.071428571428573,34.0,24.0,4.147575310031266,7.833333333333336,9,5.777777777777778,1,36-45,Media
Nick Lachey,Peta Murgatroyd,Singer/Rapper,Kentucky,United States,43,25,Eliminated Week 6,9,6.0,6.0,6.0,,7.0,6.0,6.0,,7.0,7.0,7.0,,8.0,7.0,7.0,,7.0,8.0,7.0,,7.0,6.0,7.0,6.0,,,,,,,,,,,,,,,,,,,,,6.0,,6.0,18.0,6.0,3,19.0,6.333333333333333,3,21.0,7.0,3,22.0,7.333333333333333,3,22.0,7.333333333333333,3,26.0,6.5,4,,,0,,,0,,,0,,,0,,,0,21.333333333333332,26.0,18.0,2.8047578623950176,4.0,10,5.8,1,36-45,Entertainment
Lamar Odom,Peta Murgatroyd,Athlete,New York,United States,39,28,Eliminated Week 4,10,5.0,3.0,3.0,,4.0,4.0,4.0,,4.0,4.0,4.0,,5.0,7.0,4.0,4.0,,,,,,,,,,,,,,,,,,,,,,,,,,,,,4.0,,4.0,11.0,3.6666666666666665,3,12.0,4.0,3,12.0,4.0,3,20.0,5.0,4,,,0,,,0,,,0,,,0,,,0,,,0,,,0,13.75,20.0,11.0,4.193248541803041,3.0,11,6.090909090909091,1,36-45,Sports
Veron Davis,Peta Murgatroyd,Athlete,Washington D.C.,United States,36,29,Eliminated Week 6,11,5.0,6.0,6.0,,6.0,6.0,6.0,,8.0,7.0,7.0,,8.0,7.0,7.0,,7.0,7.0,7.0,,7.0,7.0,7.0,,,,,,,,,,,,,,,,,,,,,,6.0,,6.0,17.0,5.666666666666667,3,18.0,6.0,3,22.0,7.333333333333333,3,22.0,7.333333333333333,3,21.0,7.0,3,21.0,7.0,3,,,0,,,0,,,0,,,0,,,0,20.166666666666668,22.0,17.0,2.136976056643281,2.333333333333332,12,6.416666666666667,1,36-45,Sports
Jason Lewis,Peta Murgatroyd,Actor/Actress,California,United States,51,31,Eliminated Week 1,16,5.0,4.0,4.0,5.0,,,,,,,,,,,,,,,,,,,,,,,,,,,,,,,,,,,,,,,,,1.0,,1.0,18.0,4.5,4,,,0,,,0,,,0,,,0,,,0,,,0,,,0,,,0,,,0,,,0,18.0,18.0,18.0,,,13,6.769230769230769,1,46-55,Entertainment
Barry Williams,Peta Murgatroyd,Actor/Actress,California,United States,68,32,Eliminated Week 8,7,6.0,5.0,5.0,,5.0,5.0,5.0,,6.0,6.0,7.0,6.0,6.0,6.0,6.0,,8.0,8.0,8.0,,8.25,7.25,8.25,8.25,8.0,8.0,8.5,8.0,8.75,8.75,8.75,8.75,,,,,,,,,,,,,8.0,,8.0,16.0,5.333333333333333,3,15.0,5.0,3,25.0,6.25,4,18.0,6.0,3,24.0,8.0,3,32.0,8.0,4,32.5,8.125,4,35.0,8.75,4,,,0,,,0,,,0,24.6875,35.0,15.0,7.887320294534224,14.499999999999996,14,7.428571428571429,1,>55,Entertainment
Harry Jowsey,Rylee Arnold,TV Personality,Unknown,Australia,26,32,Eliminated Week 9,6,4.0,4.0,4.0,,5.0,5.0,5.0,,6.0,5.0,7.0,6.0,7.0,7.0,7.0,,6.0,6.0,6.0,,7.25,7.25,7.25,7.25,8.0,8.0,8.0,8.0,7.0,7.0,7.0,7.0,8.0,7.0,8.0,7.0,,,,,,,,,9.0,,9.0,12.0,4.0,3,15.0,5.0,3,24.0,6.0,4,21.0,7.0,3,18.0,6.0,3,29.0,7.25,4,32.0,8.0,4,28.0,7.0,4,30.0,7.5,4,,,0,,,0,23.22222222222222,32.0,12.0,7.120003121097943,13.0,0,6.814726840855107,0,26-35,Media
Stephen Nedoroscik,Rylee Arnold,Athlete,Florida,United States,26,33,4th Place,4,7.0,7.0,7.0,,8.0,7.0,7.0,,8.0,8.0,7.5,7.5,8.0,9.0,8.0,8.0,8.0,8.0,8.0,,10.0,9.0,9.0,,9.5,9.0,8.5,,9.0,8.5,9.0,,10.0,9.5,10.0,,,,,,,,,,,4.0,9.0,21.0,7.0,3,22.0,7.333333333333333,3,31.0,7.75,4,33.0,8.25,4,24.0,8.0,3,28.0,9.333333333333334,3,27.0,9.0,3,26.5,8.833333333333334,3,29.5,9.833333333333334,3,,,0,,,0,26.88888888888889,33.0,21.0,4.021642837337884,3.0,1,6.0,1,26-35,Sports
Scott Hoying,Rylee Arnold,Singer/Rapper,California,United States,34,34,Eliminated Week 6,10,5.0,5.0,,,6.0,6.0,6.0,,8.0,7.0,7.0,,7.0,7.0,7.0,,7.0,8.0,7.0,8.0,7.0,7.0,7.0,7.0,,,,,,,,,,,,,,,,,,,,,6.0,,6.0,10.0,5.0,2,18.0,6.0,3,22.0,7.333333333333333,3,21.0,7.0,3,30.0,7.5,4,28.0,7.0,4,,,0,,,0,,,0,,,0,,,0,21.5,30.0,10.0,7.20416546173115,9.666666666666664,2,5.0,1,26-35,Entertainment
"Nicole ""Snooki"" Polizzi",Sasha Farber,TV Personality,Unknown,Chile,25,17,Eliminated Week 7,8,8.0,8.0,7.0,,6.0,7.0,7.0,,9.0,8.0,8.0,,8.0,8.0,8.0,,9.0,9.0,9.0,,10.0,10.0,10.0,,9.0,9.0,9.0,,,,,,,,,,,,,,,,,,7.0,,7.0,23.0,7.666666666666667,3,20.0,6.666666666666667,3,25.0,8.333333333333334,3,24.0,8.0,3,27.0,9.0,3,30.0,10.0,3,27.0,9.0,3,,,0,,,0,,,0,,,0,25.142857142857142,30.0,20.0,3.236694374850748,5.333333333333332,0,6.814726840855107,0,≤25,Media
Kim Fields,Sasha Farber,Actor/Actress,New York,United States,46,22,Eliminated Week 7,8,7.0,6.0,7.0,,7.0,6.0,6.0,,8.0,7.0,7.0,,8.0,8.0,8.0,8.0,8.0,6.0,6.0,8.0,8.0,8.0,8.0,,8.5,8.5,9.0,,,,,,,,,,,,,,,,,,7.0,,7.0,20.0,6.666666666666667,3,19.0,6.333333333333333,3,22.0,7.333333333333333,3,32.0,8.0,4,28.0,7.0,4,24.0,8.0,3,26.0,8.666666666666666,3,,,0,,,0,,,0,,,0,24.428571428571427,32.0,19.0,4.613644360558612,5.666666666666668,1,8.0,1,46-55,Entertainment
Terra Jole,Sasha Farber,TV Personality,Texas,United States,36,23,Eliminated Week 10,5,7.0,6.0,6.0,6.0,8.0,7.0,8.0,8.0,8.0,7.0,8.0,7.0,9.0,8.0,8.0,,9.0,9.0,9.0,,7.0,8.0,8.0,7.0,8.5,8.5,9.0,8.5,8.0,8.0,8.0,,10.0,10.0,9.0,9.0,10.0,10.0,10.0,,,,,,10.0,,10.0,25.0,6.25,4,31.0,7.75,4,30.0,7.5,4,25.0,8.333333333333334,3,27.0,9.0,3,30.0,7.5,4,34.5,8.625,4,24.0,8.0,3,38.0,9.5,4,30.0,10.0,3,,,0,29.45,38.0,24.0,4.437529342625992,2.0,2,8.0,1,36-45,Media
Simone Biles,Sasha Farber,Athlete,Ohio,United States,20,24,Eliminated Week 9,4,8.0,8.0,8.0,8.0,7.0,7.0,7.0,8.0,7.0,8.0,9.0,8.0,9.0,9.0,9.0,9.0,9.0,9.0,10.0,10.0,8.5,8.5,8.5,9.0,10.5,9.5,9.5,9.5,9.0,9.0,9.0,9.0,10.0,10.0,10.0,10.0,,,,,,,,,9.0,,9.0,32.0,8.0,4,29.0,7.25,4,32.0,8.0,4,36.0,9.0,4,38.0,9.5,4,34.5,8.625,4,39.0,9.75,4,36.0,9.0,4,40.0,10.0,4,,,0,,,0,35.166666666666664,40.0,29.0,3.640054944640259,7.333333333333336,3,7.0,1,≤25,Sports
Tonya Harding,Sasha Farber,Athlete,Oregon,United States,47,26,3rd Place,3,8.0,8.0,7.0,,8.0,9.0,8.0,8.0,8.5,9.5,8.5,8.5,9.0,9.5,9.5,,,,,,,,,,,,,,,,,,,,,,,,,,,,,,,3.0,4.0,23.0,7.666666666666667,3,33.0,8.25,4,35.0,8.75,4,28.0,9.333333333333334,3,,,0,,,0,,,0,,,0,,,0,,,0,,,0,29.75,35.0,23.0,5.377421934967226,1.6666666666666679,4,6.25,1,46-55,Sports
Mary Lou Retton,Sasha Farber,Athlete,West Virginia,United States,50,27,Eliminated Week 6,9,6.5,7.0,6.5,,8.0,7.5,7.5,,8.0,8.0,8.0,,9.0,8.0,9.0,,9.0,8.0,8.0,,8.0,8.0,8.0,,,,,,,,,,,,,,,,,,,,,,6.0,,6.0,20.0,6.666666666666667,3,23.0,7.666666666666667,3,24.0,8.0,3,26.0,8.666666666666666,3,25.0,8.333333333333334,3,24.0,8.0,3,,,0,,,0,,,0,,,0,,,0,23.666666666666668,26.0,20.0,2.0655911179772892,2.666666666666668,5,5.6,1,46-55,Sports
Ally Brooke,Sasha Farber,Singer/Rapper,Texas,United States,26,28,3rd Place,3,5.0,5.0,6.0,,7.0,6.0,7.0,,8.0,8.0,8.0,,8.0,8.0,8.0,8.0,9.0,9.0,9.0,,8.0,9.0,8.0,,9.0,9.0,9.0,,10.0,10.0,10.0,,10.0,10.0,10.0,10.0,10.0,9.5,10.0,,10.0,10.0,10.0,,,3.0,11.0,16.0,5.333333333333333,3,20.0,6.666666666666667,3,24.0,8.0,3,32.0,8.0,4,27.0,9.0,3,25.0,8.333333333333334,3,27.0,9.0,3,30.0,10.0,3,40.0,10.0,4,29.5,9.833333333333334,3,30.0,10.0,3,27.318181818181817,40.0,16.0,6.3256332776755535,13.166666666666664,6,6.166666666666667,1,26-35,Entertainment
Justina Machado,Sasha Farber,Actor/Actress,Illinois,United States,48,29,4th Place,4,7.0,7.0,7.0,,7.0,7.0,7.0,,7.0,6.0,6.0,,8.0,8.0,8.0,,8.0,8.0,8.0,,9.0,9.0,9.0,,9.0,9.0,8.0,,9.6666,9.6666,9.6666,,8.6666,8.6666,8.6666,,9.5,10.0,9.5,,10.0,10.0,10.0,,,4.0,11.0,21.0,7.0,3,21.0,7.0,3,19.0,6.333333333333333,3,24.0,8.0,3,24.0,8.0,3,27.0,9.0,3,26.0,8.666666666666666,3,28.9998,9.6666,3,25.9998,8.6666,3,29.0,9.666666666666666,3,30.0,10.0,3,25.090872727272725,30.0,19.0,3.645643478205435,7.999933333333331,7,5.714285714285714,1,46-55,Entertainment
Suni Lee,Sasha Farber,Athlete,Minnesota,United States,18,30,Eliminated Week 9,5,7.0,7.0,7.0,7.0,7.0,7.0,7.0,7.0,7.0,7.0,7.0,,8.5,8.0,9.0,8.5,9.0,9.0,9.0,9.0,9.0,9.0,9.0,9.0,8.25,8.25,8.25,9.25,10.5,10.5,10.5,10.5,10.0,9.0,9.5,9.0,,,,,,,,,9.0,,9.0,28.0,7.0,4,28.0,7.0,4,21.0,7.0,3,34.0,8.5,4,36.0,9.0,4,36.0,9.0,4,34.0,8.5,4,42.0,10.5,4,37.5,9.375,4,,,0,,,0,32.94444444444444,42.0,21.0,6.2771631950888285,12.166666666666668,8,5.5,1,≤25,Sports
Selma Blair,Sasha Farber,Actor/Actress,Michigan,United States,50,31,Withdrew,12,7.0,7.0,7.0,7.0,7.0,7.0,7.0,7.0,7.0,7.0,7.0,7.0,8.0,8.0,8.0,8.0,10.0,10.0,10.0,10.0,,,,,,,,,,,,,,,,,,,,,,,,,-1.0,,5.0,28.0,7.0,4,28.0,7.0,4,28.0,7.0,4,32.0,8.0,4,40.0,10.0,4,,,0,,,0,,,0,,,0,,,0,,,0,31.2,40.0,28.0,5.215361924162119,5.333333333333336,9,5.444444444444445,1,46-55,Entertainment
Alyson Hannigan,Sasha Farber,Actor/Actress,Washington D.C.,United States,49,32,5th Place,5,5.0,4.0,4.0,,7.0,6.0,6.0,,6.0,6.0,6.0,6.0,6.0,6.0,6.0,,7.0,7.0,7.0,,7.5,7.5,7.5,8.5,8.5,8.5,9.5,8.5,8.75,8.75,9.75,8.75,7.75,7.75,8.75,7.75,8.5,8.5,8.5,,9.0,8.5,9.0,,,5.0,11.0,13.0,4.333333333333333,3,19.0,6.333333333333333,3,24.0,6.0,4,18.0,6.0,3,21.0,7.0,3,31.0,7.75,4,35.0,8.75,4,36.0,9.0,4,32.0,8.0,4,25.5,8.5,3,26.5,8.833333333333334,3,25.545454545454547,36.0,13.0,7.424468147465331,9.333333333333332,10,6.1,1,46-55,Entertainment
Jenn Tran,Sasha Farber,TV Personality,Florida,United States,26,33,Eliminated Week 6,7,7.0,6.0,6.0,,6.0,6.0,7.0,,8.0,8.0,7.0,8.0,8.0,8.0,8.0,8.0,8.5,8.5,8.5,,11.0,10.0,10.0,,,,,,,,,,,,,,,,,,,,,,6.0,,6.0,19.0,6.333333333333333,3,19.0,6.333333333333333,3,31.0,7.75,4,32.0,8.0,4,25.5,8.5,3,31.0,10.333333333333334,3,,,0,,,0,,,0,,,0,,,0,26.25,32.0,19.0,6.064239441183041,6.5,11,6.0,1,26-35,Media
Andy Dick,Sharna Burgess,Comedian,South Carolina,United States,47,16,Eliminated Week 7,7,6.0,5.0,6.0,,7.0,6.0,7.0,,6.0,6.0,6.0,,7.0,7.0,7.0,,6.0,6.0,6.0,,7.0,7.5,7.0,,5.0,6.0,6.0,,,,,,,,,,,,,,,,,,7.0,,7.0,17.0,5.666666666666667,3,20.0,6.666666666666667,3,18.0,6.0,3,21.0,7.0,3,18.0,6.0,3,21.5,7.166666666666667,3,17.0,5.666666666666667,3,,,0,,,0,,,0,,,0,18.928571428571427,21.5,17.0,1.8803495115840263,0.5,0,6.814726840855107,1,46-55,Entertainment
Keyshawn Johnson,Sharna Burgess,Athlete,California,United States,41,17,Eliminated Week 2,12,6.0,5.0,6.0,,6.0,6.0,6.0,,,,,,,,,,,,,,,,,,,,,,,,,,,,,,,,,,,,,,2.0,,2.0,17.0,5.666666666666667,3,18.0,6.0,3,,,0,,,0,,,0,,,0,,,0,,,0,,,0,,,0,,,0,17.5,18.0,17.0,0.7071067811865476,,1,7.0,1,36-45,Sports
Charlie White,Sharna Burgess,Athlete,Michigan,United States,26,18,Eliminated Week 9,5,9.0,9.0,9.0,,9.0,7.0,9.0,,9.0,9.0,9.0,9.0,7.0,8.0,9.0,9.0,9.0,10.0,9.0,9.0,9.0,9.0,9.0,9.0,8.5,10.0,8.0,9.0,10.0,10.0,10.0,10.0,9.5,9.5,9.5,9.5,,,,,,,,,9.0,,9.0,27.0,9.0,3,25.0,8.333333333333334,3,36.0,9.0,4,33.0,8.25,4,37.0,9.25,4,36.0,9.0,4,35.5,8.875,4,40.0,10.0,4,38.0,9.5,4,,,0,,,0,34.166666666666664,40.0,25.0,5.024937810560445,8.500000000000004,2,9.5,1,26-35,Sports
Tavis Smiley,Sharna Burgess,Radio Personality,Mississippi,United States,50,19,Eliminated Week 2,12,7.0,7.0,8.0,7.0,7.0,7.0,7.0,7.0,,,,,,,,,,,,,,,,,,,,,,,,,,,,,,,,,,,,,2.0,,2.0,29.0,7.25,4,28.0,7.0,4,,,0,,,0,,,0,,,0,,,0,,,0,,,0,,,0,,,0,28.5,29.0,28.0,0.7071067811865476,,3,8.0,1,46-55,Media
Noah Galloway,Sharna Burgess,Motivational Speaker,Alabama,United States,33,20,3rd Place,3,7.0,6.0,6.0,7.0,7.0,6.0,7.0,7.0,7.0,7.0,8.0,8.0,8.0,8.0,8.0,8.0,7.0,7.0,7.0,7.0,8.5,8.0,8.5,9.0,10.5,8.5,9.5,9.5,8.0,7.5,8.0,8.0,9.5,9.5,9.5,9.5,9.0,9.0,9.0,9.0,,,,,,3.0,10.0,26.0,6.5,4,27.0,6.75,4,30.0,7.5,4,32.0,8.0,4,28.0,7.0,4,34.0,8.5,4,38.0,9.5,4,31.5,7.875,4,38.0,9.5,4,36.0,9.0,4,,,0,32.05,38.0,26.0,4.387165625118594,7.4999999999999964,4,9.0,1,26-35,Other
Nick Carter,Sharna Burgess,Singer/Rapper,New York,United States,35,21,2nd Place,2,8.0,8.0,8.0,,7.5,7.5,7.5,,9.0,9.0,9.0,9.0,9.0,9.0,9.0,,9.0,9.0,8.0,9.0,9.0,10.0,10.0,10.0,9.0,9.0,9.0,,11.0,11.0,11.0,,9.0,9.0,9.5,,9.0,9.0,9.0,,10.0,10.0,10.0,,,2.0,11.0,24.0,8.0,3,22.5,7.5,3,36.0,9.0,4,27.0,9.0,3,35.0,8.75,4,39.0,9.75,4,27.0,9.0,3,33.0,11.0,3,27.5,9.166666666666666,3,27.0,9.0,3,30.0,10.0,3,29.818181818181817,39.0,22.5,5.25486787309028,0.6666666666666679,5,7.8,1,26-35,Entertainment
Antonio Brown,Sharna Burgess,Athlete,Florida,United States,27,22,Eliminated Week 9,5,8.0,6.0,7.0,,6.0,6.0,7.0,,7.0,6.0,7.0,,9.0,8.0,9.0,9.0,7.0,6.0,6.0,7.0,9.0,9.0,9.0,,8.5,8.5,9.0,,9.0,9.0,9.0,,9.0,9.0,9.5,,,,,,,,,,9.0,,9.0,21.0,7.0,3,19.0,6.333333333333333,3,20.0,6.666666666666667,3,35.0,8.75,4,26.0,6.5,4,27.0,9.0,3,26.0,8.666666666666666,3,27.0,9.0,3,27.5,9.166666666666666,3,,,0,,,0,25.38888888888889,35.0,19.0,4.897561751638372,6.833333333333332,6,6.833333333333333,1,26-35,Sports
James Hinchcliffe,Sharna Burgess,Racing Driver,Unknown,Canada,29,23,2nd Place,2,8.0,8.0,7.0,8.0,7.0,7.0,7.0,8.0,7.0,7.0,8.0,7.0,9.0,9.0,10.0,,10.0,9.0,10.0,,10.0,9.0,9.0,10.0,9.5,9.0,9.0,9.5,11.6666,11.6666,11.6666,,9.0,9.0,9.0,9.0,9.5,10.0,10.0,,9.6666,9.6666,9.6666,10.0,,2.0,11.0,31.0,7.75,4,29.0,7.25,4,29.0,7.25,4,28.0,9.333333333333334,3,29.0,9.666666666666666,3,38.0,9.5,4,37.0,9.25,4,34.9998,11.6666,3,36.0,9.0,4,29.5,9.833333333333334,3,38.9998,9.74995,4,32.772690909090905,38.9998,28.0,4.227037218065283,5.166599999999999,7,6.571428571428571,0,26-35,Sports
Bonner Bolton,Sharna Burgess,Athlete,Texas,United States,29,24,Eliminated Week 8,5,6.0,5.0,5.0,6.0,8.0,5.0,8.0,7.0,6.0,6.0,6.0,6.0,8.0,8.0,8.0,8.0,7.0,8.0,8.0,7.0,8.0,8.5,7.5,7.5,7.5,7.5,8.5,7.5,7.5,7.0,7.5,7.0,,,,,,,,,,,,,8.0,,8.0,22.0,5.5,4,28.0,7.0,4,24.0,6.0,4,32.0,8.0,4,30.0,7.5,4,31.5,7.875,4,31.0,7.75,4,29.0,7.25,4,,,0,,,0,,,0,28.4375,32.0,22.0,3.6394416761758546,5.833333333333332,8,6.0,1,26-35,Sports
Derek Fisher,Sharna Burgess,Athlete,Arkansas,United States,43,25,Eliminated Week 4,11,6.0,6.0,6.0,,6.5,6.0,6.5,,7.0,7.0,7.0,,7.0,8.0,8.0,,,,,,,,,,,,,,,,,,,,,,,,,,,,,,4.0,,4.0,18.0,6.0,3,19.0,6.333333333333333,3,21.0,7.0,3,23.0,7.666666666666667,3,,,0,,,0,,,0,,,0,,,0,,,0,,,0,20.25,23.0,18.0,2.217355782608345,1.6666666666666679,9,5.888888888888889,1,36-45,Sports
Josh Norman,Sharna Burgess,Athlete,South Carolina,United States,30,26,2nd Place,2,8.0,8.0,8.0,,7.5,8.0,8.0,8.0,9.5,9.5,9.5,9.5,9.5,9.5,9.5,,,,,,,,,,,,,,,,,,,,,,,,,,,,,,,2.0,4.0,24.0,8.0,3,31.5,7.875,4,38.0,9.5,4,28.5,9.5,3,,,0,,,0,,,0,,,0,,,0,,,0,,,0,30.5,38.0,24.0,5.873670062235365,1.4999999999999964,10,6.4,1,26-35,Sports
Bobby Bones,Sharna Burgess,Radio Personality,Arkansas,United States,38,27,1st Place,1,7.0,6.0,7.0,,7.0,6.0,6.5,,8.0,7.0,8.0,,7.0,6.0,7.0,,7.0,7.0,7.0,,8.0,7.0,7.0,,9.0,8.5,9.0,,7.5,7.5,7.5,,9.0,9.0,9.0,,,,,,,,,,,1.0,9.0,20.0,6.666666666666667,3,19.5,6.5,3,23.0,7.666666666666667,3,20.0,6.666666666666667,3,21.0,7.0,3,22.0,7.333333333333333,3,26.5,8.833333333333334,3,22.5,7.5,3,27.0,9.0,3,,,0,,,0,22.38888888888889,27.0,19.5,2.7474735869724225,4.5,11,6.0,1,36-45,Media
Jesse Metcalfe,Sharna Burgess,Actor/Actress,California,United States,41,29,Eliminated Week 5,12,6.0,6.0,6.0,,7.0,7.0,6.0,,7.0,6.0,7.0,,7.0,7.0,7.0,,7.0,6.0,6.0,,,,,,,,,,,,,,,,,,,,,,,,,,5.0,,5.0,18.0,6.0,3,20.0,6.666666666666667,3,20.0,6.666666666666667,3,21.0,7.0,3,19.0,6.333333333333333,3,,,0,,,0,,,0,,,0,,,0,,,0,19.6,21.0,18.0,1.140175425099138,0.6666666666666679,12,5.583333333333333,1,36-45,Entertainment
Brian Austin Green,Sharna Burgess,Actor/Actress,California,United States,48,30,Eliminated Week 4,13,6.0,6.0,6.0,6.0,6.0,5.0,6.0,6.0,7.0,6.0,6.0,,6.5,6.0,7.0,6.5,,,,,,,,,,,,,,,,,,,,,,,,,,,,,4.0,,4.0,24.0,6.0,4,23.0,5.75,4,19.0,6.333333333333333,3,26.0,6.5,4,,,0,,,0,,,0,,,0,,,0,,,0,,,0,23.0,26.0,19.0,2.943920288775949,0.6666666666666679,13,6.076923076923077,1,46-55,Entertainment
Stacy Keibler,Tony Dovolani,Athlete,Maryland,United States,26,2,3rd Place,3,8.0,6.0,8.0,,9.0,10.0,10.0,,9.0,9.0,9.0,,8.0,9.0,9.0,,10.0,10.0,10.0,,10.0,10.0,10.0,,9.0,9.0,9.5,,9.3333,9.6666,9.6666,,,,,,,,,,,,,,,3.0,8.0,22.0,7.333333333333333,3,29.0,9.666666666666666,3,27.0,9.0,3,26.0,8.666666666666666,3,30.0,10.0,3,30.0,10.0,3,27.5,9.166666666666666,3,28.6665,9.5555,3,,,0,,,0,,,0,27.520812499999998,30.0,22.0,2.641894800780844,2.7221666666666664,0,6.814726840855107,1,26-35,Sports
Sara Evans,Tony Dovolani,Singer/Rapper,Missouri,United States,35,3,Withdrew,6,5.0,5.0,5.0,,7.0,7.0,7.0,,8.0,9.0,8.0,,6.0,7.0,7.0,,8.0,8.0,8.0,,,,,,,,,,,,,,,,,,,,,,,,,,-1.0,,5.0,15.0,5.0,3,21.0,7.0,3,25.0,8.333333333333334,3,20.0,6.666666666666667,3,24.0,8.0,3,,,0,,,0,,,0,,,0,,,0,,,0,21.0,25.0,15.0,3.9370039370059056,2.666666666666668,1,3.0,1,26-35,Entertainment
Leeza Gibbons,Tony Dovolani,TV Personality,South Carolina,United States,50,4,Eliminated Week 4,9,5.0,5.0,5.0,,7.0,7.0,7.0,,8.0,8.0,8.0,,6.0,5.0,5.0,,,,,,,,,,,,,,,,,,,,,,,,,,,,,,4.0,,4.0,15.0,5.0,3,21.0,7.0,3,24.0,8.0,3,16.0,5.333333333333333,3,,,0,,,0,,,0,,,0,,,0,,,0,,,0,19.0,24.0,15.0,4.242640687119285,0.33333333333333215,2,4.5,1,46-55,Media
Jane Seymour,Tony Dovolani,Actor/Actress,Unknown,England,56,5,Eliminated Week 7,6,8.0,8.0,8.0,,7.0,7.0,7.0,,9.0,9.0,9.0,,8.0,9.0,9.0,,8.0,9.0,9.0,,8.0,7.0,7.0,,8.0,8.5,8.5,,,,,,,,,,,,,,,,,,7.0,,7.0,24.0,8.0,3,21.0,7.0,3,27.0,9.0,3,26.0,8.666666666666666,3,26.0,8.666666666666666,3,22.0,7.333333333333333,3,25.0,8.333333333333334,3,,,0,,,0,,,0,,,0,24.428571428571427,27.0,21.0,2.2253945610567474,0.33333333333333215,3,6.0,0,>55,Entertainment
Marissa Jaret Winokur,Tony Dovolani,Actor/Actress,New York,United States,35,6,Eliminated Week 9,4,6.0,6.0,6.0,,7.0,7.0,7.0,,6.0,7.0,6.0,,8.0,8.0,8.0,,8.0,8.0,8.0,,9.0,8.0,9.0,,9.0,8.5,8.5,,8.5,8.0,8.5,,8.5,9.0,8.5,,,,,,,,,,9.0,,9.0,18.0,6.0,3,21.0,7.0,3,19.0,6.333333333333333,3,24.0,8.0,3,24.0,8.0,3,26.0,8.666666666666666,3,26.0,8.666666666666666,3,25.0,8.333333333333334,3,26.0,8.666666666666666,3,,,0,,,0,23.22222222222222,26.0,18.0,3.1135902820449006,6.333333333333336,4,6.0,1,26-35,Entertainment
Susan Lucci,Tony Dovolani,Actor/Actress,New York,United States,61,7,Eliminated Week 7,6,6.0,6.0,6.5,,7.0,7.0,7.0,,7.0,7.0,7.0,,8.0,8.0,8.0,,7.0,7.0,8.0,,8.0,8.0,7.0,,8.0,8.0,8.0,,,,,,,,,,,,,,,,,,7.0,,7.0,18.5,6.166666666666667,3,21.0,7.0,3,21.0,7.0,3,24.0,8.0,3,22.0,7.333333333333333,3,23.0,7.666666666666667,3,24.0,8.0,3,,,0,,,0,,,0,,,0,21.928571428571427,24.0,18.5,1.966989481173608,2.833333333333332,5,5.6,1,>55,Entertainment
Melissa Rycroft,Tony Dovolani,TV Personality,Texas,United States,26,8,3rd Place,3,8.0,7.0,8.0,,9.0,8.0,9.0,,9.0,9.0,9.0,,10.0,9.0,10.0,,8.0,8.0,9.0,,9.0,9.0,9.0,,10.0,9.0,10.0,,7.5,7.5,8.0,,9.5,9.5,9.5,,9.0,9.5,9.0,,9.5,9.5,9.5,,,3.0,11.0,23.0,7.666666666666667,3,26.0,8.666666666666666,3,27.0,9.0,3,29.0,9.666666666666666,3,25.0,8.333333333333334,3,27.0,9.0,3,29.0,9.666666666666666,3,23.0,7.666666666666667,3,28.5,9.5,3,27.5,9.166666666666666,3,28.5,9.5,3,26.681818181818183,29.0,23.0,2.2053653583105826,2.8333333333333357,6,5.666666666666667,1,26-35,Media
Kathy Ireland,Tony Dovolani,Model,California,United States,46,9,Eliminated Week 2,14,7.3333,6.3333,6.3333,,6.0,6.0,6.0,,,,,,,,,,,,,,,,,,,,,,,,,,,,,,,,,,,,,,2.0,,2.0,19.9999,6.666633333333333,3,18.0,6.0,3,,,0,,,0,,,0,,,0,,,0,,,0,,,0,,,0,,,0,18.99995,19.9999,18.0,1.4141428516949766,,7,5.285714285714286,1,46-55,Model
Kate Gosselin,Tony Dovolani,TV Personality,Pennsylvania,United States,35,10,Eliminated Week 5,8,6.0,5.0,5.0,,5.0,5.0,5.0,,5.0,5.0,5.0,,5.0,5.5,5.5,,5.0,5.0,5.0,,,,,,,,,,,,,,,,,,,,,,,,,,5.0,,5.0,16.0,5.333333333333333,3,15.0,5.0,3,15.0,5.0,3,16.0,5.333333333333333,3,15.0,5.0,3,,,0,,,0,,,0,,,0,,,0,,,0,15.4,16.0,15.0,0.5477225575051662,0.0,8,6.375,1,26-35,Media
Audrina Patridge,Tony Dovolani,TV Personality,California,United States,25,11,Eliminated Week 6,7,6.0,7.0,6.0,,8.0,8.0,7.0,,8.0,9.0,9.0,,8.0,7.5,7.5,,7.0,8.0,8.0,,10.6666,10.6666,10.6666,,,,,,,,,,,,,,,,,,,,,,6.0,,6.0,19.0,6.333333333333333,3,23.0,7.666666666666667,3,26.0,8.666666666666666,3,23.0,7.666666666666667,3,23.0,7.666666666666667,3,31.9998,10.6666,3,,,0,,,0,,,0,,,0,,,0,24.333299999999998,31.9998,19.0,4.36646920749477,3.3332666666666633,9,6.555555555555555,1,≤25,Media
Wendy Williams,Tony Dovolani,TV Personality,New Jersey,United States,46,12,Eliminated Week 3,10,5.0,4.0,5.0,,6.0,5.0,6.0,,5.0,5.0,5.0,,,,,,,,,,,,,,,,,,,,,,,,,,,,,,,,,,3.0,,3.0,14.0,4.666666666666667,3,17.0,5.666666666666667,3,15.0,5.0,3,,,0,,,0,,,0,,,0,,,0,,,0,,,0,,,0,15.333333333333334,17.0,14.0,1.5275252316519468,,10,6.6,1,46-55,Media
Chynna Phillips,Tony Dovolani,Singer/Rapper,California,United States,43,13,Eliminated Week 4,9,8.0,7.0,7.0,,7.0,7.0,7.0,,8.0,9.0,9.0,,7.0,7.0,7.0,,,,,,,,,,,,,,,,,,,,,,,,,,,,,,4.0,,4.0,22.0,7.333333333333333,3,21.0,7.0,3,26.0,8.666666666666666,3,21.0,7.0,3,,,0,,,0,,,0,,,0,,,0,,,0,,,0,22.5,26.0,21.0,2.3804761428476167,-0.33333333333333215,11,6.909090909090909,1,36-45,Entertainment
Martina Navratilova,Tony Dovolani,Athlete,Unknown,Czechoslovakia,55,14,Eliminated Week 2,12,7.0,6.0,7.0,,6.0,5.0,6.0,,,,,,,,,,,,,,,,,,,,,,,,,,,,,,,,,,,,,,2.0,,2.0,20.0,6.666666666666667,3,17.0,5.666666666666667,3,,,0,,,0,,,0,,,0,,,0,,,0,,,0,,,0,,,0,18.5,20.0,17.0,2.1213203435596424,,12,7.083333333333333,0,46-55,Sports
Melissa Rycroft,Tony Dovolani,TV Personality,Texas,United States,29,15,1st Place,1,7.0,7.0,7.0,,8.0,8.0,7.5,,9.0,9.0,9.0,,9.0,9.0,9.5,9.5,9.25,9.5,9.5,,9.5,10.0,10.0,,13.3333,12.8333,12.8333,,10.0,10.0,10.0,,9.5,9.7777,9.5,,9.7777,9.7777,9.7777,,,,,,,1.0,10.0,21.0,7.0,3,23.5,7.833333333333333,3,27.0,9.0,3,37.0,9.25,4,28.25,9.416666666666666,3,29.5,9.833333333333334,3,38.9999,12.999966666666666,3,30.0,10.0,3,28.7777,9.592566666666666,3,29.333099999999998,9.7777,3,,,0,29.33607,38.9999,21.0,5.406697929019769,5.536933333333334,13,7.461538461538462,1,26-35,Media
Wynonna Judd,Tony Dovolani,Singer/Rapper,Kentucky,United States,48,16,Eliminated Week 3,11,6.0,6.0,6.0,,6.0,6.0,6.0,,5.0,5.0,5.0,,,,,,,,,,,,,,,,,,,,,,,,,,,,,,,,,,3.0,,3.0,18.0,6.0,3,18.0,6.0,3,15.0,5.0,3,,,0,,,0,,,0,,,0,,,0,,,0,,,0,,,0,17.0,18.0,15.0,1.7320508075688772,,14,7.0,1,46-55,Entertainment
Leah Remini,Tony Dovolani,Actor/Actress,New York,United States,43,17,Eliminated Week 10,5,7.0,7.0,7.0,,8.0,8.0,8.0,,8.0,8.0,8.0,,8.0,8.0,8.0,,7.0,7.0,8.0,,9.3333,9.3333,9.3333,,9.0,8.5,9.0,,9.0,10.0,9.0,,9.0,9.0,9.0,,8.0,8.0,8.0,8.5,,,,,10.0,,10.0,21.0,7.0,3,24.0,8.0,3,24.0,8.0,3,24.0,8.0,3,22.0,7.333333333333333,3,27.999899999999997,9.3333,3,26.5,8.833333333333334,3,28.0,9.333333333333334,3,27.0,9.0,3,32.5,8.125,4,,,0,25.699990000000003,32.5,21.0,3.3927953078545716,6.166666666666668,15,7.266666666666667,1,36-45,Entertainment
NeNe Leakes,Tony Dovolani,TV Personality,New York,United States,46,18,Eliminated Week 7,7,7.0,7.0,7.0,,7.0,7.0,7.0,,8.0,7.0,8.0,8.0,8.0,8.0,8.0,8.0,9.0,9.0,9.0,9.0,8.0,9.0,8.0,8.0,8.0,9.0,7.5,8.5,,,,,,,,,,,,,,,,,7.0,,7.0,21.0,7.0,3,21.0,7.0,3,31.0,7.75,4,32.0,8.0,4,36.0,9.0,4,33.0,8.25,4,33.0,8.25,4,,,0,,,0,,,0,,,0,29.571428571428573,36.0,21.0,6.051367417290709,9.666666666666668,16,7.125,1,46-55,Media
Betsey Johnson,Tony Dovolani,Fashion Designer,Connecticut,United States,72,19,Eliminated Week 4,10,5.0,5.0,5.0,5.0,7.0,7.0,7.0,7.0,7.0,9.0,6.0,7.0,8.0,7.0,7.0,7.0,,,,,,,,,,,,,,,,,,,,,,,,,,,,,4.0,,4.0,20.0,5.0,4,28.0,7.0,4,29.0,7.25,4,29.0,7.25,4,,,0,,,0,,,0,,,0,,,0,,,0,,,0,26.5,29.0,20.0,4.358898943540674,3.0,17,7.117647058823529,1,>55,Other
Suzanne Somers,Tony Dovolani,Actor/Actress,California,United States,68,20,Eliminated Week 5,9,6.0,6.0,6.0,7.0,7.0,7.0,7.0,7.0,6.0,6.0,6.0,7.0,7.0,7.0,7.0,7.0,7.0,7.0,7.0,7.0,,,,,,,,,,,,,,,,,,,,,,,,,5.0,,5.0,25.0,6.25,4,28.0,7.0,4,25.0,6.25,4,28.0,7.0,4,28.0,7.0,4,,,0,,,0,,,0,,,0,,,0,,,0,26.8,28.0,25.0,1.6431676725154982,1.0,18,7.277777777777778,1,>55,Entertainment
Kim Zolciak-Biermann,Tony Dovolani,TV Personality,Florida,United States,37,21,Withdrew,11,4.0,4.0,4.0,,6.5,6.0,6.0,,,,,,,,,,,,,,,,,,,,,,,,,,,,,,,,,,,,,,-1.0,,2.0,12.0,4.0,3,18.5,6.166666666666667,3,,,0,,,0,,,0,,,0,,,0,,,0,,,0,,,0,,,0,15.25,18.5,12.0,4.596194077712559,,19,7.368421052631579,1,36-45,Media
Marla Maples,Tony Dovolani,TV Personality,Georgia,United States,52,22,Eliminated Week 4,10,7.0,7.0,7.0,,7.0,6.0,7.0,,7.0,7.0,7.0,,7.0,7.0,7.0,7.0,,,,,,,,,,,,,,,,,,,,,,,,,,,,,4.0,,4.0,21.0,7.0,3,20.0,6.666666666666667,3,21.0,7.0,3,28.0,7.0,4,,,0,,,0,,,0,,,0,,,0,,,0,,,0,22.5,28.0,20.0,3.696845502136472,2.333333333333332,20,7.55,1,46-55,Media
Nancy Grace,Tristan MacManus,TV Personality,Georgia,United States,51,13,Eliminated Week 8,5,5.0,5.0,6.0,,6.0,8.0,7.0,,7.0,7.0,7.0,,7.0,7.0,7.0,,7.0,7.0,8.0,,9.0,7.0,8.0,,7.5,7.0,7.5,,7.5,7.0,7.5,,,,,,,,,,,,,,8.0,,8.0,16.0,5.333333333333333,3,21.0,7.0,3,21.0,7.0,3,21.0,7.0,3,22.0,7.333333333333333,3,24.0,8.0,3,22.0,7.333333333333333,3,22.0,7.333333333333333,3,,,0,,,0,,,0,21.125,24.0,16.0,2.295181287579947,3.3333333333333357,0,6.814726840855107,1,46-55,Media
Gladys Knight,Tristan MacManus,Singer/Rapper,Georgia,United States,67,14,Eliminated Week 6,8,8.0,7.0,8.0,,7.0,5.0,7.0,,8.0,8.0,8.0,,7.0,6.0,7.0,,7.0,7.0,8.0,,8.0,8.0,8.0,,,,,,,,,,,,,,,,,,,,,,6.0,,6.0,23.0,7.666666666666667,3,19.0,6.333333333333333,3,24.0,8.0,3,20.0,6.666666666666667,3,22.0,7.333333333333333,3,24.0,8.0,3,,,0,,,0,,,0,,,0,,,0,22.0,24.0,19.0,2.0976176963403033,0.0,1,5.0,1,>55,Entertainment
Pamela Anderson,Tristan MacManus,Model,Unknown,Canada,45,15,Eliminated Week 1,13,5.5,5.5,6.0,,,,,,,,,,,,,,,,,,,,,,,,,,,,,,,,,,,,,,,,,,1.0,,1.0,17.0,5.666666666666667,3,,,0,,,0,,,0,,,0,,,0,,,0,,,0,,,0,,,0,,,0,17.0,17.0,17.0,,,2,6.5,0,36-45,Model
Dorothy Hamill,Tristan MacManus,Athlete,Illinois,United States,56,16,Withdrew,12,7.0,7.0,7.0,,5.0,5.0,5.0,,,,,,,,,,,,,,,,,,,,,,,,,,,,,,,,,,,,,,-1.0,,2.0,21.0,7.0,3,15.0,5.0,3,,,0,,,0,,,0,,,0,,,0,,,0,,,0,,,0,,,0,18.0,21.0,15.0,4.242640687119285,,3,8.666666666666666,1,>55,Sports
Valerie Harper,Tristan MacManus,Actor/Actress,New York,United States,74,17,Eliminated Week 4,10,7.0,7.0,7.0,,6.0,6.0,7.0,,6.0,5.0,5.0,,6.0,6.0,6.0,,,,,,,,,,,,,,,,,,,,,,,,,,,,,,4.0,,4.0,21.0,7.0,3,19.0,6.333333333333333,3,16.0,5.333333333333333,3,18.0,6.0,3,,,0,,,0,,,0,,,0,,,0,,,0,,,0,18.5,21.0,16.0,2.0816659994661326,-1.0,4,9.5,1,>55,Entertainment
Bill Nye,Tyne Stecklein,TV Personality,Washington D.C.,United States,57,17,Eliminated Week 3,11,5.0,4.0,5.0,,6.0,5.0,6.0,,6.0,5.0,5.0,,,,,,,,,,,,,,,,,,,,,,,,,,,,,,,,,,3.0,,3.0,14.0,4.666666666666667,3,17.0,5.666666666666667,3,16.0,5.333333333333333,3,,,0,,,0,,,0,,,0,,,0,,,0,,,0,,,0,15.666666666666666,17.0,14.0,1.5275252316519468,,0,6.814726840855107,1,>55,Media
Phaedra Parks,Val Chmerkovskiy,TV Personality,Georgia,United States,51,33,Eliminated Week 5,8,7.0,6.0,6.0,,7.0,7.0,7.0,,7.5,7.5,6.0,7.0,8.0,8.0,8.0,8.0,8.0,8.0,8.0,,,,,,,,,,,,,,,,,,,,,,,,,,5.0,,5.0,19.0,6.333333333333333,3,21.0,7.0,3,28.0,7.0,4,32.0,8.0,4,24.0,8.0,3,,,0,,,0,,,0,,,0,,,0,,,0,24.8,32.0,19.0,5.263078946776307,5.333333333333332,0,6.814726840855107,1,46-55,Media
Alix Earle,Val Chmerkovskiy (Joey Graziadei week 9),Social Media Personality,Florida,United States,24,34,2nd Place,2,7.0,6.0,,,7.0,7.0,7.0,,8.0,7.0,8.0,,8.0,8.0,8.0,,8.0,9.0,9.0,9.0,9.0,9.0,8.0,9.0,11.0,11.0,10.0,11.0,9.5,10.0,9.5,9.5,10.0,10.0,10.0,10.0,9.5,10.0,9.5,,10.0,10.0,10.0,,,2.0,11.0,13.0,6.5,2,21.0,7.0,3,23.0,7.666666666666667,3,24.0,8.0,3,35.0,8.75,4,35.0,8.75,4,43.0,10.75,4,38.5,9.625,4,40.0,10.0,4,29.0,9.666666666666666,3,30.0,10.0,3,30.136363636363637,43.0,13.0,9.203507236621562,14.0,0,6.814726840855107,1,≤25,Media
Elisabetta Canalis,Valentin Chmerkovskiy,Actor/Actress,Unknown,Italy,33,13,Eliminated Week 2,11,5.0,5.0,5.0,,7.0,7.0,7.0,,,,,,,,,,,,,,,,,,,,,,,,,,,,,,,,,,,,,,2.0,,2.0,15.0,5.0,3,21.0,7.0,3,,,0,,,0,,,0,,,0,,,0,,,0,,,0,,,0,,,0,18.0,21.0,15.0,4.242640687119285,,0,6.814726840855107,0,26-35,Entertainment
Sherri Sheperd,Valentin Chmerkovskiy,Actor/Actress,Illinois,United States,44,14,Eliminated Week 4,10,8.0,7.0,8.0,,8.0,7.0,8.0,,8.0,8.0,8.0,,7.0,7.0,7.0,,,,,,,,,,,,,,,,,,,,,,,,,,,,,,4.0,,4.0,23.0,7.666666666666667,3,23.0,7.666666666666667,3,24.0,8.0,3,21.0,7.0,3,,,0,,,0,,,0,,,0,,,0,,,0,,,0,22.75,24.0,21.0,1.2583057392117916,-0.6666666666666643,1,11.0,1,36-45,Entertainment
Kelly Monaco,Valentin Chmerkovskiy,Actor/Actress,Pennsylvania,United States,36,15,3rd Place,3,7.0,7.0,7.5,,7.5,7.0,7.5,,9.0,9.0,9.0,,9.0,9.5,9.5,9.5,8.5,8.5,8.75,,9.0,9.0,9.0,,12.0,12.0,12.0,,9.5,9.3333,9.5,,8.7777,9.3333,9.0,,9.6666,9.6666,9.7777,,,,,,,3.0,10.0,21.5,7.166666666666667,3,22.0,7.333333333333333,3,27.0,9.0,3,37.5,9.375,4,25.75,8.583333333333334,3,27.0,9.0,3,36.0,12.0,3,28.3333,9.444433333333334,3,27.110999999999997,9.036999999999999,3,29.1109,9.703633333333334,3,,,0,28.13052,37.5,21.5,5.180386665062325,4.685066666666668,2,10.5,1,36-45,Entertainment
Zendaya,Valentin Chmerkovskiy,Actor/Actress,California,United States,16,16,2nd Place,2,8.0,8.0,8.0,,9.0,8.0,9.0,,8.6666,8.6666,8.6666,,9.0,8.0,9.0,,10.0,9.0,10.0,,8.5,8.5,8.5,,10.0,10.0,10.0,,9.5,10.0,9.5,,9.0,9.0,9.5,,10.0,10.0,10.0,,,,,,,2.0,10.0,24.0,8.0,3,26.0,8.666666666666666,3,25.9998,8.6666,3,26.0,8.666666666666666,3,29.0,9.666666666666666,3,25.5,8.5,3,30.0,10.0,3,29.0,9.666666666666666,3,27.5,9.166666666666666,3,30.0,10.0,3,,,0,27.299979999999998,30.0,24.0,2.097631469485948,3.500066666666669,3,8.0,1,≤25,Entertainment
Elizabeth Berkley Lauren,Valentin Chmerkovskiy,Actor/Actress,Michigan,United States,39,17,Eliminated Week 9,6,8.0,8.0,8.0,,8.0,9.0,8.0,,8.0,9.0,8.0,,9.0,9.0,9.0,,8.0,9.0,9.0,,10.6666,10.6666,10.6666,,9.0,9.0,9.0,,8.0,9.0,8.0,,9.5,9.0,9.5,,,,,,,,,,9.0,,9.0,24.0,8.0,3,25.0,8.333333333333334,3,25.0,8.333333333333334,3,27.0,9.0,3,26.0,8.666666666666666,3,31.9998,10.6666,3,27.0,9.0,3,25.0,8.333333333333334,3,28.0,9.333333333333334,3,,,0,,,0,26.555533333333333,31.9998,24.0,2.4036442249218166,2.0,4,6.5,1,36-45,Entertainment
Danica McKellar,Valentin Chmerkovskiy,Actor/Actress,California,United States,39,18,Eliminated Week 8,6,8.0,8.0,8.0,,8.0,8.0,8.0,,9.0,9.0,9.0,9.0,8.0,8.0,8.0,8.0,10.0,9.0,10.0,10.0,9.0,9.0,9.0,9.0,9.0,9.5,8.5,9.0,10.0,9.0,9.0,10.0,,,,,,,,,,,,,8.0,,8.0,24.0,8.0,3,24.0,8.0,3,36.0,9.0,4,32.0,8.0,4,39.0,9.75,4,36.0,9.0,4,36.0,9.0,4,38.0,9.5,4,,,0,,,0,,,0,33.125,39.0,24.0,5.986592162013855,8.666666666666664,5,6.4,1,36-45,Entertainment
Janel Parrish,Valentin Chmerkovskiy,Actor/Actress,Hawaii,United States,25,19,3rd Place,3,7.0,7.0,7.0,8.0,9.0,8.0,8.0,9.0,10.0,10.0,10.0,10.0,9.0,9.0,9.0,9.0,8.0,8.0,8.0,9.0,8.0,7.0,9.0,9.0,8.5,8.0,8.5,8.5,10.75,10.75,10.75,10.75,9.5,9.5,10.0,9.5,9.5,9.5,10.0,10.0,9.6666,10.0,9.6666,9.6666,,3.0,11.0,29.0,7.25,4,34.0,8.5,4,40.0,10.0,4,36.0,9.0,4,33.0,8.25,4,33.0,8.25,4,33.5,8.375,4,43.0,10.75,4,38.5,9.625,4,39.0,9.75,4,38.99980000000001,9.749950000000002,4,36.1818,43.0,29.0,4.07596904306203,4.499933333333331,6,6.333333333333333,1,≤25,Entertainment
Rumer Willis,Valentin Chmerkovskiy,Actor/Actress,Kentucky,United States,26,20,1st Place,1,8.0,8.0,8.0,8.0,8.0,8.0,8.0,8.0,8.0,9.0,8.0,8.0,9.0,8.0,9.0,9.0,10.0,9.0,10.0,10.0,9.0,8.5,8.5,9.5,8.5,9.5,9.5,9.5,10.0,10.0,10.0,10.0,10.0,9.5,9.5,10.0,10.0,10.0,10.0,10.0,,,,,,1.0,10.0,32.0,8.0,4,32.0,8.0,4,33.0,8.25,4,35.0,8.75,4,39.0,9.75,4,35.5,8.875,4,37.0,9.25,4,40.0,10.0,4,39.0,9.75,4,40.0,10.0,4,,,0,36.25,40.0,32.0,3.2080627591533597,7.333333333333329,7,5.857142857142857,1,26-35,Entertainment
Tamar Braxton,Valentin Chmerkovskiy,Singer/Rapper,Maryland,United States,38,21,Withdrew,5,8.0,7.0,8.0,,8.0,8.0,8.5,,8.0,9.0,8.0,8.0,9.0,9.0,9.0,,7.0,7.0,8.0,7.0,10.0,10.0,10.0,10.0,9.0,9.0,9.0,,9.0,9.0,10.0,,8.5,8.0,8.0,,,,,,,,,,-1.0,,9.0,23.0,7.666666666666667,3,24.5,8.166666666666666,3,33.0,8.25,4,27.0,9.0,3,29.0,7.25,4,40.0,10.0,4,27.0,9.0,3,28.0,9.333333333333334,3,24.5,8.166666666666666,3,,,0,,,0,28.444444444444443,40.0,23.0,5.240732561176708,-0.33333333333333215,8,5.25,1,36-45,Entertainment
Ginger Zee,Valentin Chmerkovskiy,News Anchor,California,United States,35,22,3rd Place,3,8.0,7.0,8.0,,7.0,7.0,7.0,,7.0,7.0,7.0,,9.0,9.0,9.0,9.0,8.0,8.0,8.0,8.0,8.0,8.0,8.0,,9.0,9.0,9.5,,10.0,10.0,10.0,,9.0,9.5,9.5,,9.3333,9.6666,9.3333,,,,,,,3.0,10.0,23.0,7.666666666666667,3,21.0,7.0,3,21.0,7.0,3,36.0,9.0,4,32.0,8.0,4,24.0,8.0,3,27.5,9.166666666666666,3,30.0,10.0,3,28.0,9.333333333333334,3,28.333199999999998,9.4444,3,,,0,27.083319999999997,36.0,21.0,4.887148680365679,7.111066666666666,9,5.222222222222222,1,26-35,Media
Laurie Hernandez,Valentin Chmerkovskiy,Athlete,New Jersey,United States,16,23,1st Place,1,8.0,8.0,7.0,8.0,8.0,8.0,8.0,8.0,7.0,8.0,8.0,8.0,10.0,10.0,10.0,,8.0,9.0,8.0,,9.0,9.0,9.0,10.0,8.0,8.5,9.0,9.0,11.0,11.0,11.0,,10.0,10.0,10.0,10.0,10.0,10.0,10.0,,9.6666,10.0,9.6666,10.0,,1.0,11.0,31.0,7.75,4,32.0,8.0,4,31.0,7.75,4,30.0,10.0,3,25.0,8.333333333333334,3,37.0,9.25,4,34.5,8.625,4,33.0,11.0,3,40.0,10.0,4,30.0,10.0,3,39.333200000000005,9.833300000000001,4,32.98483636363637,40.0,25.0,4.453727573005051,5.1110666666666695,10,5.0,1,≤25,Sports
Normani,Valentin Chmerkovskiy,Singer/Rapper,Georgia,United States,20,24,3rd Place,3,7.0,6.0,7.0,7.0,8.0,8.0,8.0,8.0,8.0,8.0,9.0,9.0,8.0,7.0,8.0,9.0,10.0,9.0,10.0,10.0,9.0,9.5,8.0,9.5,10.5,10.5,10.5,10.5,10.0,9.5,10.0,10.0,9.5,9.5,9.5,9.5,10.0,9.6666,9.6666,10.0,,,,,,3.0,10.0,27.0,6.75,4,32.0,8.0,4,34.0,8.5,4,32.0,8.0,4,39.0,9.75,4,36.0,9.0,4,42.0,10.5,4,39.5,9.875,4,38.0,9.5,4,39.333200000000005,9.833300000000001,4,,,0,35.883320000000005,42.0,27.0,4.585291460698606,7.944400000000002,11,4.636363636363637,1,≤25,Entertainment
Victoria Arlen,Valentin Chmerkovskiy,Athlete,New Hamshire,United States,22,25,Eliminated Week 9,5,7.0,6.0,6.0,,7.5,7.0,7.5,,8.0,7.0,7.0,,9.0,9.0,9.0,,9.0,9.0,9.0,,8.0,8.0,7.0,8.0,9.5,9.5,9.5,,8.0,8.0,8.0,,9.0,9.5,9.5,,,,,,,,,,9.0,,9.0,19.0,6.333333333333333,3,22.0,7.333333333333333,3,22.0,7.333333333333333,3,27.0,9.0,3,27.0,9.0,3,31.0,7.75,4,28.5,9.5,3,24.0,8.0,3,28.0,9.333333333333334,3,,,0,,,0,25.38888888888889,31.0,19.0,3.8550111687401256,5.833333333333332,12,4.5,1,≤25,Sports
Nancy McKeon,Valentin Chmerkovskiy,Actor/Actress,New York,United States,52,27,Eliminated Week 3,11,6.5,6.5,6.5,,7.0,6.5,7.0,,8.0,7.0,7.0,,,,,,,,,,,,,,,,,,,,,,,,,,,,,,,,,,3.0,,3.0,19.5,6.5,3,20.5,6.833333333333333,3,22.0,7.333333333333333,3,,,0,,,0,,,0,,,0,,,0,,,0,,,0,,,0,20.666666666666668,22.0,19.5,1.2583057392117916,,13,4.538461538461538,1,46-55,Entertainment
Sailor Brinkley-Cook,Valentin Chmerkovskiy,Model,New York,United States,21,28,Eliminated Week 6,9,6.0,6.0,6.0,,6.0,6.0,6.0,,7.0,8.0,8.0,,7.0,8.0,8.0,8.0,8.0,8.0,8.0,,9.0,9.0,9.0,,,,,,,,,,,,,,,,,,,,,,6.0,,6.0,18.0,6.0,3,18.0,6.0,3,23.0,7.666666666666667,3,31.0,7.75,4,24.0,8.0,3,27.0,9.0,3,,,0,,,0,,,0,,,0,,,0,23.5,31.0,18.0,5.089204259999788,7.666666666666664,14,5.0,1,≤25,Model
Monica Aldama,Valentin Chmerkovskiy,TV Personality,Alabama,United States,48,29,Eliminated Week 7,10,6.0,7.0,6.0,,5.0,6.0,5.0,,7.0,7.0,7.0,,8.0,8.0,8.0,,9.0,9.0,8.0,,9.0,9.0,9.0,,7.0,8.0,7.0,,,,,,,,,,,,,,,,,,7.0,,7.0,19.0,6.333333333333333,3,16.0,5.333333333333333,3,21.0,7.0,3,24.0,8.0,3,26.0,8.666666666666666,3,27.0,9.0,3,22.0,7.333333333333333,3,,,0,,,0,,,0,,,0,22.142857142857142,27.0,16.0,3.8913824205360674,6.333333333333332,15,5.266666666666667,1,46-55,Media
Olivia Jade,Valentin Chmerkovskiy,Social Media Personality,California,United States,21,30,Eliminated Week 8,8,7.0,6.0,6.0,6.0,7.0,6.0,7.0,7.0,8.0,8.0,8.0,,8.0,9.0,9.0,9.0,9.0,9.0,9.0,9.0,9.0,9.0,9.0,9.0,11.0,9.0,11.0,11.0,9.0,9.0,9.0,9.0,,,,,,,,,,,,,8.0,,8.0,25.0,6.25,4,27.0,6.75,4,24.0,8.0,3,35.0,8.75,4,36.0,9.0,4,36.0,9.0,4,42.0,10.5,4,36.0,9.0,4,,,0,,,0,,,0,32.625,42.0,24.0,6.4572771793867245,12.666666666666668,16,5.5625,1,≤25,Media
Gabby Windey,Valentin Chmerkovskiy,TV Personality,Illinois,United States,31,31,2nd Place,2,7.0,7.0,7.0,7.0,8.0,8.0,8.0,8.0,8.0,8.0,8.0,9.0,9.0,9.0,9.0,9.0,10.25,10.25,10.25,10.25,9.0,9.0,9.0,10.0,9.0,9.0,8.5,9.0,10.0,10.0,10.0,10.0,10.0,10.0,10.0,10.0,10.0,10.0,10.0,10.0,,,,,,2.0,10.0,28.0,7.0,4,32.0,8.0,4,33.0,8.25,4,36.0,9.0,4,41.0,10.25,4,37.0,9.25,4,35.5,8.875,4,40.0,10.0,4,40.0,10.0,4,40.0,10.0,4,,,0,36.25,41.0,28.0,4.250816914952283,9.0,17,5.705882352941177,1,26-35,Media
Xochitl Gomez,Valentin Chmerkovskiy,Actor/Actress,California,United States,17,32,1st Place,1,6.0,6.0,6.0,,8.0,8.0,8.0,,8.0,8.0,8.0,8.0,9.0,9.0,9.0,,9.0,10.0,9.0,,10.25,10.25,11.25,10.25,9.5,9.0,9.5,9.0,10.0,10.0,10.0,10.0,9.75,9.75,10.75,10.75,10.0,10.0,10.0,,10.0,10.0,10.0,,,1.0,11.0,18.0,6.0,3,24.0,8.0,3,32.0,8.0,4,27.0,9.0,3,28.0,9.333333333333334,3,42.0,10.5,4,37.0,9.25,4,40.0,10.0,4,41.0,10.25,4,30.0,10.0,3,30.0,10.0,3,31.727272727272727,42.0,18.0,7.603826787755086,8.999999999999996,18,5.5,1,≤25,Entertainment
Cody Simpson,Witney Carson,Singer/Rapper,Unknown,Australia,17,18,Eliminated Week 5,9,7.0,7.0,8.0,,7.0,7.0,8.0,,9.0,8.0,9.0,9.0,8.0,7.0,8.0,8.0,9.0,8.0,8.0,9.0,,,,,,,,,,,,,,,,,,,,,,,,,5.0,,5.0,22.0,7.333333333333333,3,22.0,7.333333333333333,3,35.0,8.75,4,31.0,7.75,4,34.0,8.5,4,,,0,,,0,,,0,,,0,,,0,,,0,28.8,35.0,22.0,6.379655163094632,7.0000000000000036,0,6.814726840855107,0,≤25,Entertainment
Alfonso Ribeiro,Witney Carson,Actor/Actress,New York,United States,42,19,1st Place,1,9.0,9.0,9.0,9.0,8.0,8.0,8.0,8.0,8.0,8.0,8.0,8.0,10.0,10.0,10.0,10.0,8.0,9.0,9.0,8.0,10.0,10.0,9.0,10.0,8.5,8.5,8.5,8.5,10.75,9.75,9.75,10.75,9.5,9.5,9.5,10.0,9.5,9.0,9.5,9.5,10.0,10.0,10.0,10.0,,1.0,11.0,36.0,9.0,4,32.0,8.0,4,32.0,8.0,4,40.0,10.0,4,34.0,8.5,4,39.0,9.75,4,34.0,8.5,4,41.0,10.25,4,38.5,9.625,4,37.5,9.375,4,40.0,10.0,4,36.72727272727273,41.0,32.0,3.2966925574250654,5.333333333333329,1,9.0,1,36-45,Entertainment
Chris Soules,Witney Carson,TV Personality,Iowa,United States,33,20,Eliminated Week 8,5,7.0,6.0,6.0,7.0,5.0,6.0,5.0,5.0,7.0,7.0,7.0,7.0,7.0,6.0,7.0,7.0,7.0,6.0,7.0,7.0,9.0,8.0,9.0,9.0,8.0,7.0,8.0,8.0,8.0,7.5,8.5,8.0,,,,,,,,,,,,,8.0,,8.0,26.0,6.5,4,21.0,5.25,4,28.0,7.0,4,27.0,6.75,4,27.0,6.75,4,35.0,8.75,4,31.0,7.75,4,32.0,8.0,4,,,0,,,0,,,0,28.375,35.0,21.0,4.274091382136927,7.666666666666664,2,5.0,1,26-35,Media
Carlos PenaVega,Witney Carson,Actor/Actress,Missouri,United States,26,21,Eliminated Week 11,4,8.0,8.0,7.0,,7.5,7.5,7.5,,7.0,8.0,8.0,8.0,9.0,8.0,8.0,,10.0,10.0,9.0,10.0,10.0,9.0,9.0,10.0,9.0,10.0,9.0,,9.6666,9.6666,9.6666,,9.0,9.0,9.0,,10.0,10.5,11.0,,10.0,10.0,10.0,,11.0,,11.0,23.0,7.666666666666667,3,22.5,7.5,3,31.0,7.75,4,25.0,8.333333333333334,3,39.0,9.75,4,38.0,9.5,4,28.0,9.333333333333334,3,28.9998,9.6666,3,27.0,9.0,3,31.5,10.5,3,30.0,10.0,3,29.454527272727272,39.0,22.5,5.377987119562654,4.0,3,5.0,1,26-35,Entertainment
Von Miller,Witney Carson,Athlete,Texas,United States,27,22,Eliminated Week 7,7,8.0,6.0,7.0,,7.0,6.0,7.0,,7.0,6.0,7.0,,8.0,8.0,8.0,8.0,8.0,7.0,7.0,7.0,8.0,8.0,8.0,,8.5,8.5,9.0,,,,,,,,,,,,,,,,,,7.0,,7.0,21.0,7.0,3,20.0,6.666666666666667,3,20.0,6.666666666666667,3,32.0,8.0,4,29.0,7.25,4,24.0,8.0,3,26.0,8.666666666666666,3,,,0,,,0,,,0,,,0,24.571428571428573,32.0,20.0,4.68533680244878,6.0,4,4.75,1,26-35,Sports
Vanilla Ice,Witney Carson,Singer/Rapper,Texas,United States,48,23,Eliminated Week 4,10,7.0,5.0,6.0,7.0,6.0,7.0,6.0,7.0,6.0,6.0,5.0,6.0,8.0,7.0,8.0,,,,,,,,,,,,,,,,,,,,,,,,,,,,,,4.0,,4.0,25.0,6.25,4,26.0,6.5,4,23.0,5.75,4,23.0,7.666666666666667,3,,,0,,,0,,,0,,,0,,,0,,,0,,,0,24.25,26.0,23.0,1.5,-0.6666666666666679,5,5.2,1,46-55,Entertainment
Chris Kattan,Witney Carson,Comedian,California,United States,46,24,Eliminated Week 2,12,5.0,4.0,4.0,4.0,6.0,5.0,6.0,5.0,,,,,,,,,,,,,,,,,,,,,,,,,,,,,,,,,,,,,2.0,,2.0,17.0,4.25,4,22.0,5.5,4,,,0,,,0,,,0,,,0,,,0,,,0,,,0,,,0,,,0,19.5,22.0,17.0,3.5355339059327378,,6,6.0,1,46-55,Entertainment
Frankie Muniz,Witney Carson,Actor/Actress,New Jersey,United States,31,25,3rd Place,3,7.0,6.0,6.0,,8.0,7.5,8.5,,7.0,7.0,7.0,,8.0,8.0,8.0,,10.0,9.0,10.0,,7.0,8.0,8.0,8.0,10.0,10.0,10.0,,9.0,8.5,9.0,,8.5,8.0,9.0,,9.7777,9.3333,9.7777,10.0,,,,,,3.0,10.0,19.0,6.333333333333333,3,24.0,8.0,3,21.0,7.0,3,24.0,8.0,3,29.0,9.666666666666666,3,31.0,7.75,4,30.0,10.0,3,26.5,8.833333333333334,3,25.5,8.5,3,38.8887,9.722175,4,,,0,26.888869999999997,38.8887,19.0,5.68348180569505,8.962900000000001,7,6.857142857142857,1,26-35,Entertainment
Chris Mazdzer,Witney Carson,Athlete,Massachusetts,United States,29,26,Eliminated Week 3,5,7.0,7.0,7.0,,8.5,8.5,8.0,8.0,8.0,9.0,7.0,9.0,,,,,,,,,,,,,,,,,,,,,,,,,,,,,,,,,3.0,,3.0,21.0,7.0,3,33.0,8.25,4,33.0,8.25,4,,,0,,,0,,,0,,,0,,,0,,,0,,,0,,,0,29.0,33.0,21.0,6.928203230275509,,8,6.375,1,26-35,Sports
Milo Manheim,Witney Carson,Actor/Actress,California,United States,17,27,2nd Place,2,7.0,6.0,7.0,,9.0,8.0,9.0,,9.0,9.0,9.0,,10.0,9.0,10.0,,9.0,8.0,10.0,,10.0,10.0,10.0,,10.0,9.0,10.0,,9.0,9.0,9.5,,10.0,10.0,10.0,,,,,,,,,,,2.0,9.0,20.0,6.666666666666667,3,26.0,8.666666666666666,3,27.0,9.0,3,29.0,9.666666666666666,3,27.0,9.0,3,30.0,10.0,3,29.0,9.666666666666666,3,27.5,9.166666666666666,3,30.0,10.0,3,,,0,,,0,27.27777777777778,30.0,20.0,3.073181485764296,4.5,9,6.222222222222222,1,≤25,Entertainment
Kel Mitchell,Witney Carson,Actor/Actress,Illinois,United States,41,28,2nd Place,2,6.0,5.0,5.0,,7.0,6.0,7.0,,7.0,6.0,7.0,,8.0,8.0,8.0,8.0,9.0,8.0,9.0,,9.0,8.0,9.0,,8.5,8.5,8.5,,9.6666,9.6666,10.6666,,9.0,9.0,9.5,9.5,9.5,9.5,9.5,,10.0,9.5,10.0,,,2.0,11.0,16.0,5.333333333333333,3,20.0,6.666666666666667,3,20.0,6.666666666666667,3,32.0,8.0,4,26.0,8.666666666666666,3,26.0,8.666666666666666,3,25.5,8.5,3,29.9998,9.999933333333333,3,37.0,9.25,4,28.5,9.5,3,29.5,9.833333333333334,3,26.409072727272726,37.0,16.0,6.015876117256888,13.0,10,5.8,1,36-45,Entertainment
"Mike ""The Miz"" Mizanin",Witney Carson,Athlete,Ohio,United States,40,30,Eliminated Week 7,9,6.0,6.0,6.0,6.0,7.0,5.0,7.0,7.0,7.0,7.0,8.0,,8.5,7.5,8.5,8.0,8.0,8.0,8.0,8.0,9.0,8.0,9.0,8.0,8.0,8.0,8.0,8.0,,,,,,,,,,,,,,,,,7.0,,7.0,24.0,6.0,4,26.0,6.5,4,22.0,7.333333333333333,3,32.5,8.125,4,32.0,8.0,4,34.0,8.5,4,32.0,8.0,4,,,0,,,0,,,0,,,0,28.928571428571427,34.0,22.0,4.799553550666383,8.666666666666664,11,5.454545454545454,1,36-45,Sports
Wayne Brady,Witney Carson,Comedian,Georgia,United States,50,31,3rd Place,3,7.0,7.0,7.0,8.0,8.0,8.0,8.0,8.0,8.0,8.0,8.0,9.0,9.0,9.0,9.0,9.0,10.125,10.125,10.125,10.625,8.0,9.0,8.0,9.0,9.5,9.0,9.5,10.0,11.25,11.25,11.25,11.25,9.5,9.0,9.0,9.0,9.5,9.5,9.5,9.5,,,,,,3.0,10.0,29.0,7.25,4,32.0,8.0,4,33.0,8.25,4,36.0,9.0,4,41.0,10.25,4,34.0,8.5,4,38.0,9.5,4,45.0,11.25,4,36.5,9.125,4,38.0,9.5,4,,,0,36.25,45.0,29.0,4.614289399969043,8.500000000000004,12,5.75,1,46-55,Entertainment
Danny Amendola,Witney Carson,Athlete,Texas,United States,39,33,5th Place,5,7.0,6.0,7.0,,7.0,7.0,7.0,,7.5,7.5,8.0,7.0,9.0,9.0,9.0,9.0,8.5,8.5,8.5,,10.0,9.0,9.0,,8.5,8.5,8.5,,9.0,9.0,9.0,,9.0,9.5,9.5,,,,,,,,,,,5.0,9.0,20.0,6.666666666666667,3,21.0,7.0,3,30.0,7.5,4,36.0,9.0,4,25.5,8.5,3,28.0,9.333333333333334,3,25.5,8.5,3,27.0,9.0,3,28.0,9.333333333333334,3,,,0,,,0,26.77777777777778,36.0,20.0,4.757304325397361,3.1666666666666643,13,5.538461538461538,1,36-45,Sports
Robert Irwin,Witney Carson (Xoshitl Gomez week 9),Conservationist,Unknown,Australia,22,34,1st Place,1,8.0,7.0,,,8.0,7.0,7.0,,8.0,7.0,7.0,,7.0,7.0,8.0,,8.0,9.0,9.0,9.0,9.0,9.0,9.0,9.0,10.75,9.75,9.75,10.75,9.0,9.5,10.0,9.5,10.5,10.5,10.5,10.5,10.0,9.5,10.0,,9.6666,10.0,10.0,,,1.0,11.0,15.0,7.5,2,22.0,7.333333333333333,3,22.0,7.333333333333333,3,22.0,7.333333333333333,3,35.0,8.75,4,36.0,9.0,4,41.0,10.25,4,38.0,9.5,4,42.0,10.5,4,29.5,9.833333333333334,3,29.666600000000003,9.888866666666667,3,30.196963636363638,42.0,15.0,8.982952822682831,14.055533333333333,0,6.814726840855107,0,≤25,Other
