celebrity_name,season,week,judge_total,judge_mean,judge_count,judge1_score,judge2_score,judge3_score,judge4_score,placement,elimination_week,is_elimination_week,celebrity_industry,industry_category,age,age_group,partner,partner_experience,home_country,home_state,is_us,weekly_rank,weekly_rank_pct
Debbie Gibson,25,1,17.0,5.666666666666667,3,6.0,5.0,6.0,,12,2.0,False,Singer/Rapper,Entertainment,47,46-55,Alan Bersten,0,United States,New York,1,10.0,0.7692307692307693
Debbie Gibson,25,2,20.5,6.833333333333333,3,7.0,6.5,7.0,,12,2.0,True,Singer/Rapper,Entertainment,47,46-55,Alan Bersten,0,United States,New York,1,7.0,0.5769230769230769
Mirai Nagasu,26,1,23.0,7.666666666666667,3,7.0,8.0,8.0,,4,3.0,False,Athlete,Sports,25,≤25,Alan Bersten,1,United States,California,1,3.0,0.35
Mirai Nagasu,26,2,37.0,9.25,4,9.0,10.0,9.0,9.0,4,3.0,False,Athlete,Sports,25,≤25,Alan Bersten,1,United States,California,1,1.0,0.1875
Mirai Nagasu,26,3,35.0,8.75,4,9.0,9.0,8.0,9.0,4,3.0,True,Athlete,Sports,25,≤25,Alan Bersten,1,United States,California,1,3.0,0.5833333333333334
Alexis Ren,27,1,22.0,7.333333333333333,3,7.0,7.5,7.5,,4,,False,Social Media Personality,Media,21,≤25,Alan Bersten,2,United States,California,1,3.0,0.2692307692307692
Alexis Ren,27,2,24.5,8.166666666666666,3,8.0,8.5,8.0,,4,,False,Social Media Personality,Media,21,≤25,Alan Bersten,2,United States,California,1,4.0,0.3333333333333333
Alexis Ren,27,3,26.0,8.666666666666666,3,9.0,8.0,9.0,,4,,False,Social Media Personality,Media,21,≤25,Alan Bersten,2,United States,California,1,5.0,0.5
Alexis Ren,27,4,25.0,8.333333333333334,3,8.0,8.0,9.0,,4,,False,Social Media Personality,Media,21,≤25,Alan Bersten,2,United States,California,1,4.0,0.4
Alexis Ren,27,5,29.0,9.666666666666666,3,10.0,9.0,10.0,,4,,False,Social Media Personality,Media,21,≤25,Alan Bersten,2,United States,California,1,1.0,0.16666666666666666
Alexis Ren,27,6,27.0,9.0,3,9.0,9.0,9.0,,4,,False,Social Media Personality,Media,21,≤25,Alan Bersten,2,United States,California,1,4.0,0.4444444444444444
Alexis Ren,27,7,27.5,9.166666666666666,3,9.0,9.0,9.5,,4,,False,Social Media Personality,Media,21,≤25,Alan Bersten,2,United States,California,1,4.0,0.5
Alexis Ren,27,8,29.0,9.666666666666666,3,9.5,9.5,10.0,,4,,False,Social Media Personality,Media,21,≤25,Alan Bersten,2,United States,California,1,2.0,0.4166666666666667
Alexis Ren,27,9,28.5,9.5,3,9.5,9.5,9.5,,4,,False,Social Media Personality,Media,21,≤25,Alan Bersten,2,United States,California,1,3.0,0.75
Hannah Brown,28,1,20.0,6.666666666666667,3,7.0,7.0,6.0,,1,,False,TV Personality,Media,24,≤25,Alan Bersten,3,United States,Alabama,1,2.0,0.16666666666666666
Hannah Brown,28,2,24.0,8.0,3,8.0,8.0,8.0,,1,,False,TV Personality,Media,24,≤25,Alan Bersten,3,United States,Alabama,1,1.0,0.08333333333333333
Hannah Brown,28,3,21.0,7.0,3,7.0,7.0,7.0,,1,,False,TV Personality,Media,24,≤25,Alan Bersten,3,United States,Alabama,1,5.0,0.5
Hannah Brown,28,4,32.0,8.0,4,8.0,8.0,8.0,8.0,1,,False,TV Personality,Media,24,≤25,Alan Bersten,3,United States,Alabama,1,1.0,0.25
Hannah Brown,28,5,25.0,8.333333333333334,3,9.0,7.0,9.0,,1,,False,TV Personality,Media,24,≤25,Alan Bersten,3,United States,Alabama,1,4.0,0.4444444444444444
Hannah Brown,28,6,24.0,8.0,3,8.0,8.0,8.0,,1,,False,TV Personality,Media,24,≤25,Alan Bersten,3,United States,Alabama,1,8.0,0.8888888888888888
Hannah Brown,28,7,26.0,8.666666666666666,3,8.5,9.0,8.5,,1,,False,TV Personality,Media,24,≤25,Alan Bersten,3,United States,Alabama,1,4.0,0.5
Hannah Brown,28,8,30.9998,10.333266666666667,3,10.6666,9.6666,10.6666,,1,,False,TV Personality,Media,24,≤25,Alan Bersten,3,United States,Alabama,1,2.0,0.2857142857142857
Hannah Brown,28,9,35.5,8.875,4,9.0,8.5,9.0,9.0,1,,False,TV Personality,Media,24,≤25,Alan Bersten,3,United States,Alabama,1,4.0,0.6666666666666666
Hannah Brown,28,10,27.0,9.0,3,9.0,9.0,9.0,,1,,False,TV Personality,Media,24,≤25,Alan Bersten,3,United States,Alabama,1,3.0,0.7
Hannah Brown,28,11,29.0,9.666666666666666,3,10.0,9.5,9.5,,1,,False,TV Personality,Media,24,≤25,Alan Bersten,3,United States,Alabama,1,3.0,0.75
Skai Jackson,29,1,21.0,7.0,3,7.0,7.0,7.0,,5,10.0,False,Actor/Actress,Entertainment,18,≤25,Alan Bersten,4,United States,New York,1,1.0,0.1
Skai Jackson,29,2,15.0,5.0,3,5.0,5.0,5.0,,5,10.0,False,Actor/Actress,Entertainment,18,≤25,Alan Bersten,4,United States,New York,1,14.0,0.9666666666666667
Skai Jackson,29,3,18.0,6.0,3,6.0,6.0,6.0,,5,10.0,False,Actor/Actress,Entertainment,18,≤25,Alan Bersten,4,United States,New York,1,11.0,0.8214285714285714
Skai Jackson,29,4,28.0,9.333333333333334,3,10.0,9.0,9.0,,5,10.0,False,Actor/Actress,Entertainment,18,≤25,Alan Bersten,4,United States,New York,1,1.0,0.07692307692307693
Skai Jackson,29,5,24.0,8.0,3,8.0,8.0,8.0,,5,10.0,False,Actor/Actress,Entertainment,18,≤25,Alan Bersten,4,United States,New York,1,5.0,0.5833333333333334
Skai Jackson,29,6,18.0,6.0,3,6.0,6.0,6.0,,5,10.0,False,Actor/Actress,Entertainment,18,≤25,Alan Bersten,4,United States,New York,1,11.0,1.0
Skai Jackson,29,7,27.0,9.0,3,9.0,9.0,9.0,,5,10.0,False,Actor/Actress,Entertainment,18,≤25,Alan Bersten,4,United States,New York,1,2.0,0.3
Skai Jackson,29,8,26.9998,8.999933333333333,3,8.6666,9.6666,8.6666,,5,10.0,False,Actor/Actress,Entertainment,18,≤25,Alan Bersten,4,United States,New York,1,7.0,0.875
Skai Jackson,29,9,28.9998,9.6666,3,9.6666,9.6666,9.6666,,5,10.0,False,Actor/Actress,Entertainment,18,≤25,Alan Bersten,4,United States,New York,1,3.0,0.5
Skai Jackson,29,10,28.5,9.5,3,9.5,9.5,9.5,,5,10.0,True,Actor/Actress,Entertainment,18,≤25,Alan Bersten,4,United States,New York,1,4.0,0.75
Amanda Kloots,30,1,28.0,7.0,4,7.0,7.0,7.0,7.0,4,,False,TV Personality,Media,39,36-45,Alan Bersten,5,United States,Ohio,1,2.0,0.16666666666666666
Amanda Kloots,30,2,32.0,8.0,4,8.0,8.0,8.0,8.0,4,,False,TV Personality,Media,39,36-45,Alan Bersten,5,United States,Ohio,1,1.0,0.06666666666666667
Amanda Kloots,30,3,24.0,8.0,3,8.0,8.0,8.0,,4,,False,TV Personality,Media,39,36-45,Alan Bersten,5,United States,Ohio,1,1.0,0.14285714285714285
Amanda Kloots,30,4,34.0,8.5,4,8.5,8.5,8.5,8.5,4,,False,TV Personality,Media,39,36-45,Alan Bersten,5,United States,Ohio,1,4.0,0.34615384615384615
Amanda Kloots,30,5,39.0,9.75,4,10.0,10.0,9.0,10.0,4,,False,TV Personality,Media,39,36-45,Alan Bersten,5,United States,Ohio,1,2.0,0.18181818181818182
Amanda Kloots,30,6,38.0,9.5,4,9.0,9.0,10.0,10.0,4,,False,TV Personality,Media,39,36-45,Alan Bersten,5,United States,Ohio,1,3.0,0.35
Amanda Kloots,30,7,34.0,8.5,4,8.25,8.25,8.25,9.25,4,,False,TV Personality,Media,39,36-45,Alan Bersten,5,United States,Ohio,1,6.0,0.7777777777777778
Amanda Kloots,30,8,42.0,10.5,4,10.5,10.5,10.5,10.5,4,,False,TV Personality,Media,39,36-45,Alan Bersten,5,United States,Ohio,1,1.0,0.25
Amanda Kloots,30,9,39.5,9.875,4,9.5,10.0,10.0,10.0,4,,False,TV Personality,Media,39,36-45,Alan Bersten,5,United States,Ohio,1,2.0,0.3333333333333333
Amanda Kloots,30,10,39.0,9.75,4,9.5,10.0,9.5,10.0,4,,False,TV Personality,Media,39,36-45,Alan Bersten,5,United States,Ohio,1,3.0,0.75
Jessie James Decker,31,1,20.0,5.0,4,5.0,5.0,5.0,5.0,10,6.0,False,Singer/Rapper,Entertainment,34,26-35,Alan Bersten,6,Italy,Unknown,0,12.0,0.8125
Jessie James Decker,31,2,25.0,6.25,4,7.0,6.0,6.0,6.0,10,6.0,False,Singer/Rapper,Entertainment,34,26-35,Alan Bersten,6,Italy,Unknown,0,12.0,0.8
Jessie James Decker,31,3,26.0,6.5,4,6.0,6.0,7.0,7.0,10,6.0,False,Singer/Rapper,Entertainment,34,26-35,Alan Bersten,6,Italy,Unknown,0,11.0,0.7857142857142857
Jessie James Decker,31,4,31.0,7.75,4,8.0,7.0,8.0,8.0,10,6.0,False,Singer/Rapper,Entertainment,34,26-35,Alan Bersten,6,Italy,Unknown,0,8.0,0.6153846153846154
Jessie James Decker,31,5,36.0,9.0,4,8.875,8.875,9.375,8.875,10,6.0,False,Singer/Rapper,Entertainment,34,26-35,Alan Bersten,6,Italy,Unknown,0,7.0,0.625
Jessie James Decker,31,6,32.0,8.0,4,8.0,8.0,8.0,8.0,10,6.0,True,Singer/Rapper,Entertainment,34,26-35,Alan Bersten,6,Italy,Unknown,0,9.0,0.9
Jamie Lynn Spears,32,1,15.0,5.0,3,5.0,5.0,5.0,,13,2.0,False,Actor/Actress,Entertainment,32,26-35,Alan Bersten,7,United States,Mississippi,1,9.0,0.6785714285714286
Jamie Lynn Spears,32,2,16.0,5.333333333333333,3,6.0,5.0,5.0,,13,2.0,True,Actor/Actress,Entertainment,32,26-35,Alan Bersten,7,United States,Mississippi,1,9.0,0.6923076923076923
Ilona Maher,33,1,18.0,6.0,3,6.0,6.0,6.0,,2,,False,Athlete,Sports,28,26-35,Alan Bersten,8,United States,California,1,8.0,0.6923076923076923
Ilona Maher,33,2,21.0,7.0,3,7.0,7.0,7.0,,2,,False,Athlete,Sports,28,26-35,Alan Bersten,8,United States,California,1,5.0,0.46153846153846156
Ilona Maher,33,3,28.0,7.0,4,7.5,7.0,7.0,6.5,2,,False,Athlete,Sports,28,26-35,Alan Bersten,8,United States,California,1,7.0,0.6818181818181818
Ilona Maher,33,4,32.0,8.0,4,8.0,8.0,8.0,8.0,2,,False,Athlete,Sports,28,26-35,Alan Bersten,8,United States,California,1,4.0,0.6666666666666666
Ilona Maher,33,5,26.0,8.666666666666666,3,9.0,8.5,8.5,,2,,False,Athlete,Sports,28,26-35,Alan Bersten,8,United States,California,1,2.0,0.3125
Ilona Maher,33,6,24.0,8.0,3,8.0,8.0,8.0,,2,,False,Athlete,Sports,28,26-35,Alan Bersten,8,United States,California,1,7.0,1.0
Ilona Maher,33,7,26.0,8.666666666666666,3,9.0,8.5,8.5,,2,,False,Athlete,Sports,28,26-35,Alan Bersten,8,United States,California,1,4.0,0.6666666666666666
Ilona Maher,33,8,28.5,9.5,3,9.5,9.5,9.5,,2,,False,Athlete,Sports,28,26-35,Alan Bersten,8,United States,California,1,3.0,0.6
Ilona Maher,33,9,28.5,9.5,3,9.5,9.5,9.5,,2,,False,Athlete,Sports,28,26-35,Alan Bersten,8,United States,California,1,4.0,0.8
Elaine Hendrix,34,1,12.0,6.0,2,6.0,6.0,,,5,,False,Actor/Actress,Entertainment,55,46-55,Alan Bersten (Rashad Jennings week 9),0,United States,Georgia,1,6.0,0.5
Elaine Hendrix,34,2,21.0,7.0,3,7.0,7.0,7.0,,5,,False,Actor/Actress,Entertainment,55,46-55,Alan Bersten (Rashad Jennings week 9),0,United States,Georgia,1,5.0,0.4642857142857143
Elaine Hendrix,34,3,21.0,7.0,3,7.0,7.0,7.0,,5,,False,Actor/Actress,Entertainment,55,46-55,Alan Bersten (Rashad Jennings week 9),0,United States,Georgia,1,8.0,0.7083333333333334
Elaine Hendrix,34,4,24.0,8.0,3,8.0,8.0,8.0,,5,,False,Actor/Actress,Entertainment,55,46-55,Alan Bersten (Rashad Jennings week 9),0,United States,Georgia,1,2.0,0.2727272727272727
Elaine Hendrix,34,5,30.0,7.5,4,8.0,7.0,7.0,8.0,5,,False,Actor/Actress,Entertainment,55,46-55,Alan Bersten (Rashad Jennings week 9),0,United States,Georgia,1,6.0,0.65
Elaine Hendrix,34,6,36.0,9.0,4,9.0,9.0,9.0,9.0,5,,False,Actor/Actress,Entertainment,55,46-55,Alan Bersten (Rashad Jennings week 9),0,United States,Georgia,1,3.0,0.4
Elaine Hendrix,34,7,32.0,8.0,4,8.0,8.0,8.0,8.0,5,,False,Actor/Actress,Entertainment,55,46-55,Alan Bersten (Rashad Jennings week 9),0,United States,Georgia,1,8.0,0.8888888888888888
Elaine Hendrix,34,8,37.5,9.375,4,9.0,9.5,10.0,9.0,5,,False,Actor/Actress,Entertainment,55,46-55,Alan Bersten (Rashad Jennings week 9),0,United States,Georgia,1,6.0,0.75
Elaine Hendrix,34,9,36.0,9.0,4,9.0,9.0,9.0,9.0,5,,False,Actor/Actress,Entertainment,55,46-55,Alan Bersten (Rashad Jennings week 9),0,United States,Georgia,1,6.0,0.8571428571428571
Elaine Hendrix,34,10,28.5,9.5,3,9.5,9.5,9.5,,5,,False,Actor/Actress,Entertainment,55,46-55,Alan Bersten (Rashad Jennings week 9),0,United States,Georgia,1,4.0,0.75
Elaine Hendrix,34,11,28.9998,9.6666,3,9.6666,9.6666,9.6666,,5,,False,Actor/Actress,Entertainment,55,46-55,Alan Bersten (Rashad Jennings week 9),0,United States,Georgia,1,5.0,1.0
Kelly Monaco,1,1,13.0,4.333333333333333,3,5.0,4.0,4.0,,1,,False,Actor/Actress,Entertainment,29,26-35,Alec Mazo,0,United States,Pennsylvania,1,6.0,1.0
Kelly Monaco,1,2,17.0,5.666666666666667,3,5.0,6.0,6.0,,1,,False,Actor/Actress,Entertainment,29,26-35,Alec Mazo,0,United States,Pennsylvania,1,5.0,0.8333333333333334
Kelly Monaco,1,3,21.0,7.0,3,6.0,7.0,8.0,,1,,False,Actor/Actress,Entertainment,29,26-35,Alec Mazo,0,United States,Pennsylvania,1,4.0,0.8
Kelly Monaco,1,4,26.0,8.666666666666666,3,9.0,9.0,8.0,,1,,False,Actor/Actress,Entertainment,29,26-35,Alec Mazo,0,United States,Pennsylvania,1,1.0,0.25
Kelly Monaco,1,5,23.5,7.833333333333333,3,8.5,7.5,7.5,,1,,False,Actor/Actress,Entertainment,29,26-35,Alec Mazo,0,United States,Pennsylvania,1,2.0,0.6666666666666666
Kelly Monaco,1,6,27.5,9.166666666666666,3,8.5,9.5,9.5,,1,,False,Actor/Actress,Entertainment,29,26-35,Alec Mazo,0,United States,Pennsylvania,1,1.0,0.5
Paulina Porizkova,4,1,19.0,6.333333333333333,3,6.0,6.0,7.0,,11,2.0,False,Model,Model,41,36-45,Alec Mazo,1,Czechoslovakia,Unknown,0,5.0,0.5
Paulina Porizkova,4,2,21.0,7.0,3,7.0,7.0,7.0,,11,2.0,True,Model,Model,41,36-45,Alec Mazo,1,Czechoslovakia,Unknown,0,6.0,0.6818181818181818
Josie Maran,5,1,16.0,5.333333333333333,3,6.0,5.0,5.0,,12,1.0,True,Model,Model,29,26-35,Alec Mazo,2,United States,California,1,12.0,1.0
Toni Braxton,7,1,22.5,7.5,3,7.5,7.0,8.0,,8,5.0,False,Singer/Rapper,Entertainment,40,36-45,Alec Mazo,3,United States,Maryland,1,2.0,0.15384615384615385
Toni Braxton,7,2,23.0,7.666666666666667,3,7.0,8.0,8.0,,8,5.0,False,Singer/Rapper,Entertainment,40,36-45,Alec Mazo,3,United States,Maryland,1,3.0,0.2727272727272727
Toni Braxton,7,3,22.0,7.333333333333333,3,8.0,7.0,7.0,,8,5.0,False,Singer/Rapper,Entertainment,40,36-45,Alec Mazo,3,United States,Maryland,1,4.0,0.5
Toni Braxton,7,4,22.0,7.333333333333333,3,7.0,7.0,8.0,,8,5.0,False,Singer/Rapper,Entertainment,40,36-45,Alec Mazo,3,United States,Maryland,1,5.0,0.6666666666666666
Toni Braxton,7,5,22.0,7.333333333333333,3,7.0,7.0,8.0,,8,5.0,True,Singer/Rapper,Entertainment,40,36-45,Alec Mazo,3,United States,Maryland,1,5.0,0.6875
Natalie Coughlin,9,1,26.9998,8.999933333333333,3,9.6666,8.6666,8.6666,,10,5.0,False,Athlete,Sports,27,26-35,Alec Mazo,4,United States,California,1,7.0,0.46875
Natalie Coughlin,9,2,21.0,7.0,3,7.0,7.0,7.0,,10,5.0,False,Athlete,Sports,27,26-35,Alec Mazo,4,United States,California,1,4.0,0.35714285714285715
Natalie Coughlin,9,3,26.0,8.666666666666666,3,9.0,8.0,9.0,,10,5.0,False,Athlete,Sports,27,26-35,Alec Mazo,4,United States,California,1,2.0,0.15384615384615385
Natalie Coughlin,9,4,24.0,8.0,3,8.0,8.0,8.0,,10,5.0,False,Athlete,Sports,27,26-35,Alec Mazo,4,United States,California,1,4.0,0.4090909090909091
Natalie Coughlin,9,5,22.0,7.333333333333333,3,7.0,8.0,7.0,,10,5.0,True,Athlete,Sports,27,26-35,Alec Mazo,4,United States,California,1,8.0,0.85
Jonathan Bennett,19,1,30.0,7.5,4,8.0,7.0,7.0,8.0,9,6.0,False,Actor/Actress,Entertainment,33,26-35,Allison Holker,0,United States,Ohio,1,6.0,0.46153846153846156
Jonathan Bennett,19,2,30.0,7.5,4,7.0,7.0,8.0,8.0,9,6.0,False,Actor/Actress,Entertainment,33,26-35,Allison Holker,0,United States,Ohio,1,7.0,0.5833333333333334
Jonathan Bennett,19,3,32.0,8.0,4,8.0,8.0,8.0,8.0,9,6.0,False,Actor/Actress,Entertainment,33,26-35,Allison Holker,0,United States,Ohio,1,4.0,0.45454545454545453
Jonathan Bennett,19,4,24.0,6.0,4,6.0,6.0,6.0,6.0,9,6.0,False,Actor/Actress,Entertainment,33,26-35,Allison Holker,0,United States,Ohio,1,10.0,1.0
Jonathan Bennett,19,5,24.0,6.0,4,6.0,6.0,6.0,6.0,9,6.0,False,Actor/Actress,Entertainment,33,26-35,Allison Holker,0,United States,Ohio,1,7.0,0.7777777777777778
Jonathan Bennett,19,6,32.0,8.0,4,8.0,8.0,8.0,8.0,9,6.0,True,Actor/Actress,Entertainment,33,26-35,Allison Holker,0,United States,Ohio,1,5.0,0.6111111111111112
Riker Lynch,20,1,31.0,7.75,4,8.0,7.0,8.0,8.0,2,,False,Actor/Actress,Entertainment,23,≤25,Allison Holker,1,United States,Colorado,1,2.0,0.16666666666666666
Riker Lynch,20,2,32.0,8.0,4,8.0,8.0,8.0,8.0,2,,False,Actor/Actress,Entertainment,23,≤25,Allison Holker,1,United States,Colorado,1,2.0,0.25
Riker Lynch,20,3,34.0,8.5,4,9.0,7.0,9.0,9.0,2,,False,Actor/Actress,Entertainment,23,≤25,Allison Holker,1,United States,Colorado,1,1.0,0.13636363636363635
Riker Lynch,20,4,34.0,8.5,4,8.0,8.0,9.0,9.0,2,,False,Actor/Actress,Entertainment,23,≤25,Allison Holker,1,United States,Colorado,1,4.0,0.45
Riker Lynch,20,5,38.0,9.5,4,10.0,9.0,9.0,10.0,2,,False,Actor/Actress,Entertainment,23,≤25,Allison Holker,1,United States,Colorado,1,2.0,0.2777777777777778
Riker Lynch,20,6,38.0,9.5,4,10.0,8.5,9.5,10.0,2,,False,Actor/Actress,Entertainment,23,≤25,Allison Holker,1,United States,Colorado,1,1.0,0.125
Riker Lynch,20,7,37.0,9.25,4,9.0,10.0,9.0,9.0,2,,False,Actor/Actress,Entertainment,23,≤25,Allison Holker,1,United States,Colorado,1,4.0,0.6428571428571429
Riker Lynch,20,8,39.0,9.75,4,10.0,9.0,10.0,10.0,2,,False,Actor/Actress,Entertainment,23,≤25,Allison Holker,1,United States,Colorado,1,2.0,0.3333333333333333
Riker Lynch,20,9,40.0,10.0,4,10.0,10.0,10.0,10.0,2,,False,Actor/Actress,Entertainment,23,≤25,Allison Holker,1,United States,Colorado,1,1.0,0.375
Riker Lynch,20,10,40.0,10.0,4,10.0,10.0,10.0,10.0,2,,False,Actor/Actress,Entertainment,23,≤25,Allison Holker,1,United States,Colorado,1,1.0,0.5
Andy Grammer,21,1,21.0,7.0,3,7.0,7.0,7.0,,7,8.0,False,Singer/Rapper,Entertainment,31,26-35,Allison Holker,2,United States,California,1,7.0,0.5769230769230769
Andy Grammer,21,2,22.0,7.333333333333333,3,7.5,7.5,7.0,,7,8.0,False,Singer/Rapper,Entertainment,31,26-35,Allison Holker,2,United States,California,1,8.0,0.6153846153846154
Andy Grammer,21,3,29.0,7.25,4,7.0,7.0,8.0,7.0,7,8.0,False,Singer/Rapper,Entertainment,31,26-35,Allison Holker,2,United States,California,1,8.0,0.8
Andy Grammer,21,4,23.0,7.666666666666667,3,7.0,8.0,8.0,,7,8.0,False,Singer/Rapper,Entertainment,31,26-35,Allison Holker,2,United States,California,1,7.0,0.7
Andy Grammer,21,5,36.0,9.0,4,9.0,9.0,9.0,9.0,7,8.0,False,Singer/Rapper,Entertainment,31,26-35,Allison Holker,2,United States,California,1,4.0,0.4444444444444444
Andy Grammer,21,6,40.0,10.0,4,10.0,10.0,10.0,10.0,7,8.0,False,Singer/Rapper,Entertainment,31,26-35,Allison Holker,2,United States,California,1,1.0,0.2222222222222222
Andy Grammer,21,7,28.0,9.333333333333334,3,9.5,9.5,9.0,,7,8.0,False,Singer/Rapper,Entertainment,31,26-35,Allison Holker,2,United States,California,1,2.0,0.375
Andy Grammer,21,8,23.9998,7.999933333333334,3,8.6666,7.6666,7.6666,,7,8.0,True,Singer/Rapper,Entertainment,31,26-35,Allison Holker,2,United States,California,1,7.0,1.0
Babyface,23,1,26.0,6.5,4,7.0,6.0,6.0,7.0,11,4.0,False,Singer/Rapper,Entertainment,57,>55,Allison Holker,3,United States,Indiana,1,5.0,0.4230769230769231
Babyface,23,2,30.0,7.5,4,8.0,7.0,7.0,8.0,11,4.0,False,Singer/Rapper,Entertainment,57,>55,Allison Holker,3,United States,Indiana,1,3.0,0.23076923076923078
Babyface,23,3,25.0,6.25,4,7.0,6.0,6.0,6.0,11,4.0,False,Singer/Rapper,Entertainment,57,>55,Allison Holker,3,United States,Indiana,1,8.0,0.75
Babyface,23,4,18.0,6.0,3,6.0,6.0,6.0,,11,4.0,True,Singer/Rapper,Entertainment,57,>55,Allison Holker,3,United States,Indiana,1,11.0,1.0
Kenny Mayne,2,1,13.0,4.333333333333333,3,4.0,5.0,4.0,,10,1.0,True,Sports Broadcaster,Media,46,46-55,Andrea Hale,0,United States,Washington,1,9.0,0.9
Michael Irvin,9,1,19.0,6.333333333333333,3,7.0,6.0,6.0,,7,7.0,False,Athlete,Sports,43,36-45,Anna Demidova,0,United States,Florida,1,14.0,0.875
Michael Irvin,9,2,20.0,6.666666666666667,3,7.0,7.0,6.0,,7,7.0,False,Athlete,Sports,43,36-45,Anna Demidova,0,United States,Florida,1,7.0,0.5357142857142857
Michael Irvin,9,3,14.0,4.666666666666667,3,5.0,4.0,5.0,,7,7.0,False,Athlete,Sports,43,36-45,Anna Demidova,0,United States,Florida,1,13.0,1.0
Michael Irvin,9,4,16.0,5.333333333333333,3,5.0,6.0,5.0,,7,7.0,False,Athlete,Sports,43,36-45,Anna Demidova,0,United States,Florida,1,10.0,0.9545454545454546
Michael Irvin,9,5,21.0,7.0,3,7.0,7.0,7.0,,7,7.0,False,Athlete,Sports,43,36-45,Anna Demidova,0,United States,Florida,1,10.0,1.0
Michael Irvin,9,6,21.9998,7.333266666666667,3,6.6666,8.6666,6.6666,,7,7.0,False,Athlete,Sports,43,36-45,Anna Demidova,0,United States,Florida,1,9.0,1.0
Michael Irvin,9,7,23.5,7.833333333333333,3,8.0,8.0,7.5,,7,7.0,True,Athlete,Sports,43,36-45,Anna Demidova,0,United States,Florida,1,6.0,0.8571428571428571
Jerry Rice,2,1,21.0,7.0,3,7.0,7.0,7.0,,2,,False,Athlete,Sports,43,36-45,Anna Trebunskaya,0,United States,Mississippi,1,5.0,0.5
Jerry Rice,2,2,23.0,7.666666666666667,3,7.0,8.0,8.0,,2,,False,Athlete,Sports,43,36-45,Anna Trebunskaya,0,United States,Mississippi,1,4.0,0.4444444444444444
Jerry Rice,2,3,19.0,6.333333333333333,3,7.0,6.0,6.0,,2,,False,Athlete,Sports,43,36-45,Anna Trebunskaya,0,United States,Mississippi,1,7.0,0.875
Jerry Rice,2,4,24.0,8.0,3,8.0,8.0,8.0,,2,,False,Athlete,Sports,43,36-45,Anna Trebunskaya,0,United States,Mississippi,1,5.0,0.7142857142857143
Jerry Rice,2,5,23.0,7.666666666666667,3,7.0,8.0,8.0,,2,,False,Athlete,Sports,43,36-45,Anna Trebunskaya,0,United States,Mississippi,1,5.0,0.8333333333333334
Jerry Rice,2,6,23.0,7.666666666666667,3,8.0,7.0,8.0,,2,,False,Athlete,Sports,43,36-45,Anna Trebunskaya,0,United States,Mississippi,1,4.0,0.9
Jerry Rice,2,7,20.5,6.833333333333333,3,7.0,7.0,6.5,,2,,False,Athlete,Sports,43,36-45,Anna Trebunskaya,0,United States,Mississippi,1,4.0,1.0
Jerry Rice,2,8,26.666600000000003,8.888866666666667,3,9.0,9.0,8.6666,,2,,False,Athlete,Sports,43,36-45,Anna Trebunskaya,0,United States,Mississippi,1,3.0,1.0
Albert Reed,5,1,21.0,7.0,3,7.0,7.0,7.0,,11,2.0,False,Model,Model,22,≤25,Anna Trebunskaya,1,United States,Florida,1,5.0,0.5833333333333334
Albert Reed,5,2,21.0,7.0,3,7.0,7.0,7.0,,11,2.0,True,Model,Model,22,≤25,Anna Trebunskaya,1,United States,Florida,1,5.0,0.6363636363636364
Steve Guttenberg,6,1,18.0,6.0,3,6.0,6.0,6.0,,10,3.0,False,Actor/Actress,Entertainment,49,46-55,Anna Trebunskaya,2,United States,New York,1,8.0,0.7083333333333334
Steve Guttenberg,6,2,16.0,5.333333333333333,3,6.0,5.0,5.0,,10,3.0,False,Actor/Actress,Entertainment,49,46-55,Anna Trebunskaya,2,United States,New York,1,11.0,0.9166666666666666
Steve Guttenberg,6,3,21.0,7.0,3,7.0,7.0,7.0,,10,3.0,True,Actor/Actress,Entertainment,49,46-55,Anna Trebunskaya,2,United States,New York,1,6.0,0.75
Chuck Liddell,9,1,22.0,7.333333333333333,3,8.0,7.0,7.0,,11,4.0,False,Athlete,Sports,39,36-45,Anna Trebunskaya,3,United States,California,1,10.0,0.65625
Chuck Liddell,9,2,19.0,6.333333333333333,3,6.0,7.0,6.0,,11,4.0,False,Athlete,Sports,39,36-45,Anna Trebunskaya,3,United States,California,1,9.0,0.75
Chuck Liddell,9,3,17.0,5.666666666666667,3,6.0,5.0,6.0,,11,4.0,False,Athlete,Sports,39,36-45,Anna Trebunskaya,3,United States,California,1,10.0,0.8076923076923077
Chuck Liddell,9,4,17.0,5.666666666666667,3,6.0,5.0,6.0,,11,4.0,True,Athlete,Sports,39,36-45,Anna Trebunskaya,3,United States,California,1,9.0,0.8181818181818182
Evan Lysacek,10,1,23.0,7.666666666666667,3,8.0,7.0,8.0,,2,,False,Athlete,Sports,24,≤25,Anna Trebunskaya,4,United States,Illinois,1,2.0,0.18181818181818182
Evan Lysacek,10,2,24.0,8.0,3,8.0,8.0,8.0,,2,,False,Athlete,Sports,24,≤25,Anna Trebunskaya,4,United States,Illinois,1,2.0,0.18181818181818182
Evan Lysacek,10,3,26.0,8.666666666666666,3,9.0,8.0,9.0,,2,,False,Athlete,Sports,24,≤25,Anna Trebunskaya,4,United States,Illinois,1,1.0,0.1
Evan Lysacek,10,4,26.0,8.666666666666666,3,9.0,8.0,9.0,,2,,False,Athlete,Sports,24,≤25,Anna Trebunskaya,4,United States,Illinois,1,1.0,0.1111111111111111
Evan Lysacek,10,5,27.0,9.0,3,9.0,9.0,9.0,,2,,False,Athlete,Sports,24,≤25,Anna Trebunskaya,4,United States,Illinois,1,2.0,0.25
Evan Lysacek,10,6,27.0,9.0,3,9.0,9.0,9.0,,2,,False,Athlete,Sports,24,≤25,Anna Trebunskaya,4,United States,Illinois,1,5.0,0.7142857142857143
Evan Lysacek,10,7,27.0,9.0,3,9.0,9.0,9.0,,2,,False,Athlete,Sports,24,≤25,Anna Trebunskaya,4,United States,Illinois,1,1.0,0.25
Evan Lysacek,10,8,26.5,8.833333333333334,3,9.0,8.5,9.0,,2,,False,Athlete,Sports,24,≤25,Anna Trebunskaya,4,United States,Illinois,1,2.0,0.5
Evan Lysacek,10,9,29.5,9.833333333333334,3,10.0,9.5,10.0,,2,,False,Athlete,Sports,24,≤25,Anna Trebunskaya,4,United States,Illinois,1,1.0,0.375
Evan Lysacek,10,10,26.888699999999996,8.9629,3,9.3333,8.7777,8.7777,,2,,False,Athlete,Sports,24,≤25,Anna Trebunskaya,4,United States,Illinois,1,3.0,1.0
Kurt Warner,11,1,19.0,6.333333333333333,3,7.0,5.0,7.0,,5,8.0,False,Athlete,Sports,39,36-45,Anna Trebunskaya,5,United States,Iowa,1,5.0,0.4583333333333333
Kurt Warner,11,2,21.0,7.0,3,7.0,7.0,7.0,,5,8.0,False,Athlete,Sports,39,36-45,Anna Trebunskaya,5,United States,Iowa,1,5.0,0.5454545454545454
Kurt Warner,11,3,23.0,7.666666666666667,3,8.0,8.0,7.0,,5,8.0,False,Athlete,Sports,39,36-45,Anna Trebunskaya,5,United States,Iowa,1,5.0,0.55
Kurt Warner,11,4,17.0,5.666666666666667,3,6.0,5.5,5.5,,5,8.0,False,Athlete,Sports,39,36-45,Anna Trebunskaya,5,United States,Iowa,1,7.0,0.7777777777777778
Kurt Warner,11,5,24.0,8.0,3,8.0,8.0,8.0,,5,8.0,False,Athlete,Sports,39,36-45,Anna Trebunskaya,5,United States,Iowa,1,3.0,0.4375
Kurt Warner,11,6,21.9999,7.3333,3,7.3333,7.3333,7.3333,,5,8.0,False,Athlete,Sports,39,36-45,Anna Trebunskaya,5,United States,Iowa,1,7.0,1.0
Kurt Warner,11,7,35.0,8.75,4,9.5,8.5,8.5,8.5,5,8.0,False,Athlete,Sports,39,36-45,Anna Trebunskaya,5,United States,Iowa,1,3.0,0.5
Kurt Warner,11,8,24.0,8.0,3,8.0,8.0,8.0,,5,8.0,True,Athlete,Sports,39,36-45,Anna Trebunskaya,5,United States,Iowa,1,4.0,0.8
Sugar Ray Leonard,12,1,17.0,5.666666666666667,3,6.0,5.0,6.0,,9,4.0,False,Athlete,Sports,54,46-55,Anna Trebunskaya,6,United States,North Carolina,1,9.0,0.8181818181818182
Sugar Ray Leonard,12,2,17.0,5.666666666666667,3,6.0,5.0,6.0,,9,4.0,False,Athlete,Sports,54,46-55,Anna Trebunskaya,6,United States,North Carolina,1,9.0,0.9090909090909091
Sugar Ray Leonard,12,3,20.0,6.666666666666667,3,7.0,6.0,7.0,,9,4.0,False,Athlete,Sports,54,46-55,Anna Trebunskaya,6,United States,North Carolina,1,8.0,0.85
Sugar Ray Leonard,12,4,21.0,7.0,3,7.0,7.0,7.0,,9,4.0,True,Athlete,Sports,54,46-55,Anna Trebunskaya,6,United States,North Carolina,1,8.0,0.8888888888888888
Carson Kressley,13,1,17.0,5.666666666666667,3,6.0,5.0,6.0,,8,5.0,False,TV Personality,Media,41,36-45,Anna Trebunskaya,7,United States,Pennsylvania,1,7.0,0.625
Carson Kressley,13,2,18.0,6.0,3,6.0,6.0,6.0,,8,5.0,False,TV Personality,Media,41,36-45,Anna Trebunskaya,7,United States,Pennsylvania,1,9.0,0.8636363636363636
Carson Kressley,13,3,23.0,7.666666666666667,3,8.0,7.0,8.0,,8,5.0,False,TV Personality,Media,41,36-45,Anna Trebunskaya,7,United States,Pennsylvania,1,8.0,0.8
Carson Kressley,13,4,20.0,6.666666666666667,3,7.0,6.0,7.0,,8,5.0,False,TV Personality,Media,41,36-45,Anna Trebunskaya,7,United States,Pennsylvania,1,9.0,1.0
Carson Kressley,13,5,19.0,6.333333333333333,3,6.0,6.0,7.0,,8,5.0,True,TV Personality,Media,41,36-45,Anna Trebunskaya,7,United States,Pennsylvania,1,8.0,1.0
Jack Wagner,14,1,23.0,7.666666666666667,3,8.0,7.0,8.0,,11,3.0,False,Actor/Actress,Entertainment,52,46-55,Anna Trebunskaya,8,United States,Missouri,1,4.0,0.4583333333333333
Jack Wagner,14,2,21.0,7.0,3,7.0,7.0,7.0,,11,3.0,False,Actor/Actress,Entertainment,52,46-55,Anna Trebunskaya,8,United States,Missouri,1,8.0,0.7083333333333334
Jack Wagner,14,3,24.0,8.0,3,8.0,8.0,8.0,,11,3.0,True,Actor/Actress,Entertainment,52,46-55,Anna Trebunskaya,8,United States,Missouri,1,7.0,0.8181818181818182
Drew Lachey,15,1,21.5,7.166666666666667,3,7.0,7.0,7.5,,11,3.0,False,Singer/Rapper,Entertainment,36,36-45,Anna Trebunskaya,9,United States,Ohio,1,6.0,0.5384615384615384
Drew Lachey,15,2,22.5,7.5,3,7.5,7.5,7.5,,11,3.0,False,Singer/Rapper,Entertainment,36,36-45,Anna Trebunskaya,9,United States,Ohio,1,7.0,0.6666666666666666
Drew Lachey,15,3,24.0,8.0,3,8.0,8.0,8.0,,11,3.0,True,Singer/Rapper,Entertainment,36,36-45,Anna Trebunskaya,9,United States,Ohio,1,9.0,0.8636363636363636
Gary Busey,21,1,15.0,5.0,3,5.0,5.0,5.0,,10,4.0,False,Actor/Actress,Entertainment,71,>55,Anna Trebunskaya,10,United States,Texas,1,9.0,0.7692307692307693
Gary Busey,21,2,16.5,5.5,3,5.5,5.5,5.5,,10,4.0,False,Actor/Actress,Entertainment,71,>55,Anna Trebunskaya,10,United States,Texas,1,12.0,0.9230769230769231
Gary Busey,21,3,25.0,6.25,4,6.0,7.0,6.0,6.0,10,4.0,False,Actor/Actress,Entertainment,71,>55,Anna Trebunskaya,10,United States,Texas,1,9.0,0.9
Gary Busey,21,4,16.0,5.333333333333333,3,5.0,6.0,5.0,,10,4.0,True,Actor/Actress,Entertainment,71,>55,Anna Trebunskaya,10,United States,Texas,1,10.0,1.0
Lea Thompson,19,1,32.0,8.0,4,8.0,8.0,8.0,8.0,6,9.0,False,Actor/Actress,Entertainment,53,46-55,Artem Chigvintsev,0,United States,Minnesota,1,3.0,0.2692307692307692
Lea Thompson,19,2,35.0,8.75,4,9.0,8.0,9.0,9.0,6,9.0,False,Actor/Actress,Entertainment,53,46-55,Artem Chigvintsev,0,United States,Minnesota,1,1.0,0.08333333333333333
Lea Thompson,19,3,31.0,7.75,4,7.0,8.0,8.0,8.0,6,9.0,False,Actor/Actress,Entertainment,53,46-55,Artem Chigvintsev,0,United States,Minnesota,1,7.0,0.6363636363636364
Lea Thompson,19,4,39.0,9.75,4,10.0,10.0,10.0,9.0,6,9.0,False,Actor/Actress,Entertainment,53,46-55,Artem Chigvintsev,0,United States,Minnesota,1,2.0,0.2
Lea Thompson,19,5,34.0,8.5,4,9.0,8.0,8.0,9.0,6,9.0,False,Actor/Actress,Entertainment,53,46-55,Artem Chigvintsev,0,United States,Minnesota,1,2.0,0.2777777777777778
Lea Thompson,19,6,32.0,8.0,4,8.0,8.0,8.0,8.0,6,9.0,False,Actor/Actress,Entertainment,53,46-55,Artem Chigvintsev,0,United States,Minnesota,1,5.0,0.6111111111111112
Lea Thompson,19,7,35.0,8.75,4,8.5,8.5,9.0,9.0,6,9.0,False,Actor/Actress,Entertainment,53,46-55,Artem Chigvintsev,0,United States,Minnesota,1,2.0,0.25
Lea Thompson,19,8,32.0,8.0,4,8.0,8.0,8.0,8.0,6,9.0,False,Actor/Actress,Entertainment,53,46-55,Artem Chigvintsev,0,United States,Minnesota,1,5.0,0.7142857142857143
Lea Thompson,19,9,35.0,8.75,4,8.5,9.0,8.5,9.0,6,9.0,True,Actor/Actress,Entertainment,53,46-55,Artem Chigvintsev,0,United States,Minnesota,1,5.0,0.8333333333333334
Patti LaBelle,20,1,25.0,6.25,4,7.0,6.0,6.0,6.0,8,6.0,False,Singer/Rapper,Entertainment,70,>55,Artem Chigvintsev,1,United States,Pennsylvania,1,8.0,0.75
Patti LaBelle,20,2,28.0,7.0,4,7.0,7.0,7.0,7.0,8,6.0,False,Singer/Rapper,Entertainment,70,>55,Artem Chigvintsev,1,United States,Pennsylvania,1,6.0,0.625
Patti LaBelle,20,3,22.0,5.5,4,6.0,5.0,5.0,6.0,8,6.0,False,Singer/Rapper,Entertainment,70,>55,Artem Chigvintsev,1,United States,Pennsylvania,1,10.0,0.9545454545454546
Patti LaBelle,20,4,30.0,7.5,4,8.0,7.0,7.0,8.0,8,6.0,False,Singer/Rapper,Entertainment,70,>55,Artem Chigvintsev,1,United States,Pennsylvania,1,7.0,0.75
Patti LaBelle,20,5,27.0,6.75,4,7.0,6.0,7.0,7.0,8,6.0,False,Singer/Rapper,Entertainment,70,>55,Artem Chigvintsev,1,United States,Pennsylvania,1,7.0,0.8333333333333334
Patti LaBelle,20,6,34.0,8.5,4,9.0,8.0,8.5,8.5,8,6.0,True,Singer/Rapper,Entertainment,70,>55,Artem Chigvintsev,1,United States,Pennsylvania,1,6.0,0.8125
Mischa Barton,22,1,16.0,5.333333333333333,3,5.0,5.0,6.0,,11,3.0,False,Actor/Actress,Entertainment,30,26-35,Artem Chigvintsev,2,England,Unknown,0,10.0,0.8333333333333334
Mischa Barton,22,2,15.0,5.0,3,5.0,5.0,5.0,,11,3.0,False,Actor/Actress,Entertainment,30,26-35,Artem Chigvintsev,2,England,Unknown,0,11.0,0.9166666666666666
Mischa Barton,22,3,18.0,6.0,3,6.0,6.0,6.0,,11,3.0,True,Actor/Actress,Entertainment,30,26-35,Artem Chigvintsev,2,England,Unknown,0,11.0,1.0
Maureen McCormick,23,1,22.0,5.5,4,6.0,5.0,5.0,6.0,8,7.0,False,Actor/Actress,Entertainment,60,>55,Artem Chigvintsev,3,United States,California,1,11.0,0.8846153846153846
Maureen McCormick,23,2,26.0,6.5,4,7.0,6.0,6.0,7.0,8,7.0,False,Actor/Actress,Entertainment,60,>55,Artem Chigvintsev,3,United States,California,1,8.0,0.6538461538461539
Maureen McCormick,23,3,28.0,7.0,4,7.0,7.0,7.0,7.0,8,7.0,False,Actor/Actress,Entertainment,60,>55,Artem Chigvintsev,3,United States,California,1,5.0,0.4583333333333333
Maureen McCormick,23,4,24.0,8.0,3,8.0,8.0,8.0,,8,7.0,False,Actor/Actress,Entertainment,60,>55,Artem Chigvintsev,3,United States,California,1,4.0,0.4090909090909091
Maureen McCormick,23,5,24.0,8.0,3,8.0,8.0,8.0,,8,7.0,False,Actor/Actress,Entertainment,60,>55,Artem Chigvintsev,3,United States,California,1,6.0,0.8333333333333334
Maureen McCormick,23,6,31.0,7.75,4,8.0,7.0,8.0,8.0,8,7.0,False,Actor/Actress,Entertainment,60,>55,Artem Chigvintsev,3,United States,California,1,6.0,0.6666666666666666
Maureen McCormick,23,7,33.0,8.25,4,8.5,8.0,8.0,8.5,8,7.0,True,Actor/Actress,Entertainment,60,>55,Artem Chigvintsev,3,United States,California,1,6.0,0.8125
Nancy Kerrigan,24,1,28.0,7.0,4,7.0,7.0,7.0,7.0,7,7.0,False,Athlete,Sports,47,46-55,Artem Chigvintsev,4,United States,Massachusetts,1,3.0,0.3333333333333333
Nancy Kerrigan,24,2,28.0,7.0,4,7.0,7.0,7.0,7.0,7,7.0,False,Athlete,Sports,47,46-55,Artem Chigvintsev,4,United States,Massachusetts,1,5.0,0.5
Nancy Kerrigan,24,3,33.0,8.25,4,8.0,9.0,8.0,8.0,7,7.0,False,Athlete,Sports,47,46-55,Artem Chigvintsev,4,United States,Massachusetts,1,2.0,0.22727272727272727
Nancy Kerrigan,24,4,33.0,8.25,4,8.0,9.0,8.0,8.0,7,7.0,False,Athlete,Sports,47,46-55,Artem Chigvintsev,4,United States,Massachusetts,1,4.0,0.4
Nancy Kerrigan,24,5,36.0,9.0,4,9.0,9.0,9.0,9.0,7,7.0,False,Athlete,Sports,47,46-55,Artem Chigvintsev,4,United States,Massachusetts,1,3.0,0.3333333333333333
Nancy Kerrigan,24,6,33.5,8.375,4,8.5,8.5,8.0,8.5,7,7.0,False,Athlete,Sports,47,46-55,Artem Chigvintsev,4,United States,Massachusetts,1,5.0,0.625
Nancy Kerrigan,24,7,36.0,9.0,4,9.0,9.0,9.0,9.0,7,7.0,True,Athlete,Sports,47,46-55,Artem Chigvintsev,4,United States,Massachusetts,1,4.0,0.5714285714285714
Nikki Bella,25,1,20.0,6.666666666666667,3,7.0,7.0,6.0,,8,7.0,False,Athlete,Sports,33,26-35,Artem Chigvintsev,5,United States,California,1,4.0,0.3076923076923077
Nikki Bella,25,2,19.5,6.5,3,6.5,6.5,6.5,,8,7.0,False,Athlete,Sports,33,26-35,Artem Chigvintsev,5,United States,California,1,9.0,0.7307692307692307
Nikki Bella,25,3,21.0,7.0,3,7.0,7.0,7.0,,8,7.0,False,Athlete,Sports,33,26-35,Artem Chigvintsev,5,United States,California,1,6.0,0.7272727272727273
Nikki Bella,25,4,24.0,8.0,3,8.0,8.0,8.0,,8,7.0,False,Athlete,Sports,33,26-35,Artem Chigvintsev,5,United States,California,1,4.0,0.5909090909090909
Nikki Bella,25,5,27.0,9.0,3,9.0,9.0,9.0,,8,7.0,False,Athlete,Sports,33,26-35,Artem Chigvintsev,5,United States,California,1,4.0,0.45
Nikki Bella,25,6,36.0,9.0,4,9.0,9.0,9.0,9.0,8,7.0,False,Athlete,Sports,33,26-35,Artem Chigvintsev,5,United States,California,1,4.0,0.5
Nikki Bella,25,7,24.0,8.0,3,8.0,8.0,8.0,,8,7.0,True,Athlete,Sports,33,26-35,Artem Chigvintsev,5,United States,California,1,8.0,1.0
Jamie Anderson,26,1,19.0,6.333333333333333,3,6.0,7.0,6.0,,10,1.0,True,Athlete,Sports,27,26-35,Artem Chigvintsev,6,United States,California,1,8.0,0.8
Danelle Umstead,27,1,18.0,6.0,3,6.0,6.0,6.0,,12,2.0,False,Athlete,Sports,46,46-55,Artem Chigvintsev,7,United States,New Mexico,1,9.0,0.7692307692307693
Danelle Umstead,27,2,18.5,6.166666666666667,3,6.5,6.0,6.0,,12,2.0,True,Athlete,Sports,46,46-55,Artem Chigvintsev,7,United States,New Mexico,1,11.0,0.9166666666666666
Kaitlyn Bristowe,29,1,20.0,6.666666666666667,3,6.0,7.0,7.0,,1,,False,TV Personality,Media,35,26-35,Artem Chigvintsev,8,Canada,Unknown,0,3.0,0.23333333333333334
Kaitlyn Bristowe,29,2,22.0,7.333333333333333,3,7.0,8.0,7.0,,1,,False,TV Personality,Media,35,26-35,Artem Chigvintsev,8,Canada,Unknown,0,1.0,0.06666666666666667
Kaitlyn Bristowe,29,3,23.0,7.666666666666667,3,8.0,7.0,8.0,,1,,False,TV Personality,Media,35,26-35,Artem Chigvintsev,8,Canada,Unknown,0,3.0,0.21428571428571427
Kaitlyn Bristowe,29,4,25.0,8.333333333333334,3,9.0,8.0,8.0,,1,,False,TV Personality,Media,35,26-35,Artem Chigvintsev,8,Canada,Unknown,0,2.0,0.15384615384615385
Kaitlyn Bristowe,29,5,27.0,9.0,3,9.0,9.0,9.0,,1,,False,TV Personality,Media,35,26-35,Artem Chigvintsev,8,Canada,Unknown,0,2.0,0.16666666666666666
Kaitlyn Bristowe,29,6,27.0,9.0,3,9.0,9.0,9.0,,1,,False,TV Personality,Media,35,26-35,Artem Chigvintsev,8,Canada,Unknown,0,1.0,0.22727272727272727
Kaitlyn Bristowe,29,7,24.0,8.0,3,7.0,9.0,8.0,,1,,False,TV Personality,Media,35,26-35,Artem Chigvintsev,8,Canada,Unknown,0,9.0,0.9
Kaitlyn Bristowe,29,8,28.0,9.333333333333334,3,9.0,10.0,9.0,,1,,False,TV Personality,Media,35,26-35,Artem Chigvintsev,8,Canada,Unknown,0,4.0,0.5
Kaitlyn Bristowe,29,9,30.0,10.0,3,10.0,10.0,10.0,,1,,False,TV Personality,Media,35,26-35,Artem Chigvintsev,8,Canada,Unknown,0,1.0,0.21428571428571427
Kaitlyn Bristowe,29,10,30.0,10.0,3,10.0,10.0,10.0,,1,,False,TV Personality,Media,35,26-35,Artem Chigvintsev,8,Canada,Unknown,0,1.0,0.25
Kaitlyn Bristowe,29,11,30.0,10.0,3,10.0,10.0,10.0,,1,,False,TV Personality,Media,35,26-35,Artem Chigvintsev,8,Canada,Unknown,0,1.0,0.5
Melora Hardin,30,1,26.0,6.5,4,7.0,6.0,7.0,6.0,6,9.0,False,Actor/Actress,Entertainment,54,46-55,Artem Chigvintsev,9,United States,Texas,1,5.0,0.36666666666666664
Melora Hardin,30,2,27.0,6.75,4,7.0,6.0,7.0,7.0,6,9.0,False,Actor/Actress,Entertainment,54,46-55,Artem Chigvintsev,9,United States,Texas,1,5.0,0.4
Melora Hardin,30,3,23.0,7.666666666666667,3,8.0,7.0,8.0,,6,9.0,False,Actor/Actress,Entertainment,54,46-55,Artem Chigvintsev,9,United States,Texas,1,4.0,0.2857142857142857
Melora Hardin,30,4,36.5,9.125,4,9.0,9.5,9.0,9.0,6,9.0,False,Actor/Actress,Entertainment,54,46-55,Artem Chigvintsev,9,United States,Texas,1,1.0,0.07692307692307693
Melora Hardin,30,5,36.0,9.0,4,9.0,9.0,9.0,9.0,6,9.0,False,Actor/Actress,Entertainment,54,46-55,Artem Chigvintsev,9,United States,Texas,1,3.0,0.45454545454545453
Melora Hardin,30,6,34.0,8.5,4,8.0,9.0,8.0,9.0,6,9.0,False,Actor/Actress,Entertainment,54,46-55,Artem Chigvintsev,9,United States,Texas,1,8.0,0.85
Melora Hardin,30,7,38.0,9.5,4,9.5,9.5,9.5,9.5,6,9.0,False,Actor/Actress,Entertainment,54,46-55,Artem Chigvintsev,9,United States,Texas,1,3.0,0.3888888888888889
Melora Hardin,30,8,42.0,10.5,4,10.5,10.5,10.5,10.5,6,9.0,False,Actor/Actress,Entertainment,54,46-55,Artem Chigvintsev,9,United States,Texas,1,1.0,0.25
Melora Hardin,30,9,36.0,9.0,4,8.5,9.5,9.0,9.0,6,9.0,True,Actor/Actress,Entertainment,54,46-55,Artem Chigvintsev,9,United States,Texas,1,5.0,0.8333333333333334
Heidi D'Amelio,31,1,24.0,6.0,4,6.0,6.0,6.0,6.0,8,8.0,False,Social Media Personality,Media,50,46-55,Artem Chigvintsev,10,United States,Louisiana,1,8.0,0.5
Heidi D'Amelio,31,2,28.0,7.0,4,7.0,7.0,7.0,7.0,8,8.0,False,Social Media Personality,Media,50,46-55,Artem Chigvintsev,10,United States,Louisiana,1,6.0,0.4666666666666667
Heidi D'Amelio,31,3,32.0,8.0,4,8.0,8.0,8.0,8.0,8,8.0,False,Social Media Personality,Media,50,46-55,Artem Chigvintsev,10,United States,Louisiana,1,4.0,0.2857142857142857
Heidi D'Amelio,31,4,34.0,8.5,4,9.0,8.0,8.0,9.0,8,8.0,False,Social Media Personality,Media,50,46-55,Artem Chigvintsev,10,United States,Louisiana,1,4.0,0.34615384615384615
Heidi D'Amelio,31,5,39.0,9.75,4,9.625,10.125,9.625,9.625,8,8.0,False,Social Media Personality,Media,50,46-55,Artem Chigvintsev,10,United States,Louisiana,1,5.0,0.4166666666666667
Heidi D'Amelio,31,6,36.0,9.0,4,9.0,9.0,9.0,9.0,8,8.0,False,Social Media Personality,Media,50,46-55,Artem Chigvintsev,10,United States,Louisiana,1,3.0,0.35
Heidi D'Amelio,31,7,35.0,8.75,4,8.5,9.0,9.0,8.5,8,8.0,False,Social Media Personality,Media,50,46-55,Artem Chigvintsev,10,United States,Louisiana,1,7.0,0.7777777777777778
Heidi D'Amelio,31,8,35.0,8.75,4,9.0,8.0,9.0,9.0,8,8.0,True,Social Media Personality,Media,50,46-55,Artem Chigvintsev,10,United States,Louisiana,1,7.0,0.875
Charity Lawson,32,1,22.0,7.333333333333333,3,7.0,7.0,8.0,,4,,False,TV Personality,Media,27,26-35,Artem Chigvintsev,11,United States,Georgia,1,1.0,0.07142857142857142
Charity Lawson,32,2,21.0,7.0,3,7.0,7.0,7.0,,4,,False,TV Personality,Media,27,26-35,Artem Chigvintsev,11,United States,Georgia,1,3.0,0.2692307692307692
Charity Lawson,32,3,32.0,8.0,4,8.0,8.0,8.0,8.0,4,,False,TV Personality,Media,27,26-35,Artem Chigvintsev,11,United States,Georgia,1,3.0,0.2916666666666667
Charity Lawson,32,4,24.0,8.0,3,8.0,8.0,8.0,,4,,False,TV Personality,Media,27,26-35,Artem Chigvintsev,11,United States,Georgia,1,3.0,0.3181818181818182
Charity Lawson,32,5,28.0,9.333333333333334,3,10.0,9.0,9.0,,4,,False,TV Personality,Media,27,26-35,Artem Chigvintsev,11,United States,Georgia,1,1.0,0.15
Charity Lawson,32,6,38.0,9.5,4,9.75,9.75,8.75,9.75,4,,False,TV Personality,Media,27,26-35,Artem Chigvintsev,11,United States,Georgia,1,4.0,0.4444444444444444
Charity Lawson,32,7,36.0,9.0,4,9.0,9.0,9.0,9.0,4,,False,TV Personality,Media,27,26-35,Artem Chigvintsev,11,United States,Georgia,1,4.0,0.5625
Charity Lawson,32,8,39.0,9.75,4,9.75,9.75,9.75,9.75,4,,False,TV Personality,Media,27,26-35,Artem Chigvintsev,11,United States,Georgia,1,3.0,0.42857142857142855
Charity Lawson,32,9,38.0,9.5,4,9.0,10.0,9.0,10.0,4,,False,TV Personality,Media,27,26-35,Artem Chigvintsev,11,United States,Georgia,1,3.0,0.5
Charity Lawson,32,10,29.5,9.833333333333334,3,10.0,9.5,10.0,,4,,False,TV Personality,Media,27,26-35,Artem Chigvintsev,11,United States,Georgia,1,2.0,0.4
Charity Lawson,32,11,29.5,9.833333333333334,3,9.5,10.0,10.0,,4,,False,TV Personality,Media,27,26-35,Artem Chigvintsev,11,United States,Georgia,1,3.0,0.7
Joey McIntyre,1,1,20.0,6.666666666666667,3,7.0,7.0,6.0,,3,,False,Singer/Rapper,Entertainment,32,26-35,Ashly DelGrosso,0,United States,Massachusetts,1,1.0,0.3333333333333333
Joey McIntyre,1,2,21.0,7.0,3,8.0,7.0,6.0,,3,,False,Singer/Rapper,Entertainment,32,26-35,Ashly DelGrosso,0,United States,Massachusetts,1,3.0,0.5
Joey McIntyre,1,3,22.0,7.333333333333333,3,7.0,7.0,8.0,,3,,False,Singer/Rapper,Entertainment,32,26-35,Ashly DelGrosso,0,United States,Massachusetts,1,3.0,0.6
Joey McIntyre,1,4,20.0,6.666666666666667,3,7.0,6.0,7.0,,3,,False,Singer/Rapper,Entertainment,32,26-35,Ashly DelGrosso,0,United States,Massachusetts,1,4.0,1.0
Joey McIntyre,1,5,22.5,7.5,3,8.5,7.0,7.0,,3,,False,Singer/Rapper,Entertainment,32,26-35,Ashly DelGrosso,0,United States,Massachusetts,1,3.0,1.0
Master P,2,1,12.0,4.0,3,4.0,4.0,4.0,,7,4.0,False,Singer/Rapper,Entertainment,35,26-35,Ashly DelGrosso,1,United States,Louisiana,1,10.0,1.0
Master P,2,2,16.0,5.333333333333333,3,6.0,5.0,5.0,,7,4.0,False,Singer/Rapper,Entertainment,35,26-35,Ashly DelGrosso,1,United States,Louisiana,1,9.0,1.0
Master P,2,3,14.0,4.666666666666667,3,6.0,4.0,4.0,,7,4.0,False,Singer/Rapper,Entertainment,35,26-35,Ashly DelGrosso,1,United States,Louisiana,1,8.0,1.0
Master P,2,4,8.0,2.6666666666666665,3,4.0,2.0,2.0,,7,4.0,True,Singer/Rapper,Entertainment,35,26-35,Ashly DelGrosso,1,United States,Louisiana,1,7.0,1.0
Harry Hamlin,3,1,17.0,5.666666666666667,3,5.0,6.0,6.0,,9,3.0,False,Actor/Actress,Entertainment,54,46-55,Ashly DelGrosso,2,United States,California,1,8.0,0.7272727272727273
Harry Hamlin,3,2,21.0,7.0,3,7.0,7.0,7.0,,9,3.0,False,Actor/Actress,Entertainment,54,46-55,Ashly DelGrosso,2,United States,California,1,7.0,0.8
Harry Hamlin,3,3,22.0,7.333333333333333,3,7.0,8.0,7.0,,9,3.0,True,Actor/Actress,Entertainment,54,46-55,Ashly DelGrosso,2,United States,California,1,4.0,0.6111111111111112
Buzz Aldrin,10,1,14.0,4.666666666666667,3,5.0,4.0,5.0,,10,3.0,False,Astronaut,Other,80,>55,Ashly DelGrosso,3,United States,New Jersey,1,11.0,1.0
Buzz Aldrin,10,2,12.0,4.0,3,4.0,4.0,4.0,,10,3.0,False,Astronaut,Other,80,>55,Ashly DelGrosso,3,United States,New Jersey,1,11.0,1.0
Buzz Aldrin,10,3,13.0,4.333333333333333,3,5.0,4.0,4.0,,10,3.0,True,Astronaut,Other,80,>55,Ashly DelGrosso,3,United States,New Jersey,1,10.0,1.0
Tinashe,27,1,23.0,7.666666666666667,3,8.0,7.0,8.0,,10,4.0,False,Singer/Rapper,Entertainment,25,≤25,Brandon Armstrong,0,United States,Kentucky,1,1.0,0.11538461538461539
Tinashe,27,2,26.0,8.666666666666666,3,9.0,8.0,9.0,,10,4.0,False,Singer/Rapper,Entertainment,25,≤25,Brandon Armstrong,0,United States,Kentucky,1,1.0,0.16666666666666666
Tinashe,27,3,27.0,9.0,3,9.0,9.0,9.0,,10,4.0,False,Singer/Rapper,Entertainment,25,≤25,Brandon Armstrong,0,United States,Kentucky,1,2.0,0.2727272727272727
Tinashe,27,4,26.0,8.666666666666666,3,9.0,8.0,9.0,,10,4.0,True,Singer/Rapper,Entertainment,25,≤25,Brandon Armstrong,0,United States,Kentucky,1,2.0,0.25
Mary Wilson,28,1,17.0,5.666666666666667,3,6.0,5.0,6.0,,12,2.0,False,Singer/Rapper,Entertainment,75,>55,Brandon Armstrong,1,United States,Nevada,1,5.0,0.4583333333333333
Mary Wilson,28,2,15.0,5.0,3,5.0,5.0,5.0,,12,2.0,True,Singer/Rapper,Entertainment,75,>55,Brandon Armstrong,1,United States,Nevada,1,10.0,0.875
Jeannie Mai,29,1,18.0,6.0,3,6.0,6.0,6.0,,9,-1.0,False,TV Personality,Media,41,36-45,Brandon Armstrong,2,United States,California,1,6.0,0.5333333333333333
Jeannie Mai,29,2,18.0,6.0,3,6.0,6.0,6.0,,9,-1.0,False,TV Personality,Media,41,36-45,Brandon Armstrong,2,United States,California,1,6.0,0.5666666666666667
Jeannie Mai,29,3,22.0,7.333333333333333,3,7.0,7.0,8.0,,9,-1.0,False,TV Personality,Media,41,36-45,Brandon Armstrong,2,United States,California,1,4.0,0.35714285714285715
Jeannie Mai,29,4,21.0,7.0,3,7.0,7.0,7.0,,9,-1.0,False,TV Personality,Media,41,36-45,Brandon Armstrong,2,United States,California,1,10.0,0.8846153846153846
Jeannie Mai,29,5,24.0,8.0,3,8.0,8.0,8.0,,9,-1.0,False,TV Personality,Media,41,36-45,Brandon Armstrong,2,United States,California,1,5.0,0.5833333333333334
Jeannie Mai,29,6,25.0,8.333333333333334,3,8.0,8.0,9.0,,9,-1.0,False,TV Personality,Media,41,36-45,Brandon Armstrong,2,United States,California,1,6.0,0.5454545454545454
Jeannie Mai,29,7,25.0,8.333333333333334,3,8.0,9.0,8.0,,9,-1.0,False,TV Personality,Media,41,36-45,Brandon Armstrong,2,United States,California,1,8.0,0.8
Kenya Moore,30,1,26.0,6.5,4,7.0,6.0,6.0,7.0,10,6.0,False,TV Personality,Media,50,46-55,Brandon Armstrong,3,United States,Michigan,1,5.0,0.36666666666666664
Kenya Moore,30,2,24.0,6.0,4,6.0,6.0,6.0,6.0,10,6.0,False,TV Personality,Media,50,46-55,Brandon Armstrong,3,United States,Michigan,1,10.0,0.7333333333333333
Kenya Moore,30,3,21.0,7.0,3,7.0,7.0,7.0,,10,6.0,False,TV Personality,Media,50,46-55,Brandon Armstrong,3,United States,Michigan,1,7.0,0.5714285714285714
Kenya Moore,30,4,29.5,7.375,4,7.0,7.0,8.0,7.5,10,6.0,False,TV Personality,Media,50,46-55,Brandon Armstrong,3,United States,Michigan,1,10.0,0.7692307692307693
Kenya Moore,30,5,36.0,9.0,4,9.0,9.0,9.0,9.0,10,6.0,False,TV Personality,Media,50,46-55,Brandon Armstrong,3,United States,Michigan,1,3.0,0.45454545454545453
Kenya Moore,30,6,32.0,8.0,4,8.0,8.0,8.0,8.0,10,6.0,True,TV Personality,Media,50,46-55,Brandon Armstrong,3,United States,Michigan,1,10.0,1.0
Jordin Sparks,31,1,26.0,6.5,4,7.0,6.0,6.0,7.0,9,7.0,False,Singer/Rapper,Entertainment,32,26-35,Brandon Armstrong,4,United States,Arizona,1,7.0,0.4375
Jordin Sparks,31,2,27.0,6.75,4,7.0,6.0,7.0,7.0,9,7.0,False,Singer/Rapper,Entertainment,32,26-35,Brandon Armstrong,4,United States,Arizona,1,9.0,0.6333333333333333
Jordin Sparks,31,3,29.0,7.25,4,7.0,7.0,7.0,8.0,9,7.0,False,Singer/Rapper,Entertainment,32,26-35,Brandon Armstrong,4,United States,Arizona,1,7.0,0.5357142857142857
Jordin Sparks,31,4,34.0,8.5,4,9.0,8.0,8.0,9.0,9,7.0,False,Singer/Rapper,Entertainment,32,26-35,Brandon Armstrong,4,United States,Arizona,1,4.0,0.34615384615384615
Jordin Sparks,31,5,35.5,8.875,4,8.875,8.375,8.875,9.375,9,7.0,False,Singer/Rapper,Entertainment,32,26-35,Brandon Armstrong,4,United States,Arizona,1,9.0,0.75
Jordin Sparks,31,6,34.0,8.5,4,9.0,8.0,8.0,9.0,9,7.0,False,Singer/Rapper,Entertainment,32,26-35,Brandon Armstrong,4,United States,Arizona,1,5.0,0.65
Jordin Sparks,31,7,34.5,8.625,4,8.5,9.0,8.5,8.5,9,7.0,True,Singer/Rapper,Entertainment,32,26-35,Brandon Armstrong,4,United States,Arizona,1,8.0,0.8888888888888888
Lele Pons,32,1,19.0,6.333333333333333,3,6.0,7.0,6.0,,8,7.0,False,Social Media Personality,Media,27,26-35,Brandon Armstrong,5,Venezuela,Unknown,0,4.0,0.2857142857142857
Lele Pons,32,2,21.0,7.0,3,7.0,7.0,7.0,,8,7.0,False,Social Media Personality,Media,27,26-35,Brandon Armstrong,5,Venezuela,Unknown,0,3.0,0.2692307692307692
Lele Pons,32,3,27.0,6.75,4,7.0,6.0,7.0,7.0,8,7.0,False,Social Media Personality,Media,27,26-35,Brandon Armstrong,5,Venezuela,Unknown,0,5.0,0.4166666666666667
Lele Pons,32,4,22.0,7.333333333333333,3,7.0,7.0,8.0,,8,7.0,False,Social Media Personality,Media,27,26-35,Brandon Armstrong,5,Venezuela,Unknown,0,5.0,0.45454545454545453
Lele Pons,32,5,24.0,8.0,3,8.0,8.0,8.0,,8,7.0,False,Social Media Personality,Media,27,26-35,Brandon Armstrong,5,Venezuela,Unknown,0,4.0,0.55
Lele Pons,32,6,37.0,9.25,4,9.0,9.0,9.0,10.0,8,7.0,False,Social Media Personality,Media,27,26-35,Brandon Armstrong,5,Venezuela,Unknown,0,5.0,0.5555555555555556
Lele Pons,32,7,36.5,9.125,4,9.5,9.0,9.0,9.0,8,7.0,True,Social Media Personality,Media,27,26-35,Brandon Armstrong,5,Venezuela,Unknown,0,3.0,0.375
Chandler Kinney,33,1,23.0,7.666666666666667,3,8.0,7.0,8.0,,3,,False,Actor/Actress,Entertainment,24,≤25,Brandon Armstrong,6,United States,California,1,1.0,0.07692307692307693
Chandler Kinney,33,2,24.0,8.0,3,8.0,8.0,8.0,,3,,False,Actor/Actress,Entertainment,24,≤25,Brandon Armstrong,6,United States,California,1,1.0,0.07692307692307693
Chandler Kinney,33,3,34.5,8.625,4,8.5,8.5,9.0,8.5,3,,False,Actor/Actress,Entertainment,24,≤25,Brandon Armstrong,6,United States,California,1,2.0,0.18181818181818182
Chandler Kinney,33,4,32.0,8.0,4,8.0,8.0,8.0,8.0,3,,False,Actor/Actress,Entertainment,24,≤25,Brandon Armstrong,6,United States,California,1,4.0,0.6666666666666666
Chandler Kinney,33,5,27.0,9.0,3,9.0,9.0,9.0,,3,,False,Actor/Actress,Entertainment,24,≤25,Brandon Armstrong,6,United States,California,1,1.0,0.125
Chandler Kinney,33,6,32.0,10.666666666666666,3,10.0,11.0,11.0,,3,,False,Actor/Actress,Entertainment,24,≤25,Brandon Armstrong,6,United States,California,1,1.0,0.21428571428571427
Chandler Kinney,33,7,30.0,10.0,3,10.0,10.0,10.0,,3,,False,Actor/Actress,Entertainment,24,≤25,Brandon Armstrong,6,United States,California,1,1.0,0.16666666666666666
Chandler Kinney,33,8,29.0,9.666666666666666,3,9.5,9.5,10.0,,3,,False,Actor/Actress,Entertainment,24,≤25,Brandon Armstrong,6,United States,California,1,1.0,0.3
Chandler Kinney,33,9,30.0,10.0,3,10.0,10.0,10.0,,3,,False,Actor/Actress,Entertainment,24,≤25,Brandon Armstrong,6,United States,California,1,1.0,0.2
Lauren Jauregui,34,1,13.0,6.5,2,7.0,6.0,,,12,3.0,False,Singer/Rapper,Entertainment,29,26-35,Brandon Armstrong,7,United States,Florida,1,4.0,0.32142857142857145
Lauren Jauregui,34,2,21.0,7.0,3,7.0,7.0,7.0,,12,3.0,False,Singer/Rapper,Entertainment,29,26-35,Brandon Armstrong,7,United States,Florida,1,5.0,0.4642857142857143
Lauren Jauregui,34,3,18.0,6.0,3,6.0,6.0,6.0,,12,3.0,True,Singer/Rapper,Entertainment,29,26-35,Brandon Armstrong,7,United States,Florida,1,11.0,0.9583333333333334
Shandi Finnessey,4,1,19.0,6.333333333333333,3,6.0,6.0,7.0,,10,3.0,False,Beauty Pageant,Model,28,26-35,Brian Fortuna,0,United States,Missouri,1,5.0,0.5
Shandi Finnessey,4,2,20.0,6.666666666666667,3,6.0,7.0,7.0,,10,3.0,False,Beauty Pageant,Model,28,26-35,Brian Fortuna,0,United States,Missouri,1,10.0,0.9090909090909091
Shandi Finnessey,4,3,21.0,7.0,3,7.0,7.0,7.0,,10,3.0,True,Beauty Pageant,Model,28,26-35,Brian Fortuna,0,United States,Missouri,1,6.0,0.7
Johnny Weir,29,1,18.0,6.0,3,6.0,6.0,6.0,,6,10.0,False,Athlete,Sports,36,36-45,Britt Stewart,0,United States,Pennsylvania,1,6.0,0.5333333333333333
Johnny Weir,29,2,18.0,6.0,3,6.0,6.0,6.0,,6,10.0,False,Athlete,Sports,36,36-45,Britt Stewart,0,United States,Pennsylvania,1,6.0,0.5666666666666667
Johnny Weir,29,3,24.0,8.0,3,8.0,8.0,8.0,,6,10.0,False,Athlete,Sports,36,36-45,Britt Stewart,0,United States,Pennsylvania,1,1.0,0.10714285714285714
Johnny Weir,29,4,24.0,8.0,3,8.0,8.0,8.0,,6,10.0,False,Athlete,Sports,36,36-45,Britt Stewart,0,United States,Pennsylvania,1,3.0,0.38461538461538464
Johnny Weir,29,5,29.0,9.666666666666666,3,10.0,10.0,9.0,,6,10.0,False,Athlete,Sports,36,36-45,Britt Stewart,0,United States,Pennsylvania,1,1.0,0.08333333333333333
Johnny Weir,29,6,22.0,7.333333333333333,3,7.0,8.0,7.0,,6,10.0,False,Athlete,Sports,36,36-45,Britt Stewart,0,United States,Pennsylvania,1,9.0,0.8181818181818182
Johnny Weir,29,7,27.0,9.0,3,9.0,9.0,9.0,,6,10.0,False,Athlete,Sports,36,36-45,Britt Stewart,0,United States,Pennsylvania,1,2.0,0.3
Johnny Weir,29,8,30.0,10.0,3,10.0,10.0,10.0,,6,10.0,False,Athlete,Sports,36,36-45,Britt Stewart,0,United States,Pennsylvania,1,1.0,0.1875
Johnny Weir,29,9,30.0,10.0,3,10.0,10.0,10.0,,6,10.0,False,Athlete,Sports,36,36-45,Britt Stewart,0,United States,Pennsylvania,1,1.0,0.21428571428571427
Johnny Weir,29,10,28.5,9.5,3,9.5,9.5,9.5,,6,10.0,True,Athlete,Sports,36,36-45,Britt Stewart,0,United States,Pennsylvania,1,4.0,0.75
Martin Kove,30,1,13.0,3.25,4,4.0,3.0,3.0,3.0,15,2.0,False,Actor/Actress,Entertainment,75,>55,Britt Stewart,1,United States,New York,1,15.0,1.0
Martin Kove,30,2,15.0,3.75,4,4.0,3.0,4.0,4.0,15,2.0,True,Actor/Actress,Entertainment,75,>55,Britt Stewart,1,United States,New York,1,15.0,1.0
Daniel Durant,31,1,27.0,6.75,4,7.0,6.0,7.0,7.0,5,9.0,False,Actor/Actress,Entertainment,32,26-35,Britt Stewart,2,United States,Michigan,1,6.0,0.375
Daniel Durant,31,2,29.0,7.25,4,7.0,7.0,7.0,8.0,5,9.0,False,Actor/Actress,Entertainment,32,26-35,Britt Stewart,2,United States,Michigan,1,5.0,0.3333333333333333
Daniel Durant,31,3,31.0,7.75,4,8.0,7.0,8.0,8.0,5,9.0,False,Actor/Actress,Entertainment,32,26-35,Britt Stewart,2,United States,Michigan,1,5.0,0.35714285714285715
Daniel Durant,31,4,29.0,7.25,4,7.0,7.0,7.0,8.0,5,9.0,False,Actor/Actress,Entertainment,32,26-35,Britt Stewart,2,United States,Michigan,1,9.0,0.7307692307692307
Daniel Durant,31,5,33.5,8.375,4,8.125,8.125,8.625,8.625,5,9.0,False,Actor/Actress,Entertainment,32,26-35,Britt Stewart,2,United States,Michigan,1,11.0,0.9166666666666666
Daniel Durant,31,6,34.0,8.5,4,9.0,8.0,8.0,9.0,5,9.0,False,Actor/Actress,Entertainment,32,26-35,Britt Stewart,2,United States,Michigan,1,5.0,0.65
Daniel Durant,31,7,36.5,9.125,4,9.0,8.5,9.5,9.5,5,9.0,False,Actor/Actress,Entertainment,32,26-35,Britt Stewart,2,United States,Michigan,1,4.0,0.5
Daniel Durant,31,8,39.0,9.75,4,10.0,9.0,10.0,10.0,5,9.0,False,Actor/Actress,Entertainment,32,26-35,Britt Stewart,2,United States,Michigan,1,5.0,0.6875
Daniel Durant,31,9,34.5,8.625,4,9.0,8.0,9.0,8.5,5,9.0,True,Actor/Actress,Entertainment,32,26-35,Britt Stewart,2,United States,Michigan,1,5.0,0.8333333333333334
Adrian Peterson,32,1,18.0,6.0,3,6.0,6.0,6.0,,11,4.0,False,Athlete,Sports,38,36-45,Britt Stewart,3,United States,Texas,1,5.0,0.39285714285714285
Adrian Peterson,32,2,15.0,5.0,3,5.0,5.0,5.0,,11,4.0,False,Athlete,Sports,38,36-45,Britt Stewart,3,United States,Texas,1,10.0,0.8461538461538461
Adrian Peterson,32,3,22.0,5.5,4,5.0,5.0,6.0,6.0,11,4.0,False,Athlete,Sports,38,36-45,Britt Stewart,3,United States,Texas,1,11.0,0.9166666666666666
Adrian Peterson,32,4,21.0,7.0,3,7.0,7.0,7.0,,11,4.0,True,Athlete,Sports,38,36-45,Britt Stewart,3,United States,Texas,1,6.0,0.6363636363636364
Eric Roberts,33,1,15.0,5.0,3,5.0,5.0,5.0,,10,3.0,False,Actor/Actress,Entertainment,68,>55,Britt Stewart,4,United States,California,1,13.0,1.0
Eric Roberts,33,2,15.0,5.0,3,6.0,4.0,5.0,,10,3.0,False,Actor/Actress,Entertainment,68,>55,Britt Stewart,4,United States,California,1,12.0,0.9615384615384616
Eric Roberts,33,3,23.0,5.75,4,6.5,5.5,5.5,5.5,10,3.0,True,Actor/Actress,Entertainment,68,>55,Britt Stewart,4,United States,California,1,10.0,0.9090909090909091
Baron Davis,34,1,10.0,5.0,2,5.0,5.0,,,13,2.0,False,Athlete,Sports,46,46-55,Britt Stewart,5,United States,California,1,9.0,0.75
Baron Davis,34,2,18.0,6.0,3,6.0,6.0,6.0,,13,2.0,True,Athlete,Sports,46,46-55,Britt Stewart,5,United States,California,1,11.0,0.8214285714285714
John O'Hurley,1,1,20.0,6.666666666666667,3,7.0,7.0,6.0,,2,,False,Actor/Actress,Entertainment,50,46-55,Charlotte Jorgensen,0,United States,Maine,1,1.0,0.3333333333333333
John O'Hurley,1,2,26.0,8.666666666666666,3,8.0,9.0,9.0,,2,,False,Actor/Actress,Entertainment,50,46-55,Charlotte Jorgensen,0,United States,Maine,1,1.0,0.16666666666666666
John O'Hurley,1,3,24.0,8.0,3,9.0,8.0,7.0,,2,,False,Actor/Actress,Entertainment,50,46-55,Charlotte Jorgensen,0,United States,Maine,1,2.0,0.4
John O'Hurley,1,4,21.0,7.0,3,7.0,8.0,6.0,,2,,False,Actor/Actress,Entertainment,50,46-55,Charlotte Jorgensen,0,United States,Maine,1,3.0,0.75
John O'Hurley,1,5,27.0,9.0,3,9.0,9.0,9.0,,2,,False,Actor/Actress,Entertainment,50,46-55,Charlotte Jorgensen,0,United States,Maine,1,1.0,0.3333333333333333
John O'Hurley,1,6,27.0,9.0,3,9.0,9.0,9.0,,2,,False,Actor/Actress,Entertainment,50,46-55,Charlotte Jorgensen,0,United States,Maine,1,2.0,1.0
Ty Murray,8,1,14.0,4.666666666666667,3,5.0,4.0,5.0,,4,10.0,False,Athlete,Sports,39,36-45,Chelsie Hightower,0,United States,Arizona,1,12.0,0.9230769230769231
Ty Murray,8,2,20.0,6.666666666666667,3,7.0,6.0,7.0,,4,10.0,False,Athlete,Sports,39,36-45,Chelsie Hightower,0,United States,Arizona,1,6.0,0.5384615384615384
Ty Murray,8,3,23.0,7.666666666666667,3,8.0,8.0,7.0,,4,10.0,False,Athlete,Sports,39,36-45,Chelsie Hightower,0,United States,Arizona,1,6.0,0.5416666666666666
Ty Murray,8,4,25.0,8.333333333333334,3,9.0,8.0,8.0,,4,10.0,False,Athlete,Sports,39,36-45,Chelsie Hightower,0,United States,Arizona,1,4.0,0.4090909090909091
Ty Murray,8,5,21.0,7.0,3,7.0,7.0,7.0,,4,10.0,False,Athlete,Sports,39,36-45,Chelsie Hightower,0,United States,Arizona,1,7.0,0.7777777777777778
Ty Murray,8,6,18.0,6.0,3,6.0,6.0,6.0,,4,10.0,False,Athlete,Sports,39,36-45,Chelsie Hightower,0,United States,Arizona,1,7.0,0.875
Ty Murray,8,7,24.0,8.0,3,8.0,8.0,8.0,,4,10.0,False,Athlete,Sports,39,36-45,Chelsie Hightower,0,United States,Arizona,1,6.0,0.8571428571428571
Ty Murray,8,8,26.0,8.666666666666666,3,9.0,8.0,9.0,,4,10.0,False,Athlete,Sports,39,36-45,Chelsie Hightower,0,United States,Arizona,1,3.0,0.5833333333333334
Ty Murray,8,9,23.0,7.666666666666667,3,7.5,8.0,7.5,,4,10.0,False,Athlete,Sports,39,36-45,Chelsie Hightower,0,United States,Arizona,1,5.0,1.0
Ty Murray,8,10,24.0,8.0,3,8.0,8.0,8.0,,4,10.0,True,Athlete,Sports,39,36-45,Chelsie Hightower,0,United States,Arizona,1,4.0,1.0
Louie Vito,9,1,26.9998,8.999933333333333,3,8.6666,9.6666,8.6666,,8,6.0,False,Athlete,Sports,21,≤25,Chelsie Hightower,1,United States,Ohio,1,7.0,0.46875
Louie Vito,9,2,19.0,6.333333333333333,3,6.0,7.0,6.0,,8,6.0,False,Athlete,Sports,21,≤25,Chelsie Hightower,1,United States,Ohio,1,9.0,0.75
Louie Vito,9,3,20.0,6.666666666666667,3,8.0,5.0,7.0,,8,6.0,False,Athlete,Sports,21,≤25,Chelsie Hightower,1,United States,Ohio,1,6.0,0.5
Louie Vito,9,4,16.0,5.333333333333333,3,5.0,5.0,6.0,,8,6.0,False,Athlete,Sports,21,≤25,Chelsie Hightower,1,United States,Ohio,1,10.0,0.9545454545454546
Louie Vito,9,5,22.0,7.333333333333333,3,7.0,8.0,7.0,,8,6.0,False,Athlete,Sports,21,≤25,Chelsie Hightower,1,United States,Ohio,1,8.0,0.85
Louie Vito,9,6,24.0,8.0,3,8.0,8.0,8.0,,8,6.0,True,Athlete,Sports,21,≤25,Chelsie Hightower,1,United States,Ohio,1,7.0,0.7777777777777778
Jake Pavelka,10,1,20.0,6.666666666666667,3,7.0,6.0,7.0,,7,6.0,False,TV Personality,Media,32,26-35,Chelsie Hightower,2,United States,Texas,1,5.0,0.45454545454545453
Jake Pavelka,10,2,20.0,6.666666666666667,3,6.0,7.0,7.0,,7,6.0,False,TV Personality,Media,32,26-35,Chelsie Hightower,2,United States,Texas,1,6.0,0.5909090909090909
Jake Pavelka,10,3,21.0,7.0,3,7.0,7.0,7.0,,7,6.0,False,TV Personality,Media,32,26-35,Chelsie Hightower,2,United States,Texas,1,4.0,0.5
Jake Pavelka,10,4,19.0,6.333333333333333,3,6.5,6.5,6.0,,7,6.0,False,TV Personality,Media,32,26-35,Chelsie Hightower,2,United States,Texas,1,6.0,0.6666666666666666
Jake Pavelka,10,5,23.0,7.666666666666667,3,8.0,7.0,8.0,,7,6.0,False,TV Personality,Media,32,26-35,Chelsie Hightower,2,United States,Texas,1,3.0,0.375
Jake Pavelka,10,6,24.999899999999997,8.3333,3,8.3333,8.3333,8.3333,,7,6.0,True,TV Personality,Media,32,26-35,Chelsie Hightower,2,United States,Texas,1,7.0,1.0
Michael Bolton,11,1,16.0,5.333333333333333,3,6.0,5.0,5.0,,11,2.0,False,Singer/Rapper,Entertainment,57,>55,Chelsie Hightower,3,United States,Connecticut,1,9.0,0.75
Michael Bolton,11,2,12.0,4.0,3,4.0,5.0,3.0,,11,2.0,True,Singer/Rapper,Entertainment,57,>55,Chelsie Hightower,3,United States,Connecticut,1,11.0,1.0
Romeo,12,1,19.0,6.333333333333333,3,7.0,6.0,6.0,,5,8.0,False,Singer/Rapper,Entertainment,21,≤25,Chelsie Hightower,4,United States,Louisiana,1,5.0,0.5
Romeo,12,2,23.0,7.666666666666667,3,7.0,8.0,8.0,,5,8.0,False,Singer/Rapper,Entertainment,21,≤25,Chelsie Hightower,4,United States,Louisiana,1,1.0,0.18181818181818182
Romeo,12,3,20.0,6.666666666666667,3,7.0,6.0,7.0,,5,8.0,False,Singer/Rapper,Entertainment,21,≤25,Chelsie Hightower,4,United States,Louisiana,1,8.0,0.85
Romeo,12,4,23.0,7.666666666666667,3,7.0,8.0,8.0,,5,8.0,False,Singer/Rapper,Entertainment,21,≤25,Chelsie Hightower,4,United States,Louisiana,1,4.0,0.5555555555555556
Romeo,12,5,26.0,8.666666666666666,3,9.0,8.0,9.0,,5,8.0,False,Singer/Rapper,Entertainment,21,≤25,Chelsie Hightower,4,United States,Louisiana,1,2.0,0.375
Romeo,12,6,28.0,9.333333333333334,3,10.0,9.0,9.0,,5,8.0,False,Singer/Rapper,Entertainment,21,≤25,Chelsie Hightower,4,United States,Louisiana,1,1.0,0.21428571428571427
Romeo,12,7,30.0,7.5,4,7.5,8.0,7.0,7.5,5,8.0,False,Singer/Rapper,Entertainment,21,≤25,Chelsie Hightower,4,United States,Louisiana,1,5.0,0.9166666666666666
Romeo,12,8,26.0,8.666666666666666,3,8.5,9.0,8.5,,5,8.0,True,Singer/Rapper,Entertainment,21,≤25,Chelsie Hightower,4,United States,Louisiana,1,4.0,0.8
Roshon Fegan,14,1,23.0,7.666666666666667,3,8.0,7.0,8.0,,6,8.0,False,Actor/Actress,Entertainment,20,≤25,Chelsie Hightower,5,United States,California,1,4.0,0.4583333333333333
Roshon Fegan,14,2,26.0,8.666666666666666,3,9.0,8.0,9.0,,6,8.0,False,Actor/Actress,Entertainment,20,≤25,Chelsie Hightower,5,United States,California,1,1.0,0.125
Roshon Fegan,14,3,25.0,8.333333333333334,3,8.0,8.0,9.0,,6,8.0,False,Actor/Actress,Entertainment,20,≤25,Chelsie Hightower,5,United States,California,1,5.0,0.5
Roshon Fegan,14,4,26.0,8.666666666666666,3,9.0,8.0,9.0,,6,8.0,False,Actor/Actress,Entertainment,20,≤25,Chelsie Hightower,5,United States,California,1,2.0,0.25
Roshon Fegan,14,5,26.0,8.666666666666666,3,9.0,8.0,9.0,,6,8.0,False,Actor/Actress,Entertainment,20,≤25,Chelsie Hightower,5,United States,California,1,5.0,0.5555555555555556
Roshon Fegan,14,6,27.9998,9.333266666666667,3,8.6666,9.6666,9.6666,,6,8.0,False,Actor/Actress,Entertainment,20,≤25,Chelsie Hightower,5,United States,California,1,7.0,0.875
Roshon Fegan,14,7,26.0,8.666666666666666,3,9.5,8.0,8.5,,6,8.0,False,Actor/Actress,Entertainment,20,≤25,Chelsie Hightower,5,United States,California,1,5.0,0.7142857142857143
Roshon Fegan,14,8,28.0,9.333333333333334,3,9.5,9.0,9.5,,6,8.0,True,Actor/Actress,Entertainment,20,≤25,Chelsie Hightower,5,United States,California,1,2.0,0.3333333333333333
Helio Castroneves,15,1,21.5,7.166666666666667,3,7.0,7.5,7.0,,10,3.0,False,Racing Driver,Sports,37,36-45,Chelsie Hightower,6,Brazil,Unknown,0,6.0,0.5384615384615384
Helio Castroneves,15,2,23.0,7.666666666666667,3,8.0,7.5,7.5,,10,3.0,False,Racing Driver,Sports,37,36-45,Chelsie Hightower,6,Brazil,Unknown,0,6.0,0.5
Helio Castroneves,15,3,25.5,8.5,3,8.5,8.5,8.5,,10,3.0,True,Racing Driver,Sports,37,36-45,Chelsie Hightower,6,Brazil,Unknown,0,4.0,0.5
Drew Lachey,2,1,24.0,8.0,3,8.0,8.0,8.0,,1,,False,Singer/Rapper,Entertainment,29,26-35,Cheryl Burke,0,United States,Ohio,1,1.0,0.1
Drew Lachey,2,2,27.0,9.0,3,9.0,9.0,9.0,,1,,False,Singer/Rapper,Entertainment,29,26-35,Cheryl Burke,0,United States,Ohio,1,2.0,0.2222222222222222
Drew Lachey,2,3,27.0,9.0,3,9.0,9.0,9.0,,1,,False,Singer/Rapper,Entertainment,29,26-35,Cheryl Burke,0,United States,Ohio,1,1.0,0.1875
Drew Lachey,2,4,28.0,9.333333333333334,3,9.0,9.0,10.0,,1,,False,Singer/Rapper,Entertainment,29,26-35,Cheryl Burke,0,United States,Ohio,1,1.0,0.14285714285714285
Drew Lachey,2,5,27.0,9.0,3,9.0,9.0,9.0,,1,,False,Singer/Rapper,Entertainment,29,26-35,Cheryl Burke,0,United States,Ohio,1,2.0,0.3333333333333333
Drew Lachey,2,6,30.0,10.0,3,10.0,10.0,10.0,,1,,False,Singer/Rapper,Entertainment,29,26-35,Cheryl Burke,0,United States,Ohio,1,1.0,0.3
Drew Lachey,2,7,27.5,9.166666666666666,3,9.5,9.0,9.0,,1,,False,Singer/Rapper,Entertainment,29,26-35,Cheryl Burke,0,United States,Ohio,1,1.0,0.375
Drew Lachey,2,8,28.9998,9.6666,3,9.6666,9.6666,9.6666,,1,,False,Singer/Rapper,Entertainment,29,26-35,Cheryl Burke,0,United States,Ohio,1,1.0,0.3333333333333333
Emmitt Smith,3,1,24.0,8.0,3,8.0,8.0,8.0,,1,,False,Athlete,Sports,37,36-45,Cheryl Burke,1,United States,Florida,1,2.0,0.18181818181818182
Emmitt Smith,3,2,24.0,8.0,3,8.0,8.0,8.0,,1,,False,Athlete,Sports,37,36-45,Cheryl Burke,1,United States,Florida,1,3.0,0.35
Emmitt Smith,3,3,19.0,6.333333333333333,3,7.0,6.0,6.0,,1,,False,Athlete,Sports,37,36-45,Cheryl Burke,1,United States,Florida,1,9.0,1.0
Emmitt Smith,3,4,24.0,8.0,3,8.0,8.0,8.0,,1,,False,Athlete,Sports,37,36-45,Cheryl Burke,1,United States,Florida,1,4.0,0.625
Emmitt Smith,3,5,27.0,9.0,3,9.0,9.0,9.0,,1,,False,Athlete,Sports,37,36-45,Cheryl Burke,1,United States,Florida,1,1.0,0.35714285714285715
Emmitt Smith,3,6,25.0,8.333333333333334,3,8.0,8.0,9.0,,1,,False,Athlete,Sports,37,36-45,Cheryl Burke,1,United States,Florida,1,2.0,0.4
Emmitt Smith,3,7,28.5,9.5,3,10.0,9.5,9.0,,1,,False,Athlete,Sports,37,36-45,Cheryl Burke,1,United States,Florida,1,1.0,0.3
Emmitt Smith,3,8,27.0,9.0,3,8.5,9.0,9.5,,1,,False,Athlete,Sports,37,36-45,Cheryl Burke,1,United States,Florida,1,2.0,0.625
Emmitt Smith,3,9,29.5,9.833333333333334,3,9.5,10.0,10.0,,1,,False,Athlete,Sports,37,36-45,Cheryl Burke,1,United States,Florida,1,1.0,0.6666666666666666
Emmitt Smith,3,10,29.666600000000003,9.888866666666667,3,10.0,9.6666,10.0,,1,,False,Athlete,Sports,37,36-45,Cheryl Burke,1,United States,Florida,1,1.0,0.75
Ian Ziering,4,1,21.0,7.0,3,7.0,7.0,7.0,,4,9.0,False,Actor/Actress,Entertainment,42,36-45,Cheryl Burke,2,United States,New Jersey,1,3.0,0.3181818181818182
Ian Ziering,4,2,22.0,7.333333333333333,3,7.0,8.0,7.0,,4,9.0,False,Actor/Actress,Entertainment,42,36-45,Cheryl Burke,2,United States,New Jersey,1,5.0,0.45454545454545453
Ian Ziering,4,3,24.0,8.0,3,8.0,8.0,8.0,,4,9.0,False,Actor/Actress,Entertainment,42,36-45,Cheryl Burke,2,United States,New Jersey,1,1.0,0.25
Ian Ziering,4,4,24.0,8.0,3,7.0,9.0,8.0,,4,9.0,False,Actor/Actress,Entertainment,42,36-45,Cheryl Burke,2,United States,New Jersey,1,3.0,0.3333333333333333
Ian Ziering,4,5,24.0,8.0,3,8.0,8.0,8.0,,4,9.0,False,Actor/Actress,Entertainment,42,36-45,Cheryl Burke,2,United States,New Jersey,1,4.0,0.5
Ian Ziering,4,6,24.0,8.0,3,8.0,8.0,8.0,,4,9.0,False,Actor/Actress,Entertainment,42,36-45,Cheryl Burke,2,United States,New Jersey,1,4.0,0.5714285714285714
Ian Ziering,4,7,27.0,9.0,3,9.0,9.0,9.0,,4,9.0,False,Actor/Actress,Entertainment,42,36-45,Cheryl Burke,2,United States,New Jersey,1,3.0,0.5833333333333334
Ian Ziering,4,8,23.5,7.833333333333333,3,8.0,7.5,8.0,,4,9.0,False,Actor/Actress,Entertainment,42,36-45,Cheryl Burke,2,United States,New Jersey,1,4.0,0.8
Ian Ziering,4,9,29.0,9.666666666666666,3,9.5,10.0,9.5,,4,9.0,True,Actor/Actress,Entertainment,42,36-45,Cheryl Burke,2,United States,New Jersey,1,4.0,1.0
Wayne Newton,5,1,19.0,6.333333333333333,3,6.0,7.0,6.0,,10,3.0,False,Singer/Rapper,Entertainment,65,>55,Cheryl Burke,3,United States,Virginia,1,10.0,0.8333333333333334
Wayne Newton,5,2,15.0,5.0,3,5.0,5.0,5.0,,10,3.0,False,Singer/Rapper,Entertainment,65,>55,Cheryl Burke,3,United States,Virginia,1,11.0,1.0
Wayne Newton,5,3,18.0,6.0,3,6.0,6.0,6.0,,10,3.0,True,Singer/Rapper,Entertainment,65,>55,Cheryl Burke,3,United States,Virginia,1,10.0,1.0
Cristian de la Fuente,6,1,21.0,7.0,3,7.0,7.0,7.0,,3,,False,Actor/Actress,Entertainment,34,26-35,Cheryl Burke,4,Chile,Unknown,0,6.0,0.5416666666666666
Cristian de la Fuente,6,2,20.0,6.666666666666667,3,7.0,6.0,7.0,,3,,False,Actor/Actress,Entertainment,34,26-35,Cheryl Burke,4,Chile,Unknown,0,8.0,0.6666666666666666
Cristian de la Fuente,6,3,25.0,8.333333333333334,3,8.0,8.0,9.0,,3,,False,Actor/Actress,Entertainment,34,26-35,Cheryl Burke,4,Chile,Unknown,0,3.0,0.3
Cristian de la Fuente,6,4,26.0,8.666666666666666,3,9.0,8.0,9.0,,3,,False,Actor/Actress,Entertainment,34,26-35,Cheryl Burke,4,Chile,Unknown,0,4.0,0.4444444444444444
Cristian de la Fuente,6,5,23.0,7.666666666666667,3,7.0,8.0,8.0,,3,,False,Actor/Actress,Entertainment,34,26-35,Cheryl Burke,4,Chile,Unknown,0,5.0,0.6875
Cristian de la Fuente,6,6,27.0,9.0,3,9.0,9.0,9.0,,3,,False,Actor/Actress,Entertainment,34,26-35,Cheryl Burke,4,Chile,Unknown,0,3.0,0.42857142857142855
Cristian de la Fuente,6,7,23.0,7.666666666666667,3,7.5,7.5,8.0,,3,,False,Actor/Actress,Entertainment,34,26-35,Cheryl Burke,4,Chile,Unknown,0,6.0,1.0
Cristian de la Fuente,6,8,28.5,9.5,3,10.0,9.0,9.5,,3,,False,Actor/Actress,Entertainment,34,26-35,Cheryl Burke,4,Chile,Unknown,0,1.0,0.2
Cristian de la Fuente,6,9,28.0,9.333333333333334,3,9.5,9.0,9.5,,3,,False,Actor/Actress,Entertainment,34,26-35,Cheryl Burke,4,Chile,Unknown,0,2.0,0.5
Cristian de la Fuente,6,10,26.0,8.666666666666666,3,9.0,8.0,9.0,,3,,False,Actor/Actress,Entertainment,34,26-35,Cheryl Burke,4,Chile,Unknown,0,3.0,1.0
Maurice Greene,7,1,19.5,6.5,3,6.5,6.5,6.5,,5,8.0,False,Athlete,Sports,34,26-35,Cheryl Burke,5,United States,Kansas,1,7.0,0.5384615384615384
Maurice Greene,7,2,19.0,6.333333333333333,3,7.0,6.0,6.0,,5,8.0,False,Athlete,Sports,34,26-35,Cheryl Burke,5,United States,Kansas,1,8.0,0.7272727272727273
Maurice Greene,7,3,24.0,8.0,3,8.0,8.0,8.0,,5,8.0,False,Athlete,Sports,34,26-35,Cheryl Burke,5,United States,Kansas,1,3.0,0.3333333333333333
Maurice Greene,7,4,20.0,6.666666666666667,3,6.0,7.0,7.0,,5,8.0,False,Athlete,Sports,34,26-35,Cheryl Burke,5,United States,Kansas,1,8.0,0.8888888888888888
Maurice Greene,7,5,27.0,9.0,3,9.0,9.0,9.0,,5,8.0,False,Athlete,Sports,34,26-35,Cheryl Burke,5,United States,Kansas,1,3.0,0.375
Maurice Greene,7,6,21.0,7.0,3,7.0,7.0,7.0,,5,8.0,False,Athlete,Sports,34,26-35,Cheryl Burke,5,United States,Kansas,1,6.0,0.8571428571428571
Maurice Greene,7,7,25.0,8.333333333333334,3,8.0,9.0,8.0,,5,8.0,False,Athlete,Sports,34,26-35,Cheryl Burke,5,United States,Kansas,1,2.0,0.4166666666666667
Maurice Greene,7,8,24.0,8.0,3,8.0,8.0,8.0,,5,8.0,True,Athlete,Sports,34,26-35,Cheryl Burke,5,United States,Kansas,1,4.0,0.9
Gilles Marini,8,1,24.0,8.0,3,8.0,8.0,8.0,,2,,False,Actor/Actress,Entertainment,33,26-35,Cheryl Burke,6,France,Unknown,0,1.0,0.07692307692307693
Gilles Marini,8,2,27.0,9.0,3,9.0,9.0,9.0,,2,,False,Actor/Actress,Entertainment,33,26-35,Cheryl Burke,6,France,Unknown,0,1.0,0.07692307692307693
Gilles Marini,8,3,27.0,9.0,3,9.0,9.0,9.0,,2,,False,Actor/Actress,Entertainment,33,26-35,Cheryl Burke,6,France,Unknown,0,1.0,0.16666666666666666
Gilles Marini,8,4,30.0,10.0,3,10.0,10.0,10.0,,2,,False,Actor/Actress,Entertainment,33,26-35,Cheryl Burke,6,France,Unknown,0,1.0,0.09090909090909091
Gilles Marini,8,5,29.0,9.666666666666666,3,10.0,9.0,10.0,,2,,False,Actor/Actress,Entertainment,33,26-35,Cheryl Burke,6,France,Unknown,0,1.0,0.1111111111111111
Gilles Marini,8,6,26.0,8.666666666666666,3,9.0,8.0,9.0,,2,,False,Actor/Actress,Entertainment,33,26-35,Cheryl Burke,6,France,Unknown,0,3.0,0.4375
Gilles Marini,8,7,27.0,9.0,3,9.0,9.0,9.0,,2,,False,Actor/Actress,Entertainment,33,26-35,Cheryl Burke,6,France,Unknown,0,3.0,0.5
Gilles Marini,8,8,27.5,9.166666666666666,3,9.0,9.0,9.5,,2,,False,Actor/Actress,Entertainment,33,26-35,Cheryl Burke,6,France,Unknown,0,2.0,0.3333333333333333
Gilles Marini,8,9,28.0,9.333333333333334,3,9.5,9.0,9.5,,2,,False,Actor/Actress,Entertainment,33,26-35,Cheryl Burke,6,France,Unknown,0,2.0,0.5
Gilles Marini,8,10,30.0,10.0,3,10.0,10.0,10.0,,2,,False,Actor/Actress,Entertainment,33,26-35,Cheryl Burke,6,France,Unknown,0,1.0,0.25
Gilles Marini,8,11,29.0,9.666666666666666,3,9.5,10.0,9.5,,2,,False,Actor/Actress,Entertainment,33,26-35,Cheryl Burke,6,France,Unknown,0,2.0,0.6666666666666666
Tom DeLay,9,1,19.9999,6.666633333333333,3,7.3333,6.3333,6.3333,,13,-1.0,False,Politician,Other,62,>55,Cheryl Burke,7,United States,Texas,1,12.0,0.78125
Tom DeLay,9,2,18.0,6.0,3,6.0,6.0,6.0,,13,-1.0,False,Politician,Other,62,>55,Cheryl Burke,7,United States,Texas,1,13.0,0.9642857142857143
Tom DeLay,9,3,15.0,5.0,3,6.0,4.0,5.0,,13,-1.0,False,Politician,Other,62,>55,Cheryl Burke,7,United States,Texas,1,12.0,0.9230769230769231
Chad Ochocinco,10,1,18.0,6.0,3,6.0,6.0,6.0,,4,9.0,False,Athlete,Sports,32,26-35,Cheryl Burke,8,United States,Florida,1,6.0,0.6363636363636364
Chad Ochocinco,10,2,16.0,5.333333333333333,3,6.0,5.0,5.0,,4,9.0,False,Athlete,Sports,32,26-35,Cheryl Burke,8,United States,Florida,1,9.0,0.8181818181818182
Chad Ochocinco,10,3,20.0,6.666666666666667,3,7.0,6.0,7.0,,4,9.0,False,Athlete,Sports,32,26-35,Cheryl Burke,8,United States,Florida,1,7.0,0.75
Chad Ochocinco,10,4,22.0,7.333333333333333,3,7.5,6.5,8.0,,4,9.0,False,Athlete,Sports,32,26-35,Cheryl Burke,8,United States,Florida,1,4.0,0.4444444444444444
Chad Ochocinco,10,5,18.0,6.0,3,6.0,6.0,6.0,,4,9.0,False,Athlete,Sports,32,26-35,Cheryl Burke,8,United States,Florida,1,6.0,0.8125
Chad Ochocinco,10,6,30.999899999999997,10.3333,3,10.3333,10.3333,10.3333,,4,9.0,False,Athlete,Sports,32,26-35,Cheryl Burke,8,United States,Florida,1,3.0,0.42857142857142855
Chad Ochocinco,10,7,26.0,8.666666666666666,3,8.5,9.0,8.5,,4,9.0,False,Athlete,Sports,32,26-35,Cheryl Burke,8,United States,Florida,1,3.0,0.5
Chad Ochocinco,10,8,22.5,7.5,3,7.5,7.5,7.5,,4,9.0,False,Athlete,Sports,32,26-35,Cheryl Burke,8,United States,Florida,1,4.0,0.8
Chad Ochocinco,10,9,26.0,8.666666666666666,3,8.5,8.5,9.0,,4,9.0,True,Athlete,Sports,32,26-35,Cheryl Burke,8,United States,Florida,1,4.0,1.0
Rick Fox,11,1,22.0,7.333333333333333,3,8.0,7.0,7.0,,6,7.0,False,Athlete,Sports,41,36-45,Cheryl Burke,9,Canada,Unknown,0,4.0,0.3333333333333333
Rick Fox,11,2,21.0,7.0,3,7.0,7.0,7.0,,6,7.0,False,Athlete,Sports,41,36-45,Cheryl Burke,9,Canada,Unknown,0,5.0,0.5454545454545454
Rick Fox,11,3,24.0,8.0,3,8.0,8.0,8.0,,6,7.0,False,Athlete,Sports,41,36-45,Cheryl Burke,9,Canada,Unknown,0,2.0,0.3
Rick Fox,11,4,19.5,6.5,3,6.0,7.0,6.5,,6,7.0,False,Athlete,Sports,41,36-45,Cheryl Burke,9,Canada,Unknown,0,5.0,0.5555555555555556
Rick Fox,11,5,24.0,8.0,3,8.0,8.0,8.0,,6,7.0,False,Athlete,Sports,41,36-45,Cheryl Burke,9,Canada,Unknown,0,3.0,0.4375
Rick Fox,11,6,30.0,10.0,3,10.0,10.0,10.0,,6,7.0,False,Athlete,Sports,41,36-45,Cheryl Burke,9,Canada,Unknown,0,3.0,0.42857142857142855
Rick Fox,11,7,34.5,8.625,4,9.0,8.5,8.5,8.5,6,7.0,True,Athlete,Sports,41,36-45,Cheryl Burke,9,Canada,Unknown,0,4.0,0.6666666666666666
Chris Jericho,12,1,19.0,6.333333333333333,3,7.0,6.0,6.0,,7,6.0,False,Athlete,Sports,40,36-45,Cheryl Burke,10,United States,New York,1,5.0,0.5
Chris Jericho,12,2,23.0,7.666666666666667,3,8.0,7.0,8.0,,7,6.0,False,Athlete,Sports,40,36-45,Cheryl Burke,10,United States,New York,1,1.0,0.18181818181818182
Chris Jericho,12,3,21.0,7.0,3,7.0,7.0,7.0,,7,6.0,False,Athlete,Sports,40,36-45,Cheryl Burke,10,United States,New York,1,5.0,0.6
Chris Jericho,12,4,23.0,7.666666666666667,3,8.0,7.0,8.0,,7,6.0,False,Athlete,Sports,40,36-45,Cheryl Burke,10,United States,New York,1,4.0,0.5555555555555556
Chris Jericho,12,5,26.0,8.666666666666666,3,9.0,8.0,9.0,,7,6.0,False,Athlete,Sports,40,36-45,Cheryl Burke,10,United States,New York,1,2.0,0.375
Chris Jericho,12,6,22.0,7.333333333333333,3,7.0,8.0,7.0,,7,6.0,True,Athlete,Sports,40,36-45,Cheryl Burke,10,United States,New York,1,7.0,1.0
Rob Kardashian,13,1,16.0,5.333333333333333,3,6.0,5.0,5.0,,2,,False,TV Personality,Media,24,≤25,Cheryl Burke,11,United States,California,1,9.0,0.7916666666666666
Rob Kardashian,13,2,21.0,7.0,3,7.0,7.0,7.0,,2,,False,TV Personality,Media,24,≤25,Cheryl Burke,11,United States,California,1,4.0,0.5
Rob Kardashian,13,3,24.0,8.0,3,8.0,8.0,8.0,,2,,False,TV Personality,Media,24,≤25,Cheryl Burke,11,United States,California,1,4.0,0.55
Rob Kardashian,13,4,24.0,8.0,3,8.0,8.0,8.0,,2,,False,TV Personality,Media,24,≤25,Cheryl Burke,11,United States,California,1,3.0,0.3888888888888889
Rob Kardashian,13,5,25.0,8.333333333333334,3,9.0,8.0,8.0,,2,,False,TV Personality,Media,24,≤25,Cheryl Burke,11,United States,California,1,2.0,0.3125
Rob Kardashian,13,6,22.0,7.333333333333333,3,8.0,7.0,7.0,,2,,False,TV Personality,Media,24,≤25,Cheryl Burke,11,United States,California,1,5.0,0.7142857142857143
Rob Kardashian,13,7,25.5,8.5,3,9.0,8.0,8.5,,2,,False,TV Personality,Media,24,≤25,Cheryl Burke,11,United States,California,1,2.0,0.3333333333333333
Rob Kardashian,13,8,25.5,8.5,3,8.5,8.5,8.5,,2,,False,TV Personality,Media,24,≤25,Cheryl Burke,11,United States,California,1,4.0,0.8
Rob Kardashian,13,9,32.4998,10.833266666666667,3,11.1666,10.6666,10.6666,,2,,False,TV Personality,Media,24,≤25,Cheryl Burke,11,United States,California,1,2.0,0.5
Rob Kardashian,13,10,28.333199999999998,9.4444,3,9.4444,9.4444,9.4444,,2,,False,TV Personality,Media,24,≤25,Cheryl Burke,11,United States,California,1,1.0,0.3333333333333333
William Levy,14,1,24.0,8.0,3,8.0,8.0,8.0,,3,,False,Actor/Actress,Entertainment,31,26-35,Cheryl Burke,12,Cuba,Unknown,0,3.0,0.25
William Levy,14,2,25.0,8.333333333333334,3,9.0,7.0,9.0,,3,,False,Actor/Actress,Entertainment,31,26-35,Cheryl Burke,12,Cuba,Unknown,0,3.0,0.2916666666666667
William Levy,14,3,28.0,9.333333333333334,3,9.0,9.0,10.0,,3,,False,Actor/Actress,Entertainment,31,26-35,Cheryl Burke,12,Cuba,Unknown,0,2.0,0.18181818181818182
William Levy,14,4,22.0,7.333333333333333,3,7.0,7.0,8.0,,3,,False,Actor/Actress,Entertainment,31,26-35,Cheryl Burke,12,Cuba,Unknown,0,6.0,0.7
William Levy,14,5,29.0,9.666666666666666,3,10.0,9.0,10.0,,3,,False,Actor/Actress,Entertainment,31,26-35,Cheryl Burke,12,Cuba,Unknown,0,1.0,0.16666666666666666
William Levy,14,6,36.0,12.0,3,12.0,11.0,13.0,,3,,False,Actor/Actress,Entertainment,31,26-35,Cheryl Burke,12,Cuba,Unknown,0,3.0,0.375
William Levy,14,7,26.5,8.833333333333334,3,9.0,8.5,9.0,,3,,False,Actor/Actress,Entertainment,31,26-35,Cheryl Burke,12,Cuba,Unknown,0,3.0,0.5
William Levy,14,8,28.5,9.5,3,9.5,9.5,9.5,,3,,False,Actor/Actress,Entertainment,31,26-35,Cheryl Burke,12,Cuba,Unknown,0,1.0,0.16666666666666666
William Levy,14,9,29.0,9.666666666666666,3,9.5,9.5,10.0,,3,,False,Actor/Actress,Entertainment,31,26-35,Cheryl Burke,12,Cuba,Unknown,0,2.0,0.5
William Levy,14,10,29.666600000000003,9.888866666666667,3,10.0,9.6666,10.0,,3,,False,Actor/Actress,Entertainment,31,26-35,Cheryl Burke,12,Cuba,Unknown,0,2.0,0.8333333333333334
Emmitt Smith,15,1,24.5,8.166666666666666,3,8.0,8.5,8.0,,4,9.0,False,Athlete,Sports,43,36-45,Cheryl Burke,13,United States,Florida,1,1.0,0.07692307692307693
Emmitt Smith,15,2,22.5,7.5,3,7.5,7.5,7.5,,4,9.0,False,Athlete,Sports,43,36-45,Cheryl Burke,13,United States,Florida,1,7.0,0.6666666666666666
Emmitt Smith,15,3,25.0,8.333333333333334,3,8.5,8.0,8.5,,4,9.0,False,Athlete,Sports,43,36-45,Cheryl Burke,13,United States,Florida,1,8.0,0.7272727272727273
Emmitt Smith,15,4,36.0,9.0,4,9.0,9.0,9.0,9.0,4,9.0,False,Athlete,Sports,43,36-45,Cheryl Burke,13,United States,Florida,1,5.0,0.5555555555555556
Emmitt Smith,15,5,28.0,9.333333333333334,3,9.25,9.25,9.5,,4,9.0,False,Athlete,Sports,43,36-45,Cheryl Burke,13,United States,Florida,1,6.0,0.75
Emmitt Smith,15,6,26.5,8.833333333333334,3,8.5,8.5,9.5,,4,9.0,False,Athlete,Sports,43,36-45,Cheryl Burke,13,United States,Florida,1,8.0,1.0
Emmitt Smith,15,7,34.4999,11.499966666666666,3,10.8333,11.8333,11.8333,,4,9.0,False,Athlete,Sports,43,36-45,Cheryl Burke,13,United States,Florida,1,4.0,0.5714285714285714
Emmitt Smith,15,8,29.0554,9.685133333333333,3,9.5,9.7777,9.7777,,4,9.0,False,Athlete,Sports,43,36-45,Cheryl Burke,13,United States,Florida,1,4.0,0.5714285714285714
Emmitt Smith,15,9,27.0,9.0,3,9.0,9.0,9.0,,4,9.0,True,Athlete,Sports,43,36-45,Cheryl Burke,13,United States,Florida,1,5.0,1.0
D. L. Hughley,16,1,12.0,4.0,3,4.0,4.0,4.0,,9,5.0,False,Comedian,Entertainment,50,46-55,Cheryl Burke,14,United States,Virginia,1,12.0,1.0
D. L. Hughley,16,2,16.0,5.333333333333333,3,5.0,5.0,6.0,,9,5.0,False,Comedian,Entertainment,50,46-55,Cheryl Burke,14,United States,Virginia,1,11.0,0.9166666666666666
D. L. Hughley,16,3,16.0,5.333333333333333,3,6.0,5.0,5.0,,9,5.0,False,Comedian,Entertainment,50,46-55,Cheryl Burke,14,United States,Virginia,1,10.0,0.9090909090909091
D. L. Hughley,16,4,21.0,7.0,3,7.0,7.0,7.0,,9,5.0,False,Comedian,Entertainment,50,46-55,Cheryl Burke,14,United States,Virginia,1,6.0,0.65
D. L. Hughley,16,5,18.0,6.0,3,6.0,6.0,6.0,,9,5.0,True,Comedian,Entertainment,50,46-55,Cheryl Burke,14,United States,Virginia,1,8.0,0.9444444444444444
Jack Osbourne,17,1,23.0,7.666666666666667,3,8.0,8.0,7.0,,3,,False,TV Personality,Media,27,26-35,Cheryl Burke,15,England,Unknown,0,4.0,0.375
Jack Osbourne,17,2,24.0,8.0,3,8.0,8.0,8.0,,3,,False,TV Personality,Media,27,26-35,Cheryl Burke,15,England,Unknown,0,4.0,0.4166666666666667
Jack Osbourne,17,3,22.0,7.333333333333333,3,7.0,7.0,8.0,,3,,False,TV Personality,Media,27,26-35,Cheryl Burke,15,England,Unknown,0,9.0,0.8181818181818182
Jack Osbourne,17,4,24.0,8.0,3,8.0,8.0,8.0,,3,,False,TV Personality,Media,27,26-35,Cheryl Burke,15,England,Unknown,0,4.0,0.55
Jack Osbourne,17,5,27.0,9.0,3,9.0,9.0,9.0,,3,,False,TV Personality,Media,27,26-35,Cheryl Burke,15,England,Unknown,0,3.0,0.4444444444444444
Jack Osbourne,17,6,26.9998,8.999933333333333,3,8.6666,9.6666,8.6666,,3,,False,TV Personality,Media,27,26-35,Cheryl Burke,15,England,Unknown,0,7.0,0.875
Jack Osbourne,17,7,28.5,9.5,3,10.0,9.0,9.5,,3,,False,TV Personality,Media,27,26-35,Cheryl Burke,15,England,Unknown,0,3.0,0.4375
Jack Osbourne,17,8,30.0,10.0,3,10.0,10.0,10.0,,3,,False,TV Personality,Media,27,26-35,Cheryl Burke,15,England,Unknown,0,1.0,0.21428571428571427
Jack Osbourne,17,9,27.0,9.0,3,9.0,9.0,9.0,,3,,False,TV Personality,Media,27,26-35,Cheryl Burke,15,England,Unknown,0,3.0,0.5833333333333334
Jack Osbourne,17,10,35.5,8.875,4,9.0,8.5,9.0,9.0,3,,False,TV Personality,Media,27,26-35,Cheryl Burke,15,England,Unknown,0,3.0,0.6
Jack Osbourne,17,11,27.999899999999997,9.3333,3,9.3333,9.3333,9.3333,,3,,False,TV Personality,Media,27,26-35,Cheryl Burke,15,England,Unknown,0,3.0,0.75
Drew Carey,18,1,21.0,7.0,3,7.0,7.0,7.0,,8,6.0,False,Comedian,Entertainment,55,46-55,Cheryl Burke,16,United States,Ohio,1,7.0,0.6666666666666666
Drew Carey,18,2,21.0,7.0,3,7.0,7.0,7.0,,8,6.0,False,Comedian,Entertainment,55,46-55,Cheryl Burke,16,United States,Ohio,1,7.0,0.7727272727272727
Drew Carey,18,3,30.0,7.5,4,7.0,7.0,8.0,8.0,8,6.0,False,Comedian,Entertainment,55,46-55,Cheryl Burke,16,United States,Ohio,1,9.0,1.0
Drew Carey,18,4,33.0,8.25,4,8.0,8.0,9.0,8.0,8,6.0,False,Comedian,Entertainment,55,46-55,Cheryl Burke,16,United States,Ohio,1,4.0,0.5
Drew Carey,18,5,28.0,7.0,4,7.0,7.0,7.0,7.0,8,6.0,False,Comedian,Entertainment,55,46-55,Cheryl Burke,16,United States,Ohio,1,9.0,1.0
Drew Carey,18,6,32.0,8.0,4,8.0,9.0,7.0,8.0,8,6.0,True,Comedian,Entertainment,55,46-55,Cheryl Burke,16,United States,Ohio,1,7.0,0.9375
Antonio Sabato Jr.,19,1,25.0,6.25,4,6.0,6.0,6.0,7.0,8,7.0,False,Actor/Actress,Entertainment,42,36-45,Cheryl Burke,17,Italy,Unknown,0,10.0,0.8076923076923077
Antonio Sabato Jr.,19,2,31.0,7.75,4,8.0,7.0,8.0,8.0,8,7.0,False,Actor/Actress,Entertainment,42,36-45,Cheryl Burke,17,Italy,Unknown,0,5.0,0.4583333333333333
Antonio Sabato Jr.,19,3,29.0,7.25,4,7.0,7.0,7.0,8.0,8,7.0,False,Actor/Actress,Entertainment,42,36-45,Cheryl Burke,17,Italy,Unknown,0,8.0,0.7727272727272727
Antonio Sabato Jr.,19,4,29.0,7.25,4,7.0,7.0,7.0,8.0,8,7.0,False,Actor/Actress,Entertainment,42,36-45,Cheryl Burke,17,Italy,Unknown,0,6.0,0.65
Antonio Sabato Jr.,19,5,28.0,7.0,4,8.0,6.0,7.0,7.0,8,7.0,False,Actor/Actress,Entertainment,42,36-45,Cheryl Burke,17,Italy,Unknown,0,6.0,0.6666666666666666
Antonio Sabato Jr.,19,6,28.0,7.0,4,7.0,7.0,7.0,7.0,8,7.0,False,Actor/Actress,Entertainment,42,36-45,Cheryl Burke,17,Italy,Unknown,0,8.0,0.9444444444444444
Antonio Sabato Jr.,19,7,29.5,7.375,4,7.0,7.5,7.5,7.5,8,7.0,True,Actor/Actress,Entertainment,42,36-45,Cheryl Burke,17,Italy,Unknown,0,7.0,0.875
Ryan Lochte,23,1,24.0,6.0,4,6.0,6.0,6.0,6.0,7,8.0,False,Athlete,Sports,32,26-35,Cheryl Burke,18,United States,New York,1,9.0,0.7307692307692307
Ryan Lochte,23,2,24.0,6.0,4,6.0,6.0,6.0,6.0,7,8.0,False,Athlete,Sports,32,26-35,Cheryl Burke,18,United States,New York,1,10.0,0.8461538461538461
Ryan Lochte,23,3,25.0,6.25,4,6.0,7.0,6.0,6.0,7,8.0,False,Athlete,Sports,32,26-35,Cheryl Burke,18,United States,New York,1,8.0,0.75
Ryan Lochte,23,4,22.0,7.333333333333333,3,7.0,7.0,8.0,,7,8.0,False,Athlete,Sports,32,26-35,Cheryl Burke,18,United States,New York,1,9.0,0.8181818181818182
Ryan Lochte,23,5,24.0,8.0,3,8.0,8.0,8.0,,7,8.0,False,Athlete,Sports,32,26-35,Cheryl Burke,18,United States,New York,1,6.0,0.8333333333333334
Ryan Lochte,23,6,30.0,7.5,4,7.0,8.0,8.0,7.0,7,8.0,False,Athlete,Sports,32,26-35,Cheryl Burke,18,United States,New York,1,7.0,0.8333333333333334
Ryan Lochte,23,7,33.0,8.25,4,8.5,8.0,8.0,8.5,7,8.0,False,Athlete,Sports,32,26-35,Cheryl Burke,18,United States,New York,1,6.0,0.8125
Ryan Lochte,23,8,26.0,8.666666666666666,3,8.0,9.0,9.0,,7,8.0,True,Athlete,Sports,32,26-35,Cheryl Burke,18,United States,New York,1,5.0,0.7142857142857143
Terrell Owens,25,1,15.0,5.0,3,5.0,5.0,5.0,,6,8.0,False,Athlete,Sports,43,36-45,Cheryl Burke,19,United States,Alabama,1,12.0,0.9230769230769231
Terrell Owens,25,2,19.5,6.5,3,6.5,6.0,7.0,,6,8.0,False,Athlete,Sports,43,36-45,Cheryl Burke,19,United States,Alabama,1,9.0,0.7307692307692307
Terrell Owens,25,3,21.0,7.0,3,7.0,7.0,7.0,,6,8.0,False,Athlete,Sports,43,36-45,Cheryl Burke,19,United States,Alabama,1,6.0,0.7272727272727273
Terrell Owens,25,4,24.0,8.0,3,8.0,8.0,8.0,,6,8.0,False,Athlete,Sports,43,36-45,Cheryl Burke,19,United States,Alabama,1,4.0,0.5909090909090909
Terrell Owens,25,5,25.0,8.333333333333334,3,9.0,8.0,8.0,,6,8.0,False,Athlete,Sports,43,36-45,Cheryl Burke,19,United States,Alabama,1,6.0,0.65
Terrell Owens,25,6,37.0,9.25,4,9.0,9.0,10.0,9.0,6,8.0,False,Athlete,Sports,43,36-45,Cheryl Burke,19,United States,Alabama,1,3.0,0.3333333333333333
Terrell Owens,25,7,24.5,8.166666666666666,3,8.0,8.0,8.5,,6,8.0,False,Athlete,Sports,43,36-45,Cheryl Burke,19,United States,Alabama,1,7.0,0.875
Terrell Owens,25,8,25.5,8.5,3,8.5,8.5,8.5,,6,8.0,True,Athlete,Sports,43,36-45,Cheryl Burke,19,United States,Alabama,1,4.0,0.6666666666666666
Juan Pablo Di Pace,27,1,22.0,7.333333333333333,3,7.0,7.0,8.0,,5,8.0,False,Actor/Actress,Entertainment,39,36-45,Cheryl Burke,20,Argentina,Unknown,0,3.0,0.2692307692307692
Juan Pablo Di Pace,27,2,26.0,8.666666666666666,3,9.0,8.0,9.0,,5,8.0,False,Actor/Actress,Entertainment,39,36-45,Cheryl Burke,20,Argentina,Unknown,0,1.0,0.16666666666666666
Juan Pablo Di Pace,27,3,30.0,10.0,3,10.0,10.0,10.0,,5,8.0,False,Actor/Actress,Entertainment,39,36-45,Cheryl Burke,20,Argentina,Unknown,0,1.0,0.09090909090909091
Juan Pablo Di Pace,27,4,24.0,8.0,3,8.0,8.0,8.0,,5,8.0,False,Actor/Actress,Entertainment,39,36-45,Cheryl Burke,20,Argentina,Unknown,0,5.0,0.55
Juan Pablo Di Pace,27,5,29.0,9.666666666666666,3,10.0,9.0,10.0,,5,8.0,False,Actor/Actress,Entertainment,39,36-45,Cheryl Burke,20,Argentina,Unknown,0,1.0,0.16666666666666666
Juan Pablo Di Pace,27,6,30.0,10.0,3,10.0,10.0,10.0,,5,8.0,False,Actor/Actress,Entertainment,39,36-45,Cheryl Burke,20,Argentina,Unknown,0,1.0,0.16666666666666666
Juan Pablo Di Pace,27,7,28.0,9.333333333333334,3,9.5,9.0,9.5,,5,8.0,False,Actor/Actress,Entertainment,39,36-45,Cheryl Burke,20,Argentina,Unknown,0,3.0,0.375
Juan Pablo Di Pace,27,8,30.0,10.0,3,10.0,10.0,10.0,,5,8.0,True,Actor/Actress,Entertainment,39,36-45,Cheryl Burke,20,Argentina,Unknown,0,1.0,0.16666666666666666
Ray Lewis,28,1,15.0,5.0,3,5.0,5.0,5.0,,11,-1.0,False,Athlete,Sports,44,36-45,Cheryl Burke,21,United States,Florida,1,9.0,0.7916666666666666
Ray Lewis,28,2,15.0,5.0,3,5.0,5.0,5.0,,11,-1.0,False,Athlete,Sports,44,36-45,Cheryl Burke,21,United States,Florida,1,10.0,0.875
AJ McLean,29,1,18.0,6.0,3,6.0,6.0,6.0,,7,9.0,False,Singer/Rapper,Entertainment,42,36-45,Cheryl Burke,22,United States,Florida,1,6.0,0.5333333333333333
AJ McLean,29,2,19.0,6.333333333333333,3,7.0,6.0,6.0,,7,9.0,False,Singer/Rapper,Entertainment,42,36-45,Cheryl Burke,22,United States,Florida,1,5.0,0.3333333333333333
AJ McLean,29,3,21.0,7.0,3,7.0,7.0,7.0,,7,9.0,False,Singer/Rapper,Entertainment,42,36-45,Cheryl Burke,22,United States,Florida,1,7.0,0.5357142857142857
AJ McLean,29,4,24.0,8.0,3,8.0,8.0,8.0,,7,9.0,False,Singer/Rapper,Entertainment,42,36-45,Cheryl Burke,22,United States,Florida,1,3.0,0.38461538461538464
AJ McLean,29,5,24.0,8.0,3,8.0,8.0,8.0,,7,9.0,False,Singer/Rapper,Entertainment,42,36-45,Cheryl Burke,22,United States,Florida,1,5.0,0.5833333333333334
AJ McLean,29,6,27.0,9.0,3,9.0,9.0,9.0,,7,9.0,False,Singer/Rapper,Entertainment,42,36-45,Cheryl Burke,22,United States,Florida,1,1.0,0.22727272727272727
AJ McLean,29,7,26.0,8.666666666666666,3,9.0,8.0,9.0,,7,9.0,False,Singer/Rapper,Entertainment,42,36-45,Cheryl Burke,22,United States,Florida,1,5.0,0.6
AJ McLean,29,8,27.0,9.0,3,9.0,9.0,9.0,,7,9.0,False,Singer/Rapper,Entertainment,42,36-45,Cheryl Burke,22,United States,Florida,1,5.0,0.6875
AJ McLean,29,9,24.9998,8.333266666666667,3,7.6666,8.6666,8.6666,,7,9.0,True,Singer/Rapper,Entertainment,42,36-45,Cheryl Burke,22,United States,Florida,1,6.0,0.8571428571428571
Cody Rigsby,30,1,24.0,6.0,4,6.0,6.0,6.0,6.0,3,,False,Fitness Instructor,Other,34,26-35,Cheryl Burke,23,United States,California,1,9.0,0.7
Cody Rigsby,30,2,24.0,6.0,4,6.0,6.0,6.0,6.0,3,,False,Fitness Instructor,Other,34,26-35,Cheryl Burke,23,United States,California,1,10.0,0.7333333333333333
Cody Rigsby,30,3,18.0,6.0,3,6.0,6.0,6.0,,3,,False,Fitness Instructor,Other,34,26-35,Cheryl Burke,23,United States,California,1,14.0,1.0
Cody Rigsby,30,4,29.0,7.25,4,7.5,6.5,7.5,7.5,3,,False,Fitness Instructor,Other,34,26-35,Cheryl Burke,23,United States,California,1,11.0,0.8461538461538461
Cody Rigsby,30,5,32.0,8.0,4,8.0,8.0,8.0,8.0,3,,False,Fitness Instructor,Other,34,26-35,Cheryl Burke,23,United States,California,1,9.0,0.8636363636363636
Cody Rigsby,30,6,36.0,9.0,4,9.0,9.0,9.0,9.0,3,,False,Fitness Instructor,Other,34,26-35,Cheryl Burke,23,United States,California,1,5.0,0.6
Cody Rigsby,30,7,36.0,9.0,4,8.5,8.5,9.5,9.5,3,,False,Fitness Instructor,Other,34,26-35,Cheryl Burke,23,United States,California,1,5.0,0.5555555555555556
Cody Rigsby,30,8,38.0,9.5,4,10.0,10.0,9.0,9.0,3,,False,Fitness Instructor,Other,34,26-35,Cheryl Burke,23,United States,California,1,5.0,0.625
Cody Rigsby,30,9,35.5,8.875,4,9.0,9.0,8.5,9.0,3,,False,Fitness Instructor,Other,34,26-35,Cheryl Burke,23,United States,California,1,6.0,1.0
Cody Rigsby,30,10,38.0,9.5,4,9.5,9.5,9.5,9.5,3,,False,Fitness Instructor,Other,34,26-35,Cheryl Burke,23,United States,California,1,4.0,1.0
Sam Champion,31,1,20.0,5.0,4,5.0,5.0,5.0,5.0,13,4.0,False,News Anchor,Media,61,>55,Cheryl Burke,24,United States,Kentucky,1,12.0,0.8125
Sam Champion,31,2,26.0,6.5,4,6.0,6.0,7.0,7.0,13,4.0,False,News Anchor,Media,61,>55,Cheryl Burke,24,United States,Kentucky,1,11.0,0.7333333333333333
Sam Champion,31,3,25.0,6.25,4,6.0,6.0,6.0,7.0,13,4.0,False,News Anchor,Media,61,>55,Cheryl Burke,24,United States,Kentucky,1,12.0,0.8571428571428571
Sam Champion,31,4,25.0,6.25,4,7.0,6.0,6.0,6.0,13,4.0,True,News Anchor,Media,61,>55,Cheryl Burke,24,United States,Kentucky,1,13.0,1.0
Cloris Leachman,7,1,16.0,5.333333333333333,3,6.0,5.0,5.0,,7,6.0,False,Actor/Actress,Entertainment,82,>55,Corky Ballas,0,United States,Iowa,1,12.0,0.9230769230769231
Cloris Leachman,7,2,15.0,5.0,3,5.0,5.0,5.0,,7,6.0,False,Actor/Actress,Entertainment,82,>55,Corky Ballas,0,United States,Iowa,1,11.0,1.0
Cloris Leachman,7,3,16.0,5.333333333333333,3,6.0,5.0,5.0,,7,6.0,False,Actor/Actress,Entertainment,82,>55,Corky Ballas,0,United States,Iowa,1,9.0,1.0
Cloris Leachman,7,4,22.0,7.333333333333333,3,8.0,7.0,7.0,,7,6.0,False,Actor/Actress,Entertainment,82,>55,Corky Ballas,0,United States,Iowa,1,5.0,0.6666666666666666
Cloris Leachman,7,5,21.0,7.0,3,7.0,7.0,7.0,,7,6.0,False,Actor/Actress,Entertainment,82,>55,Corky Ballas,0,United States,Iowa,1,7.0,0.9375
Cloris Leachman,7,6,15.0,5.0,3,5.0,5.0,5.0,,7,6.0,True,Actor/Actress,Entertainment,82,>55,Corky Ballas,0,United States,Iowa,1,7.0,1.0
Florence Henderson,11,1,18.0,6.0,3,6.0,6.0,6.0,,8,5.0,False,Actor/Actress,Entertainment,76,>55,Corky Ballas,1,United States,Indiana,1,7.0,0.625
Florence Henderson,11,2,19.0,6.333333333333333,3,7.0,6.0,6.0,,8,5.0,False,Actor/Actress,Entertainment,76,>55,Corky Ballas,1,United States,Indiana,1,8.0,0.7272727272727273
Florence Henderson,11,3,20.0,6.666666666666667,3,7.0,6.0,7.0,,8,5.0,False,Actor/Actress,Entertainment,76,>55,Corky Ballas,1,United States,Indiana,1,7.0,0.75
Florence Henderson,11,4,17.5,5.833333333333333,3,6.0,6.0,5.5,,8,5.0,False,Actor/Actress,Entertainment,76,>55,Corky Ballas,1,United States,Indiana,1,6.0,0.6666666666666666
Florence Henderson,11,5,21.0,7.0,3,7.0,7.0,7.0,,8,5.0,True,Actor/Actress,Entertainment,76,>55,Corky Ballas,1,United States,Indiana,1,6.0,0.75
Pamela Anderson,10,1,21.0,7.0,3,7.0,6.0,8.0,,6,7.0,False,Model,Model,42,36-45,Damian Whitewood,0,Canada,Unknown,0,3.0,0.3181818181818182
Pamela Anderson,10,2,22.0,7.333333333333333,3,7.0,7.0,8.0,,6,7.0,False,Model,Model,42,36-45,Damian Whitewood,0,Canada,Unknown,0,4.0,0.36363636363636365
Pamela Anderson,10,3,21.0,7.0,3,7.0,7.0,7.0,,6,7.0,False,Model,Model,42,36-45,Damian Whitewood,0,Canada,Unknown,0,4.0,0.5
Pamela Anderson,10,4,23.5,7.833333333333333,3,7.5,7.5,8.5,,6,7.0,False,Model,Model,42,36-45,Damian Whitewood,0,Canada,Unknown,0,3.0,0.3333333333333333
Pamela Anderson,10,5,21.0,7.0,3,7.0,6.0,8.0,,6,7.0,False,Model,Model,42,36-45,Damian Whitewood,0,Canada,Unknown,0,5.0,0.625
Pamela Anderson,10,6,29.9998,9.999933333333333,3,9.6666,9.6666,10.6666,,6,7.0,False,Model,Model,42,36-45,Damian Whitewood,0,Canada,Unknown,0,4.0,0.5714285714285714
Pamela Anderson,10,7,25.5,8.5,3,8.5,8.5,8.5,,6,7.0,True,Model,Model,42,36-45,Damian Whitewood,0,Canada,Unknown,0,4.0,0.75
Nelly,29,1,16.0,5.333333333333333,3,5.0,5.0,6.0,,3,,False,Singer/Rapper,Entertainment,45,36-45,Daniella Karagach,0,United States,Texas,1,12.0,0.8
Nelly,29,2,18.0,6.0,3,6.0,6.0,6.0,,3,,False,Singer/Rapper,Entertainment,45,36-45,Daniella Karagach,0,United States,Texas,1,6.0,0.5666666666666667
Nelly,29,3,18.0,6.0,3,6.0,6.0,6.0,,3,,False,Singer/Rapper,Entertainment,45,36-45,Daniella Karagach,0,United States,Texas,1,11.0,0.8214285714285714
Nelly,29,4,21.0,7.0,3,7.0,7.0,7.0,,3,,False,Singer/Rapper,Entertainment,45,36-45,Daniella Karagach,0,United States,Texas,1,10.0,0.8846153846153846
Nelly,29,5,24.0,8.0,3,8.0,8.0,8.0,,3,,False,Singer/Rapper,Entertainment,45,36-45,Daniella Karagach,0,United States,Texas,1,5.0,0.5833333333333334
Nelly,29,6,24.0,8.0,3,8.0,8.0,8.0,,3,,False,Singer/Rapper,Entertainment,45,36-45,Daniella Karagach,0,United States,Texas,1,7.0,0.6818181818181818
Nelly,29,7,27.0,9.0,3,9.0,9.0,9.0,,3,,False,Singer/Rapper,Entertainment,45,36-45,Daniella Karagach,0,United States,Texas,1,2.0,0.3
Nelly,29,8,24.0,8.0,3,8.0,8.0,8.0,,3,,False,Singer/Rapper,Entertainment,45,36-45,Daniella Karagach,0,United States,Texas,1,8.0,1.0
Nelly,29,9,24.0,8.0,3,8.0,8.0,8.0,,3,,False,Singer/Rapper,Entertainment,45,36-45,Daniella Karagach,0,United States,Texas,1,7.0,1.0
Nelly,29,10,28.0,9.333333333333334,3,9.5,9.0,9.5,,3,,False,Singer/Rapper,Entertainment,45,36-45,Daniella Karagach,0,United States,Texas,1,6.0,1.0
Nelly,29,11,28.5,9.5,3,9.5,9.5,9.5,,3,,False,Singer/Rapper,Entertainment,45,36-45,Daniella Karagach,0,United States,Texas,1,4.0,1.0
Iman Shumpert,30,1,21.0,5.25,4,7.0,4.0,5.0,5.0,1,,False,Athlete,Sports,31,26-35,Daniella Karagach,1,United States,Illinois,1,14.0,0.9333333333333333
Iman Shumpert,30,2,25.0,6.25,4,7.0,6.0,6.0,6.0,1,,False,Athlete,Sports,31,26-35,Daniella Karagach,1,United States,Illinois,1,9.0,0.6
Iman Shumpert,30,3,19.0,6.333333333333333,3,7.0,6.0,6.0,,1,,False,Athlete,Sports,31,26-35,Daniella Karagach,1,United States,Illinois,1,12.0,0.8928571428571429
Iman Shumpert,30,4,31.5,7.875,4,8.5,6.5,8.5,8.0,1,,False,Athlete,Sports,31,26-35,Daniella Karagach,1,United States,Illinois,1,9.0,0.6923076923076923
Iman Shumpert,30,5,28.0,7.0,4,7.0,7.0,7.0,7.0,1,,False,Athlete,Sports,31,26-35,Daniella Karagach,1,United States,Illinois,1,11.0,1.0
Iman Shumpert,30,6,40.0,10.0,4,10.0,10.0,10.0,10.0,1,,False,Athlete,Sports,31,26-35,Daniella Karagach,1,United States,Illinois,1,1.0,0.15
Iman Shumpert,30,7,34.0,8.5,4,9.5,7.5,8.5,8.5,1,,False,Athlete,Sports,31,26-35,Daniella Karagach,1,United States,Illinois,1,6.0,0.7777777777777778
Iman Shumpert,30,8,35.0,8.75,4,9.0,8.0,9.0,9.0,1,,False,Athlete,Sports,31,26-35,Daniella Karagach,1,United States,Illinois,1,7.0,0.875
Iman Shumpert,30,9,37.5,9.375,4,9.5,9.0,10.0,9.0,1,,False,Athlete,Sports,31,26-35,Daniella Karagach,1,United States,Illinois,1,3.0,0.5833333333333334
Iman Shumpert,30,10,40.0,10.0,4,10.0,10.0,10.0,10.0,1,,False,Athlete,Sports,31,26-35,Daniella Karagach,1,United States,Illinois,1,1.0,0.375
Joseph Baena,31,1,23.0,5.75,4,6.0,5.0,6.0,6.0,11,5.0,False,Actor/Actress,Entertainment,24,≤25,Daniella Karagach,2,United States,California,1,9.0,0.5625
Joseph Baena,31,2,24.0,6.0,4,6.0,6.0,6.0,6.0,11,5.0,False,Actor/Actress,Entertainment,24,≤25,Daniella Karagach,2,United States,California,1,13.0,0.8666666666666667
Joseph Baena,31,3,29.0,7.25,4,8.0,7.0,7.0,7.0,11,5.0,False,Actor/Actress,Entertainment,24,≤25,Daniella Karagach,2,United States,California,1,7.0,0.5357142857142857
Joseph Baena,31,4,28.0,7.0,4,7.0,7.0,7.0,7.0,11,5.0,False,Actor/Actress,Entertainment,24,≤25,Daniella Karagach,2,United States,California,1,11.0,0.8846153846153846
Joseph Baena,31,5,35.0,8.75,4,9.0,8.5,9.0,8.5,11,5.0,True,Actor/Actress,Entertainment,24,≤25,Daniella Karagach,2,United States,California,1,10.0,0.8333333333333334
Jason Mraz,32,1,21.0,7.0,3,7.0,7.0,7.0,,2,,False,Singer/Rapper,Entertainment,46,46-55,Daniella Karagach,3,United States,Virginia,1,2.0,0.17857142857142858
Jason Mraz,32,2,24.0,8.0,3,8.0,8.0,8.0,,2,,False,Singer/Rapper,Entertainment,46,46-55,Daniella Karagach,3,United States,Virginia,1,1.0,0.11538461538461539
Jason Mraz,32,3,34.0,8.5,4,9.0,8.0,9.0,8.0,2,,False,Singer/Rapper,Entertainment,46,46-55,Daniella Karagach,3,United States,Virginia,1,1.0,0.125
Jason Mraz,32,4,24.0,8.0,3,8.0,8.0,8.0,,2,,False,Singer/Rapper,Entertainment,46,46-55,Daniella Karagach,3,United States,Virginia,1,3.0,0.3181818181818182
Jason Mraz,32,5,27.0,9.0,3,9.0,9.0,9.0,,2,,False,Singer/Rapper,Entertainment,46,46-55,Daniella Karagach,3,United States,Virginia,1,3.0,0.3
Jason Mraz,32,6,39.0,9.75,4,9.75,9.75,9.75,9.75,2,,False,Singer/Rapper,Entertainment,46,46-55,Daniella Karagach,3,United States,Virginia,1,3.0,0.3333333333333333
Jason Mraz,32,7,36.0,9.0,4,8.5,8.5,10.0,9.0,2,,False,Singer/Rapper,Entertainment,46,46-55,Daniella Karagach,3,United States,Virginia,1,4.0,0.5625
Jason Mraz,32,8,33.0,8.25,4,8.0,9.0,8.0,8.0,2,,False,Singer/Rapper,Entertainment,46,46-55,Daniella Karagach,3,United States,Virginia,1,6.0,0.8571428571428571
Jason Mraz,32,9,43.0,10.75,4,10.75,10.75,10.75,10.75,2,,False,Singer/Rapper,Entertainment,46,46-55,Daniella Karagach,3,United States,Virginia,1,1.0,0.16666666666666666
Jason Mraz,32,10,28.5,9.5,3,9.5,9.5,9.5,,2,,False,Singer/Rapper,Entertainment,46,46-55,Daniella Karagach,3,United States,Virginia,1,4.0,0.8
Jason Mraz,32,11,30.0,10.0,3,10.0,10.0,10.0,,2,,False,Singer/Rapper,Entertainment,46,46-55,Daniella Karagach,3,United States,Virginia,1,1.0,0.3
Dwight Howard,33,1,22.0,7.333333333333333,3,8.0,7.0,7.0,,6,7.0,False,Athlete,Sports,38,36-45,Daniella Karagach,4,United States,Georgia,1,2.0,0.15384615384615385
Dwight Howard,33,2,22.0,7.333333333333333,3,8.0,7.0,7.0,,6,7.0,False,Athlete,Sports,38,36-45,Daniella Karagach,4,United States,Georgia,1,2.0,0.23076923076923078
Dwight Howard,33,3,26.0,6.5,4,7.0,6.5,6.0,6.5,6,7.0,False,Athlete,Sports,38,36-45,Daniella Karagach,4,United States,Georgia,1,9.0,0.8181818181818182
Dwight Howard,33,4,29.0,7.25,4,7.0,8.0,7.0,7.0,6,7.0,False,Athlete,Sports,38,36-45,Daniella Karagach,4,United States,Georgia,1,9.0,1.0
Dwight Howard,33,5,24.0,8.0,3,8.0,8.0,8.0,,6,7.0,False,Athlete,Sports,38,36-45,Daniella Karagach,4,United States,Georgia,1,6.0,0.875
Dwight Howard,33,6,31.0,10.333333333333334,3,11.0,10.0,10.0,,6,7.0,False,Athlete,Sports,38,36-45,Daniella Karagach,4,United States,Georgia,1,3.0,0.5
Dwight Howard,33,7,24.0,8.0,3,8.0,8.0,8.0,,6,7.0,True,Athlete,Sports,38,36-45,Daniella Karagach,4,United States,Georgia,1,6.0,1.0
Dylan Efron,34,1,10.0,5.0,2,5.0,5.0,,,4,,False,TV Personality,Media,33,26-35,Daniella Karagach (Rumer Willis week 9),0,United States,California,1,9.0,0.75
Dylan Efron,34,2,20.0,6.666666666666667,3,7.0,6.0,7.0,,4,,False,TV Personality,Media,33,26-35,Daniella Karagach (Rumer Willis week 9),0,United States,California,1,9.0,0.6428571428571429
Dylan Efron,34,3,23.0,7.666666666666667,3,7.0,8.0,8.0,,4,,False,TV Personality,Media,33,26-35,Daniella Karagach (Rumer Willis week 9),0,United States,California,1,3.0,0.2916666666666667
Dylan Efron,34,4,23.0,7.666666666666667,3,7.0,8.0,8.0,,4,,False,TV Personality,Media,33,26-35,Daniella Karagach (Rumer Willis week 9),0,United States,California,1,5.0,0.5454545454545454
Dylan Efron,34,5,36.0,9.0,4,9.0,9.0,9.0,9.0,4,,False,TV Personality,Media,33,26-35,Daniella Karagach (Rumer Willis week 9),0,United States,California,1,1.0,0.1
Dylan Efron,34,6,32.0,8.0,4,8.0,8.0,8.0,8.0,4,,False,TV Personality,Media,33,26-35,Daniella Karagach (Rumer Willis week 9),0,United States,California,1,7.0,0.75
Dylan Efron,34,7,38.0,9.5,4,9.75,9.75,8.75,9.75,4,,False,TV Personality,Media,33,26-35,Daniella Karagach (Rumer Willis week 9),0,United States,California,1,4.0,0.5
Dylan Efron,34,8,38.0,9.5,4,9.0,9.5,10.0,9.5,4,,False,TV Personality,Media,33,26-35,Daniella Karagach (Rumer Willis week 9),0,United States,California,1,4.0,0.5625
Dylan Efron,34,9,42.0,10.5,4,10.5,10.5,10.5,10.5,4,,False,TV Personality,Media,33,26-35,Daniella Karagach (Rumer Willis week 9),0,United States,California,1,1.0,0.2857142857142857
Dylan Efron,34,10,27.5,9.166666666666666,3,9.0,9.0,9.5,,4,,False,TV Personality,Media,33,26-35,Daniella Karagach (Rumer Willis week 9),0,United States,California,1,6.0,1.0
Dylan Efron,34,11,29.3332,9.777733333333334,3,9.6666,9.6666,10.0,,4,,False,TV Personality,Media,33,26-35,Daniella Karagach (Rumer Willis week 9),0,United States,California,1,4.0,0.8
Jennie Garth,5,1,21.0,7.0,3,7.0,7.0,7.0,,4,9.0,False,Actor/Actress,Entertainment,35,26-35,Derek Hough,0,United States,Illinois,1,5.0,0.5833333333333334
Jennie Garth,5,2,21.0,7.0,3,7.0,7.0,7.0,,4,9.0,False,Actor/Actress,Entertainment,35,26-35,Derek Hough,0,United States,Illinois,1,5.0,0.6363636363636364
Jennie Garth,5,3,26.0,8.666666666666666,3,9.0,8.0,9.0,,4,9.0,False,Actor/Actress,Entertainment,35,26-35,Derek Hough,0,United States,Illinois,1,4.0,0.45
Jennie Garth,5,4,27.0,9.0,3,8.0,10.0,9.0,,4,9.0,False,Actor/Actress,Entertainment,35,26-35,Derek Hough,0,United States,Illinois,1,2.0,0.3333333333333333
Jennie Garth,5,5,25.0,8.333333333333334,3,8.0,9.0,8.0,,4,9.0,False,Actor/Actress,Entertainment,35,26-35,Derek Hough,0,United States,Illinois,1,5.0,0.625
Jennie Garth,5,6,27.0,9.0,3,9.0,9.0,9.0,,4,9.0,False,Actor/Actress,Entertainment,35,26-35,Derek Hough,0,United States,Illinois,1,3.0,0.42857142857142855
Jennie Garth,5,7,26.5,8.833333333333334,3,8.5,8.5,9.5,,4,9.0,False,Actor/Actress,Entertainment,35,26-35,Derek Hough,0,United States,Illinois,1,2.0,0.3333333333333333
Jennie Garth,5,8,25.0,8.333333333333334,3,8.5,8.5,8.0,,4,9.0,False,Actor/Actress,Entertainment,35,26-35,Derek Hough,0,United States,Illinois,1,4.0,0.8
Jennie Garth,5,9,29.0,9.666666666666666,3,9.5,10.0,9.5,,4,9.0,True,Actor/Actress,Entertainment,35,26-35,Derek Hough,0,United States,Illinois,1,3.0,0.75
Shannon Elizabeth,6,1,21.0,7.0,3,7.0,7.0,7.0,,6,7.0,False,Actor/Actress,Entertainment,34,26-35,Derek Hough,1,United States,Texas,1,6.0,0.5416666666666666
Shannon Elizabeth,6,2,24.0,8.0,3,8.0,8.0,8.0,,6,7.0,False,Actor/Actress,Entertainment,34,26-35,Derek Hough,1,United States,Texas,1,4.0,0.375
Shannon Elizabeth,6,3,24.0,8.0,3,8.0,8.0,8.0,,6,7.0,False,Actor/Actress,Entertainment,34,26-35,Derek Hough,1,United States,Texas,1,4.0,0.4
Shannon Elizabeth,6,4,28.0,9.333333333333334,3,9.0,10.0,9.0,,6,7.0,False,Actor/Actress,Entertainment,34,26-35,Derek Hough,1,United States,Texas,1,3.0,0.3333333333333333
Shannon Elizabeth,6,5,23.0,7.666666666666667,3,8.0,8.0,7.0,,6,7.0,False,Actor/Actress,Entertainment,34,26-35,Derek Hough,1,United States,Texas,1,5.0,0.6875
Shannon Elizabeth,6,6,24.0,8.0,3,8.0,8.0,8.0,,6,7.0,False,Actor/Actress,Entertainment,34,26-35,Derek Hough,1,United States,Texas,1,5.0,0.7857142857142857
Shannon Elizabeth,6,7,25.5,8.5,3,8.5,8.5,8.5,,6,7.0,True,Actor/Actress,Entertainment,34,26-35,Derek Hough,1,United States,Texas,1,4.0,0.75
Brooke Burke,7,1,24.5,8.166666666666666,3,8.0,8.0,8.5,,1,,False,TV Personality,Media,37,36-45,Derek Hough,2,United States,Connecticut,1,1.0,0.07692307692307693
Brooke Burke,7,2,24.0,8.0,3,8.0,8.0,8.0,,1,,False,TV Personality,Media,37,36-45,Derek Hough,2,United States,Connecticut,1,1.0,0.13636363636363635
Brooke Burke,7,3,28.0,9.333333333333334,3,9.0,10.0,9.0,,1,,False,TV Personality,Media,37,36-45,Derek Hough,2,United States,Connecticut,1,1.0,0.1111111111111111
Brooke Burke,7,4,26.0,8.666666666666666,3,9.0,8.0,9.0,,1,,False,TV Personality,Media,37,36-45,Derek Hough,2,United States,Connecticut,1,1.0,0.16666666666666666
Brooke Burke,7,5,29.0,9.666666666666666,3,10.0,9.0,10.0,,1,,False,TV Personality,Media,37,36-45,Derek Hough,2,United States,Connecticut,1,1.0,0.125
Brooke Burke,7,6,26.0,8.666666666666666,3,8.0,10.0,8.0,,1,,False,TV Personality,Media,37,36-45,Derek Hough,2,United States,Connecticut,1,2.0,0.2857142857142857
Brooke Burke,7,7,30.0,10.0,3,10.0,10.0,10.0,,1,,False,TV Personality,Media,37,36-45,Derek Hough,2,United States,Connecticut,1,1.0,0.16666666666666666
Brooke Burke,7,8,27.5,9.166666666666666,3,9.5,8.5,9.5,,1,,False,TV Personality,Media,37,36-45,Derek Hough,2,United States,Connecticut,1,1.0,0.2
Brooke Burke,7,9,24.5,8.166666666666666,3,8.0,8.5,8.0,,1,,False,TV Personality,Media,37,36-45,Derek Hough,2,United States,Connecticut,1,2.0,0.625
Brooke Burke,7,10,30.0,10.0,3,10.0,10.0,10.0,,1,,False,TV Personality,Media,37,36-45,Derek Hough,2,United States,Connecticut,1,1.0,0.3333333333333333
Lil' Kim,8,1,21.0,7.0,3,7.0,7.0,7.0,,5,9.0,False,Singer/Rapper,Entertainment,34,26-35,Derek Hough,3,United States,New York,1,4.0,0.3076923076923077
Lil' Kim,8,2,23.0,7.666666666666667,3,8.0,7.0,8.0,,5,9.0,False,Singer/Rapper,Entertainment,34,26-35,Derek Hough,3,United States,New York,1,4.0,0.3076923076923077
Lil' Kim,8,3,25.0,8.333333333333334,3,8.0,8.0,9.0,,5,9.0,False,Singer/Rapper,Entertainment,34,26-35,Derek Hough,3,United States,New York,1,4.0,0.3333333333333333
Lil' Kim,8,4,27.0,9.0,3,9.0,8.0,10.0,,5,9.0,False,Singer/Rapper,Entertainment,34,26-35,Derek Hough,3,United States,New York,1,3.0,0.2727272727272727
Lil' Kim,8,5,26.0,8.666666666666666,3,9.0,8.0,9.0,,5,9.0,False,Singer/Rapper,Entertainment,34,26-35,Derek Hough,3,United States,New York,1,2.0,0.2777777777777778
Lil' Kim,8,6,28.0,9.333333333333334,3,10.0,8.0,10.0,,5,9.0,False,Singer/Rapper,Entertainment,34,26-35,Derek Hough,3,United States,New York,1,1.0,0.125
Lil' Kim,8,7,26.0,8.666666666666666,3,9.0,8.0,9.0,,5,9.0,False,Singer/Rapper,Entertainment,34,26-35,Derek Hough,3,United States,New York,1,5.0,0.7142857142857143
Lil' Kim,8,8,28.0,9.333333333333334,3,9.0,9.0,10.0,,5,9.0,False,Singer/Rapper,Entertainment,34,26-35,Derek Hough,3,United States,New York,1,1.0,0.16666666666666666
Lil' Kim,8,9,26.0,8.666666666666666,3,8.5,9.0,8.5,,5,9.0,True,Singer/Rapper,Entertainment,34,26-35,Derek Hough,3,United States,New York,1,4.0,0.8
Joanna Krupa,9,1,33.9999,11.3333,3,11.3333,11.3333,11.3333,,4,9.0,False,Model,Model,30,26-35,Derek Hough,4,Poland,Unknown,0,1.0,0.0625
Joanna Krupa,9,2,20.0,6.666666666666667,3,6.0,7.0,7.0,,4,9.0,False,Model,Model,30,26-35,Derek Hough,4,Poland,Unknown,0,7.0,0.5357142857142857
Joanna Krupa,9,3,23.0,7.666666666666667,3,7.0,8.0,8.0,,4,9.0,False,Model,Model,30,26-35,Derek Hough,4,Poland,Unknown,0,3.0,0.23076923076923078
Joanna Krupa,9,4,26.0,8.666666666666666,3,9.0,8.0,9.0,,4,9.0,False,Model,Model,30,26-35,Derek Hough,4,Poland,Unknown,0,3.0,0.2727272727272727
Joanna Krupa,9,5,24.0,8.0,3,8.0,8.0,8.0,,4,9.0,False,Model,Model,30,26-35,Derek Hough,4,Poland,Unknown,0,4.0,0.5
Joanna Krupa,9,6,35.9999,11.999966666666666,3,11.3333,12.3333,12.3333,,4,9.0,False,Model,Model,30,26-35,Derek Hough,4,Poland,Unknown,0,1.0,0.1111111111111111
Joanna Krupa,9,7,27.5,9.166666666666666,3,9.0,9.0,9.5,,4,9.0,False,Model,Model,30,26-35,Derek Hough,4,Poland,Unknown,0,1.0,0.14285714285714285
Joanna Krupa,9,8,26.0,8.666666666666666,3,8.5,8.5,9.0,,4,9.0,False,Model,Model,30,26-35,Derek Hough,4,Poland,Unknown,0,2.0,0.4
Joanna Krupa,9,9,27.0,9.0,3,9.0,9.0,9.0,,4,9.0,True,Model,Model,30,26-35,Derek Hough,4,Poland,Unknown,0,2.0,0.5
Nicole Scherzinger,10,1,25.0,8.333333333333334,3,9.0,7.0,9.0,,1,,False,Singer/Rapper,Entertainment,31,26-35,Derek Hough,5,United States,Hawaii,1,1.0,0.09090909090909091
Nicole Scherzinger,10,2,28.0,9.333333333333334,3,10.0,8.0,10.0,,1,,False,Singer/Rapper,Entertainment,31,26-35,Derek Hough,5,United States,Hawaii,1,1.0,0.09090909090909091
Nicole Scherzinger,10,3,23.0,7.666666666666667,3,8.0,6.0,9.0,,1,,False,Singer/Rapper,Entertainment,31,26-35,Derek Hough,5,United States,Hawaii,1,2.0,0.25
Nicole Scherzinger,10,4,25.0,8.333333333333334,3,8.5,8.0,8.5,,1,,False,Singer/Rapper,Entertainment,31,26-35,Derek Hough,5,United States,Hawaii,1,2.0,0.2222222222222222
Nicole Scherzinger,10,5,29.0,9.666666666666666,3,10.0,9.0,10.0,,1,,False,Singer/Rapper,Entertainment,31,26-35,Derek Hough,5,United States,Hawaii,1,1.0,0.125
Nicole Scherzinger,10,6,35.9999,11.999966666666666,3,12.3333,10.3333,13.3333,,1,,False,Singer/Rapper,Entertainment,31,26-35,Derek Hough,5,United States,Hawaii,1,1.0,0.14285714285714285
Nicole Scherzinger,10,7,27.0,9.0,3,9.0,9.0,9.0,,1,,False,Singer/Rapper,Entertainment,31,26-35,Derek Hough,5,United States,Hawaii,1,1.0,0.25
Nicole Scherzinger,10,8,29.5,9.833333333333334,3,10.0,9.5,10.0,,1,,False,Singer/Rapper,Entertainment,31,26-35,Derek Hough,5,United States,Hawaii,1,1.0,0.2
Nicole Scherzinger,10,9,29.5,9.833333333333334,3,10.0,9.5,10.0,,1,,False,Singer/Rapper,Entertainment,31,26-35,Derek Hough,5,United States,Hawaii,1,1.0,0.375
Nicole Scherzinger,10,10,28.7777,9.592566666666666,3,9.5,9.5,9.7777,,1,,False,Singer/Rapper,Entertainment,31,26-35,Derek Hough,5,United States,Hawaii,1,1.0,0.3333333333333333
Jennifer Grey,11,1,24.0,8.0,3,8.0,8.0,8.0,,1,,False,Actor/Actress,Entertainment,50,46-55,Derek Hough,6,United States,New York,1,1.0,0.08333333333333333
Jennifer Grey,11,2,24.0,8.0,3,8.0,8.0,8.0,,1,,False,Actor/Actress,Entertainment,50,46-55,Derek Hough,6,United States,New York,1,1.0,0.09090909090909091
Jennifer Grey,11,3,24.0,8.0,3,8.0,8.0,8.0,,1,,False,Actor/Actress,Entertainment,50,46-55,Derek Hough,6,United States,New York,1,2.0,0.3
Jennifer Grey,11,4,28.0,9.333333333333334,3,9.5,9.0,9.5,,1,,False,Actor/Actress,Entertainment,50,46-55,Derek Hough,6,United States,New York,1,1.0,0.1111111111111111
Jennifer Grey,11,5,25.0,8.333333333333334,3,8.0,8.0,9.0,,1,,False,Actor/Actress,Entertainment,50,46-55,Derek Hough,6,United States,New York,1,2.0,0.25
Jennifer Grey,11,6,29.0,9.666666666666666,3,9.0,10.0,10.0,,1,,False,Actor/Actress,Entertainment,50,46-55,Derek Hough,6,United States,New York,1,5.0,0.7142857142857143
Jennifer Grey,11,7,36.5,9.125,4,9.5,9.0,9.0,9.0,1,,False,Actor/Actress,Entertainment,50,46-55,Derek Hough,6,United States,New York,1,1.0,0.25
Jennifer Grey,11,8,28.5,9.5,3,9.5,9.5,9.5,,1,,False,Actor/Actress,Entertainment,50,46-55,Derek Hough,6,United States,New York,1,1.0,0.3
Jennifer Grey,11,9,30.0,10.0,3,10.0,10.0,10.0,,1,,False,Actor/Actress,Entertainment,50,46-55,Derek Hough,6,United States,New York,1,1.0,0.25
Jennifer Grey,11,10,30.0,10.0,3,10.0,10.0,10.0,,1,,False,Actor/Actress,Entertainment,50,46-55,Derek Hough,6,United States,New York,1,1.0,0.3333333333333333
Ricki Lake,13,1,20.0,6.666666666666667,3,7.0,6.0,7.0,,3,,False,Actor/Actress,Entertainment,42,36-45,Derek Hough,7,United States,New York,1,4.0,0.3333333333333333
Ricki Lake,13,2,23.0,7.666666666666667,3,8.0,7.0,8.0,,3,,False,Actor/Actress,Entertainment,42,36-45,Derek Hough,7,United States,New York,1,1.0,0.09090909090909091
Ricki Lake,13,3,27.0,9.0,3,9.0,9.0,9.0,,3,,False,Actor/Actress,Entertainment,42,36-45,Derek Hough,7,United States,New York,1,1.0,0.1
Ricki Lake,13,4,29.0,9.666666666666666,3,10.0,9.0,10.0,,3,,False,Actor/Actress,Entertainment,42,36-45,Derek Hough,7,United States,New York,1,1.0,0.1111111111111111
Ricki Lake,13,5,24.0,8.0,3,8.0,8.0,8.0,,3,,False,Actor/Actress,Entertainment,42,36-45,Derek Hough,7,United States,New York,1,4.0,0.5625
Ricki Lake,13,6,29.0,9.666666666666666,3,10.0,9.0,10.0,,3,,False,Actor/Actress,Entertainment,42,36-45,Derek Hough,7,United States,New York,1,1.0,0.21428571428571427
Ricki Lake,13,7,26.5,8.833333333333334,3,9.0,8.5,9.0,,3,,False,Actor/Actress,Entertainment,42,36-45,Derek Hough,7,United States,New York,1,1.0,0.16666666666666666
Ricki Lake,13,8,26.0,8.666666666666666,3,8.5,8.5,9.0,,3,,False,Actor/Actress,Entertainment,42,36-45,Derek Hough,7,United States,New York,1,2.0,0.5
Ricki Lake,13,9,33.4999,11.166633333333332,3,10.8333,11.3333,11.3333,,3,,False,Actor/Actress,Entertainment,42,36-45,Derek Hough,7,United States,New York,1,1.0,0.25
Ricki Lake,13,10,27.999899999999997,9.3333,3,9.3333,9.3333,9.3333,,3,,False,Actor/Actress,Entertainment,42,36-45,Derek Hough,7,United States,New York,1,3.0,1.0
Maria Menounos,14,1,21.0,7.0,3,7.0,7.0,7.0,,4,9.0,False,TV Personality,Media,33,26-35,Derek Hough,8,United States,Massachusetts,1,8.0,0.7083333333333334
Maria Menounos,14,2,25.0,8.333333333333334,3,8.0,8.0,9.0,,4,9.0,False,TV Personality,Media,33,26-35,Derek Hough,8,United States,Massachusetts,1,3.0,0.2916666666666667
Maria Menounos,14,3,27.0,9.0,3,9.0,9.0,9.0,,4,9.0,False,TV Personality,Media,33,26-35,Derek Hough,8,United States,Massachusetts,1,3.0,0.2727272727272727
Maria Menounos,14,4,26.0,8.666666666666666,3,9.0,8.0,9.0,,4,9.0,False,TV Personality,Media,33,26-35,Derek Hough,8,United States,Massachusetts,1,2.0,0.25
Maria Menounos,14,5,27.0,9.0,3,9.0,9.0,9.0,,4,9.0,False,TV Personality,Media,33,26-35,Derek Hough,8,United States,Massachusetts,1,3.0,0.3888888888888889
Maria Menounos,14,6,29.999899999999997,9.999966666666666,3,9.3333,10.3333,10.3333,,4,9.0,False,TV Personality,Media,33,26-35,Derek Hough,8,United States,Massachusetts,1,6.0,0.75
Maria Menounos,14,7,28.5,9.5,3,10.0,9.0,9.5,,4,9.0,False,TV Personality,Media,33,26-35,Derek Hough,8,United States,Massachusetts,1,1.0,0.14285714285714285
Maria Menounos,14,8,26.5,8.833333333333334,3,9.5,7.5,9.5,,4,9.0,False,TV Personality,Media,33,26-35,Derek Hough,8,United States,Massachusetts,1,5.0,0.8333333333333334
Maria Menounos,14,9,29.5,9.833333333333334,3,10.0,9.5,10.0,,4,9.0,True,TV Personality,Media,33,26-35,Derek Hough,8,United States,Massachusetts,1,1.0,0.25
Shawn Johnson,15,1,22.0,7.333333333333333,3,8.0,6.5,7.5,,2,,False,Athlete,Sports,20,≤25,Derek Hough,9,United States,Iowa,1,4.0,0.34615384615384615
Shawn Johnson,15,2,25.0,8.333333333333334,3,8.5,8.0,8.5,,2,,False,Athlete,Sports,20,≤25,Derek Hough,9,United States,Iowa,1,3.0,0.25
Shawn Johnson,15,3,26.5,8.833333333333334,3,9.0,8.0,9.5,,2,,False,Athlete,Sports,20,≤25,Derek Hough,9,United States,Iowa,1,3.0,0.2727272727272727
Shawn Johnson,15,4,39.5,9.875,4,10.0,9.5,10.0,10.0,2,,False,Athlete,Sports,20,≤25,Derek Hough,9,United States,Iowa,1,1.0,0.16666666666666666
Shawn Johnson,15,5,28.25,9.416666666666666,3,9.25,9.0,10.0,,2,,False,Athlete,Sports,20,≤25,Derek Hough,9,United States,Iowa,1,2.0,0.4375
Shawn Johnson,15,6,28.0,9.333333333333334,3,9.5,8.5,10.0,,2,,False,Athlete,Sports,20,≤25,Derek Hough,9,United States,Iowa,1,4.0,0.5
Shawn Johnson,15,7,37.9998,12.6666,3,12.6666,12.6666,12.6666,,2,,False,Athlete,Sports,20,≤25,Derek Hough,9,United States,Iowa,1,2.0,0.2857142857142857
Shawn Johnson,15,8,27.8333,9.277766666666666,3,10.0,8.3333,9.5,,2,,False,Athlete,Sports,20,≤25,Derek Hough,9,United States,Iowa,1,6.0,0.8571428571428571
Shawn Johnson,15,9,29.5,9.833333333333334,3,9.5,10.0,10.0,,2,,False,Athlete,Sports,20,≤25,Derek Hough,9,United States,Iowa,1,1.0,0.2
Shawn Johnson,15,10,28.944300000000002,9.648100000000001,3,9.6666,9.5,9.7777,,2,,False,Athlete,Sports,20,≤25,Derek Hough,9,United States,Iowa,1,3.0,1.0
Kellie Pickler,16,1,21.0,7.0,3,7.0,7.0,7.0,,1,,False,Singer/Rapper,Entertainment,26,26-35,Derek Hough,10,United States,North Carolina,1,2.0,0.25
Kellie Pickler,16,2,26.0,8.666666666666666,3,9.0,8.0,9.0,,1,,False,Singer/Rapper,Entertainment,26,26-35,Derek Hough,10,United States,North Carolina,1,1.0,0.125
Kellie Pickler,16,3,25.0,8.333333333333334,3,8.0,9.0,8.0,,1,,False,Singer/Rapper,Entertainment,26,26-35,Derek Hough,10,United States,North Carolina,1,3.0,0.2727272727272727
Kellie Pickler,16,4,26.0,8.666666666666666,3,9.0,8.0,9.0,,1,,False,Singer/Rapper,Entertainment,26,26-35,Derek Hough,10,United States,North Carolina,1,2.0,0.25
Kellie Pickler,16,5,27.0,9.0,3,9.0,9.0,9.0,,1,,False,Singer/Rapper,Entertainment,26,26-35,Derek Hough,10,United States,North Carolina,1,2.0,0.2222222222222222
Kellie Pickler,16,6,27.0,9.0,3,8.5,9.5,9.0,,1,,False,Singer/Rapper,Entertainment,26,26-35,Derek Hough,10,United States,North Carolina,1,1.0,0.125
Kellie Pickler,16,7,29.0,9.666666666666666,3,9.0,10.0,10.0,,1,,False,Singer/Rapper,Entertainment,26,26-35,Derek Hough,10,United States,North Carolina,1,3.0,0.42857142857142855
Kellie Pickler,16,8,27.5,9.166666666666666,3,9.5,8.0,10.0,,1,,False,Singer/Rapper,Entertainment,26,26-35,Derek Hough,10,United States,North Carolina,1,3.0,0.5
Kellie Pickler,16,9,29.0,9.666666666666666,3,9.5,10.0,9.5,,1,,False,Singer/Rapper,Entertainment,26,26-35,Derek Hough,10,United States,North Carolina,1,3.0,0.6
Kellie Pickler,16,10,30.0,10.0,3,10.0,10.0,10.0,,1,,False,Singer/Rapper,Entertainment,26,26-35,Derek Hough,10,United States,North Carolina,1,1.0,0.375
Amber Riley,17,1,27.0,9.0,3,9.0,9.0,9.0,,1,,False,Actor/Actress,Entertainment,27,26-35,Derek Hough,11,United States,California,1,1.0,0.08333333333333333
Amber Riley,17,2,24.0,8.0,3,8.0,8.0,8.0,,1,,False,Actor/Actress,Entertainment,27,26-35,Derek Hough,11,United States,California,1,4.0,0.4166666666666667
Amber Riley,17,3,24.0,8.0,3,8.0,8.0,8.0,,1,,False,Actor/Actress,Entertainment,27,26-35,Derek Hough,11,United States,California,1,6.0,0.6363636363636364
Amber Riley,17,4,27.0,9.0,3,9.0,9.0,9.0,,1,,False,Actor/Actress,Entertainment,27,26-35,Derek Hough,11,United States,California,1,1.0,0.2
Amber Riley,17,5,26.0,8.666666666666666,3,9.0,7.0,10.0,,1,,False,Actor/Actress,Entertainment,27,26-35,Derek Hough,11,United States,California,1,6.0,0.7222222222222222
Amber Riley,17,6,31.999899999999997,10.666633333333332,3,11.3333,9.3333,11.3333,,1,,False,Actor/Actress,Entertainment,27,26-35,Derek Hough,11,United States,California,1,1.0,0.125
Amber Riley,17,7,29.5,9.833333333333334,3,10.0,10.0,9.5,,1,,False,Actor/Actress,Entertainment,27,26-35,Derek Hough,11,United States,California,1,1.0,0.1875
Amber Riley,17,8,28.0,9.333333333333334,3,9.0,9.0,10.0,,1,,False,Actor/Actress,Entertainment,27,26-35,Derek Hough,11,United States,California,1,3.0,0.5
Amber Riley,17,9,25.5,8.5,3,8.5,8.5,8.5,,1,,False,Actor/Actress,Entertainment,27,26-35,Derek Hough,11,United States,California,1,5.0,0.8333333333333334
Amber Riley,17,10,39.5,9.875,4,10.0,10.0,9.5,10.0,1,,False,Actor/Actress,Entertainment,27,26-35,Derek Hough,11,United States,California,1,1.0,0.2
Amber Riley,17,11,31.333199999999998,10.4444,3,10.4444,10.4444,10.4444,,1,,False,Actor/Actress,Entertainment,27,26-35,Derek Hough,11,United States,California,1,1.0,0.25
Amy Purdy,18,1,24.0,8.0,3,8.0,8.0,8.0,,2,,False,Athlete,Sports,34,26-35,Derek Hough,12,United States,Nevada,1,3.0,0.3333333333333333
Amy Purdy,18,2,24.0,8.0,3,8.0,8.0,8.0,,2,,False,Athlete,Sports,34,26-35,Derek Hough,12,United States,Nevada,1,4.0,0.4090909090909091
Amy Purdy,18,3,36.0,9.0,4,9.0,9.0,9.0,9.0,2,,False,Athlete,Sports,34,26-35,Derek Hough,12,United States,Nevada,1,2.0,0.3888888888888889
Amy Purdy,18,4,34.0,8.5,4,9.0,8.0,8.0,9.0,2,,False,Athlete,Sports,34,26-35,Derek Hough,12,United States,Nevada,1,3.0,0.3333333333333333
Amy Purdy,18,5,37.0,9.25,4,9.0,9.0,10.0,9.0,2,,False,Athlete,Sports,34,26-35,Derek Hough,12,United States,Nevada,1,3.0,0.3888888888888889
Amy Purdy,18,6,38.0,9.5,4,9.0,10.0,9.0,10.0,2,,False,Athlete,Sports,34,26-35,Derek Hough,12,United States,Nevada,1,2.0,0.25
Amy Purdy,18,7,37.5,9.375,4,9.5,9.5,9.0,9.5,2,,False,Athlete,Sports,34,26-35,Derek Hough,12,United States,Nevada,1,2.0,0.2857142857142857
Amy Purdy,18,8,40.0,10.0,4,10.0,10.0,10.0,10.0,2,,False,Athlete,Sports,34,26-35,Derek Hough,12,United States,Nevada,1,1.0,0.25
Amy Purdy,18,9,39.0,9.75,4,9.5,9.5,10.0,10.0,2,,False,Athlete,Sports,34,26-35,Derek Hough,12,United States,Nevada,1,2.0,0.4
Amy Purdy,18,10,29.666600000000003,9.888866666666667,3,10.0,9.6666,10.0,,2,,False,Athlete,Sports,34,26-35,Derek Hough,12,United States,Nevada,1,2.0,0.5
Bethany Mota,19,1,32.0,8.0,4,8.0,8.0,8.0,8.0,4,11.0,False,Social Media Personality,Media,18,≤25,Derek Hough,13,United States,California,1,3.0,0.2692307692307692
Bethany Mota,19,2,33.0,8.25,4,8.0,9.0,8.0,8.0,4,11.0,False,Social Media Personality,Media,18,≤25,Derek Hough,13,United States,California,1,3.0,0.25
Bethany Mota,19,3,40.0,10.0,4,10.0,10.0,10.0,10.0,4,11.0,False,Social Media Personality,Media,18,≤25,Derek Hough,13,United States,California,1,1.0,0.13636363636363635
Bethany Mota,19,4,33.0,8.25,4,8.0,8.0,8.0,9.0,4,11.0,False,Social Media Personality,Media,18,≤25,Derek Hough,13,United States,California,1,5.0,0.5
Bethany Mota,19,5,32.0,8.0,4,8.0,8.0,8.0,8.0,4,11.0,False,Social Media Personality,Media,18,≤25,Derek Hough,13,United States,California,1,5.0,0.5555555555555556
Bethany Mota,19,6,36.0,9.0,4,9.0,9.0,9.0,9.0,4,11.0,False,Social Media Personality,Media,18,≤25,Derek Hough,13,United States,California,1,2.0,0.2222222222222222
Bethany Mota,19,7,37.5,9.375,4,9.5,9.0,9.5,9.5,4,11.0,False,Social Media Personality,Media,18,≤25,Derek Hough,13,United States,California,1,1.0,0.125
Bethany Mota,19,8,40.0,10.0,4,9.75,9.75,9.75,10.75,4,11.0,False,Social Media Personality,Media,18,≤25,Derek Hough,13,United States,California,1,3.0,0.42857142857142855
Bethany Mota,19,9,37.0,9.25,4,9.0,9.5,9.5,9.0,4,11.0,False,Social Media Personality,Media,18,≤25,Derek Hough,13,United States,California,1,3.0,0.5
Bethany Mota,19,10,38.0,9.5,4,9.5,9.5,9.5,9.5,4,11.0,False,Social Media Personality,Media,18,≤25,Derek Hough,13,United States,California,1,2.0,0.4
Bethany Mota,19,11,38.0,9.5,4,9.5,9.5,9.5,9.5,4,11.0,True,Social Media Personality,Media,18,≤25,Derek Hough,13,United States,California,1,4.0,1.0
Nastia Liukin,20,1,30.0,7.5,4,7.0,7.0,8.0,8.0,4,9.0,False,Athlete,Sports,25,≤25,Derek Hough,14,Russia,Unknown,0,3.0,0.25
Nastia Liukin,20,2,34.0,8.5,4,9.0,8.0,8.0,9.0,4,9.0,False,Athlete,Sports,25,≤25,Derek Hough,14,Russia,Unknown,0,1.0,0.08333333333333333
Nastia Liukin,20,3,34.0,8.5,4,9.0,8.0,9.0,8.0,4,9.0,False,Athlete,Sports,25,≤25,Derek Hough,14,Russia,Unknown,0,1.0,0.13636363636363635
Nastia Liukin,20,4,36.0,9.0,4,9.0,8.0,9.0,10.0,4,9.0,False,Athlete,Sports,25,≤25,Derek Hough,14,Russia,Unknown,0,2.0,0.2
Nastia Liukin,20,5,38.0,9.5,4,9.0,9.0,10.0,10.0,4,9.0,False,Athlete,Sports,25,≤25,Derek Hough,14,Russia,Unknown,0,2.0,0.2777777777777778
Nastia Liukin,20,6,36.5,9.125,4,9.5,8.5,9.0,9.5,4,9.0,False,Athlete,Sports,25,≤25,Derek Hough,14,Russia,Unknown,0,2.0,0.3125
Nastia Liukin,20,7,41.0,10.25,4,10.75,9.75,9.75,10.75,4,9.0,False,Athlete,Sports,25,≤25,Derek Hough,14,Russia,Unknown,0,1.0,0.14285714285714285
Nastia Liukin,20,8,38.0,9.5,4,9.5,9.5,9.5,9.5,4,9.0,False,Athlete,Sports,25,≤25,Derek Hough,14,Russia,Unknown,0,3.0,0.5
Nastia Liukin,20,9,40.0,10.0,4,10.0,10.0,10.0,10.0,4,9.0,True,Athlete,Sports,25,≤25,Derek Hough,14,Russia,Unknown,0,1.0,0.375
Bindi Irwin,21,1,24.0,8.0,3,8.0,8.0,8.0,,1,,False,TV Personality,Media,17,≤25,Derek Hough,15,Australia,Unknown,0,1.0,0.11538461538461539
Bindi Irwin,21,2,24.0,8.0,3,8.0,8.0,8.0,,1,,False,TV Personality,Media,17,≤25,Derek Hough,15,Australia,Unknown,0,2.0,0.15384615384615385
Bindi Irwin,21,3,32.0,8.0,4,8.0,8.0,8.0,8.0,1,,False,TV Personality,Media,17,≤25,Derek Hough,15,Australia,Unknown,0,5.0,0.5
Bindi Irwin,21,4,28.0,9.333333333333334,3,9.0,9.0,10.0,,1,,False,TV Personality,Media,17,≤25,Derek Hough,15,Australia,Unknown,0,1.0,0.1
Bindi Irwin,21,5,37.0,9.25,4,9.0,9.0,10.0,9.0,1,,False,TV Personality,Media,17,≤25,Derek Hough,15,Australia,Unknown,0,3.0,0.3333333333333333
Bindi Irwin,21,6,40.0,10.0,4,10.0,10.0,10.0,10.0,1,,False,TV Personality,Media,17,≤25,Derek Hough,15,Australia,Unknown,0,1.0,0.2222222222222222
Bindi Irwin,21,7,29.0,9.666666666666666,3,9.5,10.0,9.5,,1,,False,TV Personality,Media,17,≤25,Derek Hough,15,Australia,Unknown,0,1.0,0.125
Bindi Irwin,21,8,28.0,9.333333333333334,3,10.0,9.0,9.0,,1,,False,TV Personality,Media,17,≤25,Derek Hough,15,Australia,Unknown,0,3.0,0.5
Bindi Irwin,21,9,30.0,10.0,3,10.0,10.0,10.0,,1,,False,TV Personality,Media,17,≤25,Derek Hough,15,Australia,Unknown,0,1.0,0.25
Bindi Irwin,21,10,31.5,10.5,3,10.5,10.5,10.5,,1,,False,TV Personality,Media,17,≤25,Derek Hough,15,Australia,Unknown,0,1.0,0.375
Bindi Irwin,21,11,30.0,10.0,3,10.0,10.0,10.0,,1,,False,TV Personality,Media,17,≤25,Derek Hough,15,Australia,Unknown,0,1.0,0.5
Marilu Henner,23,1,27.0,6.75,4,7.0,7.0,6.0,7.0,6,9.0,False,Actor/Actress,Entertainment,64,>55,Derek Hough,16,United States,Illinois,1,3.0,0.2692307692307692
Marilu Henner,23,2,27.0,6.75,4,7.0,6.0,7.0,7.0,6,9.0,False,Actor/Actress,Entertainment,64,>55,Derek Hough,16,United States,Illinois,1,7.0,0.5384615384615384
Marilu Henner,23,3,28.0,7.0,4,7.0,7.0,7.0,7.0,6,9.0,False,Actor/Actress,Entertainment,64,>55,Derek Hough,16,United States,Illinois,1,5.0,0.4583333333333333
Marilu Henner,23,4,21.0,7.0,3,7.0,7.0,7.0,,6,9.0,False,Actor/Actress,Entertainment,64,>55,Derek Hough,16,United States,Illinois,1,10.0,0.9090909090909091
Marilu Henner,23,5,27.0,9.0,3,9.0,9.0,9.0,,6,9.0,False,Actor/Actress,Entertainment,64,>55,Derek Hough,16,United States,Illinois,1,2.0,0.2777777777777778
Marilu Henner,23,6,34.0,8.5,4,8.0,9.0,9.0,8.0,6,9.0,False,Actor/Actress,Entertainment,64,>55,Derek Hough,16,United States,Illinois,1,5.0,0.5555555555555556
Marilu Henner,23,7,32.0,8.0,4,7.5,8.0,8.5,8.0,6,9.0,False,Actor/Actress,Entertainment,64,>55,Derek Hough,16,United States,Illinois,1,8.0,1.0
Marilu Henner,23,8,23.0,7.666666666666667,3,7.0,8.0,8.0,,6,9.0,False,Actor/Actress,Entertainment,64,>55,Derek Hough,16,United States,Illinois,1,7.0,1.0
Marilu Henner,23,9,36.0,9.0,4,9.0,9.0,9.0,9.0,6,9.0,True,Actor/Actress,Entertainment,64,>55,Derek Hough,16,United States,Illinois,1,5.0,0.9166666666666666
Holly Madison,8,1,18.0,6.0,3,6.0,6.0,6.0,,11,4.0,False,TV Personality,Media,30,26-35,Dmitry Chaplin,0,United States,Oregon,1,7.0,0.5769230769230769
Holly Madison,8,2,18.0,6.0,3,6.0,6.0,6.0,,11,4.0,False,TV Personality,Media,30,26-35,Dmitry Chaplin,0,United States,Oregon,1,9.0,0.7307692307692307
Holly Madison,8,3,17.0,5.666666666666667,3,5.0,6.0,6.0,,11,4.0,False,TV Personality,Media,30,26-35,Dmitry Chaplin,0,United States,Oregon,1,9.0,0.75
Holly Madison,8,4,16.0,5.333333333333333,3,5.0,6.0,5.0,,11,4.0,True,TV Personality,Media,30,26-35,Dmitry Chaplin,0,United States,Oregon,1,9.0,0.8181818181818182
Mya,9,1,30.999899999999997,10.3333,3,11.3333,8.3333,11.3333,,2,,False,Singer/Rapper,Entertainment,29,26-35,Dmitry Chaplin,1,United States,Washington D.C.,1,3.0,0.1875
Mya,9,2,27.0,9.0,3,9.0,9.0,9.0,,2,,False,Singer/Rapper,Entertainment,29,26-35,Dmitry Chaplin,1,United States,Washington D.C.,1,1.0,0.10714285714285714
Mya,9,3,27.0,9.0,3,10.0,7.0,10.0,,2,,False,Singer/Rapper,Entertainment,29,26-35,Dmitry Chaplin,1,United States,Washington D.C.,1,1.0,0.07692307692307693
Mya,9,4,28.0,9.333333333333334,3,10.0,8.0,10.0,,2,,False,Singer/Rapper,Entertainment,29,26-35,Dmitry Chaplin,1,United States,Washington D.C.,1,1.0,0.13636363636363635
Mya,9,5,27.0,9.0,3,9.0,9.0,9.0,,2,,False,Singer/Rapper,Entertainment,29,26-35,Dmitry Chaplin,1,United States,Washington D.C.,1,2.0,0.2
Mya,9,6,33.0,11.0,3,11.0,10.0,12.0,,2,,False,Singer/Rapper,Entertainment,29,26-35,Dmitry Chaplin,1,United States,Washington D.C.,1,2.0,0.2222222222222222
Mya,9,7,24.5,8.166666666666666,3,8.5,7.5,8.5,,2,,False,Singer/Rapper,Entertainment,29,26-35,Dmitry Chaplin,1,United States,Washington D.C.,1,5.0,0.7142857142857143
Mya,9,8,29.5,9.833333333333334,3,9.5,10.0,10.0,,2,,False,Singer/Rapper,Entertainment,29,26-35,Dmitry Chaplin,1,United States,Washington D.C.,1,1.0,0.2
Mya,9,9,28.9999,9.666633333333333,3,9.3333,9.6666,10.0,,2,,False,Singer/Rapper,Entertainment,29,26-35,Dmitry Chaplin,1,United States,Washington D.C.,1,1.0,0.25
Mya,9,10,28.333199999999998,9.4444,3,9.4444,9.4444,9.4444,,2,,False,Singer/Rapper,Entertainment,29,26-35,Dmitry Chaplin,1,United States,Washington D.C.,1,2.0,0.6666666666666666
Petra Nemcova,12,1,18.0,6.0,3,6.0,6.0,6.0,,8,5.0,False,Model,Model,31,26-35,Dmitry Chaplin,2,Czechoslovakia,Unknown,0,7.0,0.6818181818181818
Petra Nemcova,12,2,18.0,6.0,3,6.0,6.0,6.0,,8,5.0,False,Model,Model,31,26-35,Dmitry Chaplin,2,Czechoslovakia,Unknown,0,7.0,0.6818181818181818
Petra Nemcova,12,3,25.0,8.333333333333334,3,8.0,9.0,8.0,,8,5.0,False,Model,Model,31,26-35,Dmitry Chaplin,2,Czechoslovakia,Unknown,0,1.0,0.15
Petra Nemcova,12,4,23.0,7.666666666666667,3,8.0,7.0,8.0,,8,5.0,False,Model,Model,31,26-35,Dmitry Chaplin,2,Czechoslovakia,Unknown,0,4.0,0.5555555555555556
Petra Nemcova,12,5,22.0,7.333333333333333,3,7.0,7.0,8.0,,8,5.0,True,Model,Model,31,26-35,Dmitry Chaplin,2,Czechoslovakia,Unknown,0,6.0,0.875
Evander Holyfield,1,1,18.0,6.0,3,5.0,7.0,6.0,,5,3.0,False,Athlete,Sports,42,36-45,Edyta Sliwinska,0,United States,Alabama,1,4.0,0.75
Evander Holyfield,1,2,14.0,4.666666666666667,3,5.0,4.0,5.0,,5,3.0,False,Athlete,Sports,42,36-45,Edyta Sliwinska,0,United States,Alabama,1,6.0,1.0
Evander Holyfield,1,3,13.0,4.333333333333333,3,5.0,4.0,4.0,,5,3.0,True,Athlete,Sports,42,36-45,Edyta Sliwinska,0,United States,Alabama,1,5.0,1.0
George Hamilton,2,1,18.0,6.0,3,7.0,5.0,6.0,,5,6.0,False,Actor/Actress,Entertainment,66,>55,Edyta Sliwinska,1,United States,Tennessee,1,8.0,0.8
George Hamilton,2,2,22.0,7.333333333333333,3,8.0,7.0,7.0,,5,6.0,False,Actor/Actress,Entertainment,66,>55,Edyta Sliwinska,1,United States,Tennessee,1,5.0,0.6111111111111112
George Hamilton,2,3,22.0,7.333333333333333,3,7.0,7.0,8.0,,5,6.0,False,Actor/Actress,Entertainment,66,>55,Edyta Sliwinska,1,United States,Tennessee,1,5.0,0.6875
George Hamilton,2,4,21.0,7.0,3,7.0,7.0,7.0,,5,6.0,False,Actor/Actress,Entertainment,66,>55,Edyta Sliwinska,1,United States,Tennessee,1,6.0,0.8571428571428571
George Hamilton,2,5,24.0,8.0,3,8.0,8.0,8.0,,5,6.0,False,Actor/Actress,Entertainment,66,>55,Edyta Sliwinska,1,United States,Tennessee,1,4.0,0.6666666666666666
George Hamilton,2,6,23.0,7.666666666666667,3,8.0,7.0,8.0,,5,6.0,True,Actor/Actress,Entertainment,66,>55,Edyta Sliwinska,1,United States,Tennessee,1,4.0,0.9
Joey Lawrence,3,1,21.0,7.0,3,7.0,7.0,7.0,,3,,False,Actor/Actress,Entertainment,30,26-35,Edyta Sliwinska,2,United States,Pennsylvania,1,5.0,0.45454545454545453
Joey Lawrence,3,2,29.0,9.666666666666666,3,10.0,9.0,10.0,,3,,False,Actor/Actress,Entertainment,30,26-35,Edyta Sliwinska,2,United States,Pennsylvania,1,1.0,0.1
Joey Lawrence,3,3,22.0,7.333333333333333,3,8.0,6.0,8.0,,3,,False,Actor/Actress,Entertainment,30,26-35,Edyta Sliwinska,2,United States,Pennsylvania,1,4.0,0.6111111111111112
Joey Lawrence,3,4,27.0,9.0,3,9.0,9.0,9.0,,3,,False,Actor/Actress,Entertainment,30,26-35,Edyta Sliwinska,2,United States,Pennsylvania,1,3.0,0.375
Joey Lawrence,3,5,25.0,8.333333333333334,3,8.0,8.0,9.0,,3,,False,Actor/Actress,Entertainment,30,26-35,Edyta Sliwinska,2,United States,Pennsylvania,1,5.0,0.7142857142857143
Joey Lawrence,3,6,24.0,8.0,3,8.0,8.0,8.0,,3,,False,Actor/Actress,Entertainment,30,26-35,Edyta Sliwinska,2,United States,Pennsylvania,1,3.0,0.6
Joey Lawrence,3,7,28.5,9.5,3,9.5,9.0,10.0,,3,,False,Actor/Actress,Entertainment,30,26-35,Edyta Sliwinska,2,United States,Pennsylvania,1,1.0,0.3
Joey Lawrence,3,8,27.0,9.0,3,9.5,8.5,9.0,,3,,False,Actor/Actress,Entertainment,30,26-35,Edyta Sliwinska,2,United States,Pennsylvania,1,2.0,0.625
Joey Lawrence,3,9,29.5,9.833333333333334,3,9.5,10.0,10.0,,3,,False,Actor/Actress,Entertainment,30,26-35,Edyta Sliwinska,2,United States,Pennsylvania,1,1.0,0.6666666666666666
John Ratzenberger,4,1,17.0,5.666666666666667,3,6.0,5.0,6.0,,6,7.0,False,Actor/Actress,Entertainment,59,>55,Edyta Sliwinska,3,United States,Connecticut,1,8.0,0.7272727272727273
John Ratzenberger,4,2,21.0,7.0,3,7.0,7.0,7.0,,6,7.0,False,Actor/Actress,Entertainment,59,>55,Edyta Sliwinska,3,United States,Connecticut,1,6.0,0.6818181818181818
John Ratzenberger,4,3,20.0,6.666666666666667,3,7.0,6.0,7.0,,6,7.0,False,Actor/Actress,Entertainment,59,>55,Edyta Sliwinska,3,United States,Connecticut,1,9.0,0.9
John Ratzenberger,4,4,16.0,5.333333333333333,3,6.0,5.0,5.0,,6,7.0,False,Actor/Actress,Entertainment,59,>55,Edyta Sliwinska,3,United States,Connecticut,1,7.0,0.8333333333333334
John Ratzenberger,4,5,18.0,6.0,3,6.0,6.0,6.0,,6,7.0,False,Actor/Actress,Entertainment,59,>55,Edyta Sliwinska,3,United States,Connecticut,1,6.0,0.75
John Ratzenberger,4,6,19.0,6.333333333333333,3,7.0,6.0,6.0,,6,7.0,False,Actor/Actress,Entertainment,59,>55,Edyta Sliwinska,3,United States,Connecticut,1,7.0,1.0
John Ratzenberger,4,7,22.5,7.5,3,7.5,7.5,7.5,,6,7.0,True,Actor/Actress,Entertainment,59,>55,Edyta Sliwinska,3,United States,Connecticut,1,5.0,0.8333333333333334
Cameron Mathison,5,1,21.0,7.0,3,7.0,7.0,7.0,,5,8.0,False,Actor/Actress,Entertainment,38,36-45,Edyta Sliwinska,4,Canada,Unknown,0,5.0,0.5833333333333334
Cameron Mathison,5,2,21.0,7.0,3,7.0,7.0,7.0,,5,8.0,False,Actor/Actress,Entertainment,38,36-45,Edyta Sliwinska,4,Canada,Unknown,0,5.0,0.6363636363636364
Cameron Mathison,5,3,23.0,7.666666666666667,3,8.0,7.0,8.0,,5,8.0,False,Actor/Actress,Entertainment,38,36-45,Edyta Sliwinska,4,Canada,Unknown,0,7.0,0.7
Cameron Mathison,5,4,27.0,9.0,3,9.0,9.0,9.0,,5,8.0,False,Actor/Actress,Entertainment,38,36-45,Edyta Sliwinska,4,Canada,Unknown,0,2.0,0.3333333333333333
Cameron Mathison,5,5,26.0,8.666666666666666,3,8.0,9.0,9.0,,5,8.0,False,Actor/Actress,Entertainment,38,36-45,Edyta Sliwinska,4,Canada,Unknown,0,3.0,0.4375
Cameron Mathison,5,6,25.0,8.333333333333334,3,9.0,8.0,8.0,,5,8.0,False,Actor/Actress,Entertainment,38,36-45,Edyta Sliwinska,4,Canada,Unknown,0,4.0,0.6428571428571429
Cameron Mathison,5,7,25.5,8.5,3,8.5,8.5,8.5,,5,8.0,False,Actor/Actress,Entertainment,38,36-45,Edyta Sliwinska,4,Canada,Unknown,0,5.0,0.8333333333333334
Cameron Mathison,5,8,25.5,8.5,3,8.5,8.5,8.5,,5,8.0,True,Actor/Actress,Entertainment,38,36-45,Edyta Sliwinska,4,Canada,Unknown,0,3.0,0.6
Jason Taylor,6,1,22.0,7.333333333333333,3,7.0,8.0,7.0,,2,,False,Athlete,Sports,33,26-35,Edyta Sliwinska,5,United States,Pennsylvania,1,4.0,0.375
Jason Taylor,6,2,27.0,9.0,3,9.0,9.0,9.0,,2,,False,Athlete,Sports,33,26-35,Edyta Sliwinska,5,United States,Pennsylvania,1,1.0,0.125
Jason Taylor,6,3,23.0,7.666666666666667,3,8.0,7.0,8.0,,2,,False,Athlete,Sports,33,26-35,Edyta Sliwinska,5,United States,Pennsylvania,1,5.0,0.5
Jason Taylor,6,4,29.0,9.666666666666666,3,10.0,9.0,10.0,,2,,False,Athlete,Sports,33,26-35,Edyta Sliwinska,5,United States,Pennsylvania,1,1.0,0.16666666666666666
Jason Taylor,6,5,27.0,9.0,3,9.0,9.0,9.0,,2,,False,Athlete,Sports,33,26-35,Edyta Sliwinska,5,United States,Pennsylvania,1,2.0,0.3125
Jason Taylor,6,6,24.0,8.0,3,8.0,8.0,8.0,,2,,False,Athlete,Sports,33,26-35,Edyta Sliwinska,5,United States,Pennsylvania,1,5.0,0.7857142857142857
Jason Taylor,6,7,27.5,9.166666666666666,3,9.5,8.5,9.5,,2,,False,Athlete,Sports,33,26-35,Edyta Sliwinska,5,United States,Pennsylvania,1,1.0,0.16666666666666666
Jason Taylor,6,8,26.0,8.666666666666666,3,9.0,8.0,9.0,,2,,False,Athlete,Sports,33,26-35,Edyta Sliwinska,5,United States,Pennsylvania,1,4.0,0.8
Jason Taylor,6,9,27.5,9.166666666666666,3,9.0,9.5,9.0,,2,,False,Athlete,Sports,33,26-35,Edyta Sliwinska,5,United States,Pennsylvania,1,3.0,0.75
Jason Taylor,6,10,28.5,9.5,3,9.5,9.5,9.5,,2,,False,Athlete,Sports,33,26-35,Edyta Sliwinska,5,United States,Pennsylvania,1,2.0,0.6666666666666666
Jeffrey Ross,7,1,12.0,4.0,3,4.0,4.0,4.0,,13,1.0,True,Comedian,Entertainment,43,36-45,Edyta Sliwinska,6,United States,New Jersey,1,13.0,1.0
Lawrence Taylor,8,1,16.0,5.333333333333333,3,6.0,5.0,5.0,,7,7.0,False,Athlete,Sports,50,46-55,Edyta Sliwinska,7,United States,Virginia,1,11.0,0.8461538461538461
Lawrence Taylor,8,2,20.0,6.666666666666667,3,7.0,6.0,7.0,,7,7.0,False,Athlete,Sports,50,46-55,Edyta Sliwinska,7,United States,Virginia,1,6.0,0.5384615384615384
Lawrence Taylor,8,3,20.0,6.666666666666667,3,7.0,6.0,7.0,,7,7.0,False,Athlete,Sports,50,46-55,Edyta Sliwinska,7,United States,Virginia,1,8.0,0.6666666666666666
Lawrence Taylor,8,4,19.0,6.333333333333333,3,7.0,5.0,7.0,,7,7.0,False,Athlete,Sports,50,46-55,Edyta Sliwinska,7,United States,Virginia,1,8.0,0.7272727272727273
Lawrence Taylor,8,5,20.0,6.666666666666667,3,6.0,7.0,7.0,,7,7.0,False,Athlete,Sports,50,46-55,Edyta Sliwinska,7,United States,Virginia,1,8.0,0.8888888888888888
Lawrence Taylor,8,6,22.0,7.333333333333333,3,7.0,7.0,8.0,,7,7.0,False,Athlete,Sports,50,46-55,Edyta Sliwinska,7,United States,Virginia,1,6.0,0.75
Lawrence Taylor,8,7,21.0,7.0,3,7.0,7.0,7.0,,7,7.0,True,Athlete,Sports,50,46-55,Edyta Sliwinska,7,United States,Virginia,1,7.0,1.0
Ashley Hamiliton,9,1,18.9999,6.3333,3,6.3333,7.3333,5.3333,,16,1.0,True,Actor/Actress,Entertainment,34,26-35,Edyta Sliwinska,8,United States,California,1,15.0,0.96875
Aiden Turner,10,1,15.0,5.0,3,5.0,5.0,5.0,,9,4.0,False,Actor/Actress,Entertainment,32,26-35,Edyta Sliwinska,9,England,Unknown,0,10.0,0.9090909090909091
Aiden Turner,10,2,19.0,6.333333333333333,3,7.0,6.0,6.0,,9,4.0,False,Actor/Actress,Entertainment,32,26-35,Edyta Sliwinska,9,England,Unknown,0,8.0,0.7272727272727273
Aiden Turner,10,3,20.0,6.666666666666667,3,7.0,6.0,7.0,,9,4.0,False,Actor/Actress,Entertainment,32,26-35,Edyta Sliwinska,9,England,Unknown,0,7.0,0.75
Aiden Turner,10,4,16.5,5.5,3,5.5,5.5,5.5,,9,4.0,True,Actor/Actress,Entertainment,32,26-35,Edyta Sliwinska,9,England,Unknown,0,8.0,0.8888888888888888
Geraldo Rivera,22,1,13.0,4.333333333333333,3,5.0,4.0,4.0,,12,2.0,False,Journalist,Media,72,>55,Edyta Sliwinska,10,United States,New York,1,12.0,1.0
Geraldo Rivera,22,2,13.0,4.333333333333333,3,5.0,4.0,4.0,,12,2.0,True,Journalist,Media,72,>55,Edyta Sliwinska,10,United States,New York,1,12.0,1.0
Tucker Carlson,3,1,12.0,4.0,3,5.0,4.0,3.0,,11,1.0,True,TV Personality,Media,37,36-45,Elena Grinenko,0,United States,California,1,11.0,1.0
Clyde Drexler,4,1,16.0,5.333333333333333,3,6.0,5.0,5.0,,8,5.0,False,Athlete,Sports,44,36-45,Elena Grinenko,1,United States,Louisiana,1,9.0,0.8181818181818182
Clyde Drexler,4,2,18.0,6.0,3,6.0,6.0,6.0,,8,5.0,False,Athlete,Sports,44,36-45,Elena Grinenko,1,United States,Louisiana,1,11.0,1.0
Clyde Drexler,4,3,16.0,5.333333333333333,3,6.0,5.0,5.0,,8,5.0,False,Athlete,Sports,44,36-45,Elena Grinenko,1,United States,Louisiana,1,10.0,1.0
Clyde Drexler,4,4,15.0,5.0,3,6.0,4.0,5.0,,8,5.0,False,Athlete,Sports,44,36-45,Elena Grinenko,1,United States,Louisiana,1,9.0,1.0
Clyde Drexler,4,5,13.0,4.333333333333333,3,4.0,5.0,4.0,,8,5.0,True,Athlete,Sports,44,36-45,Elena Grinenko,1,United States,Louisiana,1,8.0,1.0
Bill Engvall,17,1,18.0,6.0,3,6.0,6.0,6.0,,4,11.0,False,Comedian,Entertainment,56,>55,Emma Slater,0,United States,Texas,1,10.0,0.8333333333333334
Bill Engvall,17,2,21.0,7.0,3,7.0,7.0,7.0,,4,11.0,False,Comedian,Entertainment,56,>55,Emma Slater,0,United States,Texas,1,8.0,0.6666666666666666
Bill Engvall,17,3,24.0,8.0,3,8.0,8.0,8.0,,4,11.0,False,Comedian,Entertainment,56,>55,Emma Slater,0,United States,Texas,1,6.0,0.6363636363636364
Bill Engvall,17,4,21.0,7.0,3,7.0,7.0,7.0,,4,11.0,False,Comedian,Entertainment,56,>55,Emma Slater,0,United States,Texas,1,8.0,0.85
Bill Engvall,17,5,24.0,8.0,3,8.0,8.0,8.0,,4,11.0,False,Comedian,Entertainment,56,>55,Emma Slater,0,United States,Texas,1,8.0,0.8888888888888888
Bill Engvall,17,6,23.9999,7.9999666666666664,3,8.3333,8.3333,7.3333,,4,11.0,False,Comedian,Entertainment,56,>55,Emma Slater,0,United States,Texas,1,8.0,1.0
Bill Engvall,17,7,25.0,8.333333333333334,3,8.5,8.0,8.5,,4,11.0,False,Comedian,Entertainment,56,>55,Emma Slater,0,United States,Texas,1,8.0,1.0
Bill Engvall,17,8,24.0,8.0,3,8.0,8.0,8.0,,4,11.0,False,Comedian,Entertainment,56,>55,Emma Slater,0,United States,Texas,1,7.0,1.0
Bill Engvall,17,9,21.0,7.0,3,7.0,7.0,7.0,,4,11.0,False,Comedian,Entertainment,56,>55,Emma Slater,0,United States,Texas,1,6.0,1.0
Bill Engvall,17,10,30.0,7.5,4,7.5,7.5,7.5,7.5,4,11.0,False,Comedian,Entertainment,56,>55,Emma Slater,0,United States,Texas,1,5.0,1.0
Bill Engvall,17,11,25.499899999999997,8.499966666666666,3,8.3333,8.8333,8.3333,,4,11.0,True,Comedian,Entertainment,56,>55,Emma Slater,0,United States,Texas,1,4.0,1.0
Billy Dee Williams,18,1,15.0,5.0,3,5.0,5.0,5.0,,10,-1.0,False,Actor/Actress,Entertainment,76,>55,Emma Slater,1,United States,New York,1,12.0,1.0
Billy Dee Williams,18,2,15.0,5.0,3,5.0,5.0,5.0,,10,-1.0,False,Actor/Actress,Entertainment,76,>55,Emma Slater,1,United States,New York,1,11.0,1.0
Michael Waltrip,19,1,25.0,6.25,4,7.0,6.0,6.0,6.0,7,8.0,False,Racing Driver,Sports,51,46-55,Emma Slater,2,United States,Kentucky,1,10.0,0.8076923076923077
Michael Waltrip,19,2,24.0,6.0,4,6.0,6.0,6.0,6.0,7,8.0,False,Racing Driver,Sports,51,46-55,Emma Slater,2,United States,Kentucky,1,12.0,1.0
Michael Waltrip,19,3,28.0,7.0,4,7.0,7.0,7.0,7.0,7,8.0,False,Racing Driver,Sports,51,46-55,Emma Slater,2,United States,Kentucky,1,10.0,0.9090909090909091
Michael Waltrip,19,4,25.0,6.25,4,6.0,6.0,6.0,7.0,7,8.0,False,Racing Driver,Sports,51,46-55,Emma Slater,2,United States,Kentucky,1,9.0,0.9
Michael Waltrip,19,5,20.0,5.0,4,5.0,5.0,5.0,5.0,7,8.0,False,Racing Driver,Sports,51,46-55,Emma Slater,2,United States,Kentucky,1,9.0,1.0
Michael Waltrip,19,6,30.0,7.5,4,8.0,7.0,8.0,7.0,7,8.0,False,Racing Driver,Sports,51,46-55,Emma Slater,2,United States,Kentucky,1,7.0,0.7777777777777778
Michael Waltrip,19,7,28.0,7.0,4,7.0,7.0,7.0,7.0,7,8.0,False,Racing Driver,Sports,51,46-55,Emma Slater,2,United States,Kentucky,1,8.0,1.0
Michael Waltrip,19,8,25.0,6.25,4,6.0,7.0,6.0,6.0,7,8.0,True,Racing Driver,Sports,51,46-55,Emma Slater,2,United States,Kentucky,1,7.0,1.0
Redfoo,20,1,22.0,5.5,4,6.0,5.0,5.0,6.0,12,2.0,False,Singer/Rapper,Entertainment,39,36-45,Emma Slater,3,United States,California,1,11.0,0.9583333333333334
Redfoo,20,2,31.0,7.75,4,8.0,7.0,8.0,8.0,12,2.0,True,Singer/Rapper,Entertainment,39,36-45,Emma Slater,3,United States,California,1,5.0,0.4166666666666667
Hayes Grier,21,1,21.0,7.0,3,7.0,7.0,7.0,,8,7.0,False,Social Media Personality,Media,15,≤25,Emma Slater,4,United States,North Carolina,1,7.0,0.5769230769230769
Hayes Grier,21,2,22.5,7.5,3,8.0,7.0,7.5,,8,7.0,False,Social Media Personality,Media,15,≤25,Emma Slater,4,United States,North Carolina,1,4.0,0.4230769230769231
Hayes Grier,21,3,30.0,7.5,4,7.0,8.0,7.0,8.0,8,7.0,False,Social Media Personality,Media,15,≤25,Emma Slater,4,United States,North Carolina,1,7.0,0.7
Hayes Grier,21,4,27.0,9.0,3,9.0,9.0,9.0,,8,7.0,False,Social Media Personality,Media,15,≤25,Emma Slater,4,United States,North Carolina,1,2.0,0.3
Hayes Grier,21,5,30.0,7.5,4,8.0,8.0,7.0,7.0,8,7.0,False,Social Media Personality,Media,15,≤25,Emma Slater,4,United States,North Carolina,1,6.0,0.6666666666666666
Hayes Grier,21,6,32.0,8.0,4,8.0,8.0,8.0,8.0,8,7.0,False,Social Media Personality,Media,15,≤25,Emma Slater,4,United States,North Carolina,1,6.0,0.6666666666666666
Hayes Grier,21,7,28.0,9.333333333333334,3,9.0,9.5,9.5,,8,7.0,True,Social Media Personality,Media,15,≤25,Emma Slater,4,United States,North Carolina,1,2.0,0.375
Rick Perry,23,1,20.0,5.0,4,5.0,5.0,5.0,5.0,12,3.0,False,Politician,Other,66,>55,Emma Slater,5,United States,Texas,1,13.0,1.0
Rick Perry,23,2,22.0,5.5,4,6.0,5.0,6.0,5.0,12,3.0,False,Politician,Other,66,>55,Emma Slater,5,United States,Texas,1,13.0,1.0
Rick Perry,23,3,23.0,5.75,4,6.0,5.0,6.0,6.0,12,3.0,True,Politician,Other,66,>55,Emma Slater,5,United States,Texas,1,11.0,0.9583333333333334
Rashad Jennings,24,1,31.0,7.75,4,8.0,7.0,8.0,8.0,1,,False,Athlete,Sports,32,26-35,Emma Slater,6,United States,Virginia,1,2.0,0.16666666666666666
Rashad Jennings,24,2,32.0,8.0,4,8.0,8.0,8.0,8.0,1,,False,Athlete,Sports,32,26-35,Emma Slater,6,United States,Virginia,1,1.0,0.125
Rashad Jennings,24,3,28.0,7.0,4,7.0,7.0,7.0,7.0,1,,False,Athlete,Sports,32,26-35,Emma Slater,6,United States,Virginia,1,6.0,0.5454545454545454
Rashad Jennings,24,4,39.0,9.75,4,10.0,9.0,10.0,10.0,1,,False,Athlete,Sports,32,26-35,Emma Slater,6,United States,Virginia,1,1.0,0.1
Rashad Jennings,24,5,32.0,8.0,4,7.0,8.0,9.0,8.0,1,,False,Athlete,Sports,32,26-35,Emma Slater,6,United States,Virginia,1,6.0,0.7222222222222222
Rashad Jennings,24,6,35.0,8.75,4,8.5,9.5,8.5,8.5,1,,False,Athlete,Sports,32,26-35,Emma Slater,6,United States,Virginia,1,3.0,0.375
Rashad Jennings,24,7,39.0,9.75,4,9.5,9.5,10.5,9.5,1,,False,Athlete,Sports,32,26-35,Emma Slater,6,United States,Virginia,1,2.0,0.35714285714285715
Rashad Jennings,24,8,37.5,9.375,4,9.5,9.0,9.5,9.5,1,,False,Athlete,Sports,32,26-35,Emma Slater,6,United States,Virginia,1,2.0,0.4
Rashad Jennings,24,9,38.5,9.625,4,9.5,9.0,10.0,10.0,1,,False,Athlete,Sports,32,26-35,Emma Slater,6,United States,Virginia,1,2.0,0.5
Rashad Jennings,24,10,39.6666,9.91665,4,10.0,9.6666,10.0,10.0,1,,False,Athlete,Sports,32,26-35,Emma Slater,6,United States,Virginia,1,1.0,0.3333333333333333
Drew Scott,25,1,16.0,5.333333333333333,3,6.0,5.0,5.0,,4,10.0,False,TV Personality,Media,39,36-45,Emma Slater,7,Canada,Unknown,0,11.0,0.8461538461538461
Drew Scott,25,2,20.5,6.833333333333333,3,7.0,6.5,7.0,,4,10.0,False,TV Personality,Media,39,36-45,Emma Slater,7,Canada,Unknown,0,7.0,0.5769230769230769
Drew Scott,25,3,23.0,7.666666666666667,3,8.0,7.0,8.0,,4,10.0,False,TV Personality,Media,39,36-45,Emma Slater,7,Canada,Unknown,0,3.0,0.3181818181818182
Drew Scott,25,4,24.0,8.0,3,8.0,8.0,8.0,,4,10.0,False,TV Personality,Media,39,36-45,Emma Slater,7,Canada,Unknown,0,4.0,0.5909090909090909
Drew Scott,25,5,25.0,8.333333333333334,3,9.0,8.0,8.0,,4,10.0,False,TV Personality,Media,39,36-45,Emma Slater,7,Canada,Unknown,0,6.0,0.65
Drew Scott,25,6,30.0,7.5,4,7.0,7.0,9.0,7.0,4,10.0,False,TV Personality,Media,39,36-45,Emma Slater,7,Canada,Unknown,0,8.0,0.8888888888888888
Drew Scott,25,7,28.5,9.5,3,9.5,9.5,9.5,,4,10.0,False,TV Personality,Media,39,36-45,Emma Slater,7,Canada,Unknown,0,2.0,0.3125
Drew Scott,25,8,23.5,7.833333333333333,3,8.0,7.5,8.0,,4,10.0,False,TV Personality,Media,39,36-45,Emma Slater,7,Canada,Unknown,0,6.0,1.0
Drew Scott,25,9,24.0,8.0,3,8.0,8.0,8.0,,4,10.0,False,TV Personality,Media,39,36-45,Emma Slater,7,Canada,Unknown,0,5.0,1.0
Drew Scott,25,10,37.5,9.375,4,9.0,9.5,9.5,9.5,4,10.0,True,TV Personality,Media,39,36-45,Emma Slater,7,Canada,Unknown,0,4.0,1.0
Johnny Damon,26,1,18.0,6.0,3,6.0,6.0,6.0,,9,1.0,True,Athlete,Sports,44,36-45,Emma Slater,8,United States,Kansas,1,9.0,0.9
John Schneider,27,1,18.0,6.0,3,7.0,5.0,6.0,,8,7.0,False,Actor/Actress,Entertainment,58,>55,Emma Slater,9,United States,New York,1,9.0,0.7692307692307693
John Schneider,27,2,21.5,7.166666666666667,3,7.5,6.5,7.5,,8,7.0,False,Actor/Actress,Entertainment,58,>55,Emma Slater,9,United States,New York,1,8.0,0.6666666666666666
John Schneider,27,3,21.0,7.0,3,7.0,7.0,7.0,,8,7.0,False,Actor/Actress,Entertainment,58,>55,Emma Slater,9,United States,New York,1,10.0,0.9090909090909091
John Schneider,27,4,21.0,7.0,3,7.0,7.0,7.0,,8,7.0,False,Actor/Actress,Entertainment,58,>55,Emma Slater,9,United States,New York,1,8.0,0.8
John Schneider,27,5,24.0,8.0,3,8.0,8.0,8.0,,8,7.0,False,Actor/Actress,Entertainment,58,>55,Emma Slater,9,United States,New York,1,6.0,0.7222222222222222
John Schneider,27,6,19.0,6.333333333333333,3,6.0,7.0,6.0,,8,7.0,False,Actor/Actress,Entertainment,58,>55,Emma Slater,9,United States,New York,1,9.0,1.0
John Schneider,27,7,27.0,9.0,3,9.0,9.0,9.0,,8,7.0,True,Actor/Actress,Entertainment,58,>55,Emma Slater,9,United States,New York,1,5.0,0.625
James Van Der Beek,28,1,21.0,7.0,3,7.0,7.0,7.0,,5,10.0,False,Actor/Actress,Entertainment,42,36-45,Emma Slater,10,United States,Connecticut,1,1.0,0.08333333333333333
James Van Der Beek,28,2,20.0,6.666666666666667,3,7.0,6.0,7.0,,5,10.0,False,Actor/Actress,Entertainment,42,36-45,Emma Slater,10,United States,Connecticut,1,3.0,0.3333333333333333
James Van Der Beek,28,3,23.0,7.666666666666667,3,8.0,7.0,8.0,,5,10.0,False,Actor/Actress,Entertainment,42,36-45,Emma Slater,10,United States,Connecticut,1,3.0,0.35
James Van Der Beek,28,4,28.0,7.0,4,7.0,7.0,7.0,7.0,5,10.0,False,Actor/Actress,Entertainment,42,36-45,Emma Slater,10,United States,Connecticut,1,6.0,0.65
James Van Der Beek,28,5,26.0,8.666666666666666,3,9.0,8.0,9.0,,5,10.0,False,Actor/Actress,Entertainment,42,36-45,Emma Slater,10,United States,Connecticut,1,2.0,0.2777777777777778
James Van Der Beek,28,6,27.0,9.0,3,9.0,9.0,9.0,,5,10.0,False,Actor/Actress,Entertainment,42,36-45,Emma Slater,10,United States,Connecticut,1,1.0,0.2222222222222222
James Van Der Beek,28,7,27.0,9.0,3,9.0,9.0,9.0,,5,10.0,False,Actor/Actress,Entertainment,42,36-45,Emma Slater,10,United States,Connecticut,1,1.0,0.25
James Van Der Beek,28,8,31.9998,10.6666,3,10.6666,10.6666,10.6666,,5,10.0,False,Actor/Actress,Entertainment,42,36-45,Emma Slater,10,United States,Connecticut,1,1.0,0.14285714285714285
James Van Der Beek,28,9,36.0,9.0,4,9.0,8.5,9.5,9.0,5,10.0,False,Actor/Actress,Entertainment,42,36-45,Emma Slater,10,United States,Connecticut,1,3.0,0.5
James Van Der Beek,28,10,25.5,8.5,3,8.5,8.5,8.5,,5,10.0,True,Actor/Actress,Entertainment,42,36-45,Emma Slater,10,United States,Connecticut,1,5.0,1.0
Charles Oakley,29,1,12.0,4.0,3,4.0,4.0,4.0,,15,2.0,False,Athlete,Sports,56,>55,Emma Slater,11,United States,Ohio,1,14.0,0.9333333333333333
Charles Oakley,29,2,15.0,5.0,3,5.0,5.0,5.0,,15,2.0,True,Athlete,Sports,56,>55,Emma Slater,11,United States,Ohio,1,14.0,0.9666666666666667
Jimmie Allen,30,1,22.0,5.5,4,6.0,5.0,6.0,5.0,7,8.0,False,Singer/Rapper,Entertainment,36,36-45,Emma Slater,12,United States,Delaware,1,13.0,0.8666666666666667
Jimmie Allen,30,2,27.0,6.75,4,7.0,6.0,7.0,7.0,7,8.0,False,Singer/Rapper,Entertainment,36,36-45,Emma Slater,12,United States,Delaware,1,5.0,0.4
Jimmie Allen,30,3,20.0,6.666666666666667,3,6.0,6.0,8.0,,7,8.0,False,Singer/Rapper,Entertainment,36,36-45,Emma Slater,12,United States,Delaware,1,10.0,0.75
Jimmie Allen,30,4,32.5,8.125,4,8.5,7.5,8.5,8.0,7,8.0,False,Singer/Rapper,Entertainment,36,36-45,Emma Slater,12,United States,Delaware,1,7.0,0.5769230769230769
Jimmie Allen,30,5,34.0,8.5,4,8.0,8.0,9.0,9.0,7,8.0,False,Singer/Rapper,Entertainment,36,36-45,Emma Slater,12,United States,Delaware,1,8.0,0.7272727272727273
Jimmie Allen,30,6,38.0,9.5,4,10.0,9.0,10.0,9.0,7,8.0,False,Singer/Rapper,Entertainment,36,36-45,Emma Slater,12,United States,Delaware,1,3.0,0.35
Jimmie Allen,30,7,38.0,9.5,4,9.0,9.0,10.0,10.0,7,8.0,False,Singer/Rapper,Entertainment,36,36-45,Emma Slater,12,United States,Delaware,1,3.0,0.3888888888888889
Jimmie Allen,30,8,32.0,8.0,4,8.0,8.0,8.0,8.0,7,8.0,True,Singer/Rapper,Entertainment,36,36-45,Emma Slater,12,United States,Delaware,1,8.0,1.0
Trevor Donovan,31,1,21.0,5.25,4,5.0,5.0,5.0,6.0,6,9.0,False,Actor/Actress,Entertainment,39,36-45,Emma Slater,13,United States,California,1,10.0,0.65625
Trevor Donovan,31,2,30.0,7.5,4,7.0,7.0,8.0,8.0,6,9.0,False,Actor/Actress,Entertainment,39,36-45,Emma Slater,13,United States,California,1,4.0,0.26666666666666666
Trevor Donovan,31,3,27.0,6.75,4,7.0,6.0,7.0,7.0,6,9.0,False,Actor/Actress,Entertainment,39,36-45,Emma Slater,13,United States,California,1,10.0,0.7142857142857143
Trevor Donovan,31,4,28.0,7.0,4,7.0,7.0,7.0,7.0,6,9.0,False,Actor/Actress,Entertainment,39,36-45,Emma Slater,13,United States,California,1,11.0,0.8846153846153846
Trevor Donovan,31,5,36.0,9.0,4,9.0,9.0,9.0,9.0,6,9.0,False,Actor/Actress,Entertainment,39,36-45,Emma Slater,13,United States,California,1,7.0,0.625
Trevor Donovan,31,6,34.0,8.5,4,9.0,8.0,8.0,9.0,6,9.0,False,Actor/Actress,Entertainment,39,36-45,Emma Slater,13,United States,California,1,5.0,0.65
Trevor Donovan,31,7,39.0,9.75,4,10.0,9.0,10.0,10.0,6,9.0,False,Actor/Actress,Entertainment,39,36-45,Emma Slater,13,United States,California,1,1.0,0.16666666666666666
Trevor Donovan,31,8,39.0,9.75,4,9.25,10.25,9.25,10.25,6,9.0,False,Actor/Actress,Entertainment,39,36-45,Emma Slater,13,United States,California,1,5.0,0.6875
Trevor Donovan,31,9,32.5,8.125,4,8.5,8.0,8.0,8.0,6,9.0,True,Actor/Actress,Entertainment,39,36-45,Emma Slater,13,United States,California,1,6.0,1.0
Mauricio Umansky,32,1,15.0,5.0,3,5.0,5.0,5.0,,9,6.0,False,TV Personality,Media,53,46-55,Emma Slater,14,Mexico,Unknown,0,9.0,0.6785714285714286
Mauricio Umansky,32,2,12.0,4.0,3,4.0,4.0,4.0,,9,6.0,False,TV Personality,Media,53,46-55,Emma Slater,14,Mexico,Unknown,0,13.0,1.0
Mauricio Umansky,32,3,23.0,5.75,4,7.0,5.0,6.0,5.0,9,6.0,False,TV Personality,Media,53,46-55,Emma Slater,14,Mexico,Unknown,0,10.0,0.8333333333333334
Mauricio Umansky,32,4,19.0,6.333333333333333,3,7.0,6.0,6.0,,9,6.0,False,TV Personality,Media,53,46-55,Emma Slater,14,Mexico,Unknown,0,9.0,0.8181818181818182
Mauricio Umansky,32,5,24.0,8.0,3,8.0,8.0,8.0,,9,6.0,False,TV Personality,Media,53,46-55,Emma Slater,14,Mexico,Unknown,0,4.0,0.55
Mauricio Umansky,32,6,33.0,8.25,4,8.5,8.5,7.5,8.5,9,6.0,True,TV Personality,Media,53,46-55,Emma Slater,14,Mexico,Unknown,0,6.0,0.6666666666666666
Reginald VelJohnson,33,1,16.0,5.333333333333333,3,6.0,5.0,5.0,,10,3.0,False,Actor/Actress,Entertainment,74,>55,Emma Slater,15,United States,New York,1,12.0,0.9230769230769231
Reginald VelJohnson,33,2,15.0,5.0,3,6.0,4.0,5.0,,10,3.0,False,Actor/Actress,Entertainment,74,>55,Emma Slater,15,United States,New York,1,12.0,0.9615384615384616
Reginald VelJohnson,33,3,21.0,5.25,4,6.0,5.0,5.0,5.0,10,3.0,True,Actor/Actress,Entertainment,74,>55,Emma Slater,15,United States,New York,1,11.0,1.0
Andy Richter,34,1,9.0,4.5,2,5.0,4.0,,,7,9.0,False,Comedian,Entertainment,59,>55,Emma Slater/Kaitlyn Bristowe (week 9),0,United States,California,1,13.0,0.9642857142857143
Andy Richter,34,2,16.0,5.333333333333333,3,6.0,5.0,5.0,,7,9.0,False,Comedian,Entertainment,59,>55,Emma Slater/Kaitlyn Bristowe (week 9),0,United States,California,1,13.0,0.9285714285714286
Andy Richter,34,3,18.0,6.0,3,6.0,6.0,6.0,,7,9.0,False,Comedian,Entertainment,59,>55,Emma Slater/Kaitlyn Bristowe (week 9),0,United States,California,1,11.0,0.9583333333333334
Andy Richter,34,4,18.0,6.0,3,6.0,6.0,6.0,,7,9.0,False,Comedian,Entertainment,59,>55,Emma Slater/Kaitlyn Bristowe (week 9),0,United States,California,1,11.0,1.0
Andy Richter,34,5,24.0,6.0,4,6.0,6.0,6.0,6.0,7,9.0,False,Comedian,Entertainment,59,>55,Emma Slater/Kaitlyn Bristowe (week 9),0,United States,California,1,10.0,1.0
Andy Richter,34,6,27.0,6.75,4,7.0,6.0,7.0,7.0,7,9.0,False,Comedian,Entertainment,59,>55,Emma Slater/Kaitlyn Bristowe (week 9),0,United States,California,1,10.0,1.0
Andy Richter,34,7,29.0,7.25,4,7.25,7.25,7.25,7.25,7,9.0,False,Comedian,Entertainment,59,>55,Emma Slater/Kaitlyn Bristowe (week 9),0,United States,California,1,9.0,1.0
Andy Richter,34,8,34.0,8.5,4,8.0,8.5,9.5,8.0,7,9.0,False,Comedian,Entertainment,59,>55,Emma Slater/Kaitlyn Bristowe (week 9),0,United States,California,1,8.0,1.0
Andy Richter,34,9,29.0,7.25,4,8.0,7.0,7.0,7.0,7,9.0,True,Comedian,Entertainment,59,>55,Emma Slater/Kaitlyn Bristowe (week 9),0,United States,California,1,7.0,1.0
Anna Delvey,33,1,18.0,6.0,3,6.0,6.0,6.0,,12,2.0,False,Con artist,Other,33,26-35,Ezra Sosa,0,Russia,Unknown,0,8.0,0.6923076923076923
Anna Delvey,33,2,17.0,5.666666666666667,3,6.0,5.0,6.0,,12,2.0,True,Con artist,Other,33,26-35,Ezra Sosa,0,Russia,Unknown,0,11.0,0.8461538461538461
Jordan Chiles,34,1,10.0,5.0,2,5.0,5.0,,,3,,False,Athlete,Sports,24,≤25,Ezra Sosa (Apolo Anton Ohno week 9),0,United States,Texas,1,9.0,0.75
Jordan Chiles,34,2,22.0,7.333333333333333,3,8.0,7.0,7.0,,3,,False,Athlete,Sports,24,≤25,Ezra Sosa (Apolo Anton Ohno week 9),0,United States,Texas,1,1.0,0.17857142857142858
Jordan Chiles,34,3,24.0,8.0,3,8.0,8.0,8.0,,3,,False,Athlete,Sports,24,≤25,Ezra Sosa (Apolo Anton Ohno week 9),0,United States,Texas,1,1.0,0.125
Jordan Chiles,34,4,24.0,8.0,3,8.0,8.0,8.0,,3,,False,Athlete,Sports,24,≤25,Ezra Sosa (Apolo Anton Ohno week 9),0,United States,Texas,1,2.0,0.2727272727272727
Jordan Chiles,34,5,32.0,8.0,4,8.0,8.0,8.0,8.0,3,,False,Athlete,Sports,24,≤25,Ezra Sosa (Apolo Anton Ohno week 9),0,United States,Texas,1,5.0,0.5
Jordan Chiles,34,6,39.0,9.75,4,10.0,9.0,10.0,10.0,3,,False,Athlete,Sports,24,≤25,Ezra Sosa (Apolo Anton Ohno week 9),0,United States,Texas,1,1.0,0.15
Jordan Chiles,34,7,38.0,9.5,4,10.0,9.0,9.0,10.0,3,,False,Athlete,Sports,24,≤25,Ezra Sosa (Apolo Anton Ohno week 9),0,United States,Texas,1,4.0,0.5
Jordan Chiles,34,8,39.0,9.75,4,10.0,9.5,10.0,9.5,3,,False,Athlete,Sports,24,≤25,Ezra Sosa (Apolo Anton Ohno week 9),0,United States,Texas,1,2.0,0.25
Jordan Chiles,34,9,39.0,9.75,4,9.5,10.5,9.5,9.5,3,,False,Athlete,Sports,24,≤25,Ezra Sosa (Apolo Anton Ohno week 9),0,United States,Texas,1,5.0,0.7142857142857143
Jordan Chiles,34,10,28.5,9.5,3,9.5,9.5,9.5,,3,,False,Athlete,Sports,24,≤25,Ezra Sosa (Apolo Anton Ohno week 9),0,United States,Texas,1,4.0,0.75
Jordan Chiles,34,11,29.666600000000003,9.888866666666667,3,9.6666,10.0,10.0,,3,,False,Athlete,Sports,24,≤25,Ezra Sosa (Apolo Anton Ohno week 9),0,United States,Texas,1,2.0,0.5
Marlee Matlin,6,1,22.0,7.333333333333333,3,7.0,7.0,8.0,,7,6.0,False,Actor/Actress,Entertainment,42,36-45,Fabian Sanchez,0,United States,Illinois,1,4.0,0.375
Marlee Matlin,6,2,24.0,8.0,3,8.0,8.0,8.0,,7,6.0,False,Actor/Actress,Entertainment,42,36-45,Fabian Sanchez,0,United States,Illinois,1,4.0,0.375
Marlee Matlin,6,3,21.0,7.0,3,7.0,7.0,7.0,,7,6.0,False,Actor/Actress,Entertainment,42,36-45,Fabian Sanchez,0,United States,Illinois,1,6.0,0.75
Marlee Matlin,6,4,24.0,8.0,3,8.0,8.0,8.0,,7,6.0,False,Actor/Actress,Entertainment,42,36-45,Fabian Sanchez,0,United States,Illinois,1,5.0,0.6666666666666666
Marlee Matlin,6,5,22.0,7.333333333333333,3,7.0,7.0,8.0,,7,6.0,False,Actor/Actress,Entertainment,42,36-45,Fabian Sanchez,0,United States,Illinois,1,7.0,0.875
Marlee Matlin,6,6,21.0,7.0,3,7.0,7.0,7.0,,7,6.0,True,Actor/Actress,Entertainment,42,36-45,Fabian Sanchez,0,United States,Illinois,1,7.0,1.0
Lisa Vanderpump,16,1,18.0,6.0,3,6.0,6.0,6.0,,10,4.0,False,TV Personality,Media,52,46-55,Gleb Savchenko,0,England,Unknown,0,8.0,0.75
Lisa Vanderpump,16,2,18.0,6.0,3,6.0,6.0,6.0,,10,4.0,False,TV Personality,Media,52,46-55,Gleb Savchenko,0,England,Unknown,0,8.0,0.75
Lisa Vanderpump,16,3,21.0,7.0,3,7.0,7.0,7.0,,10,4.0,False,TV Personality,Media,52,46-55,Gleb Savchenko,0,England,Unknown,0,6.0,0.6363636363636364
Lisa Vanderpump,16,4,18.0,6.0,3,6.0,6.0,6.0,,10,4.0,True,TV Personality,Media,52,46-55,Gleb Savchenko,0,England,Unknown,0,9.0,0.95
Jana Kramer,23,1,27.0,6.75,4,7.0,6.0,6.0,8.0,4,11.0,False,Singer/Rapper,Entertainment,32,26-35,Gleb Savchenko,1,United States,Michigan,1,3.0,0.2692307692307692
Jana Kramer,23,2,29.0,7.25,4,7.0,8.0,7.0,7.0,4,11.0,False,Singer/Rapper,Entertainment,32,26-35,Gleb Savchenko,1,United States,Michigan,1,4.0,0.34615384615384615
Jana Kramer,23,3,26.0,6.5,4,6.0,7.0,6.0,7.0,4,11.0,False,Singer/Rapper,Entertainment,32,26-35,Gleb Savchenko,1,United States,Michigan,1,7.0,0.5833333333333334
Jana Kramer,23,4,23.0,7.666666666666667,3,8.0,7.0,8.0,,4,11.0,False,Singer/Rapper,Entertainment,32,26-35,Gleb Savchenko,1,United States,Michigan,1,6.0,0.6363636363636364
Jana Kramer,23,5,26.0,8.666666666666666,3,9.0,8.0,9.0,,4,11.0,False,Singer/Rapper,Entertainment,32,26-35,Gleb Savchenko,1,United States,Michigan,1,4.0,0.4444444444444444
Jana Kramer,23,6,40.0,10.0,4,10.0,10.0,10.0,10.0,4,11.0,False,Singer/Rapper,Entertainment,32,26-35,Gleb Savchenko,1,United States,Michigan,1,1.0,0.1111111111111111
Jana Kramer,23,7,34.5,8.625,4,8.0,8.5,9.0,9.0,4,11.0,False,Singer/Rapper,Entertainment,32,26-35,Gleb Savchenko,1,United States,Michigan,1,3.0,0.5
Jana Kramer,23,8,30.0,10.0,3,10.0,10.0,10.0,,4,11.0,False,Singer/Rapper,Entertainment,32,26-35,Gleb Savchenko,1,United States,Michigan,1,3.0,0.5
Jana Kramer,23,9,40.0,10.0,4,10.0,10.0,10.0,10.0,4,11.0,False,Singer/Rapper,Entertainment,32,26-35,Gleb Savchenko,1,United States,Michigan,1,1.0,0.25
Jana Kramer,23,10,29.0,9.666666666666666,3,9.5,9.5,10.0,,4,11.0,False,Singer/Rapper,Entertainment,32,26-35,Gleb Savchenko,1,United States,Michigan,1,4.0,0.8
Jana Kramer,23,11,35.5,8.875,4,8.5,9.0,9.0,9.0,4,11.0,True,Singer/Rapper,Entertainment,32,26-35,Gleb Savchenko,1,United States,Michigan,1,4.0,1.0
Erika Jayne,24,1,24.0,6.0,4,6.0,6.0,6.0,6.0,9,5.0,False,Singer/Rapper,Entertainment,45,36-45,Gleb Savchenko,2,United States,Georgia,1,7.0,0.625
Erika Jayne,24,2,28.0,7.0,4,7.0,7.0,7.0,7.0,9,5.0,False,Singer/Rapper,Entertainment,45,36-45,Gleb Savchenko,2,United States,Georgia,1,5.0,0.5
Erika Jayne,24,3,26.0,6.5,4,6.0,7.0,7.0,6.0,9,5.0,False,Singer/Rapper,Entertainment,45,36-45,Gleb Savchenko,2,United States,Georgia,1,7.0,0.6818181818181818
Erika Jayne,24,4,30.0,7.5,4,8.0,7.0,7.0,8.0,9,5.0,False,Singer/Rapper,Entertainment,45,36-45,Gleb Savchenko,2,United States,Georgia,1,8.0,0.85
Erika Jayne,24,5,32.0,8.0,4,8.0,8.0,8.0,8.0,9,5.0,True,Singer/Rapper,Entertainment,45,36-45,Gleb Savchenko,2,United States,Georgia,1,6.0,0.7222222222222222
Sasha Pieterse,25,1,18.0,6.0,3,6.0,6.0,6.0,,10,5.0,False,Actor/Actress,Entertainment,21,≤25,Gleb Savchenko,3,South Africa,Unknown,0,7.0,0.6153846153846154
Sasha Pieterse,25,2,22.5,7.5,3,8.0,7.5,7.0,,10,5.0,False,Actor/Actress,Entertainment,21,≤25,Gleb Savchenko,3,South Africa,Unknown,0,4.0,0.34615384615384615
Sasha Pieterse,25,3,19.0,6.333333333333333,3,7.0,6.0,6.0,,10,5.0,False,Actor/Actress,Entertainment,21,≤25,Gleb Savchenko,3,South Africa,Unknown,0,11.0,1.0
Sasha Pieterse,25,4,24.0,8.0,3,8.0,8.0,8.0,,10,5.0,False,Actor/Actress,Entertainment,21,≤25,Gleb Savchenko,3,South Africa,Unknown,0,4.0,0.5909090909090909
Sasha Pieterse,25,5,24.0,8.0,3,8.0,8.0,8.0,,10,5.0,True,Actor/Actress,Entertainment,21,≤25,Gleb Savchenko,3,South Africa,Unknown,0,8.0,0.85
Arike Ogunbowale,26,1,20.0,6.666666666666667,3,7.0,6.0,7.0,,7,2.0,False,Athlete,Sports,21,≤25,Gleb Savchenko,4,United States,Wisconsin,1,7.0,0.7
Arike Ogunbowale,26,2,35.0,8.75,4,8.5,9.5,8.5,8.5,7,2.0,True,Athlete,Sports,21,≤25,Gleb Savchenko,4,United States,Wisconsin,1,3.0,0.375
Nikki Glaser,27,1,17.5,5.833333333333333,3,6.0,5.5,6.0,,13,1.0,True,Comedian,Entertainment,34,26-35,Gleb Savchenko,5,United States,Ohio,1,12.0,0.9230769230769231
Lauren Alaina,28,1,19.0,6.333333333333333,3,7.0,6.0,6.0,,4,,False,Singer/Rapper,Entertainment,24,≤25,Gleb Savchenko,6,United States,Georgia,1,3.0,0.25
Lauren Alaina,28,2,19.0,6.333333333333333,3,6.0,6.0,7.0,,4,,False,Singer/Rapper,Entertainment,24,≤25,Gleb Savchenko,6,United States,Georgia,1,6.0,0.5416666666666666
Lauren Alaina,28,3,20.0,6.666666666666667,3,6.0,7.0,7.0,,4,,False,Singer/Rapper,Entertainment,24,≤25,Gleb Savchenko,6,United States,Georgia,1,6.0,0.65
Lauren Alaina,28,4,32.0,8.0,4,8.0,8.0,8.0,8.0,4,,False,Singer/Rapper,Entertainment,24,≤25,Gleb Savchenko,6,United States,Georgia,1,1.0,0.25
Lauren Alaina,28,5,23.0,7.666666666666667,3,8.0,7.0,8.0,,4,,False,Singer/Rapper,Entertainment,24,≤25,Gleb Savchenko,6,United States,Georgia,1,7.0,0.7777777777777778
Lauren Alaina,28,6,26.0,8.666666666666666,3,9.0,8.0,9.0,,4,,False,Singer/Rapper,Entertainment,24,≤25,Gleb Savchenko,6,United States,Georgia,1,4.0,0.5
Lauren Alaina,28,7,27.0,9.0,3,9.0,9.0,9.0,,4,,False,Singer/Rapper,Entertainment,24,≤25,Gleb Savchenko,6,United States,Georgia,1,1.0,0.25
Lauren Alaina,28,8,24.0,8.0,3,8.0,8.0,8.0,,4,,False,Singer/Rapper,Entertainment,24,≤25,Gleb Savchenko,6,United States,Georgia,1,6.0,0.8571428571428571
Lauren Alaina,28,9,35.0,8.75,4,9.0,9.0,8.5,8.5,4,,False,Singer/Rapper,Entertainment,24,≤25,Gleb Savchenko,6,United States,Georgia,1,5.0,0.8333333333333334
Lauren Alaina,28,10,27.0,9.0,3,9.0,9.0,9.0,,4,,False,Singer/Rapper,Entertainment,24,≤25,Gleb Savchenko,6,United States,Georgia,1,3.0,0.7
Lauren Alaina,28,11,28.5,9.5,3,9.5,9.5,9.5,,4,,False,Singer/Rapper,Entertainment,24,≤25,Gleb Savchenko,6,United States,Georgia,1,4.0,1.0
Chrishell Stause,29,1,13.0,4.333333333333333,3,4.0,5.0,4.0,,8,8.0,False,Actor/Actress,Entertainment,39,36-45,Gleb Savchenko,7,United States,Kentucky,1,13.0,0.8666666666666667
Chrishell Stause,29,2,18.0,6.0,3,6.0,6.0,6.0,,8,8.0,False,Actor/Actress,Entertainment,39,36-45,Gleb Savchenko,7,United States,Kentucky,1,6.0,0.5666666666666667
Chrishell Stause,29,3,22.0,7.333333333333333,3,7.0,7.0,8.0,,8,8.0,False,Actor/Actress,Entertainment,39,36-45,Gleb Savchenko,7,United States,Kentucky,1,4.0,0.35714285714285715
Chrishell Stause,29,4,22.0,7.333333333333333,3,7.0,8.0,7.0,,8,8.0,False,Actor/Actress,Entertainment,39,36-45,Gleb Savchenko,7,United States,Kentucky,1,8.0,0.6538461538461539
Chrishell Stause,29,5,19.0,6.333333333333333,3,6.0,6.0,7.0,,8,8.0,False,Actor/Actress,Entertainment,39,36-45,Gleb Savchenko,7,United States,Kentucky,1,11.0,0.9583333333333334
Chrishell Stause,29,6,24.0,8.0,3,8.0,8.0,8.0,,8,8.0,False,Actor/Actress,Entertainment,39,36-45,Gleb Savchenko,7,United States,Kentucky,1,7.0,0.6818181818181818
Chrishell Stause,29,7,26.0,8.666666666666666,3,9.0,9.0,8.0,,8,8.0,False,Actor/Actress,Entertainment,39,36-45,Gleb Savchenko,7,United States,Kentucky,1,5.0,0.6
Chrishell Stause,29,8,27.0,9.0,3,9.0,9.0,9.0,,8,8.0,True,Actor/Actress,Entertainment,39,36-45,Gleb Savchenko,7,United States,Kentucky,1,5.0,0.6875
Melanie C,30,1,27.0,6.75,4,7.0,7.0,6.0,7.0,11,5.0,False,Singer/Rapper,Entertainment,47,46-55,Gleb Savchenko,8,England,Unknown,0,4.0,0.26666666666666666
Melanie C,30,2,30.0,7.5,4,7.0,7.0,8.0,8.0,11,5.0,False,Singer/Rapper,Entertainment,47,46-55,Gleb Savchenko,8,England,Unknown,0,3.0,0.2
Melanie C,30,3,22.0,7.333333333333333,3,7.0,7.0,8.0,,11,5.0,False,Singer/Rapper,Entertainment,47,46-55,Gleb Savchenko,8,England,Unknown,0,5.0,0.39285714285714285
Melanie C,30,4,33.0,8.25,4,8.0,8.0,8.5,8.5,11,5.0,False,Singer/Rapper,Entertainment,47,46-55,Gleb Savchenko,8,England,Unknown,0,6.0,0.46153846153846156
Melanie C,30,5,36.0,9.0,4,9.0,9.0,9.0,9.0,11,5.0,True,Singer/Rapper,Entertainment,47,46-55,Gleb Savchenko,8,England,Unknown,0,3.0,0.45454545454545453
Shangela,31,1,28.0,7.0,4,7.0,7.0,7.0,7.0,4,,False,TV Personality,Media,40,36-45,Gleb Savchenko,9,United States,Texas,1,3.0,0.25
Shangela,31,2,28.0,7.0,4,7.0,7.0,7.0,7.0,4,,False,TV Personality,Media,40,36-45,Gleb Savchenko,9,United States,Texas,1,6.0,0.4666666666666667
Shangela,31,3,30.0,7.5,4,8.0,7.0,7.0,8.0,4,,False,TV Personality,Media,40,36-45,Gleb Savchenko,9,United States,Texas,1,6.0,0.42857142857142855
Shangela,31,4,32.0,8.0,4,8.0,8.0,8.0,8.0,4,,False,TV Personality,Media,40,36-45,Gleb Savchenko,9,United States,Texas,1,6.0,0.5
Shangela,31,5,38.5,9.625,4,9.75,9.25,9.75,9.75,4,,False,TV Personality,Media,40,36-45,Gleb Savchenko,9,United States,Texas,1,6.0,0.5
Shangela,31,6,36.0,9.0,4,9.0,9.0,9.0,9.0,4,,False,TV Personality,Media,40,36-45,Gleb Savchenko,9,United States,Texas,1,3.0,0.35
Shangela,31,7,36.5,9.125,4,9.0,9.5,9.0,9.0,4,,False,TV Personality,Media,40,36-45,Gleb Savchenko,9,United States,Texas,1,4.0,0.5
Shangela,31,8,42.0,10.5,4,11.25,10.25,10.25,10.25,4,,False,TV Personality,Media,40,36-45,Gleb Savchenko,9,United States,Texas,1,3.0,0.375
Shangela,31,9,36.5,9.125,4,9.5,9.0,9.0,9.0,4,,False,TV Personality,Media,40,36-45,Gleb Savchenko,9,United States,Texas,1,3.0,0.5833333333333334
Shangela,31,10,38.0,9.5,4,9.5,9.5,9.5,9.5,4,,False,TV Personality,Media,40,36-45,Gleb Savchenko,9,United States,Texas,1,3.0,0.875
Mira Sorvino,32,1,17.0,5.666666666666667,3,6.0,5.0,6.0,,10,5.0,False,Actor/Actress,Entertainment,55,46-55,Gleb Savchenko,10,United States,New York,1,7.0,0.5
Mira Sorvino,32,2,18.0,6.0,3,6.0,6.0,6.0,,10,5.0,False,Actor/Actress,Entertainment,55,46-55,Gleb Savchenko,10,United States,New York,1,7.0,0.5769230769230769
Mira Sorvino,32,3,26.0,6.5,4,6.0,6.0,7.0,7.0,10,5.0,False,Actor/Actress,Entertainment,55,46-55,Gleb Savchenko,10,United States,New York,1,6.0,0.5
Mira Sorvino,32,4,21.0,7.0,3,7.0,7.0,7.0,,10,5.0,False,Actor/Actress,Entertainment,55,46-55,Gleb Savchenko,10,United States,New York,1,6.0,0.6363636363636364
Mira Sorvino,32,5,22.0,7.333333333333333,3,7.0,8.0,7.0,,10,5.0,True,Actor/Actress,Entertainment,55,46-55,Gleb Savchenko,10,United States,New York,1,8.0,0.8
Brooks Nader,33,1,18.0,6.0,3,6.0,6.0,6.0,,9,4.0,False,Model,Model,27,26-35,Gleb Savchenko,11,United States,New York,1,8.0,0.6923076923076923
Brooks Nader,33,2,20.0,6.666666666666667,3,7.0,6.0,7.0,,9,4.0,False,Model,Model,27,26-35,Gleb Savchenko,11,United States,New York,1,8.0,0.6153846153846154
Brooks Nader,33,3,30.5,7.625,4,7.5,7.5,8.0,7.5,9,4.0,False,Model,Model,27,26-35,Gleb Savchenko,11,United States,New York,1,5.0,0.45454545454545453
Brooks Nader,33,4,32.0,8.0,4,8.0,8.0,8.0,8.0,9,4.0,True,Model,Model,27,26-35,Gleb Savchenko,11,United States,New York,1,4.0,0.6666666666666666
Hilaria Baldwin,34,1,14.0,7.0,2,7.0,7.0,,,11,4.0,False,Entrepreneur,Other,41,36-45,Gleb Savchenko,12,United States,New York,1,3.0,0.21428571428571427
Hilaria Baldwin,34,2,21.0,7.0,3,7.0,7.0,7.0,,11,4.0,False,Entrepreneur,Other,41,36-45,Gleb Savchenko,12,United States,New York,1,5.0,0.4642857142857143
Hilaria Baldwin,34,3,22.0,7.333333333333333,3,7.0,8.0,7.0,,11,4.0,False,Entrepreneur,Other,41,36-45,Gleb Savchenko,12,United States,New York,1,5.0,0.5
Hilaria Baldwin,34,4,23.0,7.666666666666667,3,8.0,7.0,8.0,,11,4.0,True,Entrepreneur,Other,41,36-45,Gleb Savchenko,12,United States,New York,1,5.0,0.5454545454545454
Diana Nyad,18,1,18.0,6.0,3,6.0,6.0,6.0,,12,2.0,False,Athlete,Sports,64,>55,Henry Byalikov,0,United States,New York,1,11.0,0.9166666666666666
Ted McGinley,7,1,18.5,6.166666666666667,3,6.0,6.0,6.5,,12,1.0,True,Actor/Actress,Entertainment,50,46-55,Inna Brayer,0,United States,California,1,8.0,0.6923076923076923
Jen Affleck,34,1,12.0,6.0,2,6.0,6.0,,,9,7.0,False,TV Personality,Media,26,26-35,Jan Ravnik,0,United States,Utah,1,6.0,0.5
Jen Affleck,34,2,22.0,7.333333333333333,3,8.0,7.0,7.0,,9,7.0,False,TV Personality,Media,26,26-35,Jan Ravnik,0,United States,Utah,1,1.0,0.17857142857142858
Jen Affleck,34,3,19.0,6.333333333333333,3,7.0,6.0,6.0,,9,7.0,False,TV Personality,Media,26,26-35,Jan Ravnik,0,United States,Utah,1,10.0,0.8333333333333334
Jen Affleck,34,4,23.0,7.666666666666667,3,7.0,8.0,8.0,,9,7.0,False,TV Personality,Media,26,26-35,Jan Ravnik,0,United States,Utah,1,5.0,0.5454545454545454
Jen Affleck,34,5,29.0,7.25,4,8.0,7.0,7.0,7.0,9,7.0,False,TV Personality,Media,26,26-35,Jan Ravnik,0,United States,Utah,1,8.0,0.85
Jen Affleck,34,6,32.0,8.0,4,8.0,8.0,8.0,8.0,9,7.0,False,TV Personality,Media,26,26-35,Jan Ravnik,0,United States,Utah,1,7.0,0.75
Jen Affleck,34,7,34.0,8.5,4,8.5,8.5,8.5,8.5,9,7.0,True,TV Personality,Media,26,26-35,Jan Ravnik,0,United States,Utah,1,7.0,0.7777777777777778
Jake T. Austin,23,1,22.0,5.5,4,5.0,6.0,5.0,6.0,13,2.0,False,Actor/Actress,Entertainment,21,≤25,Jenna Johnson,0,United States,New York,1,11.0,0.8846153846153846
Jake T. Austin,23,2,24.0,6.0,4,6.0,6.0,6.0,6.0,13,2.0,True,Actor/Actress,Entertainment,21,≤25,Jenna Johnson,0,United States,New York,1,10.0,0.8461538461538461
Adam Rippon,26,1,24.0,8.0,3,8.0,8.0,8.0,,1,,False,Athlete,Sports,28,26-35,Jenna Johnson,1,United States,Pennsylvania,1,1.0,0.15
Adam Rippon,26,2,37.0,9.25,4,9.0,9.5,9.0,9.5,1,,False,Athlete,Sports,28,26-35,Jenna Johnson,1,United States,Pennsylvania,1,1.0,0.1875
Adam Rippon,26,3,41.0,10.25,4,10.5,10.5,9.5,10.5,1,,False,Athlete,Sports,28,26-35,Jenna Johnson,1,United States,Pennsylvania,1,1.0,0.16666666666666666
Adam Rippon,26,4,29.0,9.666666666666666,3,9.5,9.5,10.0,,1,,False,Athlete,Sports,28,26-35,Jenna Johnson,1,United States,Pennsylvania,1,1.0,0.3333333333333333
Joe Amabile,27,1,14.0,4.666666666666667,3,5.0,4.0,5.0,,6,8.0,False,TV Personality,Media,32,26-35,Jenna Johnson,2,United States,Illinois,1,13.0,1.0
Joe Amabile,27,2,17.5,5.833333333333333,3,5.5,6.0,6.0,,6,8.0,False,TV Personality,Media,32,26-35,Jenna Johnson,2,United States,Illinois,1,12.0,1.0
Joe Amabile,27,3,18.0,6.0,3,6.0,6.0,6.0,,6,8.0,False,TV Personality,Media,32,26-35,Jenna Johnson,2,United States,Illinois,1,11.0,1.0
Joe Amabile,27,4,15.0,5.0,3,5.0,5.0,5.0,,6,8.0,False,TV Personality,Media,32,26-35,Jenna Johnson,2,United States,Illinois,1,10.0,1.0
Joe Amabile,27,5,17.0,5.666666666666667,3,6.0,5.0,6.0,,6,8.0,False,TV Personality,Media,32,26-35,Jenna Johnson,2,United States,Illinois,1,9.0,1.0
Joe Amabile,27,6,22.0,7.333333333333333,3,8.0,7.0,7.0,,6,8.0,False,TV Personality,Media,32,26-35,Jenna Johnson,2,United States,Illinois,1,7.0,0.8333333333333334
Joe Amabile,27,7,23.5,7.833333333333333,3,8.0,7.5,8.0,,6,8.0,False,TV Personality,Media,32,26-35,Jenna Johnson,2,United States,Illinois,1,8.0,1.0
Joe Amabile,27,8,23.0,7.666666666666667,3,8.0,7.5,7.5,,6,8.0,True,TV Personality,Media,32,26-35,Jenna Johnson,2,United States,Illinois,1,5.0,0.8333333333333334
Karamo Brown,28,1,17.0,5.666666666666667,3,6.0,5.0,6.0,,8,7.0,False,TV Personality,Media,38,36-45,Jenna Johnson,3,United States,Texas,1,5.0,0.4583333333333333
Karamo Brown,28,2,19.0,6.333333333333333,3,7.0,5.0,7.0,,8,7.0,False,TV Personality,Media,38,36-45,Jenna Johnson,3,United States,Texas,1,6.0,0.5416666666666666
Karamo Brown,28,3,16.0,5.333333333333333,3,5.0,5.0,6.0,,8,7.0,False,TV Personality,Media,38,36-45,Jenna Johnson,3,United States,Texas,1,8.0,0.8
Karamo Brown,28,4,28.0,7.0,4,7.0,7.0,7.0,7.0,8,7.0,False,TV Personality,Media,38,36-45,Jenna Johnson,3,United States,Texas,1,6.0,0.65
Karamo Brown,28,5,21.0,7.0,3,7.0,7.0,7.0,,8,7.0,False,TV Personality,Media,38,36-45,Jenna Johnson,3,United States,Texas,1,8.0,0.8888888888888888
Karamo Brown,28,6,25.0,8.333333333333334,3,9.0,8.0,8.0,,8,7.0,False,TV Personality,Media,38,36-45,Jenna Johnson,3,United States,Texas,1,6.0,0.7222222222222222
Karamo Brown,28,7,24.5,8.166666666666666,3,8.5,8.0,8.0,,8,7.0,True,TV Personality,Media,38,36-45,Jenna Johnson,3,United States,Texas,1,6.0,0.75
Nev Schulman,29,1,20.0,6.666666666666667,3,7.0,7.0,6.0,,2,,False,Producer,Other,35,26-35,Jenna Johnson,4,United States,New York,1,3.0,0.23333333333333334
Nev Schulman,29,2,21.0,7.0,3,7.0,7.0,7.0,,2,,False,Producer,Other,35,26-35,Jenna Johnson,4,United States,New York,1,2.0,0.16666666666666666
Nev Schulman,29,3,24.0,8.0,3,8.0,8.0,8.0,,2,,False,Producer,Other,35,26-35,Jenna Johnson,4,United States,New York,1,1.0,0.10714285714285714
Nev Schulman,29,4,24.0,8.0,3,8.0,8.0,8.0,,2,,False,Producer,Other,35,26-35,Jenna Johnson,4,United States,New York,1,3.0,0.38461538461538464
Nev Schulman,29,5,26.0,8.666666666666666,3,8.0,9.0,9.0,,2,,False,Producer,Other,35,26-35,Jenna Johnson,4,United States,New York,1,3.0,0.2916666666666667
Nev Schulman,29,6,26.0,8.666666666666666,3,9.0,9.0,8.0,,2,,False,Producer,Other,35,26-35,Jenna Johnson,4,United States,New York,1,5.0,0.45454545454545453
Nev Schulman,29,7,30.0,10.0,3,10.0,10.0,10.0,,2,,False,Producer,Other,35,26-35,Jenna Johnson,4,United States,New York,1,1.0,0.1
Nev Schulman,29,8,30.0,10.0,3,10.0,10.0,10.0,,2,,False,Producer,Other,35,26-35,Jenna Johnson,4,United States,New York,1,1.0,0.1875
Nev Schulman,29,9,28.9998,9.6666,3,9.6666,9.6666,9.6666,,2,,False,Producer,Other,35,26-35,Jenna Johnson,4,United States,New York,1,3.0,0.5
Nev Schulman,29,10,30.0,10.0,3,10.0,10.0,10.0,,2,,False,Producer,Other,35,26-35,Jenna Johnson,4,United States,New York,1,1.0,0.25
Nev Schulman,29,11,30.0,10.0,3,10.0,10.0,10.0,,2,,False,Producer,Other,35,26-35,Jenna Johnson,4,United States,New York,1,1.0,0.5
JoJo Siwa,30,1,29.0,7.25,4,8.0,7.0,7.0,7.0,2,,False,Social Media Personality,Media,18,≤25,Jenna Johnson,5,United States,Nebraska,1,1.0,0.06666666666666667
JoJo Siwa,30,2,31.0,7.75,4,8.0,8.0,7.0,8.0,2,,False,Social Media Personality,Media,18,≤25,Jenna Johnson,5,United States,Nebraska,1,2.0,0.13333333333333333
JoJo Siwa,30,3,24.0,8.0,3,8.0,8.0,8.0,,2,,False,Social Media Personality,Media,18,≤25,Jenna Johnson,5,United States,Nebraska,1,1.0,0.14285714285714285
JoJo Siwa,30,4,35.0,8.75,4,8.5,8.5,9.0,9.0,2,,False,Social Media Personality,Media,18,≤25,Jenna Johnson,5,United States,Nebraska,1,2.0,0.19230769230769232
JoJo Siwa,30,5,40.0,10.0,4,10.0,10.0,10.0,10.0,2,,False,Social Media Personality,Media,18,≤25,Jenna Johnson,5,United States,Nebraska,1,1.0,0.09090909090909091
JoJo Siwa,30,6,40.0,10.0,4,10.0,10.0,10.0,10.0,2,,False,Social Media Personality,Media,18,≤25,Jenna Johnson,5,United States,Nebraska,1,1.0,0.15
JoJo Siwa,30,7,39.0,9.75,4,10.0,9.0,10.0,10.0,2,,False,Social Media Personality,Media,18,≤25,Jenna Johnson,5,United States,Nebraska,1,2.0,0.2222222222222222
JoJo Siwa,30,8,41.0,10.25,4,10.5,9.5,10.5,10.5,2,,False,Social Media Personality,Media,18,≤25,Jenna Johnson,5,United States,Nebraska,1,4.0,0.5
JoJo Siwa,30,9,40.0,10.0,4,10.0,10.0,10.0,10.0,2,,False,Social Media Personality,Media,18,≤25,Jenna Johnson,5,United States,Nebraska,1,1.0,0.16666666666666666
JoJo Siwa,30,10,40.0,10.0,4,10.0,10.0,10.0,10.0,2,,False,Social Media Personality,Media,18,≤25,Jenna Johnson,5,United States,Nebraska,1,1.0,0.375
Tyson Beckford,32,1,12.0,4.0,3,4.0,4.0,4.0,,12,3.0,False,Model,Model,52,46-55,Jenna Johnson,6,United States,New York,1,12.0,0.9285714285714286
Tyson Beckford,32,2,18.0,6.0,3,6.0,6.0,6.0,,12,3.0,False,Model,Model,52,46-55,Jenna Johnson,6,United States,New York,1,7.0,0.5769230769230769
Tyson Beckford,32,3,20.0,5.0,4,5.0,5.0,5.0,5.0,12,3.0,True,Model,Model,52,46-55,Jenna Johnson,6,United States,New York,1,12.0,1.0
Joey Graziadei,33,1,21.0,7.0,3,7.0,7.0,7.0,,1,,False,TV Personality,Media,29,26-35,Jenna Johnson,7,United States,Louisiana,1,3.0,0.2692307692307692
Joey Graziadei,33,2,22.0,7.333333333333333,3,8.0,7.0,7.0,,1,,False,TV Personality,Media,29,26-35,Jenna Johnson,7,United States,Louisiana,1,2.0,0.23076923076923078
Joey Graziadei,33,3,35.0,8.75,4,9.0,9.0,8.5,8.5,1,,False,TV Personality,Media,29,26-35,Jenna Johnson,7,United States,Louisiana,1,1.0,0.09090909090909091
Joey Graziadei,33,4,36.0,9.0,4,9.0,9.0,9.0,9.0,1,,False,TV Personality,Media,29,26-35,Jenna Johnson,7,United States,Louisiana,1,1.0,0.16666666666666666
Joey Graziadei,33,5,26.0,8.666666666666666,3,8.5,8.5,9.0,,1,,False,TV Personality,Media,29,26-35,Jenna Johnson,7,United States,Louisiana,1,2.0,0.3125
Joey Graziadei,33,6,32.0,10.666666666666666,3,11.0,10.0,11.0,,1,,False,TV Personality,Media,29,26-35,Jenna Johnson,7,United States,Louisiana,1,1.0,0.21428571428571427
Joey Graziadei,33,7,27.5,9.166666666666666,3,9.0,9.5,9.0,,1,,False,TV Personality,Media,29,26-35,Jenna Johnson,7,United States,Louisiana,1,2.0,0.3333333333333333
Joey Graziadei,33,8,29.0,9.666666666666666,3,9.5,10.0,9.5,,1,,False,TV Personality,Media,29,26-35,Jenna Johnson,7,United States,Louisiana,1,1.0,0.3
Joey Graziadei,33,9,29.5,9.833333333333334,3,9.5,10.0,10.0,,1,,False,TV Personality,Media,29,26-35,Jenna Johnson,7,United States,Louisiana,1,2.0,0.5
Corey Feldman,34,1,9.0,4.5,2,4.0,5.0,,,13,2.0,False,Actor/Actress,Entertainment,54,46-55,Jenna Johnson,8,United States,California,1,13.0,0.9642857142857143
Corey Feldman,34,2,15.0,5.0,3,5.0,5.0,5.0,,13,2.0,True,Actor/Actress,Entertainment,54,46-55,Jenna Johnson,8,United States,California,1,14.0,1.0
Shanna Moakler,3,1,18.0,6.0,3,7.0,5.0,6.0,,10,2.0,False,Model,Model,31,26-35,Jesse DeSoto,0,United States,Rhode Island,1,7.0,0.6363636363636364
Shanna Moakler,3,2,22.0,7.333333333333333,3,8.0,7.0,7.0,,10,2.0,True,Model,Model,31,26-35,Jesse DeSoto,0,United States,Rhode Island,1,6.0,0.6
Rachel Hunter,1,1,20.0,6.666666666666667,3,7.0,6.0,7.0,,4,4.0,False,Model,Model,35,26-35,Jonathan Roberts,0,New Zealand,Unknown,0,1.0,0.3333333333333333
Rachel Hunter,1,2,24.0,8.0,3,8.0,8.0,8.0,,4,4.0,False,Model,Model,35,26-35,Jonathan Roberts,0,New Zealand,Unknown,0,2.0,0.3333333333333333
Rachel Hunter,1,3,26.0,8.666666666666666,3,8.0,9.0,9.0,,4,4.0,False,Model,Model,35,26-35,Jonathan Roberts,0,New Zealand,Unknown,0,1.0,0.2
Rachel Hunter,1,4,25.0,8.333333333333334,3,7.0,9.0,9.0,,4,4.0,True,Model,Model,35,26-35,Jonathan Roberts,0,New Zealand,Unknown,0,2.0,0.5
Giselle Fernandez,2,1,23.0,7.666666666666667,3,7.0,8.0,8.0,,8,3.0,False,News Anchor,Media,44,36-45,Jonathan Roberts,1,Mexico,Unknown,0,2.0,0.25
Giselle Fernandez,2,2,24.0,8.0,3,8.0,8.0,8.0,,8,3.0,False,News Anchor,Media,44,36-45,Jonathan Roberts,1,Mexico,Unknown,0,3.0,0.3333333333333333
Giselle Fernandez,2,3,22.0,7.333333333333333,3,7.0,8.0,7.0,,8,3.0,True,News Anchor,Media,44,36-45,Jonathan Roberts,1,Mexico,Unknown,0,5.0,0.6875
Heather Mills,4,1,18.0,6.0,3,6.0,6.0,6.0,,7,6.0,False,Model,Model,39,36-45,Jonathan Roberts,2,England,Unknown,0,7.0,0.6363636363636364
Heather Mills,4,2,24.0,8.0,3,8.0,8.0,8.0,,7,6.0,False,Model,Model,39,36-45,Jonathan Roberts,2,England,Unknown,0,3.0,0.3181818181818182
Heather Mills,4,3,24.0,8.0,3,8.0,8.0,8.0,,7,6.0,False,Model,Model,39,36-45,Jonathan Roberts,2,England,Unknown,0,1.0,0.25
Heather Mills,4,4,23.0,7.666666666666667,3,7.0,8.0,8.0,,7,6.0,False,Model,Model,39,36-45,Jonathan Roberts,2,England,Unknown,0,4.0,0.4444444444444444
Heather Mills,4,5,21.0,7.0,3,7.0,7.0,7.0,,7,6.0,False,Model,Model,39,36-45,Jonathan Roberts,2,England,Unknown,0,5.0,0.625
Heather Mills,4,6,23.0,7.666666666666667,3,7.0,8.0,8.0,,7,6.0,True,Model,Model,39,36-45,Jonathan Roberts,2,England,Unknown,0,5.0,0.7142857142857143
Marie Osmond,5,1,21.0,7.0,3,7.0,7.0,7.0,,3,,False,Singer/Rapper,Entertainment,47,46-55,Jonathan Roberts,3,United States,Utah,1,5.0,0.5833333333333334
Marie Osmond,5,2,24.0,8.0,3,8.0,8.0,8.0,,3,,False,Singer/Rapper,Entertainment,47,46-55,Jonathan Roberts,3,United States,Utah,1,3.0,0.2727272727272727
Marie Osmond,5,3,26.0,8.666666666666666,3,9.0,8.0,9.0,,3,,False,Singer/Rapper,Entertainment,47,46-55,Jonathan Roberts,3,United States,Utah,1,4.0,0.45
Marie Osmond,5,4,26.0,8.666666666666666,3,9.0,9.0,8.0,,3,,False,Singer/Rapper,Entertainment,47,46-55,Jonathan Roberts,3,United States,Utah,1,5.0,0.6666666666666666
Marie Osmond,5,5,21.0,7.0,3,7.0,7.0,7.0,,3,,False,Singer/Rapper,Entertainment,47,46-55,Jonathan Roberts,3,United States,Utah,1,7.0,0.9375
Marie Osmond,5,6,23.0,7.666666666666667,3,8.0,8.0,7.0,,3,,False,Singer/Rapper,Entertainment,47,46-55,Jonathan Roberts,3,United States,Utah,1,6.0,0.8571428571428571
Marie Osmond,5,7,26.0,8.666666666666666,3,9.0,8.5,8.5,,3,,False,Singer/Rapper,Entertainment,47,46-55,Jonathan Roberts,3,United States,Utah,1,3.0,0.5833333333333334
Marie Osmond,5,8,24.5,8.166666666666666,3,8.0,8.5,8.0,,3,,False,Singer/Rapper,Entertainment,47,46-55,Jonathan Roberts,3,United States,Utah,1,5.0,1.0
Marie Osmond,5,9,28.0,9.333333333333334,3,9.5,9.5,9.0,,3,,False,Singer/Rapper,Entertainment,47,46-55,Jonathan Roberts,3,United States,Utah,1,4.0,1.0
Marie Osmond,5,10,23.0,7.666666666666667,3,8.0,7.5,7.5,,3,,False,Singer/Rapper,Entertainment,47,46-55,Jonathan Roberts,3,United States,Utah,1,3.0,1.0
Monica Seles,6,1,15.0,5.0,3,5.0,5.0,5.0,,11,2.0,False,Athlete,Sports,34,26-35,Jonathan Roberts,4,Yugoslavia,Unknown,0,11.0,0.9583333333333334
Monica Seles,6,2,15.0,5.0,3,5.0,5.0,5.0,,11,2.0,True,Athlete,Sports,34,26-35,Jonathan Roberts,4,Yugoslavia,Unknown,0,12.0,1.0
Belinda Carlisle,8,1,17.0,5.666666666666667,3,6.0,6.0,5.0,,13,2.0,False,Singer/Rapper,Entertainment,50,46-55,Jonathan Roberts,5,United States,California,1,9.0,0.7307692307692307
Belinda Carlisle,8,2,18.0,6.0,3,6.0,6.0,6.0,,13,2.0,True,Singer/Rapper,Entertainment,50,46-55,Jonathan Roberts,5,United States,California,1,9.0,0.7307692307692307
Macy Gray,9,1,18.9999,6.3333,3,7.3333,5.3333,6.3333,,15,1.0,True,Singer/Rapper,Entertainment,42,36-45,Jonathan Roberts,6,United States,Ohio,1,15.0,0.96875
Apolo Anton Ohno,4,1,21.0,7.0,3,7.0,7.0,7.0,,1,,False,Athlete,Sports,24,≤25,Julianne Hough,0,United States,Washington,1,3.0,0.3181818181818182
Apolo Anton Ohno,4,2,26.0,8.666666666666666,3,8.0,9.0,9.0,,1,,False,Athlete,Sports,24,≤25,Julianne Hough,0,United States,Washington,1,2.0,0.18181818181818182
Apolo Anton Ohno,4,3,23.0,7.666666666666667,3,7.0,8.0,8.0,,1,,False,Athlete,Sports,24,≤25,Julianne Hough,0,United States,Washington,1,5.0,0.5
Apolo Anton Ohno,4,4,26.0,8.666666666666666,3,9.0,8.0,9.0,,1,,False,Athlete,Sports,24,≤25,Julianne Hough,0,United States,Washington,1,2.0,0.2222222222222222
Apolo Anton Ohno,4,5,30.0,10.0,3,10.0,10.0,10.0,,1,,False,Athlete,Sports,24,≤25,Julianne Hough,0,United States,Washington,1,1.0,0.125
Apolo Anton Ohno,4,6,28.0,9.333333333333334,3,9.0,9.0,10.0,,1,,False,Athlete,Sports,24,≤25,Julianne Hough,0,United States,Washington,1,1.0,0.21428571428571427
Apolo Anton Ohno,4,7,27.0,9.0,3,9.0,8.5,9.5,,1,,False,Athlete,Sports,24,≤25,Julianne Hough,0,United States,Washington,1,3.0,0.5833333333333334
Apolo Anton Ohno,4,8,29.0,9.666666666666666,3,10.0,9.0,10.0,,1,,False,Athlete,Sports,24,≤25,Julianne Hough,0,United States,Washington,1,1.0,0.2
Apolo Anton Ohno,4,9,29.5,9.833333333333334,3,10.0,9.5,10.0,,1,,False,Athlete,Sports,24,≤25,Julianne Hough,0,United States,Washington,1,3.0,0.75
Apolo Anton Ohno,4,10,29.3332,9.777733333333334,3,9.6666,9.6666,10.0,,1,,False,Athlete,Sports,24,≤25,Julianne Hough,0,United States,Washington,1,1.0,0.3333333333333333
Helio Castroneves,5,1,25.0,8.333333333333334,3,8.0,9.0,8.0,,1,,False,Racing Driver,Sports,32,26-35,Julianne Hough,1,Brazil,Unknown,0,2.0,0.16666666666666666
Helio Castroneves,5,2,27.0,9.0,3,9.0,9.0,9.0,,1,,False,Racing Driver,Sports,32,26-35,Julianne Hough,1,Brazil,Unknown,0,1.0,0.09090909090909091
Helio Castroneves,5,3,24.0,8.0,3,8.0,8.0,8.0,,1,,False,Racing Driver,Sports,32,26-35,Julianne Hough,1,Brazil,Unknown,0,6.0,0.6
Helio Castroneves,5,4,27.0,9.0,3,9.0,9.0,9.0,,1,,False,Racing Driver,Sports,32,26-35,Julianne Hough,1,Brazil,Unknown,0,2.0,0.3333333333333333
Helio Castroneves,5,5,23.0,7.666666666666667,3,8.0,7.0,8.0,,1,,False,Racing Driver,Sports,32,26-35,Julianne Hough,1,Brazil,Unknown,0,6.0,0.75
Helio Castroneves,5,6,28.0,9.333333333333334,3,9.0,10.0,9.0,,1,,False,Racing Driver,Sports,32,26-35,Julianne Hough,1,Brazil,Unknown,0,2.0,0.2857142857142857
Helio Castroneves,5,7,26.0,8.666666666666666,3,9.0,8.5,8.5,,1,,False,Racing Driver,Sports,32,26-35,Julianne Hough,1,Brazil,Unknown,0,3.0,0.5833333333333334
Helio Castroneves,5,8,28.5,9.5,3,9.5,9.5,9.5,,1,,False,Racing Driver,Sports,32,26-35,Julianne Hough,1,Brazil,Unknown,0,1.0,0.2
Helio Castroneves,5,9,30.0,10.0,3,10.0,10.0,10.0,,1,,False,Racing Driver,Sports,32,26-35,Julianne Hough,1,Brazil,Unknown,0,1.0,0.375
Helio Castroneves,5,10,27.999900000000004,9.333300000000001,3,9.0,9.3333,9.6666,,1,,False,Racing Driver,Sports,32,26-35,Julianne Hough,1,Brazil,Unknown,0,2.0,0.6666666666666666
Adam Carolla,6,1,15.0,5.0,3,5.0,5.0,5.0,,9,4.0,False,Radio Personality,Media,43,36-45,Julianne Hough,2,United States,California,1,11.0,0.9583333333333334
Adam Carolla,6,2,19.0,6.333333333333333,3,6.0,7.0,6.0,,9,4.0,False,Radio Personality,Media,43,36-45,Julianne Hough,2,United States,California,1,9.0,0.75
Adam Carolla,6,3,21.0,7.0,3,7.0,7.0,7.0,,9,4.0,False,Radio Personality,Media,43,36-45,Julianne Hough,2,United States,California,1,6.0,0.75
Adam Carolla,6,4,19.0,6.333333333333333,3,6.0,7.0,6.0,,9,4.0,True,Radio Personality,Media,43,36-45,Julianne Hough,2,United States,California,1,9.0,1.0
Cody Linley,7,1,20.5,6.833333333333333,3,7.0,6.5,7.0,,4,9.0,False,Actor/Actress,Entertainment,18,≤25,Julianne Hough,3,United States,Texas,1,6.0,0.46153846153846156
Cody Linley,7,2,21.0,7.0,3,7.0,7.0,7.0,,4,9.0,False,Actor/Actress,Entertainment,18,≤25,Julianne Hough,3,United States,Texas,1,4.0,0.45454545454545453
Cody Linley,7,3,21.0,7.0,3,7.0,7.0,7.0,,4,9.0,False,Actor/Actress,Entertainment,18,≤25,Julianne Hough,3,United States,Texas,1,6.0,0.7222222222222222
Cody Linley,7,4,23.0,7.666666666666667,3,7.0,8.0,8.0,,4,9.0,False,Actor/Actress,Entertainment,18,≤25,Julianne Hough,3,United States,Texas,1,4.0,0.4444444444444444
Cody Linley,7,5,28.0,9.333333333333334,3,10.0,9.0,9.0,,4,9.0,False,Actor/Actress,Entertainment,18,≤25,Julianne Hough,3,United States,Texas,1,2.0,0.25
Cody Linley,7,6,23.0,7.666666666666667,3,8.0,8.0,7.0,,4,9.0,False,Actor/Actress,Entertainment,18,≤25,Julianne Hough,3,United States,Texas,1,4.0,0.6428571428571429
Cody Linley,7,7,22.0,7.333333333333333,3,8.0,7.0,7.0,,4,9.0,False,Actor/Actress,Entertainment,18,≤25,Julianne Hough,3,United States,Texas,1,5.0,0.8333333333333334
Cody Linley,7,8,24.0,8.0,3,8.0,8.0,8.0,,4,9.0,False,Actor/Actress,Entertainment,18,≤25,Julianne Hough,3,United States,Texas,1,4.0,0.9
Cody Linley,7,9,23.0,7.666666666666667,3,8.0,7.5,7.5,,4,9.0,True,Actor/Actress,Entertainment,18,≤25,Julianne Hough,3,United States,Texas,1,4.0,1.0
Chuck Wicks,8,1,20.0,6.666666666666667,3,6.0,7.0,7.0,,6,8.0,False,Singer/Rapper,Entertainment,29,26-35,Julianne Hough,4,United States,Delaware,1,5.0,0.38461538461538464
Chuck Wicks,8,2,20.0,6.666666666666667,3,6.0,7.0,7.0,,6,8.0,False,Singer/Rapper,Entertainment,29,26-35,Julianne Hough,4,United States,Delaware,1,6.0,0.5384615384615384
Chuck Wicks,8,3,23.0,7.666666666666667,3,8.0,7.0,8.0,,6,8.0,False,Singer/Rapper,Entertainment,29,26-35,Julianne Hough,4,United States,Delaware,1,6.0,0.5416666666666666
Chuck Wicks,8,4,22.0,7.333333333333333,3,8.0,7.0,7.0,,6,8.0,False,Singer/Rapper,Entertainment,29,26-35,Julianne Hough,4,United States,Delaware,1,6.0,0.5909090909090909
Chuck Wicks,8,5,23.0,7.666666666666667,3,7.0,8.0,8.0,,6,8.0,False,Singer/Rapper,Entertainment,29,26-35,Julianne Hough,4,United States,Delaware,1,5.0,0.5555555555555556
Chuck Wicks,8,6,23.0,7.666666666666667,3,8.0,7.0,8.0,,6,8.0,False,Singer/Rapper,Entertainment,29,26-35,Julianne Hough,4,United States,Delaware,1,5.0,0.625
Chuck Wicks,8,7,27.0,9.0,3,9.0,9.0,9.0,,6,8.0,False,Singer/Rapper,Entertainment,29,26-35,Julianne Hough,4,United States,Delaware,1,3.0,0.5
Chuck Wicks,8,8,25.5,8.5,3,8.5,8.5,8.5,,6,8.0,True,Singer/Rapper,Entertainment,29,26-35,Julianne Hough,4,United States,Delaware,1,5.0,0.8333333333333334
Mario Lopez,3,1,26.0,8.666666666666666,3,9.0,8.0,9.0,,2,,False,Actor/Actress,Entertainment,32,26-35,Karina Smirnoff,0,United States,California,1,1.0,0.09090909090909091
Mario Lopez,3,2,21.0,7.0,3,7.0,6.0,8.0,,2,,False,Actor/Actress,Entertainment,32,26-35,Karina Smirnoff,0,United States,California,1,7.0,0.8
Mario Lopez,3,3,22.0,7.333333333333333,3,8.0,6.0,8.0,,2,,False,Actor/Actress,Entertainment,32,26-35,Karina Smirnoff,0,United States,California,1,4.0,0.6111111111111112
Mario Lopez,3,4,29.0,9.666666666666666,3,10.0,9.0,10.0,,2,,False,Actor/Actress,Entertainment,32,26-35,Karina Smirnoff,0,United States,California,1,1.0,0.125
Mario Lopez,3,5,27.0,9.0,3,9.0,9.0,9.0,,2,,False,Actor/Actress,Entertainment,32,26-35,Karina Smirnoff,0,United States,California,1,1.0,0.35714285714285715
Mario Lopez,3,6,28.0,9.333333333333334,3,9.0,9.0,10.0,,2,,False,Actor/Actress,Entertainment,32,26-35,Karina Smirnoff,0,United States,California,1,1.0,0.2
Mario Lopez,3,7,28.0,9.333333333333334,3,9.5,9.0,9.5,,2,,False,Actor/Actress,Entertainment,32,26-35,Karina Smirnoff,0,United States,California,1,3.0,0.6
Mario Lopez,3,8,28.5,9.5,3,9.5,9.0,10.0,,2,,False,Actor/Actress,Entertainment,32,26-35,Karina Smirnoff,0,United States,California,1,1.0,0.25
Mario Lopez,3,9,29.5,9.833333333333334,3,10.0,9.5,10.0,,2,,False,Actor/Actress,Entertainment,32,26-35,Karina Smirnoff,0,United States,California,1,1.0,0.6666666666666666
Mario Lopez,3,10,29.666600000000003,9.888866666666667,3,10.0,10.0,9.6666,,2,,False,Actor/Actress,Entertainment,32,26-35,Karina Smirnoff,0,United States,California,1,1.0,0.75
Billy Ray Cyrus,4,1,13.0,4.333333333333333,3,5.0,4.0,4.0,,5,8.0,False,Singer/Rapper,Entertainment,45,36-45,Karina Smirnoff,1,United States,Kentucky,1,11.0,1.0
Billy Ray Cyrus,4,2,21.0,7.0,3,7.0,7.0,7.0,,5,8.0,False,Singer/Rapper,Entertainment,45,36-45,Karina Smirnoff,1,United States,Kentucky,1,6.0,0.6818181818181818
Billy Ray Cyrus,4,3,21.0,7.0,3,7.0,7.0,7.0,,5,8.0,False,Singer/Rapper,Entertainment,45,36-45,Karina Smirnoff,1,United States,Kentucky,1,6.0,0.7
Billy Ray Cyrus,4,4,21.0,7.0,3,7.0,7.0,7.0,,5,8.0,False,Singer/Rapper,Entertainment,45,36-45,Karina Smirnoff,1,United States,Kentucky,1,5.0,0.6111111111111112
Billy Ray Cyrus,4,5,17.0,5.666666666666667,3,6.0,6.0,5.0,,5,8.0,False,Singer/Rapper,Entertainment,45,36-45,Karina Smirnoff,1,United States,Kentucky,1,7.0,0.875
Billy Ray Cyrus,4,6,21.0,7.0,3,7.0,7.0,7.0,,5,8.0,False,Singer/Rapper,Entertainment,45,36-45,Karina Smirnoff,1,United States,Kentucky,1,6.0,0.8571428571428571
Billy Ray Cyrus,4,7,19.0,6.333333333333333,3,6.0,6.5,6.5,,5,8.0,False,Singer/Rapper,Entertainment,45,36-45,Karina Smirnoff,1,United States,Kentucky,1,6.0,1.0
Billy Ray Cyrus,4,8,19.0,6.333333333333333,3,6.5,6.5,6.0,,5,8.0,True,Singer/Rapper,Entertainment,45,36-45,Karina Smirnoff,1,United States,Kentucky,1,5.0,1.0
Floyd Mayweather Jr.,5,1,18.0,6.0,3,6.0,6.0,6.0,,9,4.0,False,Athlete,Sports,30,26-35,Karina Smirnoff,2,United States,Michigan,1,11.0,0.9166666666666666
Floyd Mayweather Jr.,5,2,21.0,7.0,3,7.0,7.0,7.0,,9,4.0,False,Athlete,Sports,30,26-35,Karina Smirnoff,2,United States,Michigan,1,5.0,0.6363636363636364
Floyd Mayweather Jr.,5,3,21.0,7.0,3,7.0,7.0,7.0,,9,4.0,False,Athlete,Sports,30,26-35,Karina Smirnoff,2,United States,Michigan,1,8.0,0.8
Floyd Mayweather Jr.,5,4,23.0,7.666666666666667,3,7.0,8.0,8.0,,9,4.0,True,Athlete,Sports,30,26-35,Karina Smirnoff,2,United States,Michigan,1,8.0,0.8888888888888888
Mario,6,1,24.0,8.0,3,8.0,8.0,8.0,,5,8.0,False,Singer/Rapper,Entertainment,21,≤25,Karina Smirnoff,3,United States,Maryland,1,2.0,0.20833333333333334
Mario,6,2,26.0,8.666666666666666,3,9.0,8.0,9.0,,5,8.0,False,Singer/Rapper,Entertainment,21,≤25,Karina Smirnoff,3,United States,Maryland,1,3.0,0.25
Mario,6,3,21.0,7.0,3,7.0,6.0,8.0,,5,8.0,False,Singer/Rapper,Entertainment,21,≤25,Karina Smirnoff,3,United States,Maryland,1,6.0,0.75
Mario,6,4,24.0,8.0,3,8.0,7.0,9.0,,5,8.0,False,Singer/Rapper,Entertainment,21,≤25,Karina Smirnoff,3,United States,Maryland,1,5.0,0.6666666666666666
Mario,6,5,27.0,9.0,3,9.0,9.0,9.0,,5,8.0,False,Singer/Rapper,Entertainment,21,≤25,Karina Smirnoff,3,United States,Maryland,1,2.0,0.3125
Mario,6,6,28.0,9.333333333333334,3,9.0,9.0,10.0,,5,8.0,False,Singer/Rapper,Entertainment,21,≤25,Karina Smirnoff,3,United States,Maryland,1,2.0,0.2857142857142857
Mario,6,7,25.5,8.5,3,8.5,8.5,8.5,,5,8.0,False,Singer/Rapper,Entertainment,21,≤25,Karina Smirnoff,3,United States,Maryland,1,4.0,0.75
Mario,6,8,26.5,8.833333333333334,3,9.0,8.5,9.0,,5,8.0,True,Singer/Rapper,Entertainment,21,≤25,Karina Smirnoff,3,United States,Maryland,1,3.0,0.6
Rocco DiSpirito,7,1,17.5,5.833333333333333,3,6.0,5.5,6.0,,9,4.0,False,TV Personality,Media,41,36-45,Karina Smirnoff,4,United States,New York,1,11.0,0.8461538461538461
Rocco DiSpirito,7,2,16.0,5.333333333333333,3,5.0,6.0,5.0,,9,4.0,False,TV Personality,Media,41,36-45,Karina Smirnoff,4,United States,New York,1,10.0,0.9090909090909091
Rocco DiSpirito,7,3,20.0,6.666666666666667,3,7.0,7.0,6.0,,9,4.0,False,TV Personality,Media,41,36-45,Karina Smirnoff,4,United States,New York,1,8.0,0.8888888888888888
Rocco DiSpirito,7,4,18.0,6.0,3,6.0,6.0,6.0,,9,4.0,True,TV Personality,Media,41,36-45,Karina Smirnoff,4,United States,New York,1,9.0,1.0
Steve Wozniak,8,1,13.0,4.333333333333333,3,5.0,4.0,4.0,,10,4.0,False,Entrepreneur,Other,58,>55,Karina Smirnoff,5,United States,California,1,13.0,1.0
Steve Wozniak,8,2,17.0,5.666666666666667,3,6.0,5.0,6.0,,10,4.0,False,Entrepreneur,Other,58,>55,Karina Smirnoff,5,United States,California,1,11.0,0.8846153846153846
Steve Wozniak,8,3,10.0,3.3333333333333335,3,4.0,3.0,3.0,,10,4.0,False,Entrepreneur,Other,58,>55,Karina Smirnoff,5,United States,California,1,12.0,1.0
Steve Wozniak,8,4,12.0,4.0,3,4.0,4.0,4.0,,10,4.0,True,Entrepreneur,Other,58,>55,Karina Smirnoff,5,United States,California,1,11.0,1.0
Aaron Carter,9,1,31.999899999999997,10.666633333333332,3,10.3333,11.3333,10.3333,,5,8.0,False,Singer/Rapper,Entertainment,21,≤25,Karina Smirnoff,6,United States,Florida,1,2.0,0.125
Aaron Carter,9,2,27.0,9.0,3,9.0,9.0,9.0,,5,8.0,False,Singer/Rapper,Entertainment,21,≤25,Karina Smirnoff,6,United States,Florida,1,1.0,0.10714285714285714
Aaron Carter,9,3,21.0,7.0,3,8.0,6.0,7.0,,5,8.0,False,Singer/Rapper,Entertainment,21,≤25,Karina Smirnoff,6,United States,Florida,1,4.0,0.34615384615384615
Aaron Carter,9,4,18.0,6.0,3,6.0,6.0,6.0,,5,8.0,False,Singer/Rapper,Entertainment,21,≤25,Karina Smirnoff,6,United States,Florida,1,8.0,0.7272727272727273
Aaron Carter,9,5,24.0,8.0,3,8.0,8.0,8.0,,5,8.0,False,Singer/Rapper,Entertainment,21,≤25,Karina Smirnoff,6,United States,Florida,1,4.0,0.5
Aaron Carter,9,6,32.9998,10.999933333333333,3,10.6666,11.6666,10.6666,,5,8.0,False,Singer/Rapper,Entertainment,21,≤25,Karina Smirnoff,6,United States,Florida,1,3.0,0.3333333333333333
Aaron Carter,9,7,26.5,8.833333333333334,3,8.5,9.0,9.0,,5,8.0,False,Singer/Rapper,Entertainment,21,≤25,Karina Smirnoff,6,United States,Florida,1,2.0,0.2857142857142857
Aaron Carter,9,8,25.0,8.333333333333334,3,8.0,8.5,8.5,,5,8.0,True,Singer/Rapper,Entertainment,21,≤25,Karina Smirnoff,6,United States,Florida,1,4.0,0.9
The Situation,11,1,15.0,5.0,3,5.0,5.0,5.0,,9,4.0,False,TV Personality,Media,28,26-35,Karina Smirnoff,7,United States,New York,1,10.0,0.9166666666666666
The Situation,11,2,18.0,6.0,3,6.0,6.0,6.0,,9,4.0,False,TV Personality,Media,28,26-35,Karina Smirnoff,7,United States,New York,1,9.0,0.8636363636363636
The Situation,11,3,20.0,6.666666666666667,3,7.0,6.0,7.0,,9,4.0,False,TV Personality,Media,28,26-35,Karina Smirnoff,7,United States,New York,1,7.0,0.75
The Situation,11,4,14.0,4.666666666666667,3,5.0,4.5,4.5,,9,4.0,True,TV Personality,Media,28,26-35,Karina Smirnoff,7,United States,New York,1,9.0,1.0
Ralph Macchio,12,1,24.0,8.0,3,8.0,8.0,8.0,,4,9.0,False,Actor/Actress,Entertainment,49,46-55,Karina Smirnoff,8,United States,New York,1,1.0,0.09090909090909091
Ralph Macchio,12,2,21.0,7.0,3,7.0,7.0,7.0,,4,9.0,False,Actor/Actress,Entertainment,49,46-55,Karina Smirnoff,8,United States,New York,1,4.0,0.36363636363636365
Ralph Macchio,12,3,21.0,7.0,3,7.0,7.0,7.0,,4,9.0,False,Actor/Actress,Entertainment,49,46-55,Karina Smirnoff,8,United States,New York,1,5.0,0.6
Ralph Macchio,12,4,25.0,8.333333333333334,3,8.0,8.0,9.0,,4,9.0,False,Actor/Actress,Entertainment,49,46-55,Karina Smirnoff,8,United States,New York,1,2.0,0.2777777777777778
Ralph Macchio,12,5,22.0,7.333333333333333,3,8.0,7.0,7.0,,4,9.0,False,Actor/Actress,Entertainment,49,46-55,Karina Smirnoff,8,United States,New York,1,6.0,0.875
Ralph Macchio,12,6,24.0,8.0,3,8.0,8.0,8.0,,4,9.0,False,Actor/Actress,Entertainment,49,46-55,Karina Smirnoff,8,United States,New York,1,6.0,0.8571428571428571
Ralph Macchio,12,7,33.0,8.25,4,9.0,8.5,7.5,8.0,4,9.0,False,Actor/Actress,Entertainment,49,46-55,Karina Smirnoff,8,United States,New York,1,1.0,0.25
Ralph Macchio,12,8,23.0,7.666666666666667,3,7.5,7.5,8.0,,4,9.0,False,Actor/Actress,Entertainment,49,46-55,Karina Smirnoff,8,United States,New York,1,5.0,1.0
Ralph Macchio,12,9,24.0,8.0,3,8.0,8.0,8.0,,4,9.0,True,Actor/Actress,Entertainment,49,46-55,Karina Smirnoff,8,United States,New York,1,4.0,1.0
J.R. Martinez,13,1,22.0,7.333333333333333,3,8.0,7.0,7.0,,1,,False,Actor/Actress,Entertainment,28,26-35,Karina Smirnoff,9,United States,Louisiana,1,1.0,0.125
J.R. Martinez,13,2,22.0,7.333333333333333,3,7.0,7.0,8.0,,1,,False,Actor/Actress,Entertainment,28,26-35,Karina Smirnoff,9,United States,Louisiana,1,2.0,0.22727272727272727
J.R. Martinez,13,3,26.0,8.666666666666666,3,9.0,8.0,9.0,,1,,False,Actor/Actress,Entertainment,28,26-35,Karina Smirnoff,9,United States,Louisiana,1,2.0,0.25
J.R. Martinez,13,4,26.0,8.666666666666666,3,8.0,9.0,9.0,,1,,False,Actor/Actress,Entertainment,28,26-35,Karina Smirnoff,9,United States,Louisiana,1,2.0,0.2222222222222222
J.R. Martinez,13,5,28.0,9.333333333333334,3,9.0,9.0,10.0,,1,,False,Actor/Actress,Entertainment,28,26-35,Karina Smirnoff,9,United States,Louisiana,1,1.0,0.125
J.R. Martinez,13,6,29.0,9.666666666666666,3,10.0,9.0,10.0,,1,,False,Actor/Actress,Entertainment,28,26-35,Karina Smirnoff,9,United States,Louisiana,1,1.0,0.21428571428571427
J.R. Martinez,13,7,24.0,8.0,3,8.5,7.5,8.0,,1,,False,Actor/Actress,Entertainment,28,26-35,Karina Smirnoff,9,United States,Louisiana,1,4.0,0.6666666666666666
J.R. Martinez,13,8,30.0,10.0,3,10.0,10.0,10.0,,1,,False,Actor/Actress,Entertainment,28,26-35,Karina Smirnoff,9,United States,Louisiana,1,1.0,0.2
J.R. Martinez,13,9,28.0,9.333333333333334,3,9.5,9.0,9.5,,1,,False,Actor/Actress,Entertainment,28,26-35,Karina Smirnoff,9,United States,Louisiana,1,3.0,0.75
J.R. Martinez,13,10,28.1665,9.388833333333332,3,9.3333,9.1666,9.6666,,1,,False,Actor/Actress,Entertainment,28,26-35,Karina Smirnoff,9,United States,Louisiana,1,2.0,0.6666666666666666
Gavin DeGraw,14,1,20.0,6.666666666666667,3,7.0,6.0,7.0,,9,5.0,False,Singer/Rapper,Entertainment,35,26-35,Karina Smirnoff,10,United States,New York,1,10.0,0.9166666666666666
Gavin DeGraw,14,2,21.0,7.0,3,7.0,7.0,7.0,,9,5.0,False,Singer/Rapper,Entertainment,35,26-35,Karina Smirnoff,10,United States,New York,1,8.0,0.7083333333333334
Gavin DeGraw,14,3,24.0,8.0,3,8.0,8.0,8.0,,9,5.0,False,Singer/Rapper,Entertainment,35,26-35,Karina Smirnoff,10,United States,New York,1,7.0,0.8181818181818182
Gavin DeGraw,14,4,23.0,7.666666666666667,3,8.0,8.0,7.0,,9,5.0,False,Singer/Rapper,Entertainment,35,26-35,Karina Smirnoff,10,United States,New York,1,5.0,0.5
Gavin DeGraw,14,5,19.0,6.333333333333333,3,6.0,6.0,7.0,,9,5.0,True,Singer/Rapper,Entertainment,35,26-35,Karina Smirnoff,10,United States,New York,1,9.0,1.0
Apolo Anton Ohno,15,1,22.0,7.333333333333333,3,7.5,7.0,7.5,,5,9.0,False,Athlete,Sports,30,26-35,Karina Smirnoff,11,United States,Washington,1,4.0,0.34615384615384615
Apolo Anton Ohno,15,2,24.5,8.166666666666666,3,8.5,8.0,8.0,,5,9.0,False,Athlete,Sports,30,26-35,Karina Smirnoff,11,United States,Washington,1,4.0,0.3333333333333333
Apolo Anton Ohno,15,3,25.5,8.5,3,9.0,8.0,8.5,,5,9.0,False,Athlete,Sports,30,26-35,Karina Smirnoff,11,United States,Washington,1,4.0,0.5
Apolo Anton Ohno,15,4,34.5,8.625,4,8.5,9.0,8.5,8.5,5,9.0,False,Athlete,Sports,30,26-35,Karina Smirnoff,11,United States,Washington,1,7.0,0.7777777777777778
Apolo Anton Ohno,15,5,28.25,9.416666666666666,3,9.0,9.75,9.5,,5,9.0,False,Athlete,Sports,30,26-35,Karina Smirnoff,11,United States,Washington,1,2.0,0.4375
Apolo Anton Ohno,15,6,30.0,10.0,3,10.0,10.0,10.0,,5,9.0,False,Athlete,Sports,30,26-35,Karina Smirnoff,11,United States,Washington,1,1.0,0.1875
Apolo Anton Ohno,15,7,33.0,11.0,3,11.0,11.0,11.0,,5,9.0,False,Athlete,Sports,30,26-35,Karina Smirnoff,11,United States,Washington,1,6.0,0.8571428571428571
Apolo Anton Ohno,15,8,29.2777,9.759233333333333,3,9.7777,9.5,10.0,,5,9.0,False,Athlete,Sports,30,26-35,Karina Smirnoff,11,United States,Washington,1,2.0,0.35714285714285715
Apolo Anton Ohno,15,9,28.611,9.537,3,9.3333,9.5,9.7777,,5,9.0,True,Athlete,Sports,30,26-35,Karina Smirnoff,11,United States,Washington,1,3.0,0.6
Jacoby Jones,16,1,20.0,6.666666666666667,3,7.0,6.0,7.0,,3,,False,Athlete,Sports,28,26-35,Karina Smirnoff,12,United States,Louisiana,1,5.0,0.4583333333333333
Jacoby Jones,16,2,23.0,7.666666666666667,3,8.0,7.0,8.0,,3,,False,Athlete,Sports,28,26-35,Karina Smirnoff,12,United States,Louisiana,1,4.0,0.3333333333333333
Jacoby Jones,16,3,25.9998,8.6666,3,8.6666,8.6666,8.6666,,3,,False,Athlete,Sports,28,26-35,Karina Smirnoff,12,United States,Louisiana,1,1.0,0.13636363636363635
Jacoby Jones,16,4,24.0,8.0,3,8.0,8.0,8.0,,3,,False,Athlete,Sports,28,26-35,Karina Smirnoff,12,United States,Louisiana,1,4.0,0.4
Jacoby Jones,16,5,26.0,8.666666666666666,3,9.0,8.0,9.0,,3,,False,Athlete,Sports,28,26-35,Karina Smirnoff,12,United States,Louisiana,1,3.0,0.3333333333333333
Jacoby Jones,16,6,22.5,7.5,3,7.5,7.5,7.5,,3,,False,Athlete,Sports,28,26-35,Karina Smirnoff,12,United States,Louisiana,1,6.0,0.75
Jacoby Jones,16,7,27.0,9.0,3,9.0,9.0,9.0,,3,,False,Athlete,Sports,28,26-35,Karina Smirnoff,12,United States,Louisiana,1,4.0,0.5714285714285714
Jacoby Jones,16,8,26.0,8.666666666666666,3,8.5,9.0,8.5,,3,,False,Athlete,Sports,28,26-35,Karina Smirnoff,12,United States,Louisiana,1,4.0,0.6666666666666666
Jacoby Jones,16,9,29.5,9.833333333333334,3,10.0,9.5,10.0,,3,,False,Athlete,Sports,28,26-35,Karina Smirnoff,12,United States,Louisiana,1,1.0,0.3
Jacoby Jones,16,10,27.999899999999997,9.3333,3,9.3333,9.3333,9.3333,,3,,False,Athlete,Sports,28,26-35,Karina Smirnoff,12,United States,Louisiana,1,4.0,1.0
Corbin Bleu,17,1,24.0,8.0,3,8.0,8.0,8.0,,2,,False,Actor/Actress,Entertainment,24,≤25,Karina Smirnoff,13,United States,New York,1,2.0,0.20833333333333334
Corbin Bleu,17,2,26.0,8.666666666666666,3,9.0,8.0,9.0,,2,,False,Actor/Actress,Entertainment,24,≤25,Karina Smirnoff,13,United States,New York,1,1.0,0.08333333333333333
Corbin Bleu,17,3,26.0,8.666666666666666,3,9.0,8.0,9.0,,2,,False,Actor/Actress,Entertainment,24,≤25,Karina Smirnoff,13,United States,New York,1,2.0,0.22727272727272727
Corbin Bleu,17,4,27.0,9.0,3,9.0,9.0,9.0,,2,,False,Actor/Actress,Entertainment,24,≤25,Karina Smirnoff,13,United States,New York,1,1.0,0.2
Corbin Bleu,17,5,28.0,9.333333333333334,3,9.0,9.0,10.0,,2,,False,Actor/Actress,Entertainment,24,≤25,Karina Smirnoff,13,United States,New York,1,1.0,0.16666666666666666
Corbin Bleu,17,6,26.999899999999997,8.999966666666666,3,9.3333,8.3333,9.3333,,2,,False,Actor/Actress,Entertainment,24,≤25,Karina Smirnoff,13,United States,New York,1,6.0,0.75
Corbin Bleu,17,7,29.5,9.833333333333334,3,10.0,9.5,10.0,,2,,False,Actor/Actress,Entertainment,24,≤25,Karina Smirnoff,13,United States,New York,1,1.0,0.1875
Corbin Bleu,17,8,30.0,10.0,3,10.0,10.0,10.0,,2,,False,Actor/Actress,Entertainment,24,≤25,Karina Smirnoff,13,United States,New York,1,1.0,0.21428571428571427
Corbin Bleu,17,9,29.0,9.666666666666666,3,9.5,9.5,10.0,,2,,False,Actor/Actress,Entertainment,24,≤25,Karina Smirnoff,13,United States,New York,1,1.0,0.16666666666666666
Corbin Bleu,17,10,37.5,9.375,4,9.5,9.0,9.5,9.5,2,,False,Actor/Actress,Entertainment,24,≤25,Karina Smirnoff,13,United States,New York,1,2.0,0.4
Corbin Bleu,17,11,29.6664,9.8888,3,9.8888,9.8888,9.8888,,2,,False,Actor/Actress,Entertainment,24,≤25,Karina Smirnoff,13,United States,New York,1,2.0,0.5
Sean Avery,18,1,20.0,6.666666666666667,3,7.0,6.0,7.0,,11,2.0,False,Athlete,Sports,33,26-35,Karina Smirnoff,14,Canada,Unknown,0,10.0,0.8333333333333334
Sean Avery,18,2,21.0,7.0,3,7.0,7.0,7.0,,11,2.0,True,Athlete,Sports,33,26-35,Karina Smirnoff,14,Canada,Unknown,0,7.0,0.7727272727272727
Randy Couture,19,1,31.0,7.75,4,8.0,7.0,8.0,8.0,11,3.0,False,Athlete,Sports,51,46-55,Karina Smirnoff,15,United States,Washington,1,5.0,0.38461538461538464
Randy Couture,19,2,28.0,7.0,4,7.0,7.0,7.0,7.0,11,3.0,False,Athlete,Sports,51,46-55,Karina Smirnoff,15,United States,Washington,1,8.0,0.7916666666666666
Randy Couture,19,3,26.0,6.5,4,7.0,7.0,6.0,6.0,11,3.0,True,Athlete,Sports,51,46-55,Karina Smirnoff,15,United States,Washington,1,11.0,1.0
Victor Espinoza,21,1,15.0,5.0,3,5.0,5.0,5.0,,12,2.0,False,Athlete,Sports,43,36-45,Karina Smirnoff,16,Mexico,Unknown,0,9.0,0.7692307692307693
Victor Espinoza,21,2,18.5,6.166666666666667,3,6.5,5.5,6.5,,12,2.0,True,Athlete,Sports,43,36-45,Karina Smirnoff,16,Mexico,Unknown,0,9.0,0.7692307692307693
Doug Flutie,22,1,15.0,5.0,3,5.0,5.0,5.0,,9,6.0,False,Athlete,Sports,53,46-55,Karina Smirnoff,17,United States,Maryland,1,11.0,0.9166666666666666
Doug Flutie,22,2,20.0,6.666666666666667,3,7.0,6.0,7.0,,9,6.0,False,Athlete,Sports,53,46-55,Karina Smirnoff,17,United States,Maryland,1,5.0,0.5416666666666666
Doug Flutie,22,3,20.0,6.666666666666667,3,7.0,6.0,7.0,,9,6.0,False,Athlete,Sports,53,46-55,Karina Smirnoff,17,United States,Maryland,1,8.0,0.8181818181818182
Doug Flutie,22,4,24.0,6.0,4,6.0,6.0,6.0,6.0,9,6.0,False,Athlete,Sports,53,46-55,Karina Smirnoff,17,United States,Maryland,1,10.0,1.0
Doug Flutie,22,5,28.0,7.0,4,7.0,7.0,7.0,7.0,9,6.0,False,Athlete,Sports,53,46-55,Karina Smirnoff,17,United States,Maryland,1,7.0,0.8333333333333334
Doug Flutie,22,6,21.0,7.0,3,7.0,7.0,7.0,,9,6.0,True,Athlete,Sports,53,46-55,Karina Smirnoff,17,United States,Maryland,1,9.0,1.0
Lolo Jones,19,1,22.0,5.5,4,6.0,6.0,5.0,5.0,13,1.0,True,Athlete,Sports,32,26-35,Keo Motsepe,0,United States,Iowa,1,12.0,0.9230769230769231
Charlotte McKinney,20,1,22.0,5.5,4,6.0,5.0,5.0,6.0,11,3.0,False,Model,Model,21,≤25,Keo Motsepe,1,United States,Florida,1,11.0,0.9583333333333334
Charlotte McKinney,20,2,26.0,6.5,4,7.0,6.0,7.0,6.0,11,3.0,False,Model,Model,21,≤25,Keo Motsepe,1,United States,Florida,1,11.0,0.9166666666666666
Charlotte McKinney,20,3,22.0,5.5,4,6.0,5.0,5.0,6.0,11,3.0,True,Model,Model,21,≤25,Keo Motsepe,1,United States,Florida,1,10.0,0.9545454545454546
Chaka Khan,21,1,13.0,4.333333333333333,3,5.0,4.0,4.0,,13,2.0,False,Singer/Rapper,Entertainment,62,>55,Keo Motsepe,2,United States,Illinois,1,12.0,0.9230769230769231
Chaka Khan,21,2,15.0,5.0,3,5.0,5.0,5.0,,13,2.0,True,Singer/Rapper,Entertainment,62,>55,Keo Motsepe,2,United States,Illinois,1,13.0,1.0
Jodie Sweetin,22,1,20.0,6.666666666666667,3,7.0,6.0,7.0,,6,8.0,False,Actor/Actress,Entertainment,34,26-35,Keo Motsepe,3,United States,California,1,8.0,0.7083333333333334
Jodie Sweetin,22,2,21.0,7.0,3,7.0,7.0,7.0,,6,8.0,False,Actor/Actress,Entertainment,34,26-35,Keo Motsepe,3,United States,California,1,3.0,0.2916666666666667
Jodie Sweetin,22,3,23.0,7.666666666666667,3,8.0,7.0,8.0,,6,8.0,False,Actor/Actress,Entertainment,34,26-35,Keo Motsepe,3,United States,California,1,3.0,0.3181818181818182
Jodie Sweetin,22,4,27.0,6.75,4,7.0,6.0,7.0,7.0,6,8.0,False,Actor/Actress,Entertainment,34,26-35,Keo Motsepe,3,United States,California,1,9.0,0.9
Jodie Sweetin,22,5,35.0,8.75,4,9.0,8.0,9.0,9.0,6,8.0,False,Actor/Actress,Entertainment,34,26-35,Keo Motsepe,3,United States,California,1,2.0,0.2222222222222222
Jodie Sweetin,22,6,25.0,8.333333333333334,3,9.0,8.0,8.0,,6,8.0,False,Actor/Actress,Entertainment,34,26-35,Keo Motsepe,3,United States,California,1,4.0,0.5
Jodie Sweetin,22,7,25.5,8.5,3,8.0,8.5,9.0,,6,8.0,False,Actor/Actress,Entertainment,34,26-35,Keo Motsepe,3,United States,California,1,8.0,1.0
Jodie Sweetin,22,8,30.0,10.0,3,10.0,10.0,10.0,,6,8.0,True,Actor/Actress,Entertainment,34,26-35,Keo Motsepe,3,United States,California,1,1.0,0.25
Charo,24,1,21.0,5.25,4,6.0,5.0,5.0,5.0,11,3.0,False,Actor/Actress,Entertainment,66,>55,Keo Motsepe,4,Spain,Unknown,0,10.0,0.8333333333333334
Charo,24,2,25.0,6.25,4,6.0,6.0,7.0,6.0,11,3.0,False,Actor/Actress,Entertainment,66,>55,Keo Motsepe,4,Spain,Unknown,0,9.0,0.7916666666666666
Charo,24,3,24.0,6.0,4,6.0,6.0,6.0,6.0,11,3.0,True,Actor/Actress,Entertainment,66,>55,Keo Motsepe,4,Spain,Unknown,0,9.0,0.9090909090909091
Barbara Corcoran,25,1,14.0,4.666666666666667,3,5.0,4.0,5.0,,13,2.0,False,Entrepreneur,Other,68,>55,Keo Motsepe,5,United States,New Jersey,1,13.0,1.0
Barbara Corcoran,25,2,17.0,5.666666666666667,3,6.0,5.0,6.0,,13,2.0,True,Entrepreneur,Other,68,>55,Keo Motsepe,5,United States,New Jersey,1,13.0,1.0
Jennie Finch Daigle,26,1,21.0,7.0,3,7.0,7.0,7.0,,6,3.0,False,Athlete,Sports,37,36-45,Keo Motsepe,6,United States,California,1,5.0,0.55
Jennie Finch Daigle,26,2,31.5,7.875,4,7.5,8.5,8.0,7.5,6,3.0,False,Athlete,Sports,37,36-45,Keo Motsepe,6,United States,California,1,6.0,0.8125
Jennie Finch Daigle,26,3,29.0,7.25,4,7.0,8.0,7.0,7.0,6,3.0,True,Athlete,Sports,37,36-45,Keo Motsepe,6,United States,California,1,6.0,1.0
Evanna Lynch,27,1,18.0,6.0,3,7.0,5.0,6.0,,3,,False,Actor/Actress,Entertainment,27,26-35,Keo Motsepe,7,Ireland,Unknown,0,9.0,0.7692307692307693
Evanna Lynch,27,2,24.0,8.0,3,8.0,8.0,8.0,,3,,False,Actor/Actress,Entertainment,27,26-35,Keo Motsepe,7,Ireland,Unknown,0,5.0,0.4166666666666667
Evanna Lynch,27,3,27.0,9.0,3,9.0,9.0,9.0,,3,,False,Actor/Actress,Entertainment,27,26-35,Keo Motsepe,7,Ireland,Unknown,0,2.0,0.2727272727272727
Evanna Lynch,27,4,24.0,8.0,3,8.0,8.0,8.0,,3,,False,Actor/Actress,Entertainment,27,26-35,Keo Motsepe,7,Ireland,Unknown,0,5.0,0.55
Evanna Lynch,27,5,24.0,8.0,3,8.0,8.0,8.0,,3,,False,Actor/Actress,Entertainment,27,26-35,Keo Motsepe,7,Ireland,Unknown,0,6.0,0.7222222222222222
Evanna Lynch,27,6,29.0,9.666666666666666,3,10.0,9.0,10.0,,3,,False,Actor/Actress,Entertainment,27,26-35,Keo Motsepe,7,Ireland,Unknown,0,3.0,0.3333333333333333
Evanna Lynch,27,7,29.5,9.833333333333334,3,10.0,9.5,10.0,,3,,False,Actor/Actress,Entertainment,27,26-35,Keo Motsepe,7,Ireland,Unknown,0,1.0,0.125
Evanna Lynch,27,8,29.0,9.666666666666666,3,10.0,9.5,9.5,,3,,False,Actor/Actress,Entertainment,27,26-35,Keo Motsepe,7,Ireland,Unknown,0,2.0,0.4166666666666667
Evanna Lynch,27,9,30.0,10.0,3,10.0,10.0,10.0,,3,,False,Actor/Actress,Entertainment,27,26-35,Keo Motsepe,7,Ireland,Unknown,0,1.0,0.375
Anne Heche,29,1,18.0,6.0,3,6.0,6.0,6.0,,13,4.0,False,Actor/Actress,Entertainment,51,46-55,Keo Motsepe,8,United States,Ohio,1,6.0,0.5333333333333333
Anne Heche,29,2,18.0,6.0,3,6.0,6.0,6.0,,13,4.0,False,Actor/Actress,Entertainment,51,46-55,Keo Motsepe,8,United States,Ohio,1,6.0,0.5666666666666667
Anne Heche,29,3,15.0,5.0,3,5.0,5.0,5.0,,13,4.0,False,Actor/Actress,Entertainment,51,46-55,Keo Motsepe,8,United States,Ohio,1,13.0,0.9285714285714286
Anne Heche,29,4,21.0,7.0,3,7.0,7.0,7.0,,13,4.0,True,Actor/Actress,Entertainment,51,46-55,Keo Motsepe,8,United States,Ohio,1,10.0,0.8846153846153846
Vinny Guadagnino,31,1,17.0,4.25,4,4.0,4.0,5.0,4.0,7,8.0,False,TV Personality,Media,34,26-35,Koko Iwasaki,0,United States,New York,1,16.0,1.0
Vinny Guadagnino,31,2,27.0,6.75,4,7.0,6.0,7.0,7.0,7,8.0,False,TV Personality,Media,34,26-35,Koko Iwasaki,0,United States,New York,1,9.0,0.6333333333333333
Vinny Guadagnino,31,3,23.0,5.75,4,6.0,5.0,6.0,6.0,7,8.0,False,TV Personality,Media,34,26-35,Koko Iwasaki,0,United States,New York,1,14.0,1.0
Vinny Guadagnino,31,4,29.0,7.25,4,8.0,7.0,7.0,7.0,7,8.0,False,TV Personality,Media,34,26-35,Koko Iwasaki,0,United States,New York,1,9.0,0.7307692307692307
Vinny Guadagnino,31,5,31.0,7.75,4,7.75,7.75,7.75,7.75,7,8.0,False,TV Personality,Media,34,26-35,Koko Iwasaki,0,United States,New York,1,12.0,1.0
Vinny Guadagnino,31,6,28.0,7.0,4,7.0,7.0,7.0,7.0,7,8.0,False,TV Personality,Media,34,26-35,Koko Iwasaki,0,United States,New York,1,10.0,1.0
Vinny Guadagnino,31,7,31.5,7.875,4,7.5,8.0,8.0,8.0,7,8.0,False,TV Personality,Media,34,26-35,Koko Iwasaki,0,United States,New York,1,9.0,1.0
Vinny Guadagnino,31,8,29.0,7.25,4,8.0,7.0,7.0,7.0,7,8.0,True,TV Personality,Media,34,26-35,Koko Iwasaki,0,United States,New York,1,8.0,1.0
Matt Walsh,32,1,12.0,4.0,3,4.0,4.0,4.0,,14,1.0,True,Comedian,Entertainment,58,>55,Koko Iwasaki,1,United States,Illinois,1,12.0,0.9285714285714286
Mr. T,24,1,20.0,5.0,4,5.0,5.0,5.0,5.0,10,4.0,False,Actor/Actress,Entertainment,64,>55,Kym Herjavec,0,United States,Illinois,1,11.0,0.9166666666666666
Mr. T,24,2,22.0,5.5,4,6.0,5.0,6.0,5.0,10,4.0,False,Actor/Actress,Entertainment,64,>55,Kym Herjavec,0,United States,Illinois,1,11.0,0.9583333333333334
Mr. T,24,3,24.0,6.0,4,6.0,6.0,6.0,6.0,10,4.0,False,Actor/Actress,Entertainment,64,>55,Kym Herjavec,0,United States,Illinois,1,9.0,0.9090909090909091
Mr. T,24,4,28.0,7.0,4,7.0,7.0,7.0,7.0,10,4.0,True,Actor/Actress,Entertainment,64,>55,Kym Herjavec,0,United States,Illinois,1,10.0,1.0
Jerry Springer,3,1,16.0,5.333333333333333,3,5.0,5.0,6.0,,5,7.0,False,TV Personality,Media,62,>55,Kym Johnson,0,England,Unknown,0,9.0,0.8181818181818182
Jerry Springer,3,2,19.0,6.333333333333333,3,7.0,6.0,6.0,,5,7.0,False,TV Personality,Media,62,>55,Kym Johnson,0,England,Unknown,0,10.0,1.0
Jerry Springer,3,3,21.0,7.0,3,7.0,7.0,7.0,,5,7.0,False,TV Personality,Media,62,>55,Kym Johnson,0,England,Unknown,0,8.0,0.8888888888888888
Jerry Springer,3,4,22.0,7.333333333333333,3,7.0,7.0,8.0,,5,7.0,False,TV Personality,Media,62,>55,Kym Johnson,0,England,Unknown,0,7.0,0.875
Jerry Springer,3,5,24.0,8.0,3,8.0,8.0,8.0,,5,7.0,False,TV Personality,Media,62,>55,Kym Johnson,0,England,Unknown,0,6.0,0.9285714285714286
Jerry Springer,3,6,18.0,6.0,3,7.0,6.0,5.0,,5,7.0,False,TV Personality,Media,62,>55,Kym Johnson,0,England,Unknown,0,5.0,1.0
Jerry Springer,3,7,23.0,7.666666666666667,3,7.5,8.0,7.5,,5,7.0,True,TV Personality,Media,62,>55,Kym Johnson,0,England,Unknown,0,5.0,1.0
Joey Fatone,4,1,24.0,8.0,3,8.0,8.0,8.0,,2,,False,Singer/Rapper,Entertainment,30,26-35,Kym Johnson,1,United States,New York,1,1.0,0.09090909090909091
Joey Fatone,4,2,24.0,8.0,3,8.0,8.0,8.0,,2,,False,Singer/Rapper,Entertainment,30,26-35,Kym Johnson,1,United States,New York,1,3.0,0.3181818181818182
Joey Fatone,4,3,24.0,8.0,3,8.0,8.0,8.0,,2,,False,Singer/Rapper,Entertainment,30,26-35,Kym Johnson,1,United States,New York,1,1.0,0.25
Joey Fatone,4,4,28.0,9.333333333333334,3,10.0,9.0,9.0,,2,,False,Singer/Rapper,Entertainment,30,26-35,Kym Johnson,1,United States,New York,1,1.0,0.1111111111111111
Joey Fatone,4,5,25.0,8.333333333333334,3,8.0,8.0,9.0,,2,,False,Singer/Rapper,Entertainment,30,26-35,Kym Johnson,1,United States,New York,1,3.0,0.375
Joey Fatone,4,6,27.0,9.0,3,9.0,9.0,9.0,,2,,False,Singer/Rapper,Entertainment,30,26-35,Kym Johnson,1,United States,New York,1,3.0,0.42857142857142855
Joey Fatone,4,7,29.5,9.833333333333334,3,10.0,9.5,10.0,,2,,False,Singer/Rapper,Entertainment,30,26-35,Kym Johnson,1,United States,New York,1,1.0,0.25
Joey Fatone,4,8,27.5,9.166666666666666,3,9.5,9.0,9.0,,2,,False,Singer/Rapper,Entertainment,30,26-35,Kym Johnson,1,United States,New York,1,2.0,0.4
Joey Fatone,4,9,30.0,10.0,3,10.0,10.0,10.0,,2,,False,Singer/Rapper,Entertainment,30,26-35,Kym Johnson,1,United States,New York,1,1.0,0.375
Joey Fatone,4,10,28.6665,9.5555,3,9.6666,9.3333,9.6666,,2,,False,Singer/Rapper,Entertainment,30,26-35,Kym Johnson,1,United States,New York,1,2.0,0.6666666666666666
Mark Cuban,5,1,21.0,7.0,3,7.0,7.0,7.0,,8,5.0,False,TV Personality,Media,49,46-55,Kym Johnson,2,United States,Pennsylvania,1,5.0,0.5833333333333334
Mark Cuban,5,2,18.0,6.0,3,6.0,6.0,6.0,,8,5.0,False,TV Personality,Media,49,46-55,Kym Johnson,2,United States,Pennsylvania,1,10.0,0.9090909090909091
Mark Cuban,5,3,20.0,6.666666666666667,3,6.0,7.0,7.0,,8,5.0,False,TV Personality,Media,49,46-55,Kym Johnson,2,United States,Pennsylvania,1,9.0,0.9
Mark Cuban,5,4,22.0,7.333333333333333,3,7.0,8.0,7.0,,8,5.0,False,TV Personality,Media,49,46-55,Kym Johnson,2,United States,Pennsylvania,1,9.0,1.0
Mark Cuban,5,5,21.0,7.0,3,7.0,7.0,7.0,,8,5.0,True,TV Personality,Media,49,46-55,Kym Johnson,2,United States,Pennsylvania,1,7.0,0.9375
Penn Jillette,6,1,16.0,5.333333333333333,3,5.0,6.0,5.0,,12,2.0,False,Magician,Entertainment,53,46-55,Kym Johnson,3,United States,Massachusetts,1,10.0,0.8333333333333334
Penn Jillette,6,2,17.0,5.666666666666667,3,6.0,6.0,5.0,,12,2.0,True,Magician,Entertainment,53,46-55,Kym Johnson,3,United States,Massachusetts,1,10.0,0.8333333333333334
Warren Sapp,7,1,21.5,7.166666666666667,3,7.0,7.0,7.5,,2,,False,Athlete,Sports,35,26-35,Kym Johnson,4,United States,Florida,1,3.0,0.2692307692307692
Warren Sapp,7,2,24.0,8.0,3,8.0,8.0,8.0,,2,,False,Athlete,Sports,35,26-35,Kym Johnson,4,United States,Florida,1,1.0,0.13636363636363635
Warren Sapp,7,3,25.0,8.333333333333334,3,9.0,8.0,8.0,,2,,False,Athlete,Sports,35,26-35,Kym Johnson,4,United States,Florida,1,2.0,0.2222222222222222
Warren Sapp,7,4,22.0,7.333333333333333,3,8.0,7.0,7.0,,2,,False,Athlete,Sports,35,26-35,Kym Johnson,4,United States,Florida,1,5.0,0.6666666666666666
Warren Sapp,7,5,25.0,8.333333333333334,3,8.0,8.0,9.0,,2,,False,Athlete,Sports,35,26-35,Kym Johnson,4,United States,Florida,1,4.0,0.5
Warren Sapp,7,6,25.0,8.333333333333334,3,8.0,9.0,8.0,,2,,False,Athlete,Sports,35,26-35,Kym Johnson,4,United States,Florida,1,3.0,0.42857142857142855
Warren Sapp,7,7,21.0,7.0,3,7.0,7.0,7.0,,2,,False,Athlete,Sports,35,26-35,Kym Johnson,4,United States,Florida,1,6.0,1.0
Warren Sapp,7,8,27.0,9.0,3,9.5,8.5,9.0,,2,,False,Athlete,Sports,35,26-35,Kym Johnson,4,United States,Florida,1,2.0,0.4
Warren Sapp,7,9,24.5,8.166666666666666,3,8.5,8.0,8.0,,2,,False,Athlete,Sports,35,26-35,Kym Johnson,4,United States,Florida,1,2.0,0.625
Warren Sapp,7,10,27.5,9.166666666666666,3,9.0,9.5,9.0,,2,,False,Athlete,Sports,35,26-35,Kym Johnson,4,United States,Florida,1,2.0,0.8333333333333334
David Alan Grier,8,1,19.0,6.333333333333333,3,6.0,7.0,6.0,,9,5.0,False,Actor/Actress,Entertainment,52,46-55,Kym Johnson,5,United States,Michigan,1,6.0,0.46153846153846156
David Alan Grier,8,2,17.0,5.666666666666667,3,6.0,5.0,6.0,,9,5.0,False,Actor/Actress,Entertainment,52,46-55,Kym Johnson,5,United States,Michigan,1,11.0,0.8846153846153846
David Alan Grier,8,3,24.0,8.0,3,8.0,8.0,8.0,,9,5.0,False,Actor/Actress,Entertainment,52,46-55,Kym Johnson,5,United States,Michigan,1,5.0,0.4166666666666667
David Alan Grier,8,4,22.0,7.333333333333333,3,8.0,7.0,7.0,,9,5.0,False,Actor/Actress,Entertainment,52,46-55,Kym Johnson,5,United States,Michigan,1,6.0,0.5909090909090909
David Alan Grier,8,5,22.0,7.333333333333333,3,7.0,8.0,7.0,,9,5.0,True,Actor/Actress,Entertainment,52,46-55,Kym Johnson,5,United States,Michigan,1,6.0,0.6666666666666666
Donny Osmond,9,1,29.999899999999997,9.999966666666666,3,10.3333,9.3333,10.3333,,1,,False,Singer/Rapper,Entertainment,51,46-55,Kym Johnson,6,United States,Utah,1,5.0,0.3125
Donny Osmond,9,2,25.0,8.333333333333334,3,8.0,9.0,8.0,,1,,False,Singer/Rapper,Entertainment,51,46-55,Kym Johnson,6,United States,Utah,1,3.0,0.21428571428571427
Donny Osmond,9,3,21.0,7.0,3,7.0,7.0,7.0,,1,,False,Singer/Rapper,Entertainment,51,46-55,Kym Johnson,6,United States,Utah,1,4.0,0.34615384615384615
Donny Osmond,9,4,24.0,8.0,3,8.0,8.0,8.0,,1,,False,Singer/Rapper,Entertainment,51,46-55,Kym Johnson,6,United States,Utah,1,4.0,0.4090909090909091
Donny Osmond,9,5,29.0,9.666666666666666,3,10.0,9.0,10.0,,1,,False,Singer/Rapper,Entertainment,51,46-55,Kym Johnson,6,United States,Utah,1,1.0,0.1
Donny Osmond,9,6,30.999899999999997,10.3333,3,10.3333,10.3333,10.3333,,1,,False,Singer/Rapper,Entertainment,51,46-55,Kym Johnson,6,United States,Utah,1,5.0,0.5555555555555556
Donny Osmond,9,7,26.0,8.666666666666666,3,8.5,8.5,9.0,,1,,False,Singer/Rapper,Entertainment,51,46-55,Kym Johnson,6,United States,Utah,1,3.0,0.5
Donny Osmond,9,8,25.0,8.333333333333334,3,8.5,8.0,8.5,,1,,False,Singer/Rapper,Entertainment,51,46-55,Kym Johnson,6,United States,Utah,1,4.0,0.9
Donny Osmond,9,9,24.666600000000003,8.2222,3,8.0,8.3333,8.3333,,1,,False,Singer/Rapper,Entertainment,51,46-55,Kym Johnson,6,United States,Utah,1,4.0,1.0
Donny Osmond,9,10,28.9998,9.6666,3,9.6666,9.6666,9.6666,,1,,False,Singer/Rapper,Entertainment,51,46-55,Kym Johnson,6,United States,Utah,1,1.0,0.3333333333333333
David Hasselhoff,11,1,15.0,5.0,3,5.0,5.0,5.0,,12,1.0,True,Actor/Actress,Entertainment,58,>55,Kym Johnson,7,United States,Maryland,1,10.0,0.9166666666666666
Hines Ward,12,1,21.0,7.0,3,7.0,7.0,7.0,,1,,False,Athlete,Sports,35,26-35,Kym Johnson,8,South Korea,Unknown,0,3.0,0.3181818181818182
Hines Ward,12,2,23.0,7.666666666666667,3,8.0,7.0,8.0,,1,,False,Athlete,Sports,35,26-35,Kym Johnson,8,South Korea,Unknown,0,1.0,0.18181818181818182
Hines Ward,12,3,25.0,8.333333333333334,3,9.0,8.0,8.0,,1,,False,Athlete,Sports,35,26-35,Kym Johnson,8,South Korea,Unknown,0,1.0,0.15
Hines Ward,12,4,25.0,8.333333333333334,3,9.0,8.0,8.0,,1,,False,Athlete,Sports,35,26-35,Kym Johnson,8,South Korea,Unknown,0,2.0,0.2777777777777778
Hines Ward,12,5,27.0,9.0,3,9.0,9.0,9.0,,1,,False,Athlete,Sports,35,26-35,Kym Johnson,8,South Korea,Unknown,0,1.0,0.125
Hines Ward,12,6,27.0,9.0,3,9.0,9.0,9.0,,1,,False,Athlete,Sports,35,26-35,Kym Johnson,8,South Korea,Unknown,0,3.0,0.42857142857142855
Hines Ward,12,7,33.0,8.25,4,8.0,8.0,8.0,9.0,1,,False,Athlete,Sports,35,26-35,Kym Johnson,8,South Korea,Unknown,0,1.0,0.25
Hines Ward,12,8,27.0,9.0,3,9.0,9.0,9.0,,1,,False,Athlete,Sports,35,26-35,Kym Johnson,8,South Korea,Unknown,0,2.0,0.4
Hines Ward,12,9,30.0,10.0,3,10.0,10.0,10.0,,1,,False,Athlete,Sports,35,26-35,Kym Johnson,8,South Korea,Unknown,0,2.0,0.5
Hines Ward,12,10,29.666600000000003,9.888866666666667,3,10.0,9.6666,10.0,,1,,False,Athlete,Sports,35,26-35,Kym Johnson,8,South Korea,Unknown,0,1.0,0.5
David Arquette,13,1,18.0,6.0,3,6.0,6.0,6.0,,6,7.0,False,Actor/Actress,Entertainment,40,36-45,Kym Johnson,9,United States,Virginia,1,6.0,0.5
David Arquette,13,2,18.0,6.0,3,6.0,6.0,6.0,,6,7.0,False,Actor/Actress,Entertainment,40,36-45,Kym Johnson,9,United States,Virginia,1,9.0,0.8636363636363636
David Arquette,13,3,24.0,8.0,3,8.0,8.0,8.0,,6,7.0,False,Actor/Actress,Entertainment,40,36-45,Kym Johnson,9,United States,Virginia,1,4.0,0.55
David Arquette,13,4,23.0,7.666666666666667,3,8.0,7.0,8.0,,6,7.0,False,Actor/Actress,Entertainment,40,36-45,Kym Johnson,9,United States,Virginia,1,5.0,0.5555555555555556
David Arquette,13,5,25.0,8.333333333333334,3,8.0,9.0,8.0,,6,7.0,False,Actor/Actress,Entertainment,40,36-45,Kym Johnson,9,United States,Virginia,1,2.0,0.3125
David Arquette,13,6,23.0,7.666666666666667,3,8.0,7.0,8.0,,6,7.0,False,Actor/Actress,Entertainment,40,36-45,Kym Johnson,9,United States,Virginia,1,4.0,0.5714285714285714
David Arquette,13,7,23.5,7.833333333333333,3,8.0,7.5,8.0,,6,7.0,True,Actor/Actress,Entertainment,40,36-45,Kym Johnson,9,United States,Virginia,1,5.0,0.8333333333333334
Jaleel White,14,1,26.0,8.666666666666666,3,9.0,8.0,9.0,,7,7.0,False,Actor/Actress,Entertainment,35,26-35,Kym Johnson,10,United States,California,1,1.0,0.125
Jaleel White,14,2,22.0,7.333333333333333,3,7.0,7.0,8.0,,7,7.0,False,Actor/Actress,Entertainment,35,26-35,Kym Johnson,10,United States,California,1,7.0,0.5833333333333334
Jaleel White,14,3,25.0,8.333333333333334,3,9.0,8.0,8.0,,7,7.0,False,Actor/Actress,Entertainment,35,26-35,Kym Johnson,10,United States,California,1,5.0,0.5
Jaleel White,14,4,22.0,7.333333333333333,3,8.0,7.0,7.0,,7,7.0,False,Actor/Actress,Entertainment,35,26-35,Kym Johnson,10,United States,California,1,6.0,0.7
Jaleel White,14,5,24.0,8.0,3,8.0,8.0,8.0,,7,7.0,False,Actor/Actress,Entertainment,35,26-35,Kym Johnson,10,United States,California,1,6.0,0.6666666666666666
Jaleel White,14,6,36.9998,12.333266666666667,3,12.6666,11.6666,12.6666,,7,7.0,False,Actor/Actress,Entertainment,35,26-35,Kym Johnson,10,United States,California,1,2.0,0.25
Jaleel White,14,7,25.5,8.5,3,9.0,8.0,8.5,,7,7.0,True,Actor/Actress,Entertainment,35,26-35,Kym Johnson,10,United States,California,1,6.0,0.8571428571428571
Joey Fatone,15,1,20.5,6.833333333333333,3,6.5,7.0,7.0,,12,2.0,False,Singer/Rapper,Entertainment,35,26-35,Kym Johnson,11,United States,New York,1,10.0,0.7692307692307693
Joey Fatone,15,2,22.5,7.5,3,7.5,7.5,7.5,,12,2.0,True,Singer/Rapper,Entertainment,35,26-35,Kym Johnson,11,United States,New York,1,7.0,0.6666666666666666
Ingo Rademacher,16,1,20.0,6.666666666666667,3,7.0,6.0,7.0,,5,9.0,False,Actor/Actress,Entertainment,41,36-45,Kym Johnson,12,Germany,Unknown,0,5.0,0.4583333333333333
Ingo Rademacher,16,2,20.0,6.666666666666667,3,6.0,7.0,7.0,,5,9.0,False,Actor/Actress,Entertainment,41,36-45,Kym Johnson,12,Germany,Unknown,0,5.0,0.5
Ingo Rademacher,16,3,21.0,7.0,3,7.0,7.0,7.0,,5,9.0,False,Actor/Actress,Entertainment,41,36-45,Kym Johnson,12,Germany,Unknown,0,6.0,0.6363636363636364
Ingo Rademacher,16,4,23.0,7.666666666666667,3,8.0,7.0,8.0,,5,9.0,False,Actor/Actress,Entertainment,41,36-45,Kym Johnson,12,Germany,Unknown,0,5.0,0.5
Ingo Rademacher,16,5,21.0,7.0,3,7.0,7.0,7.0,,5,9.0,False,Actor/Actress,Entertainment,41,36-45,Kym Johnson,12,Germany,Unknown,0,6.0,0.7222222222222222
Ingo Rademacher,16,6,23.0,7.666666666666667,3,7.5,8.0,7.5,,5,9.0,False,Actor/Actress,Entertainment,41,36-45,Kym Johnson,12,Germany,Unknown,0,4.0,0.5625
Ingo Rademacher,16,7,25.0,8.333333333333334,3,8.0,9.0,8.0,,5,9.0,False,Actor/Actress,Entertainment,41,36-45,Kym Johnson,12,Germany,Unknown,0,5.0,0.7142857142857143
Ingo Rademacher,16,8,24.0,8.0,3,8.0,8.0,8.0,,5,9.0,False,Actor/Actress,Entertainment,41,36-45,Kym Johnson,12,Germany,Unknown,0,5.0,0.8333333333333334
Ingo Rademacher,16,9,25.5,8.5,3,8.5,8.5,8.5,,5,9.0,True,Actor/Actress,Entertainment,41,36-45,Kym Johnson,12,Germany,Unknown,0,5.0,1.0
Robert Herjavec,20,1,28.0,7.0,4,7.0,7.0,7.0,7.0,6,8.0,False,Entrepreneur,Other,52,46-55,Kym Johnson,13,Croatia,Unknown,0,4.0,0.3333333333333333
Robert Herjavec,20,2,28.0,7.0,4,7.0,7.0,7.0,7.0,6,8.0,False,Entrepreneur,Other,52,46-55,Kym Johnson,13,Croatia,Unknown,0,6.0,0.625
Robert Herjavec,20,3,29.0,7.25,4,7.0,7.0,8.0,7.0,6,8.0,False,Entrepreneur,Other,52,46-55,Kym Johnson,13,Croatia,Unknown,0,6.0,0.5454545454545454
Robert Herjavec,20,4,34.0,8.5,4,8.0,9.0,8.0,9.0,6,8.0,False,Entrepreneur,Other,52,46-55,Kym Johnson,13,Croatia,Unknown,0,4.0,0.45
Robert Herjavec,20,5,24.0,6.0,4,6.0,6.0,6.0,6.0,6,8.0,False,Entrepreneur,Other,52,46-55,Kym Johnson,13,Croatia,Unknown,0,9.0,1.0
Robert Herjavec,20,6,33.5,8.375,4,8.5,8.0,8.5,8.5,6,8.0,False,Entrepreneur,Other,52,46-55,Kym Johnson,13,Croatia,Unknown,0,8.0,1.0
Robert Herjavec,20,7,31.0,7.75,4,7.0,8.0,8.0,8.0,6,8.0,False,Entrepreneur,Other,52,46-55,Kym Johnson,13,Croatia,Unknown,0,6.0,0.9285714285714286
Robert Herjavec,20,8,31.0,7.75,4,7.5,7.5,8.5,7.5,6,8.0,True,Entrepreneur,Other,52,46-55,Kym Johnson,13,Croatia,Unknown,0,6.0,1.0
Lance Bass,7,1,21.5,7.166666666666667,3,7.5,6.0,8.0,,3,,False,Singer/Rapper,Entertainment,29,26-35,Lacey Schwimmer,0,United States,Mississippi,1,3.0,0.2692307692307692
Lance Bass,7,2,20.0,6.666666666666667,3,7.0,6.0,7.0,,3,,False,Singer/Rapper,Entertainment,29,26-35,Lacey Schwimmer,0,United States,Mississippi,1,7.0,0.6363636363636364
Lance Bass,7,3,22.0,7.333333333333333,3,8.0,7.0,7.0,,3,,False,Singer/Rapper,Entertainment,29,26-35,Lacey Schwimmer,0,United States,Mississippi,1,4.0,0.5
Lance Bass,7,4,26.0,8.666666666666666,3,9.0,8.0,9.0,,3,,False,Singer/Rapper,Entertainment,29,26-35,Lacey Schwimmer,0,United States,Mississippi,1,1.0,0.16666666666666666
Lance Bass,7,5,21.0,7.0,3,7.0,7.0,7.0,,3,,False,Singer/Rapper,Entertainment,29,26-35,Lacey Schwimmer,0,United States,Mississippi,1,7.0,0.9375
Lance Bass,7,6,27.0,9.0,3,9.0,9.0,9.0,,3,,False,Singer/Rapper,Entertainment,29,26-35,Lacey Schwimmer,0,United States,Mississippi,1,1.0,0.14285714285714285
Lance Bass,7,7,25.0,8.333333333333334,3,9.0,7.0,9.0,,3,,False,Singer/Rapper,Entertainment,29,26-35,Lacey Schwimmer,0,United States,Mississippi,1,2.0,0.4166666666666667
Lance Bass,7,8,25.0,8.333333333333334,3,8.5,7.5,9.0,,3,,False,Singer/Rapper,Entertainment,29,26-35,Lacey Schwimmer,0,United States,Mississippi,1,3.0,0.6
Lance Bass,7,9,28.5,9.5,3,10.0,9.0,9.5,,3,,False,Singer/Rapper,Entertainment,29,26-35,Lacey Schwimmer,0,United States,Mississippi,1,1.0,0.25
Lance Bass,7,10,27.5,9.166666666666666,3,9.0,9.0,9.5,,3,,False,Singer/Rapper,Entertainment,29,26-35,Lacey Schwimmer,0,United States,Mississippi,1,2.0,0.8333333333333334
Steve-O,8,1,17.0,5.666666666666667,3,6.0,5.0,6.0,,8,6.0,False,TV Personality,Media,34,26-35,Lacey Schwimmer,1,England,Unknown,0,9.0,0.7307692307692307
Steve-O,8,2,14.0,4.666666666666667,3,5.0,4.0,5.0,,8,6.0,False,TV Personality,Media,34,26-35,Lacey Schwimmer,1,England,Unknown,0,13.0,1.0
Steve-O,8,3,15.0,5.0,3,5.0,5.0,5.0,,8,6.0,False,TV Personality,Media,34,26-35,Lacey Schwimmer,1,England,Unknown,0,11.0,0.9166666666666666
Steve-O,8,4,15.0,5.0,3,5.0,5.0,5.0,,8,6.0,False,TV Personality,Media,34,26-35,Lacey Schwimmer,1,England,Unknown,0,10.0,0.9090909090909091
Steve-O,8,5,18.0,6.0,3,6.0,6.0,6.0,,8,6.0,False,TV Personality,Media,34,26-35,Lacey Schwimmer,1,England,Unknown,0,9.0,1.0
Steve-O,8,6,16.0,5.333333333333333,3,7.0,4.0,5.0,,8,6.0,True,TV Personality,Media,34,26-35,Lacey Schwimmer,1,England,Unknown,0,8.0,1.0
Mark Dacascos,9,1,28.9998,9.6666,3,9.6666,9.6666,9.6666,,6,7.0,False,Actor/Actress,Entertainment,45,36-45,Lacey Schwimmer,2,United States,Hawaii,1,6.0,0.375
Mark Dacascos,9,2,21.0,7.0,3,7.0,7.0,7.0,,6,7.0,False,Actor/Actress,Entertainment,45,36-45,Lacey Schwimmer,2,United States,Hawaii,1,4.0,0.35714285714285715
Mark Dacascos,9,3,18.0,6.0,3,6.0,6.0,6.0,,6,7.0,False,Actor/Actress,Entertainment,45,36-45,Lacey Schwimmer,2,United States,Hawaii,1,9.0,0.6923076923076923
Mark Dacascos,9,4,22.0,7.333333333333333,3,8.0,7.0,7.0,,6,7.0,False,Actor/Actress,Entertainment,45,36-45,Lacey Schwimmer,2,United States,Hawaii,1,7.0,0.6363636363636364
Mark Dacascos,9,5,26.0,8.666666666666666,3,9.0,9.0,8.0,,6,7.0,False,Actor/Actress,Entertainment,45,36-45,Lacey Schwimmer,2,United States,Hawaii,1,3.0,0.3
Mark Dacascos,9,6,32.0,10.666666666666666,3,11.0,11.0,10.0,,6,7.0,False,Actor/Actress,Entertainment,45,36-45,Lacey Schwimmer,2,United States,Hawaii,1,4.0,0.4444444444444444
Mark Dacascos,9,7,21.5,7.166666666666667,3,7.0,7.5,7.0,,6,7.0,True,Actor/Actress,Entertainment,45,36-45,Lacey Schwimmer,2,United States,Hawaii,1,7.0,1.0
Kyle Massey,11,1,23.0,7.666666666666667,3,8.0,7.0,8.0,,2,,False,Actor/Actress,Entertainment,19,≤25,Lacey Schwimmer,3,United States,Georgia,1,2.0,0.20833333333333334
Kyle Massey,11,2,22.0,7.333333333333333,3,8.0,7.0,7.0,,2,,False,Actor/Actress,Entertainment,19,≤25,Lacey Schwimmer,3,United States,Georgia,1,3.0,0.3181818181818182
Kyle Massey,11,3,23.0,7.666666666666667,3,8.0,7.0,8.0,,2,,False,Actor/Actress,Entertainment,19,≤25,Lacey Schwimmer,3,United States,Georgia,1,5.0,0.55
Kyle Massey,11,4,20.0,6.666666666666667,3,7.0,6.5,6.5,,2,,False,Actor/Actress,Entertainment,19,≤25,Lacey Schwimmer,3,United States,Georgia,1,4.0,0.4444444444444444
Kyle Massey,11,5,20.0,6.666666666666667,3,8.0,5.0,7.0,,2,,False,Actor/Actress,Entertainment,19,≤25,Lacey Schwimmer,3,United States,Georgia,1,7.0,0.875
Kyle Massey,11,6,29.999899999999997,9.999966666666666,3,10.3333,9.3333,10.3333,,2,,False,Actor/Actress,Entertainment,19,≤25,Lacey Schwimmer,3,United States,Georgia,1,4.0,0.5714285714285714
Kyle Massey,11,7,33.5,8.375,4,9.0,8.5,8.0,8.0,2,,False,Actor/Actress,Entertainment,19,≤25,Lacey Schwimmer,3,United States,Georgia,1,5.0,0.8333333333333334
Kyle Massey,11,8,28.0,9.333333333333334,3,9.5,9.0,9.5,,2,,False,Actor/Actress,Entertainment,19,≤25,Lacey Schwimmer,3,United States,Georgia,1,3.0,0.6
Kyle Massey,11,9,29.0,9.666666666666666,3,10.0,9.0,10.0,,2,,False,Actor/Actress,Entertainment,19,≤25,Lacey Schwimmer,3,United States,Georgia,1,2.0,0.5
Kyle Massey,11,10,27.333199999999998,9.111066666666666,3,9.3333,8.6666,9.3333,,2,,False,Actor/Actress,Entertainment,19,≤25,Lacey Schwimmer,3,United States,Georgia,1,2.0,0.6666666666666666
Mike Catherwood,12,1,13.0,4.333333333333333,3,5.0,4.0,4.0,,11,2.0,False,Radio Personality,Media,32,26-35,Lacey Schwimmer,4,United States,California,1,11.0,1.0
Mike Catherwood,12,2,17.0,5.666666666666667,3,6.0,5.0,6.0,,11,2.0,True,Radio Personality,Media,32,26-35,Lacey Schwimmer,4,United States,California,1,9.0,0.9090909090909091
Chaz Bono,13,1,17.0,5.666666666666667,3,6.0,5.0,6.0,,7,6.0,False,TV Personality,Media,42,36-45,Lacey Schwimmer,5,United States,California,1,7.0,0.625
Chaz Bono,13,2,17.0,5.666666666666667,3,6.0,5.0,6.0,,7,6.0,False,TV Personality,Media,42,36-45,Lacey Schwimmer,5,United States,California,1,11.0,1.0
Chaz Bono,13,3,18.0,6.0,3,6.0,6.0,6.0,,7,6.0,False,TV Personality,Media,42,36-45,Lacey Schwimmer,5,United States,California,1,10.0,1.0
Chaz Bono,13,4,21.0,7.0,3,7.0,7.0,7.0,,7,6.0,False,TV Personality,Media,42,36-45,Lacey Schwimmer,5,United States,California,1,6.0,0.7777777777777778
Chaz Bono,13,5,21.0,7.0,3,7.0,7.0,7.0,,7,6.0,False,TV Personality,Media,42,36-45,Lacey Schwimmer,5,United States,California,1,7.0,0.875
Chaz Bono,13,6,19.0,6.333333333333333,3,7.0,6.0,6.0,,7,6.0,True,TV Personality,Media,42,36-45,Lacey Schwimmer,5,United States,California,1,7.0,1.0
Victor Ortiz,16,1,18.0,6.0,3,6.0,6.0,6.0,,8,6.0,False,Athlete,Sports,26,26-35,Lindsay Arnold,0,United States,Kansas,1,8.0,0.75
Victor Ortiz,16,2,18.0,6.0,3,6.0,6.0,6.0,,8,6.0,False,Athlete,Sports,26,26-35,Lindsay Arnold,0,United States,Kansas,1,8.0,0.75
Victor Ortiz,16,3,23.0,7.666666666666667,3,8.0,7.0,8.0,,8,6.0,False,Athlete,Sports,26,26-35,Lindsay Arnold,0,United States,Kansas,1,4.0,0.4090909090909091
Victor Ortiz,16,4,18.0,6.0,3,6.0,6.0,6.0,,8,6.0,False,Athlete,Sports,26,26-35,Lindsay Arnold,0,United States,Kansas,1,9.0,0.95
Victor Ortiz,16,5,21.0,7.0,3,7.0,7.0,7.0,,8,6.0,False,Athlete,Sports,26,26-35,Lindsay Arnold,0,United States,Kansas,1,6.0,0.7222222222222222
Victor Ortiz,16,6,20.0,6.666666666666667,3,6.5,7.0,6.5,,8,6.0,True,Athlete,Sports,26,26-35,Lindsay Arnold,0,United States,Kansas,1,8.0,1.0
Alek Skarlatos,21,1,22.0,7.333333333333333,3,8.0,7.0,7.0,,3,,False,Military,Other,22,≤25,Lindsay Arnold,1,United States,California,1,5.0,0.4230769230769231
Alek Skarlatos,21,2,22.5,7.5,3,7.5,7.0,8.0,,3,,False,Military,Other,22,≤25,Lindsay Arnold,1,United States,California,1,4.0,0.4230769230769231
Alek Skarlatos,21,3,33.0,8.25,4,8.0,8.0,9.0,8.0,3,,False,Military,Other,22,≤25,Lindsay Arnold,1,United States,California,1,3.0,0.35
Alek Skarlatos,21,4,24.0,8.0,3,8.0,8.0,8.0,,3,,False,Military,Other,22,≤25,Lindsay Arnold,1,United States,California,1,6.0,0.6
Alek Skarlatos,21,5,29.0,7.25,4,8.0,7.0,7.0,7.0,3,,False,Military,Other,22,≤25,Lindsay Arnold,1,United States,California,1,7.0,0.8333333333333334
Alek Skarlatos,21,6,30.0,7.5,4,8.0,8.0,7.0,7.0,3,,False,Military,Other,22,≤25,Lindsay Arnold,1,United States,California,1,7.0,0.8333333333333334
Alek Skarlatos,21,7,26.5,8.833333333333334,3,9.0,9.0,8.5,,3,,False,Military,Other,22,≤25,Lindsay Arnold,1,United States,California,1,8.0,1.0
Alek Skarlatos,21,8,25.0,8.333333333333334,3,9.0,8.0,8.0,,3,,False,Military,Other,22,≤25,Lindsay Arnold,1,United States,California,1,6.0,0.8571428571428571
Alek Skarlatos,21,9,25.5,8.5,3,8.5,8.5,8.5,,3,,False,Military,Other,22,≤25,Lindsay Arnold,1,United States,California,1,5.0,0.8333333333333334
Alek Skarlatos,21,10,28.5,9.5,3,9.5,9.5,9.5,,3,,False,Military,Other,22,≤25,Lindsay Arnold,1,United States,California,1,3.0,0.75
Alek Skarlatos,21,11,27.999899999999997,9.3333,3,9.3333,9.3333,9.3333,,3,,False,Military,Other,22,≤25,Lindsay Arnold,1,United States,California,1,4.0,1.0
Wanya Morris,22,1,23.0,7.666666666666667,3,8.0,7.0,8.0,,4,9.0,False,Singer/Rapper,Entertainment,42,36-45,Lindsay Arnold,2,United States,Pennsylvania,1,1.0,0.16666666666666666
Wanya Morris,22,2,24.0,8.0,3,8.0,8.0,8.0,,4,9.0,False,Singer/Rapper,Entertainment,42,36-45,Lindsay Arnold,2,United States,Pennsylvania,1,1.0,0.125
Wanya Morris,22,3,24.0,8.0,3,8.0,8.0,8.0,,4,9.0,False,Singer/Rapper,Entertainment,42,36-45,Lindsay Arnold,2,United States,Pennsylvania,1,2.0,0.18181818181818182
Wanya Morris,22,4,35.0,8.75,4,8.0,9.0,9.0,9.0,4,9.0,False,Singer/Rapper,Entertainment,42,36-45,Lindsay Arnold,2,United States,Pennsylvania,1,3.0,0.35
Wanya Morris,22,5,30.0,7.5,4,8.0,7.0,7.0,8.0,4,9.0,False,Singer/Rapper,Entertainment,42,36-45,Lindsay Arnold,2,United States,Pennsylvania,1,5.0,0.5555555555555556
Wanya Morris,22,6,29.0,9.666666666666666,3,10.0,9.0,10.0,,4,9.0,False,Singer/Rapper,Entertainment,42,36-45,Lindsay Arnold,2,United States,Pennsylvania,1,1.0,0.1111111111111111
Wanya Morris,22,7,27.5,9.166666666666666,3,9.0,9.0,9.5,,4,9.0,False,Singer/Rapper,Entertainment,42,36-45,Lindsay Arnold,2,United States,Pennsylvania,1,2.0,0.375
Wanya Morris,22,8,25.0,8.333333333333334,3,8.0,8.0,9.0,,4,9.0,False,Singer/Rapper,Entertainment,42,36-45,Lindsay Arnold,2,United States,Pennsylvania,1,6.0,1.0
Wanya Morris,22,9,30.0,10.0,3,10.0,10.0,10.0,,4,9.0,True,Singer/Rapper,Entertainment,42,36-45,Lindsay Arnold,2,United States,Pennsylvania,1,1.0,0.2
Calvin Johnson Jr.,23,1,26.0,6.5,4,7.0,6.0,6.0,7.0,3,,False,Athlete,Sports,30,26-35,Lindsay Arnold,3,United States,Georgia,1,5.0,0.4230769230769231
Calvin Johnson Jr.,23,2,28.0,7.0,4,7.0,7.0,7.0,7.0,3,,False,Athlete,Sports,30,26-35,Lindsay Arnold,3,United States,Georgia,1,6.0,0.46153846153846156
Calvin Johnson Jr.,23,3,32.0,8.0,4,8.0,8.0,8.0,8.0,3,,False,Athlete,Sports,30,26-35,Lindsay Arnold,3,United States,Georgia,1,1.0,0.08333333333333333
Calvin Johnson Jr.,23,4,23.0,7.666666666666667,3,8.0,7.0,8.0,,3,,False,Athlete,Sports,30,26-35,Lindsay Arnold,3,United States,Georgia,1,6.0,0.6363636363636364
Calvin Johnson Jr.,23,5,24.0,8.0,3,8.0,8.0,8.0,,3,,False,Athlete,Sports,30,26-35,Lindsay Arnold,3,United States,Georgia,1,6.0,0.8333333333333334
Calvin Johnson Jr.,23,6,37.0,9.25,4,9.0,10.0,9.0,9.0,3,,False,Athlete,Sports,30,26-35,Lindsay Arnold,3,United States,Georgia,1,3.0,0.3888888888888889
Calvin Johnson Jr.,23,7,37.0,9.25,4,9.5,9.0,9.0,9.5,3,,False,Athlete,Sports,30,26-35,Lindsay Arnold,3,United States,Georgia,1,1.0,0.1875
Calvin Johnson Jr.,23,8,30.0,10.0,3,10.0,10.0,10.0,,3,,False,Athlete,Sports,30,26-35,Lindsay Arnold,3,United States,Georgia,1,3.0,0.5
Calvin Johnson Jr.,23,9,37.0,9.25,4,9.0,9.0,10.0,9.0,3,,False,Athlete,Sports,30,26-35,Lindsay Arnold,3,United States,Georgia,1,4.0,0.6666666666666666
Calvin Johnson Jr.,23,10,28.0,9.333333333333334,3,9.0,9.5,9.5,,3,,False,Athlete,Sports,30,26-35,Lindsay Arnold,3,United States,Georgia,1,5.0,1.0
Calvin Johnson Jr.,23,11,38.3331,9.583275,4,9.3333,9.6666,9.6666,9.6666,3,,False,Athlete,Sports,30,26-35,Lindsay Arnold,3,United States,Georgia,1,3.0,0.75
David Ross,24,1,28.0,7.0,4,7.0,7.0,7.0,7.0,2,,False,Athlete,Sports,40,36-45,Lindsay Arnold,4,United States,Georgia,1,3.0,0.3333333333333333
David Ross,24,2,27.0,6.75,4,7.0,6.0,7.0,7.0,2,,False,Athlete,Sports,40,36-45,Lindsay Arnold,4,United States,Georgia,1,8.0,0.6666666666666666
David Ross,24,3,31.0,7.75,4,8.0,7.0,8.0,8.0,2,,False,Athlete,Sports,40,36-45,Lindsay Arnold,4,United States,Georgia,1,5.0,0.45454545454545453
David Ross,24,4,31.0,7.75,4,7.0,8.0,8.0,8.0,2,,False,Athlete,Sports,40,36-45,Lindsay Arnold,4,United States,Georgia,1,7.0,0.7
David Ross,24,5,29.0,7.25,4,7.0,7.0,8.0,7.0,2,,False,Athlete,Sports,40,36-45,Lindsay Arnold,4,United States,Georgia,1,9.0,1.0
David Ross,24,6,31.0,7.75,4,7.5,8.5,7.5,7.5,2,,False,Athlete,Sports,40,36-45,Lindsay Arnold,4,United States,Georgia,1,7.0,0.875
David Ross,24,7,32.0,8.0,4,8.0,8.0,8.0,8.0,2,,False,Athlete,Sports,40,36-45,Lindsay Arnold,4,United States,Georgia,1,6.0,0.8571428571428571
David Ross,24,8,32.5,8.125,4,8.0,8.0,8.5,8.0,2,,False,Athlete,Sports,40,36-45,Lindsay Arnold,4,United States,Georgia,1,4.0,0.8
David Ross,24,9,35.0,8.75,4,9.0,8.5,9.0,8.5,2,,False,Athlete,Sports,40,36-45,Lindsay Arnold,4,United States,Georgia,1,4.0,1.0
David Ross,24,10,36.3333,9.083325,4,9.0,9.0,9.3333,9.0,2,,False,Athlete,Sports,40,36-45,Lindsay Arnold,4,United States,Georgia,1,3.0,1.0
Jordan Fisher,25,1,22.0,7.333333333333333,3,8.0,7.0,7.0,,1,,False,Actor/Actress,Entertainment,23,≤25,Lindsay Arnold,5,United States,Alabama,1,1.0,0.11538461538461539
Jordan Fisher,25,2,24.0,8.0,3,8.0,8.0,8.0,,1,,False,Actor/Actress,Entertainment,23,≤25,Lindsay Arnold,5,United States,Alabama,1,1.0,0.11538461538461539
Jordan Fisher,25,3,25.0,8.333333333333334,3,9.0,7.0,9.0,,1,,False,Actor/Actress,Entertainment,23,≤25,Lindsay Arnold,5,United States,Alabama,1,2.0,0.18181818181818182
Jordan Fisher,25,4,29.0,9.666666666666666,3,10.0,9.0,10.0,,1,,False,Actor/Actress,Entertainment,23,≤25,Lindsay Arnold,5,United States,Alabama,1,1.0,0.09090909090909091
Jordan Fisher,25,5,30.0,10.0,3,10.0,10.0,10.0,,1,,False,Actor/Actress,Entertainment,23,≤25,Lindsay Arnold,5,United States,Alabama,1,1.0,0.1
Jordan Fisher,25,6,39.0,9.75,4,10.0,9.0,10.0,10.0,1,,False,Actor/Actress,Entertainment,23,≤25,Lindsay Arnold,5,United States,Alabama,1,2.0,0.2222222222222222
Jordan Fisher,25,7,27.0,9.0,3,9.0,9.0,9.0,,1,,False,Actor/Actress,Entertainment,23,≤25,Lindsay Arnold,5,United States,Alabama,1,4.0,0.5625
Jordan Fisher,25,8,30.0,10.0,3,10.0,10.0,10.0,,1,,False,Actor/Actress,Entertainment,23,≤25,Lindsay Arnold,5,United States,Alabama,1,1.0,0.16666666666666666
Jordan Fisher,25,9,29.0,9.666666666666666,3,9.5,9.5,10.0,,1,,False,Actor/Actress,Entertainment,23,≤25,Lindsay Arnold,5,United States,Alabama,1,1.0,0.2
Jordan Fisher,25,10,40.0,10.0,4,10.0,10.0,10.0,10.0,1,,False,Actor/Actress,Entertainment,23,≤25,Lindsay Arnold,5,United States,Alabama,1,1.0,0.375
Kareem Abdul-Jabbar,26,1,17.0,5.666666666666667,3,6.0,5.0,6.0,,8,2.0,False,Athlete,Sports,71,>55,Lindsay Arnold,6,United States,New York,1,10.0,1.0
Kareem Abdul-Jabbar,26,2,29.5,7.375,4,7.5,8.0,7.0,7.0,8,2.0,True,Athlete,Sports,71,>55,Lindsay Arnold,6,United States,New York,1,8.0,1.0
DeMarcus Ware,27,1,23.0,7.666666666666667,3,8.0,7.0,8.0,,7,7.0,False,Athlete,Sports,36,36-45,Lindsay Arnold,7,United States,Alabama,1,1.0,0.11538461538461539
DeMarcus Ware,27,2,23.5,7.833333333333333,3,8.0,7.5,8.0,,7,7.0,False,Athlete,Sports,36,36-45,Lindsay Arnold,7,United States,Alabama,1,6.0,0.5
DeMarcus Ware,27,3,26.0,8.666666666666666,3,9.0,8.0,9.0,,7,7.0,False,Athlete,Sports,36,36-45,Lindsay Arnold,7,United States,Alabama,1,5.0,0.5
DeMarcus Ware,27,4,22.0,7.333333333333333,3,7.0,7.0,8.0,,7,7.0,False,Athlete,Sports,36,36-45,Lindsay Arnold,7,United States,Alabama,1,7.0,0.7
DeMarcus Ware,27,5,26.0,8.666666666666666,3,9.0,8.0,9.0,,7,7.0,False,Athlete,Sports,36,36-45,Lindsay Arnold,7,United States,Alabama,1,4.0,0.4444444444444444
DeMarcus Ware,27,6,26.0,8.666666666666666,3,8.0,9.0,9.0,,7,7.0,False,Athlete,Sports,36,36-45,Lindsay Arnold,7,United States,Alabama,1,5.0,0.5555555555555556
DeMarcus Ware,27,7,26.5,8.833333333333334,3,9.0,8.5,9.0,,7,7.0,True,Athlete,Sports,36,36-45,Lindsay Arnold,7,United States,Alabama,1,6.0,0.8125
Sean Spicer,28,1,12.0,4.0,3,4.0,4.0,4.0,,6,9.0,False,Politician,Other,48,46-55,Lindsay Arnold,8,United States,New York,1,11.0,0.9166666666666666
Sean Spicer,28,2,16.0,5.333333333333333,3,6.0,5.0,5.0,,6,9.0,False,Politician,Other,48,46-55,Lindsay Arnold,8,United States,New York,1,9.0,0.75
Sean Spicer,28,3,15.0,5.0,3,5.0,5.0,5.0,,6,9.0,False,Politician,Other,48,46-55,Lindsay Arnold,8,United States,New York,1,9.0,0.9
Sean Spicer,28,4,21.0,5.25,4,5.0,6.0,5.0,5.0,6,9.0,False,Politician,Other,48,46-55,Lindsay Arnold,8,United States,New York,1,9.0,0.9
Sean Spicer,28,5,19.0,6.333333333333333,3,7.0,6.0,6.0,,6,9.0,False,Politician,Other,48,46-55,Lindsay Arnold,8,United States,New York,1,9.0,1.0
Sean Spicer,28,6,21.0,7.0,3,7.0,7.0,7.0,,6,9.0,False,Politician,Other,48,46-55,Lindsay Arnold,8,United States,New York,1,9.0,1.0
Sean Spicer,28,7,21.0,7.0,3,7.0,7.0,7.0,,6,9.0,False,Politician,Other,48,46-55,Lindsay Arnold,8,United States,New York,1,8.0,1.0
Sean Spicer,28,8,20.0,6.666666666666667,3,7.0,7.0,6.0,,6,9.0,False,Politician,Other,48,46-55,Lindsay Arnold,8,United States,New York,1,7.0,1.0
Sean Spicer,28,9,25.0,6.25,4,6.5,6.0,6.5,6.0,6,9.0,True,Politician,Other,48,46-55,Lindsay Arnold,8,United States,New York,1,6.0,1.0
Matt James,30,1,24.0,6.0,4,6.0,6.0,6.0,6.0,12,4.0,False,Athlete,Sports,29,26-35,Lindsay Arnold,9,United States,North Carolina,1,9.0,0.7
Matt James,30,2,22.0,5.5,4,5.0,5.0,6.0,6.0,12,4.0,False,Athlete,Sports,29,26-35,Lindsay Arnold,9,United States,North Carolina,1,14.0,0.9333333333333333
Matt James,30,3,20.0,6.666666666666667,3,7.0,6.0,7.0,,12,4.0,False,Athlete,Sports,29,26-35,Lindsay Arnold,9,United States,North Carolina,1,10.0,0.75
Matt James,30,4,28.5,7.125,4,7.0,6.5,7.5,7.5,12,4.0,True,Athlete,Sports,29,26-35,Lindsay Arnold,9,United States,North Carolina,1,12.0,0.9230769230769231
Trista Sutter,1,1,18.0,6.0,3,6.0,6.0,6.0,,6,2.0,False,TV Personality,Media,32,26-35,Louis van Amstel,0,United States,Indiana,1,4.0,0.75
Trista Sutter,1,2,19.0,6.333333333333333,3,6.0,7.0,6.0,,6,2.0,True,TV Personality,Media,32,26-35,Louis van Amstel,0,United States,Indiana,1,4.0,0.6666666666666666
Lisa Rinna,2,1,19.0,6.333333333333333,3,5.0,7.0,7.0,,4,7.0,False,Actor/Actress,Entertainment,42,36-45,Louis van Amstel,1,United States,California,1,7.0,0.7
Lisa Rinna,2,2,20.0,6.666666666666667,3,6.0,7.0,7.0,,4,7.0,False,Actor/Actress,Entertainment,42,36-45,Louis van Amstel,1,United States,California,1,7.0,0.7777777777777778
Lisa Rinna,2,3,25.0,8.333333333333334,3,8.0,8.0,9.0,,4,7.0,False,Actor/Actress,Entertainment,42,36-45,Louis van Amstel,1,United States,California,1,4.0,0.5
Lisa Rinna,2,4,26.0,8.666666666666666,3,9.0,9.0,8.0,,4,7.0,False,Actor/Actress,Entertainment,42,36-45,Louis van Amstel,1,United States,California,1,2.0,0.35714285714285715
Lisa Rinna,2,5,25.0,8.333333333333334,3,7.0,9.0,9.0,,4,7.0,False,Actor/Actress,Entertainment,42,36-45,Louis van Amstel,1,United States,California,1,3.0,0.5
Lisa Rinna,2,6,27.0,9.0,3,9.0,9.0,9.0,,4,7.0,False,Actor/Actress,Entertainment,42,36-45,Louis van Amstel,1,United States,California,1,3.0,0.6
Lisa Rinna,2,7,26.5,8.833333333333334,3,8.5,9.0,9.0,,4,7.0,True,Actor/Actress,Entertainment,42,36-45,Louis van Amstel,1,United States,California,1,3.0,0.75
Monique Coleman,3,1,19.0,6.333333333333333,3,6.0,6.0,7.0,,4,8.0,False,Actor/Actress,Entertainment,25,≤25,Louis van Amstel,2,United States,South Carolina,1,6.0,0.5454545454545454
Monique Coleman,3,2,26.0,8.666666666666666,3,9.0,8.0,9.0,,4,8.0,False,Actor/Actress,Entertainment,25,≤25,Louis van Amstel,2,United States,South Carolina,1,2.0,0.2
Monique Coleman,3,3,27.0,9.0,3,9.0,9.0,9.0,,4,8.0,False,Actor/Actress,Entertainment,25,≤25,Louis van Amstel,2,United States,South Carolina,1,1.0,0.16666666666666666
Monique Coleman,3,4,24.0,8.0,3,8.0,8.0,8.0,,4,8.0,False,Actor/Actress,Entertainment,25,≤25,Louis van Amstel,2,United States,South Carolina,1,4.0,0.625
Monique Coleman,3,5,27.0,9.0,3,9.0,9.0,9.0,,4,8.0,False,Actor/Actress,Entertainment,25,≤25,Louis van Amstel,2,United States,South Carolina,1,1.0,0.35714285714285715
Monique Coleman,3,6,23.0,7.666666666666667,3,9.0,7.0,7.0,,4,8.0,False,Actor/Actress,Entertainment,25,≤25,Louis van Amstel,2,United States,South Carolina,1,4.0,0.8
Monique Coleman,3,7,27.0,9.0,3,9.0,9.0,9.0,,4,8.0,False,Actor/Actress,Entertainment,25,≤25,Louis van Amstel,2,United States,South Carolina,1,4.0,0.8
Monique Coleman,3,8,26.5,8.833333333333334,3,8.5,9.0,9.0,,4,8.0,True,Actor/Actress,Entertainment,25,≤25,Louis van Amstel,2,United States,South Carolina,1,4.0,1.0
Priscilla Presley,6,1,24.0,8.0,3,8.0,8.0,8.0,,8,5.0,False,Actor/Actress,Entertainment,62,>55,Louis van Amstel,3,United States,New York,1,2.0,0.20833333333333334
Priscilla Presley,6,2,21.0,7.0,3,7.0,7.0,7.0,,8,5.0,False,Actor/Actress,Entertainment,62,>55,Louis van Amstel,3,United States,New York,1,6.0,0.5416666666666666
Priscilla Presley,6,3,26.0,8.666666666666666,3,8.0,9.0,9.0,,8,5.0,False,Actor/Actress,Entertainment,62,>55,Louis van Amstel,3,United States,New York,1,2.0,0.2
Priscilla Presley,6,4,22.0,7.333333333333333,3,7.0,7.0,8.0,,8,5.0,False,Actor/Actress,Entertainment,62,>55,Louis van Amstel,3,United States,New York,1,8.0,0.8888888888888888
Priscilla Presley,6,5,21.0,7.0,3,7.0,7.0,7.0,,8,5.0,True,Actor/Actress,Entertainment,62,>55,Louis van Amstel,3,United States,New York,1,8.0,1.0
Kelly Osbourne,9,1,30.9998,10.333266666666667,3,9.6666,10.6666,10.6666,,3,,False,TV Personality,Media,24,≤25,Louis van Amstel,4,England,Unknown,0,4.0,0.25
Kelly Osbourne,9,2,19.0,6.333333333333333,3,6.0,7.0,6.0,,3,,False,TV Personality,Media,24,≤25,Louis van Amstel,4,England,Unknown,0,9.0,0.75
Kelly Osbourne,9,3,20.0,6.666666666666667,3,7.0,6.0,7.0,,3,,False,TV Personality,Media,24,≤25,Louis van Amstel,4,England,Unknown,0,6.0,0.5
Kelly Osbourne,9,4,23.0,7.666666666666667,3,8.0,7.0,8.0,,3,,False,TV Personality,Media,24,≤25,Louis van Amstel,4,England,Unknown,0,6.0,0.5454545454545454
Kelly Osbourne,9,5,24.0,8.0,3,8.0,8.0,8.0,,3,,False,TV Personality,Media,24,≤25,Louis van Amstel,4,England,Unknown,0,4.0,0.5
Kelly Osbourne,9,6,24.9998,8.333266666666667,3,8.6666,7.6666,8.6666,,3,,False,TV Personality,Media,24,≤25,Louis van Amstel,4,England,Unknown,0,6.0,0.6666666666666666
Kelly Osbourne,9,7,26.0,8.666666666666666,3,8.5,8.5,9.0,,3,,False,TV Personality,Media,24,≤25,Louis van Amstel,4,England,Unknown,0,3.0,0.5
Kelly Osbourne,9,8,25.5,8.5,3,8.0,8.5,9.0,,3,,False,TV Personality,Media,24,≤25,Louis van Amstel,4,England,Unknown,0,3.0,0.6
Kelly Osbourne,9,9,25.9998,8.6666,3,8.6666,8.6666,8.6666,,3,,False,TV Personality,Media,24,≤25,Louis van Amstel,4,England,Unknown,0,3.0,0.75
Kelly Osbourne,9,10,25.2222,8.4074,3,8.5,8.5,8.2222,,3,,False,TV Personality,Media,24,≤25,Louis van Amstel,4,England,Unknown,0,3.0,1.0
Niecy Nash,10,1,18.0,6.0,3,7.0,5.0,6.0,,5,8.0,False,Actor/Actress,Entertainment,40,36-45,Louis van Amstel,5,United States,California,1,6.0,0.6363636363636364
Niecy Nash,10,2,21.0,7.0,3,7.0,7.0,7.0,,5,8.0,False,Actor/Actress,Entertainment,40,36-45,Louis van Amstel,5,United States,California,1,5.0,0.45454545454545453
Niecy Nash,10,3,21.0,7.0,3,7.0,7.0,7.0,,5,8.0,False,Actor/Actress,Entertainment,40,36-45,Louis van Amstel,5,United States,California,1,4.0,0.5
Niecy Nash,10,4,18.0,6.0,3,6.0,6.0,6.0,,5,8.0,False,Actor/Actress,Entertainment,40,36-45,Louis van Amstel,5,United States,California,1,7.0,0.7777777777777778
Niecy Nash,10,5,18.0,6.0,3,6.0,6.0,6.0,,5,8.0,False,Actor/Actress,Entertainment,40,36-45,Louis van Amstel,5,United States,California,1,6.0,0.8125
Niecy Nash,10,6,25.9998,8.6666,3,8.6666,8.6666,8.6666,,5,8.0,False,Actor/Actress,Entertainment,40,36-45,Louis van Amstel,5,United States,California,1,6.0,0.8571428571428571
Niecy Nash,10,7,24.5,8.166666666666666,3,8.5,8.0,8.0,,5,8.0,False,Actor/Actress,Entertainment,40,36-45,Louis van Amstel,5,United States,California,1,6.0,1.0
Niecy Nash,10,8,21.5,7.166666666666667,3,7.0,7.0,7.5,,5,8.0,True,Actor/Actress,Entertainment,40,36-45,Louis van Amstel,5,United States,California,1,5.0,1.0
Margaret Cho,11,1,15.0,5.0,3,5.0,5.0,5.0,,10,3.0,False,Comedian,Entertainment,41,36-45,Louis van Amstel,6,United States,California,1,10.0,0.9166666666666666
Margaret Cho,11,2,18.0,6.0,3,6.0,6.0,6.0,,10,3.0,False,Comedian,Entertainment,41,36-45,Louis van Amstel,6,United States,California,1,9.0,0.8636363636363636
Margaret Cho,11,3,18.0,6.0,3,6.0,6.0,6.0,,10,3.0,True,Comedian,Entertainment,41,36-45,Louis van Amstel,6,United States,California,1,10.0,1.0
Kendra Wilkinson,12,1,18.0,6.0,3,6.0,6.0,6.0,,6,7.0,False,TV Personality,Media,25,≤25,Louis van Amstel,7,United States,California,1,7.0,0.6818181818181818
Kendra Wilkinson,12,2,19.0,6.333333333333333,3,7.0,6.0,6.0,,6,7.0,False,TV Personality,Media,25,≤25,Louis van Amstel,7,United States,California,1,6.0,0.5454545454545454
Kendra Wilkinson,12,3,23.0,7.666666666666667,3,8.0,7.0,8.0,,6,7.0,False,TV Personality,Media,25,≤25,Louis van Amstel,7,United States,California,1,3.0,0.35
Kendra Wilkinson,12,4,18.0,6.0,3,6.0,6.0,6.0,,6,7.0,False,TV Personality,Media,25,≤25,Louis van Amstel,7,United States,California,1,9.0,1.0
Kendra Wilkinson,12,5,22.0,7.333333333333333,3,8.0,7.0,7.0,,6,7.0,False,TV Personality,Media,25,≤25,Louis van Amstel,7,United States,California,1,6.0,0.875
Kendra Wilkinson,12,6,25.0,8.333333333333334,3,8.0,8.0,9.0,,6,7.0,False,TV Personality,Media,25,≤25,Louis van Amstel,7,United States,California,1,5.0,0.7142857142857143
Kendra Wilkinson,12,7,30.5,7.625,4,7.5,7.5,7.5,8.0,6,7.0,True,TV Personality,Media,25,≤25,Louis van Amstel,7,United States,California,1,4.0,0.6666666666666666
Sabrina Bryan,15,1,22.5,7.5,3,7.5,7.5,7.5,,8,6.0,False,Actor/Actress,Entertainment,28,26-35,Louis van Amstel,8,United States,California,1,3.0,0.23076923076923078
Sabrina Bryan,15,2,26.0,8.666666666666666,3,9.0,8.5,8.5,,8,6.0,False,Actor/Actress,Entertainment,28,26-35,Louis van Amstel,8,United States,California,1,1.0,0.08333333333333333
Sabrina Bryan,15,3,25.5,8.5,3,8.5,8.5,8.5,,8,6.0,False,Actor/Actress,Entertainment,28,26-35,Louis van Amstel,8,United States,California,1,4.0,0.5
Sabrina Bryan,15,4,35.5,8.875,4,9.0,9.0,8.5,9.0,8,6.0,False,Actor/Actress,Entertainment,28,26-35,Louis van Amstel,8,United States,California,1,6.0,0.6666666666666666
Sabrina Bryan,15,5,29.25,9.75,3,9.75,9.75,9.75,,8,6.0,False,Actor/Actress,Entertainment,28,26-35,Louis van Amstel,8,United States,California,1,1.0,0.125
Sabrina Bryan,15,6,30.0,10.0,3,10.0,10.0,10.0,,8,6.0,True,Actor/Actress,Entertainment,28,26-35,Louis van Amstel,8,United States,California,1,1.0,0.1875
Paula Deen,21,1,15.0,5.0,3,5.0,5.0,5.0,,9,6.0,False,TV Personality,Media,68,>55,Louis van Amstel,9,United States,Georgia,1,9.0,0.7692307692307693
Paula Deen,21,2,18.5,6.166666666666667,3,6.5,6.0,6.0,,9,6.0,False,TV Personality,Media,68,>55,Louis van Amstel,9,United States,Georgia,1,9.0,0.7692307692307693
Paula Deen,21,3,20.0,5.0,4,5.0,5.0,5.0,5.0,9,6.0,False,TV Personality,Media,68,>55,Louis van Amstel,9,United States,Georgia,1,10.0,1.0
Paula Deen,21,4,18.0,6.0,3,6.0,6.0,6.0,,9,6.0,False,TV Personality,Media,68,>55,Louis van Amstel,9,United States,Georgia,1,9.0,0.9
Paula Deen,21,5,26.0,6.5,4,7.0,7.0,6.0,6.0,9,6.0,False,TV Personality,Media,68,>55,Louis van Amstel,9,United States,Georgia,1,9.0,1.0
Paula Deen,21,6,24.0,6.0,4,6.0,6.0,6.0,6.0,9,6.0,True,TV Personality,Media,68,>55,Louis van Amstel,9,United States,Georgia,1,9.0,1.0
Cheryl Ladd,31,1,21.0,5.25,4,6.0,5.0,5.0,5.0,14,3.0,False,Actor/Actress,Entertainment,71,>55,Louis van Amstel,10,United States,South Dakota,1,10.0,0.65625
Cheryl Ladd,31,2,21.0,5.25,4,5.0,6.0,5.0,5.0,14,3.0,False,Actor/Actress,Entertainment,71,>55,Louis van Amstel,10,United States,South Dakota,1,15.0,1.0
Cheryl Ladd,31,3,24.0,6.0,4,6.0,6.0,6.0,6.0,14,3.0,True,Actor/Actress,Entertainment,71,>55,Louis van Amstel,10,United States,South Dakota,1,13.0,0.9285714285714286
Tia Carrere,2,1,20.0,6.666666666666667,3,6.0,7.0,7.0,,6,5.0,False,Actor/Actress,Entertainment,39,36-45,Maksim Chmerkoskiy,0,United States,Hawaii,1,6.0,0.6
Tia Carrere,2,2,22.0,7.333333333333333,3,7.0,8.0,7.0,,6,5.0,False,Actor/Actress,Entertainment,39,36-45,Maksim Chmerkoskiy,0,United States,Hawaii,1,5.0,0.6111111111111112
Tia Carrere,2,3,26.0,8.666666666666666,3,9.0,8.0,9.0,,6,5.0,False,Actor/Actress,Entertainment,39,36-45,Maksim Chmerkoskiy,0,United States,Hawaii,1,3.0,0.375
Tia Carrere,2,4,25.0,8.333333333333334,3,9.0,8.0,8.0,,6,5.0,False,Actor/Actress,Entertainment,39,36-45,Maksim Chmerkoskiy,0,United States,Hawaii,1,4.0,0.5714285714285714
Tia Carrere,2,5,22.0,7.333333333333333,3,7.0,7.0,8.0,,6,5.0,True,Actor/Actress,Entertainment,39,36-45,Maksim Chmerkoskiy,0,United States,Hawaii,1,6.0,1.0
Willa Ford,3,1,22.0,7.333333333333333,3,7.0,7.0,8.0,,7,5.0,False,Singer/Rapper,Entertainment,25,≤25,Maksim Chmerkoskiy,1,United States,Florida,1,3.0,0.3181818181818182
Willa Ford,3,2,23.0,7.666666666666667,3,7.0,8.0,8.0,,7,5.0,False,Singer/Rapper,Entertainment,25,≤25,Maksim Chmerkoskiy,1,United States,Florida,1,5.0,0.5
Willa Ford,3,3,22.0,7.333333333333333,3,7.0,7.0,8.0,,7,5.0,False,Singer/Rapper,Entertainment,25,≤25,Maksim Chmerkoskiy,1,United States,Florida,1,4.0,0.6111111111111112
Willa Ford,3,4,28.0,9.333333333333334,3,9.0,9.0,10.0,,7,5.0,False,Singer/Rapper,Entertainment,25,≤25,Maksim Chmerkoskiy,1,United States,Florida,1,2.0,0.25
Willa Ford,3,5,27.0,9.0,3,9.0,9.0,9.0,,7,5.0,True,Singer/Rapper,Entertainment,25,≤25,Maksim Chmerkoskiy,1,United States,Florida,1,1.0,0.35714285714285715
Laila Ali,4,1,23.0,7.666666666666667,3,7.0,8.0,8.0,,3,,False,Athlete,Sports,29,26-35,Maksim Chmerkoskiy,2,United States,Florida,1,2.0,0.18181818181818182
Laila Ali,4,2,27.0,9.0,3,9.0,9.0,9.0,,3,,False,Athlete,Sports,29,26-35,Maksim Chmerkoskiy,2,United States,Florida,1,1.0,0.09090909090909091
Laila Ali,4,3,21.0,7.0,3,7.0,7.0,7.0,,3,,False,Athlete,Sports,29,26-35,Maksim Chmerkoskiy,2,United States,Florida,1,6.0,0.7
Laila Ali,4,4,21.0,7.0,3,7.0,7.0,7.0,,3,,False,Athlete,Sports,29,26-35,Maksim Chmerkoskiy,2,United States,Florida,1,5.0,0.6111111111111112
Laila Ali,4,5,28.0,9.333333333333334,3,9.0,10.0,9.0,,3,,False,Athlete,Sports,29,26-35,Maksim Chmerkoskiy,2,United States,Florida,1,2.0,0.25
Laila Ali,4,6,28.0,9.333333333333334,3,9.0,9.0,10.0,,3,,False,Athlete,Sports,29,26-35,Maksim Chmerkoskiy,2,United States,Florida,1,1.0,0.21428571428571427
Laila Ali,4,7,29.5,9.833333333333334,3,10.0,9.5,10.0,,3,,False,Athlete,Sports,29,26-35,Maksim Chmerkoskiy,2,United States,Florida,1,1.0,0.25
Laila Ali,4,8,26.5,8.833333333333334,3,9.0,8.5,9.0,,3,,False,Athlete,Sports,29,26-35,Maksim Chmerkoskiy,2,United States,Florida,1,3.0,0.6
Laila Ali,4,9,30.0,10.0,3,10.0,10.0,10.0,,3,,False,Athlete,Sports,29,26-35,Maksim Chmerkoskiy,2,United States,Florida,1,1.0,0.375
Laila Ali,4,10,28.333200000000005,9.444400000000002,3,9.6666,9.0,9.6666,,3,,False,Athlete,Sports,29,26-35,Maksim Chmerkoskiy,2,United States,Florida,1,3.0,1.0
Mel B,5,1,24.0,8.0,3,8.0,8.0,8.0,,2,,False,Singer/Rapper,Entertainment,32,26-35,Maksim Chmerkoskiy,3,England,Unknown,0,3.0,0.2916666666666667
Mel B,5,2,23.0,7.666666666666667,3,7.0,8.0,8.0,,2,,False,Singer/Rapper,Entertainment,32,26-35,Maksim Chmerkoskiy,3,England,Unknown,0,4.0,0.36363636363636365
Mel B,5,3,27.0,9.0,3,9.0,9.0,9.0,,2,,False,Singer/Rapper,Entertainment,32,26-35,Maksim Chmerkoskiy,3,England,Unknown,0,1.0,0.2
Mel B,5,4,26.0,8.666666666666666,3,8.0,9.0,9.0,,2,,False,Singer/Rapper,Entertainment,32,26-35,Maksim Chmerkoskiy,3,England,Unknown,0,5.0,0.6666666666666666
Mel B,5,5,29.0,9.666666666666666,3,10.0,9.0,10.0,,2,,False,Singer/Rapper,Entertainment,32,26-35,Maksim Chmerkoskiy,3,England,Unknown,0,1.0,0.125
Mel B,5,6,30.0,10.0,3,10.0,10.0,10.0,,2,,False,Singer/Rapper,Entertainment,32,26-35,Maksim Chmerkoskiy,3,England,Unknown,0,1.0,0.14285714285714285
Mel B,5,7,27.0,9.0,3,9.0,9.0,9.0,,2,,False,Singer/Rapper,Entertainment,32,26-35,Maksim Chmerkoskiy,3,England,Unknown,0,1.0,0.16666666666666666
Mel B,5,8,28.0,9.333333333333334,3,9.0,9.5,9.5,,2,,False,Singer/Rapper,Entertainment,32,26-35,Maksim Chmerkoskiy,3,England,Unknown,0,2.0,0.4
Mel B,5,9,30.0,10.0,3,10.0,10.0,10.0,,2,,False,Singer/Rapper,Entertainment,32,26-35,Maksim Chmerkoskiy,3,England,Unknown,0,1.0,0.375
Mel B,5,10,28.333199999999998,9.4444,3,9.3333,9.3333,9.6666,,2,,False,Singer/Rapper,Entertainment,32,26-35,Maksim Chmerkoskiy,3,England,Unknown,0,1.0,0.3333333333333333
Misty May-Treanor,7,1,21.0,7.0,3,6.5,7.5,7.0,,10,-1.0,False,Athlete,Sports,31,26-35,Maksim Chmerkoskiy,4,United States,California,1,5.0,0.38461538461538464
Misty May-Treanor,7,2,21.0,7.0,3,7.0,7.0,7.0,,10,-1.0,False,Athlete,Sports,31,26-35,Maksim Chmerkoskiy,4,United States,California,1,4.0,0.45454545454545453
Denise Richards,8,1,18.0,6.0,3,6.0,6.0,6.0,,12,3.0,False,Actor/Actress,Entertainment,38,36-45,Maksim Chmerkoskiy,5,United States,Illinois,1,7.0,0.5769230769230769
Denise Richards,8,2,21.0,7.0,3,7.0,7.0,7.0,,12,3.0,False,Actor/Actress,Entertainment,38,36-45,Maksim Chmerkoskiy,5,United States,Illinois,1,5.0,0.38461538461538464
Denise Richards,8,3,16.0,5.333333333333333,3,5.0,6.0,5.0,,12,3.0,True,Actor/Actress,Entertainment,38,36-45,Maksim Chmerkoskiy,5,United States,Illinois,1,10.0,0.8333333333333334
Debi Mazar,9,1,22.0,7.333333333333333,3,8.0,7.0,7.0,,12,3.0,False,Actor/Actress,Entertainment,45,36-45,Maksim Chmerkoskiy,6,United States,New York,1,10.0,0.65625
Debi Mazar,9,2,21.0,7.0,3,7.0,7.0,7.0,,12,3.0,False,Actor/Actress,Entertainment,45,36-45,Maksim Chmerkoskiy,6,United States,New York,1,4.0,0.35714285714285715
Debi Mazar,9,3,17.0,5.666666666666667,3,6.0,5.0,6.0,,12,3.0,True,Actor/Actress,Entertainment,45,36-45,Maksim Chmerkoskiy,6,United States,New York,1,10.0,0.8076923076923077
Erin Andrews,10,1,21.0,7.0,3,7.0,7.0,7.0,,3,,False,Sports Broadcaster,Media,32,26-35,Maksim Chmerkoskiy,7,United States,Maine,1,3.0,0.3181818181818182
Erin Andrews,10,2,23.0,7.666666666666667,3,8.0,7.0,8.0,,3,,False,Sports Broadcaster,Media,32,26-35,Maksim Chmerkoskiy,7,United States,Maine,1,3.0,0.2727272727272727
Erin Andrews,10,3,23.0,7.666666666666667,3,8.0,7.0,8.0,,3,,False,Sports Broadcaster,Media,32,26-35,Maksim Chmerkoskiy,7,United States,Maine,1,2.0,0.25
Erin Andrews,10,4,19.5,6.5,3,6.5,6.5,6.5,,3,,False,Sports Broadcaster,Media,32,26-35,Maksim Chmerkoskiy,7,United States,Maine,1,5.0,0.5555555555555556
Erin Andrews,10,5,22.0,7.333333333333333,3,7.0,7.0,8.0,,3,,False,Sports Broadcaster,Media,32,26-35,Maksim Chmerkoskiy,7,United States,Maine,1,4.0,0.5
Erin Andrews,10,6,34.0,11.333333333333334,3,12.0,10.0,12.0,,3,,False,Sports Broadcaster,Media,32,26-35,Maksim Chmerkoskiy,7,United States,Maine,1,2.0,0.2857142857142857
Erin Andrews,10,7,25.5,8.5,3,8.5,8.5,8.5,,3,,False,Sports Broadcaster,Media,32,26-35,Maksim Chmerkoskiy,7,United States,Maine,1,4.0,0.75
Erin Andrews,10,8,26.5,8.833333333333334,3,8.5,9.0,9.0,,3,,False,Sports Broadcaster,Media,32,26-35,Maksim Chmerkoskiy,7,United States,Maine,1,2.0,0.5
Erin Andrews,10,9,28.0,9.333333333333334,3,9.5,9.0,9.5,,3,,False,Sports Broadcaster,Media,32,26-35,Maksim Chmerkoskiy,7,United States,Maine,1,3.0,0.75
Erin Andrews,10,10,26.9998,8.999933333333333,3,9.2222,8.8888,8.8888,,3,,False,Sports Broadcaster,Media,32,26-35,Maksim Chmerkoskiy,7,United States,Maine,1,2.0,0.6666666666666666
Brandy,11,1,23.0,7.666666666666667,3,7.0,8.0,8.0,,4,9.0,False,Singer/Rapper,Entertainment,31,26-35,Maksim Chmerkoskiy,8,United States,Mississippi,1,2.0,0.20833333333333334
Brandy,11,2,21.0,7.0,3,7.0,7.0,7.0,,4,9.0,False,Singer/Rapper,Entertainment,31,26-35,Maksim Chmerkoskiy,8,United States,Mississippi,1,5.0,0.5454545454545454
Brandy,11,3,24.0,8.0,3,8.0,8.0,8.0,,4,9.0,False,Singer/Rapper,Entertainment,31,26-35,Maksim Chmerkoskiy,8,United States,Mississippi,1,2.0,0.3
Brandy,11,4,24.0,8.0,3,8.0,8.0,8.0,,4,9.0,False,Singer/Rapper,Entertainment,31,26-35,Maksim Chmerkoskiy,8,United States,Mississippi,1,2.0,0.2222222222222222
Brandy,11,5,27.0,9.0,3,9.0,9.0,9.0,,4,9.0,False,Singer/Rapper,Entertainment,31,26-35,Maksim Chmerkoskiy,8,United States,Mississippi,1,1.0,0.125
Brandy,11,6,35.9999,11.999966666666666,3,11.3333,12.3333,12.3333,,4,9.0,False,Singer/Rapper,Entertainment,31,26-35,Maksim Chmerkoskiy,8,United States,Mississippi,1,1.0,0.14285714285714285
Brandy,11,7,36.5,9.125,4,9.0,9.0,9.5,9.0,4,9.0,False,Singer/Rapper,Entertainment,31,26-35,Maksim Chmerkoskiy,8,United States,Mississippi,1,1.0,0.25
Brandy,11,8,28.5,9.5,3,9.0,9.5,10.0,,4,9.0,False,Singer/Rapper,Entertainment,31,26-35,Maksim Chmerkoskiy,8,United States,Mississippi,1,1.0,0.3
Brandy,11,9,28.5,9.5,3,9.5,9.5,9.5,,4,9.0,True,Singer/Rapper,Entertainment,31,26-35,Maksim Chmerkoskiy,8,United States,Mississippi,1,3.0,0.75
Kirstie Alley,12,1,23.0,7.666666666666667,3,8.0,7.0,8.0,,2,,False,Actor/Actress,Entertainment,60,>55,Maksim Chmerkoskiy,9,United States,Kansas,1,2.0,0.18181818181818182
Kirstie Alley,12,2,20.0,6.666666666666667,3,7.0,6.0,7.0,,2,,False,Actor/Actress,Entertainment,60,>55,Maksim Chmerkoskiy,9,United States,Kansas,1,5.0,0.45454545454545453
Kirstie Alley,12,3,21.0,7.0,3,7.0,7.0,7.0,,2,,False,Actor/Actress,Entertainment,60,>55,Maksim Chmerkoskiy,9,United States,Kansas,1,5.0,0.6
Kirstie Alley,12,4,22.0,7.333333333333333,3,7.0,7.0,8.0,,2,,False,Actor/Actress,Entertainment,60,>55,Maksim Chmerkoskiy,9,United States,Kansas,1,7.0,0.7777777777777778
Kirstie Alley,12,5,23.0,7.666666666666667,3,8.0,7.0,8.0,,2,,False,Actor/Actress,Entertainment,60,>55,Maksim Chmerkoskiy,9,United States,Kansas,1,5.0,0.625
Kirstie Alley,12,6,26.0,8.666666666666666,3,8.0,9.0,9.0,,2,,False,Actor/Actress,Entertainment,60,>55,Maksim Chmerkoskiy,9,United States,Kansas,1,4.0,0.5714285714285714
Kirstie Alley,12,7,30.0,7.5,4,8.0,7.0,7.0,8.0,2,,False,Actor/Actress,Entertainment,60,>55,Maksim Chmerkoskiy,9,United States,Kansas,1,5.0,0.9166666666666666
Kirstie Alley,12,8,26.5,8.833333333333334,3,8.5,9.0,9.0,,2,,False,Actor/Actress,Entertainment,60,>55,Maksim Chmerkoskiy,9,United States,Kansas,1,3.0,0.6
Kirstie Alley,12,9,27.0,9.0,3,9.0,9.0,9.0,,2,,False,Actor/Actress,Entertainment,60,>55,Maksim Chmerkoskiy,9,United States,Kansas,1,3.0,0.75
Kirstie Alley,12,10,27.999899999999997,9.3333,3,9.3333,9.3333,9.3333,,2,,False,Actor/Actress,Entertainment,60,>55,Maksim Chmerkoskiy,9,United States,Kansas,1,3.0,1.0
Hope Solo,13,1,21.0,7.0,3,7.0,7.0,7.0,,4,9.0,False,Athlete,Sports,30,26-35,Maksim Chmerkoskiy,10,United States,Washington,1,3.0,0.25
Hope Solo,13,2,19.0,6.333333333333333,3,6.0,7.0,6.0,,4,9.0,False,Athlete,Sports,30,26-35,Maksim Chmerkoskiy,10,United States,Washington,1,8.0,0.7272727272727273
Hope Solo,13,3,24.0,8.0,3,8.0,8.0,8.0,,4,9.0,False,Athlete,Sports,30,26-35,Maksim Chmerkoskiy,10,United States,Washington,1,4.0,0.55
Hope Solo,13,4,24.0,8.0,3,8.0,8.0,8.0,,4,9.0,False,Athlete,Sports,30,26-35,Maksim Chmerkoskiy,10,United States,Washington,1,3.0,0.3888888888888889
Hope Solo,13,5,24.0,8.0,3,8.0,8.0,8.0,,4,9.0,False,Athlete,Sports,30,26-35,Maksim Chmerkoskiy,10,United States,Washington,1,4.0,0.5625
Hope Solo,13,6,20.0,6.666666666666667,3,7.0,6.0,7.0,,4,9.0,False,Athlete,Sports,30,26-35,Maksim Chmerkoskiy,10,United States,Washington,1,6.0,0.8571428571428571
Hope Solo,13,7,25.0,8.333333333333334,3,8.5,8.0,8.5,,4,9.0,False,Athlete,Sports,30,26-35,Maksim Chmerkoskiy,10,United States,Washington,1,3.0,0.5
Hope Solo,13,8,26.0,8.666666666666666,3,8.5,9.0,8.5,,4,9.0,False,Athlete,Sports,30,26-35,Maksim Chmerkoskiy,10,United States,Washington,1,2.0,0.5
Hope Solo,13,9,24.4998,8.1666,3,8.1666,8.1666,8.1666,,4,9.0,True,Athlete,Sports,30,26-35,Maksim Chmerkoskiy,10,United States,Washington,1,4.0,1.0
Melissa Gilbert,14,1,20.0,6.666666666666667,3,7.0,6.0,7.0,,5,8.0,False,Actor/Actress,Entertainment,47,46-55,Maksim Chmerkoskiy,11,United States,California,1,10.0,0.9166666666666666
Melissa Gilbert,14,2,20.0,6.666666666666667,3,7.0,6.0,7.0,,5,8.0,False,Actor/Actress,Entertainment,47,46-55,Maksim Chmerkoskiy,11,United States,California,1,10.0,0.8333333333333334
Melissa Gilbert,14,3,24.0,8.0,3,8.0,8.0,8.0,,5,8.0,False,Actor/Actress,Entertainment,47,46-55,Maksim Chmerkoskiy,11,United States,California,1,7.0,0.8181818181818182
Melissa Gilbert,14,4,22.0,7.333333333333333,3,7.0,8.0,7.0,,5,8.0,False,Actor/Actress,Entertainment,47,46-55,Maksim Chmerkoskiy,11,United States,California,1,6.0,0.7
Melissa Gilbert,14,5,21.0,7.0,3,7.0,7.0,7.0,,5,8.0,False,Actor/Actress,Entertainment,47,46-55,Maksim Chmerkoskiy,11,United States,California,1,8.0,0.8888888888888888
Melissa Gilbert,14,6,30.0,10.0,3,10.0,10.0,10.0,,5,8.0,False,Actor/Actress,Entertainment,47,46-55,Maksim Chmerkoskiy,11,United States,California,1,5.0,0.625
Melissa Gilbert,14,7,23.5,7.833333333333333,3,8.0,7.5,8.0,,5,8.0,False,Actor/Actress,Entertainment,47,46-55,Maksim Chmerkoskiy,11,United States,California,1,7.0,1.0
Melissa Gilbert,14,8,25.5,8.5,3,8.5,8.5,8.5,,5,8.0,True,Actor/Actress,Entertainment,47,46-55,Maksim Chmerkoskiy,11,United States,California,1,6.0,1.0
Kirstie Alley,15,1,19.0,6.333333333333333,3,6.5,6.0,6.5,,7,8.0,False,Actor/Actress,Entertainment,61,>55,Maksim Chmerkoskiy,12,United States,Kansas,1,12.0,0.9230769230769231
Kirstie Alley,15,2,21.0,7.0,3,7.0,7.0,7.0,,7,8.0,False,Actor/Actress,Entertainment,61,>55,Maksim Chmerkoskiy,12,United States,Kansas,1,11.0,0.9166666666666666
Kirstie Alley,15,3,24.0,8.0,3,8.0,8.0,8.0,,7,8.0,False,Actor/Actress,Entertainment,61,>55,Maksim Chmerkoskiy,12,United States,Kansas,1,9.0,0.8636363636363636
Kirstie Alley,15,4,30.0,7.5,4,7.5,7.5,7.5,7.5,7,8.0,False,Actor/Actress,Entertainment,61,>55,Maksim Chmerkoskiy,12,United States,Kansas,1,9.0,1.0
Kirstie Alley,15,5,26.25,8.75,3,8.75,8.75,8.75,,7,8.0,False,Actor/Actress,Entertainment,61,>55,Maksim Chmerkoskiy,12,United States,Kansas,1,7.0,0.875
Kirstie Alley,15,6,27.5,9.166666666666666,3,9.5,8.5,9.5,,7,8.0,False,Actor/Actress,Entertainment,61,>55,Maksim Chmerkoskiy,12,United States,Kansas,1,5.0,0.6875
Kirstie Alley,15,7,27.999899999999997,9.3333,3,9.3333,9.3333,9.3333,,7,8.0,False,Actor/Actress,Entertainment,61,>55,Maksim Chmerkoskiy,12,United States,Kansas,1,7.0,1.0
Kirstie Alley,15,8,25.5,8.5,3,8.5,8.5,8.5,,7,8.0,True,Actor/Actress,Entertainment,61,>55,Maksim Chmerkoskiy,12,United States,Kansas,1,7.0,1.0
Meryl Davis,18,1,24.0,8.0,3,8.0,8.0,8.0,,1,,False,Athlete,Sports,27,26-35,Maksim Chmerkoskiy,13,United States,Michigan,1,3.0,0.3333333333333333
Meryl Davis,18,2,25.0,8.333333333333334,3,8.0,9.0,8.0,,1,,False,Athlete,Sports,27,26-35,Maksim Chmerkoskiy,13,United States,Michigan,1,1.0,0.18181818181818182
Meryl Davis,18,3,39.0,9.75,4,10.0,9.0,10.0,10.0,1,,False,Athlete,Sports,27,26-35,Maksim Chmerkoskiy,13,United States,Michigan,1,1.0,0.1111111111111111
Meryl Davis,18,4,39.0,9.75,4,10.0,9.0,10.0,10.0,1,,False,Athlete,Sports,27,26-35,Maksim Chmerkoskiy,13,United States,Michigan,1,1.0,0.1111111111111111
Meryl Davis,18,5,36.0,9.0,4,9.0,9.0,9.0,9.0,1,,False,Athlete,Sports,27,26-35,Maksim Chmerkoskiy,13,United States,Michigan,1,5.0,0.6111111111111112
Meryl Davis,18,6,40.0,10.0,4,10.0,10.0,10.0,10.0,1,,False,Athlete,Sports,27,26-35,Maksim Chmerkoskiy,13,United States,Michigan,1,1.0,0.125
Meryl Davis,18,7,39.0,9.75,4,10.0,10.0,9.0,10.0,1,,False,Athlete,Sports,27,26-35,Maksim Chmerkoskiy,13,United States,Michigan,1,1.0,0.14285714285714285
Meryl Davis,18,8,36.0,9.0,4,9.0,9.0,8.0,10.0,1,,False,Athlete,Sports,27,26-35,Maksim Chmerkoskiy,13,United States,Michigan,1,4.0,0.8333333333333334
Meryl Davis,18,9,40.0,10.0,4,10.0,10.0,10.0,10.0,1,,False,Athlete,Sports,27,26-35,Maksim Chmerkoskiy,13,United States,Michigan,1,1.0,0.2
Meryl Davis,18,10,30.0,10.0,3,10.0,10.0,10.0,,1,,False,Athlete,Sports,27,26-35,Maksim Chmerkoskiy,13,United States,Michigan,1,1.0,0.25
Amber Rose,23,1,24.0,6.0,4,6.0,6.0,6.0,6.0,9,6.0,False,Model,Model,32,26-35,Maksim Chmerkoskiy,14,United States,Pennsylvania,1,9.0,0.7307692307692307
Amber Rose,23,2,24.0,6.0,4,6.0,6.0,6.0,6.0,9,6.0,False,Model,Model,32,26-35,Maksim Chmerkoskiy,14,United States,Pennsylvania,1,10.0,0.8461538461538461
Amber Rose,23,3,25.0,6.25,4,7.0,6.0,6.0,6.0,9,6.0,False,Model,Model,32,26-35,Maksim Chmerkoskiy,14,United States,Pennsylvania,1,8.0,0.75
Amber Rose,23,4,24.0,8.0,3,8.0,8.0,8.0,,9,6.0,False,Model,Model,32,26-35,Maksim Chmerkoskiy,14,United States,Pennsylvania,1,4.0,0.4090909090909091
Amber Rose,23,5,24.0,8.0,3,8.0,8.0,8.0,,9,6.0,False,Model,Model,32,26-35,Maksim Chmerkoskiy,14,United States,Pennsylvania,1,6.0,0.8333333333333334
Amber Rose,23,6,28.0,7.0,4,7.0,7.0,7.0,7.0,9,6.0,True,Model,Model,32,26-35,Maksim Chmerkoskiy,14,United States,Pennsylvania,1,9.0,1.0
Heather Morris,24,1,28.0,7.0,4,7.0,7.0,7.0,7.0,8,6.0,False,Actor/Actress,Entertainment,30,26-35,Maksim Chmerkoskiy,15,United States,California,1,3.0,0.3333333333333333
Heather Morris,24,2,30.0,7.5,4,8.0,6.0,8.0,8.0,8,6.0,False,Actor/Actress,Entertainment,30,26-35,Maksim Chmerkoskiy,15,United States,California,1,3.0,0.25
Heather Morris,24,3,33.0,8.25,4,9.0,8.0,8.0,8.0,8,6.0,False,Actor/Actress,Entertainment,30,26-35,Maksim Chmerkoskiy,15,United States,California,1,2.0,0.22727272727272727
Heather Morris,24,4,35.0,8.75,4,8.0,9.0,9.0,9.0,8,6.0,False,Actor/Actress,Entertainment,30,26-35,Maksim Chmerkoskiy,15,United States,California,1,3.0,0.3
Heather Morris,24,5,34.0,8.5,4,8.0,8.0,9.0,9.0,8,6.0,False,Actor/Actress,Entertainment,30,26-35,Maksim Chmerkoskiy,15,United States,California,1,4.0,0.5
Heather Morris,24,6,37.0,9.25,4,9.0,9.5,9.0,9.5,8,6.0,True,Actor/Actress,Entertainment,30,26-35,Maksim Chmerkoskiy,15,United States,California,1,1.0,0.125
Vanessa Lachey,25,1,21.0,7.0,3,7.0,7.0,7.0,,7,7.0,False,TV Personality,Media,36,36-45,Maksim Chmerkoskiy,16,Philippines,Unknown,0,3.0,0.23076923076923078
Vanessa Lachey,25,2,23.5,7.833333333333333,3,8.0,8.0,7.5,,7,7.0,False,TV Personality,Media,36,36-45,Maksim Chmerkoskiy,16,Philippines,Unknown,0,3.0,0.23076923076923078
Vanessa Lachey,25,3,23.0,7.666666666666667,3,7.0,8.0,8.0,,7,7.0,False,TV Personality,Media,36,36-45,Maksim Chmerkoskiy,16,Philippines,Unknown,0,3.0,0.3181818181818182
Vanessa Lachey,25,4,24.0,8.0,3,8.0,8.0,8.0,,7,7.0,False,TV Personality,Media,36,36-45,Maksim Chmerkoskiy,16,Philippines,Unknown,0,4.0,0.5909090909090909
Vanessa Lachey,25,5,24.0,8.0,3,8.0,8.0,8.0,,7,7.0,False,TV Personality,Media,36,36-45,Maksim Chmerkoskiy,16,Philippines,Unknown,0,8.0,0.85
Vanessa Lachey,25,6,36.0,9.0,4,9.0,9.0,9.0,9.0,7,7.0,False,TV Personality,Media,36,36-45,Maksim Chmerkoskiy,16,Philippines,Unknown,0,4.0,0.5
Vanessa Lachey,25,7,27.0,9.0,3,9.0,9.0,9.0,,7,7.0,True,TV Personality,Media,36,36-45,Maksim Chmerkoskiy,16,Philippines,Unknown,0,4.0,0.5625
Sabrina Bryan,5,1,26.0,8.666666666666666,3,9.0,8.0,9.0,,7,6.0,False,Actor/Actress,Entertainment,23,≤25,Mark Ballas,0,United States,California,1,1.0,0.08333333333333333
Sabrina Bryan,5,2,26.0,8.666666666666666,3,9.0,8.0,9.0,,7,6.0,False,Actor/Actress,Entertainment,23,≤25,Mark Ballas,0,United States,California,1,2.0,0.18181818181818182
Sabrina Bryan,5,3,27.0,9.0,3,9.0,9.0,9.0,,7,6.0,False,Actor/Actress,Entertainment,23,≤25,Mark Ballas,0,United States,California,1,1.0,0.2
Sabrina Bryan,5,4,30.0,10.0,3,10.0,10.0,10.0,,7,6.0,False,Actor/Actress,Entertainment,23,≤25,Mark Ballas,0,United States,California,1,1.0,0.1111111111111111
Sabrina Bryan,5,5,28.0,9.333333333333334,3,9.0,9.0,10.0,,7,6.0,False,Actor/Actress,Entertainment,23,≤25,Mark Ballas,0,United States,California,1,2.0,0.25
Sabrina Bryan,5,6,25.0,8.333333333333334,3,9.0,8.0,8.0,,7,6.0,True,Actor/Actress,Entertainment,23,≤25,Mark Ballas,0,United States,California,1,4.0,0.6428571428571429
Kristi Yamaguchi,6,1,27.0,9.0,3,9.0,9.0,9.0,,1,,False,Athlete,Sports,36,36-45,Mark Ballas,1,United States,California,1,1.0,0.08333333333333333
Kristi Yamaguchi,6,2,27.0,9.0,3,9.0,9.0,9.0,,1,,False,Athlete,Sports,36,36-45,Mark Ballas,1,United States,California,1,1.0,0.125
Kristi Yamaguchi,6,3,27.0,9.0,3,9.0,9.0,9.0,,1,,False,Athlete,Sports,36,36-45,Mark Ballas,1,United States,California,1,1.0,0.1
Kristi Yamaguchi,6,4,29.0,9.666666666666666,3,10.0,9.0,10.0,,1,,False,Athlete,Sports,36,36-45,Mark Ballas,1,United States,California,1,1.0,0.16666666666666666
Kristi Yamaguchi,6,5,29.0,9.666666666666666,3,9.0,10.0,10.0,,1,,False,Athlete,Sports,36,36-45,Mark Ballas,1,United States,California,1,1.0,0.125
Kristi Yamaguchi,6,6,30.0,10.0,3,10.0,10.0,10.0,,1,,False,Athlete,Sports,36,36-45,Mark Ballas,1,United States,California,1,1.0,0.14285714285714285
Kristi Yamaguchi,6,7,27.0,9.0,3,9.5,8.0,9.5,,1,,False,Athlete,Sports,36,36-45,Mark Ballas,1,United States,California,1,2.0,0.3333333333333333
Kristi Yamaguchi,6,8,27.5,9.166666666666666,3,8.5,9.5,9.5,,1,,False,Athlete,Sports,36,36-45,Mark Ballas,1,United States,California,1,2.0,0.4
Kristi Yamaguchi,6,9,28.5,9.5,3,9.5,9.0,10.0,,1,,False,Athlete,Sports,36,36-45,Mark Ballas,1,United States,California,1,1.0,0.25
Kristi Yamaguchi,6,10,30.0,10.0,3,10.0,10.0,10.0,,1,,False,Athlete,Sports,36,36-45,Mark Ballas,1,United States,California,1,1.0,0.3333333333333333
Kim Kardashian,7,1,18.5,6.166666666666667,3,6.0,6.5,6.0,,11,2.0,False,TV Personality,Media,27,26-35,Mark Ballas,2,United States,California,1,8.0,0.6923076923076923
Kim Kardashian,7,2,17.0,5.666666666666667,3,6.0,6.0,5.0,,11,2.0,True,TV Personality,Media,27,26-35,Mark Ballas,2,United States,California,1,9.0,0.8181818181818182
Shawn Johnson,8,1,23.0,7.666666666666667,3,8.0,8.0,7.0,,1,,False,Athlete,Sports,17,≤25,Mark Ballas,3,United States,Iowa,1,2.0,0.19230769230769232
Shawn Johnson,8,2,24.0,8.0,3,8.0,8.0,8.0,,1,,False,Athlete,Sports,17,≤25,Mark Ballas,3,United States,Iowa,1,3.0,0.23076923076923078
Shawn Johnson,8,3,27.0,9.0,3,9.0,9.0,9.0,,1,,False,Athlete,Sports,17,≤25,Mark Ballas,3,United States,Iowa,1,1.0,0.16666666666666666
Shawn Johnson,8,4,25.0,8.333333333333334,3,8.0,8.0,9.0,,1,,False,Athlete,Sports,17,≤25,Mark Ballas,3,United States,Iowa,1,4.0,0.4090909090909091
Shawn Johnson,8,5,26.0,8.666666666666666,3,9.0,8.0,9.0,,1,,False,Athlete,Sports,17,≤25,Mark Ballas,3,United States,Iowa,1,2.0,0.2777777777777778
Shawn Johnson,8,6,26.0,8.666666666666666,3,8.0,9.0,9.0,,1,,False,Athlete,Sports,17,≤25,Mark Ballas,3,United States,Iowa,1,3.0,0.4375
Shawn Johnson,8,7,28.0,9.333333333333334,3,9.0,9.0,10.0,,1,,False,Athlete,Sports,17,≤25,Mark Ballas,3,United States,Iowa,1,2.0,0.2857142857142857
Shawn Johnson,8,8,26.0,8.666666666666666,3,9.0,8.0,9.0,,1,,False,Athlete,Sports,17,≤25,Mark Ballas,3,United States,Iowa,1,3.0,0.5833333333333334
Shawn Johnson,8,9,28.0,9.333333333333334,3,9.5,9.0,9.5,,1,,False,Athlete,Sports,17,≤25,Mark Ballas,3,United States,Iowa,1,2.0,0.5
Shawn Johnson,8,10,28.0,9.333333333333334,3,9.5,9.0,9.5,,1,,False,Athlete,Sports,17,≤25,Mark Ballas,3,United States,Iowa,1,2.0,0.5
Shawn Johnson,8,11,30.0,10.0,3,10.0,10.0,10.0,,1,,False,Athlete,Sports,17,≤25,Mark Ballas,3,United States,Iowa,1,1.0,0.3333333333333333
Melissa Joan Hart,9,1,24.0,8.0,3,8.0,8.0,8.0,,9,6.0,False,Actor/Actress,Entertainment,33,26-35,Mark Ballas,4,United States,New York,1,9.0,0.5625
Melissa Joan Hart,9,2,19.0,6.333333333333333,3,7.0,6.0,6.0,,9,6.0,False,Actor/Actress,Entertainment,33,26-35,Mark Ballas,4,United States,New York,1,9.0,0.75
Melissa Joan Hart,9,3,19.0,6.333333333333333,3,6.0,6.0,7.0,,9,6.0,False,Actor/Actress,Entertainment,33,26-35,Mark Ballas,4,United States,New York,1,8.0,0.6153846153846154
Melissa Joan Hart,9,4,28.0,9.333333333333334,3,9.0,9.0,10.0,,9,6.0,False,Actor/Actress,Entertainment,33,26-35,Mark Ballas,4,United States,New York,1,1.0,0.13636363636363635
Melissa Joan Hart,9,5,23.0,7.666666666666667,3,8.0,8.0,7.0,,9,6.0,False,Actor/Actress,Entertainment,33,26-35,Mark Ballas,4,United States,New York,1,7.0,0.7
Melissa Joan Hart,9,6,23.9999,7.9999666666666664,3,8.3333,8.3333,7.3333,,9,6.0,True,Actor/Actress,Entertainment,33,26-35,Mark Ballas,4,United States,New York,1,8.0,0.8888888888888888
Shannen Doherty,10,1,18.0,6.0,3,6.0,6.0,6.0,,11,2.0,False,Actor/Actress,Entertainment,38,36-45,Mark Ballas,5,United States,Tennessee,1,6.0,0.6363636363636364
Shannen Doherty,10,2,20.0,6.666666666666667,3,7.0,6.0,7.0,,11,2.0,True,Actor/Actress,Entertainment,38,36-45,Mark Ballas,5,United States,Tennessee,1,6.0,0.5909090909090909
Bristol Palin,11,1,18.0,6.0,3,6.0,6.0,6.0,,3,,False,TV Personality,Media,19,≤25,Mark Ballas,6,United States,Alaska,1,7.0,0.625
Bristol Palin,11,2,22.0,7.333333333333333,3,7.0,8.0,7.0,,3,,False,TV Personality,Media,19,≤25,Mark Ballas,6,United States,Alaska,1,3.0,0.3181818181818182
Bristol Palin,11,3,19.0,6.333333333333333,3,6.0,6.0,7.0,,3,,False,TV Personality,Media,19,≤25,Mark Ballas,6,United States,Alaska,1,9.0,0.9
Bristol Palin,11,4,16.0,5.333333333333333,3,5.0,5.5,5.5,,3,,False,TV Personality,Media,19,≤25,Mark Ballas,6,United States,Alaska,1,8.0,0.8888888888888888
Bristol Palin,11,5,18.0,6.0,3,6.0,6.0,6.0,,3,,False,TV Personality,Media,19,≤25,Mark Ballas,6,United States,Alaska,1,8.0,1.0
Bristol Palin,11,6,27.9998,9.333266666666667,3,9.6666,8.6666,9.6666,,3,,False,TV Personality,Media,19,≤25,Mark Ballas,6,United States,Alaska,1,6.0,0.8571428571428571
Bristol Palin,11,7,32.5,8.125,4,8.5,8.0,8.0,8.0,3,,False,TV Personality,Media,19,≤25,Mark Ballas,6,United States,Alaska,1,6.0,1.0
Bristol Palin,11,8,23.5,7.833333333333333,3,7.5,8.0,8.0,,3,,False,TV Personality,Media,19,≤25,Mark Ballas,6,United States,Alaska,1,5.0,1.0
Bristol Palin,11,9,26.5,8.833333333333334,3,8.5,9.0,9.0,,3,,False,TV Personality,Media,19,≤25,Mark Ballas,6,United States,Alaska,1,4.0,1.0
Bristol Palin,11,10,25.666600000000003,8.555533333333335,3,8.3333,9.0,8.3333,,3,,False,TV Personality,Media,19,≤25,Mark Ballas,6,United States,Alaska,1,3.0,1.0
Chelsea Kane,12,1,21.0,7.0,3,7.0,7.0,7.0,,3,,False,Actor/Actress,Entertainment,22,≤25,Mark Ballas,7,United States,Arizona,1,3.0,0.3181818181818182
Chelsea Kane,12,2,18.0,6.0,3,6.0,5.0,7.0,,3,,False,Actor/Actress,Entertainment,22,≤25,Mark Ballas,7,United States,Arizona,1,7.0,0.6818181818181818
Chelsea Kane,12,3,23.0,7.666666666666667,3,7.0,8.0,8.0,,3,,False,Actor/Actress,Entertainment,22,≤25,Mark Ballas,7,United States,Arizona,1,3.0,0.35
Chelsea Kane,12,4,26.0,8.666666666666666,3,9.0,8.0,9.0,,3,,False,Actor/Actress,Entertainment,22,≤25,Mark Ballas,7,United States,Arizona,1,1.0,0.1111111111111111
Chelsea Kane,12,5,26.0,8.666666666666666,3,9.0,8.0,9.0,,3,,False,Actor/Actress,Entertainment,22,≤25,Mark Ballas,7,United States,Arizona,1,2.0,0.375
Chelsea Kane,12,6,28.0,9.333333333333334,3,10.0,9.0,9.0,,3,,False,Actor/Actress,Entertainment,22,≤25,Mark Ballas,7,United States,Arizona,1,1.0,0.21428571428571427
Chelsea Kane,12,7,32.0,8.0,4,8.0,8.5,7.5,8.0,3,,False,Actor/Actress,Entertainment,22,≤25,Mark Ballas,7,United States,Arizona,1,3.0,0.5
Chelsea Kane,12,8,27.5,9.166666666666666,3,9.0,9.0,9.5,,3,,False,Actor/Actress,Entertainment,22,≤25,Mark Ballas,7,United States,Arizona,1,1.0,0.2
Chelsea Kane,12,9,36.5,12.166666666666666,3,12.0,12.0,12.5,,3,,False,Actor/Actress,Entertainment,22,≤25,Mark Ballas,7,United States,Arizona,1,1.0,0.25
Chelsea Kane,12,10,29.666600000000003,9.888866666666667,3,10.0,9.6666,10.0,,3,,False,Actor/Actress,Entertainment,22,≤25,Mark Ballas,7,United States,Arizona,1,1.0,0.5
Kristin Cavallari,13,1,19.0,6.333333333333333,3,7.0,6.0,6.0,,10,3.0,False,TV Personality,Media,24,≤25,Mark Ballas,8,United States,Colorado,1,5.0,0.4166666666666667
Kristin Cavallari,13,2,22.0,7.333333333333333,3,8.0,7.0,7.0,,10,3.0,False,TV Personality,Media,24,≤25,Mark Ballas,8,United States,Colorado,1,2.0,0.22727272727272727
Kristin Cavallari,13,3,24.0,8.0,3,8.0,8.0,8.0,,10,3.0,True,TV Personality,Media,24,≤25,Mark Ballas,8,United States,Colorado,1,4.0,0.55
Katherine Jenkins,14,1,26.0,8.666666666666666,3,9.0,8.0,9.0,,2,,False,Singer/Rapper,Entertainment,31,26-35,Mark Ballas,9,Wales,Unknown,0,1.0,0.125
Katherine Jenkins,14,2,26.0,8.666666666666666,3,9.0,8.0,9.0,,2,,False,Singer/Rapper,Entertainment,31,26-35,Mark Ballas,9,Wales,Unknown,0,1.0,0.125
Katherine Jenkins,14,3,29.0,9.666666666666666,3,10.0,9.0,10.0,,2,,False,Singer/Rapper,Entertainment,31,26-35,Mark Ballas,9,Wales,Unknown,0,1.0,0.09090909090909091
Katherine Jenkins,14,4,24.0,8.0,3,8.0,8.0,8.0,,2,,False,Singer/Rapper,Entertainment,31,26-35,Mark Ballas,9,Wales,Unknown,0,4.0,0.4
Katherine Jenkins,14,5,29.0,9.666666666666666,3,10.0,9.0,10.0,,2,,False,Singer/Rapper,Entertainment,31,26-35,Mark Ballas,9,Wales,Unknown,0,1.0,0.16666666666666666
Katherine Jenkins,14,6,38.9999,12.999966666666666,3,13.3333,12.3333,13.3333,,2,,False,Singer/Rapper,Entertainment,31,26-35,Mark Ballas,9,Wales,Unknown,0,1.0,0.125
Katherine Jenkins,14,7,27.0,9.0,3,9.5,8.5,9.0,,2,,False,Singer/Rapper,Entertainment,31,26-35,Mark Ballas,9,Wales,Unknown,0,2.0,0.2857142857142857
Katherine Jenkins,14,8,27.5,9.166666666666666,3,9.0,9.0,9.5,,2,,False,Singer/Rapper,Entertainment,31,26-35,Mark Ballas,9,Wales,Unknown,0,3.0,0.5833333333333334
Katherine Jenkins,14,9,28.0,9.333333333333334,3,9.5,9.0,9.5,,2,,False,Singer/Rapper,Entertainment,31,26-35,Mark Ballas,9,Wales,Unknown,0,4.0,1.0
Katherine Jenkins,14,10,30.0,10.0,3,10.0,10.0,10.0,,2,,False,Singer/Rapper,Entertainment,31,26-35,Mark Ballas,9,Wales,Unknown,0,1.0,0.3333333333333333
Bristol Palin,15,1,19.5,6.5,3,6.5,6.5,6.5,,9,4.0,False,TV Personality,Media,21,≤25,Mark Ballas,10,United States,Alaska,1,11.0,0.8461538461538461
Bristol Palin,15,2,18.0,6.0,3,6.0,6.0,6.0,,9,4.0,False,TV Personality,Media,21,≤25,Mark Ballas,10,United States,Alaska,1,12.0,1.0
Bristol Palin,15,3,22.5,7.5,3,7.5,7.5,7.5,,9,4.0,False,TV Personality,Media,21,≤25,Mark Ballas,10,United States,Alaska,1,11.0,1.0
Bristol Palin,15,4,32.0,8.0,4,8.0,8.0,8.0,8.0,9,4.0,True,TV Personality,Media,21,≤25,Mark Ballas,10,United States,Alaska,1,8.0,0.8888888888888888
Alexandra Raisman,16,1,21.0,7.0,3,7.0,7.0,7.0,,4,10.0,False,Athlete,Sports,18,≤25,Mark Ballas,11,United States,Massachusetts,1,2.0,0.25
Alexandra Raisman,16,2,24.0,8.0,3,8.0,8.0,8.0,,4,10.0,False,Athlete,Sports,18,≤25,Mark Ballas,11,United States,Massachusetts,1,3.0,0.25
Alexandra Raisman,16,3,23.0,7.666666666666667,3,7.0,8.0,8.0,,4,10.0,False,Athlete,Sports,18,≤25,Mark Ballas,11,United States,Massachusetts,1,4.0,0.4090909090909091
Alexandra Raisman,16,4,27.0,9.0,3,9.0,9.0,9.0,,4,10.0,False,Athlete,Sports,18,≤25,Mark Ballas,11,United States,Massachusetts,1,1.0,0.1
Alexandra Raisman,16,5,25.0,8.333333333333334,3,8.0,8.0,9.0,,4,10.0,False,Athlete,Sports,18,≤25,Mark Ballas,11,United States,Massachusetts,1,4.0,0.4444444444444444
Alexandra Raisman,16,6,26.0,8.666666666666666,3,8.5,9.0,8.5,,4,10.0,False,Athlete,Sports,18,≤25,Mark Ballas,11,United States,Massachusetts,1,2.0,0.25
Alexandra Raisman,16,7,32.0,10.666666666666666,3,11.0,10.0,11.0,,4,10.0,False,Athlete,Sports,18,≤25,Mark Ballas,11,United States,Massachusetts,1,1.0,0.14285714285714285
Alexandra Raisman,16,8,28.0,9.333333333333334,3,9.0,9.5,9.5,,4,10.0,False,Athlete,Sports,18,≤25,Mark Ballas,11,United States,Massachusetts,1,2.0,0.3333333333333333
Alexandra Raisman,16,9,29.5,9.833333333333334,3,10.0,9.5,10.0,,4,10.0,False,Athlete,Sports,18,≤25,Mark Ballas,11,United States,Massachusetts,1,1.0,0.3
Alexandra Raisman,16,10,29.0,9.666666666666666,3,9.5,9.5,10.0,,4,10.0,True,Athlete,Sports,18,≤25,Mark Ballas,11,United States,Massachusetts,1,3.0,0.75
Christina Milian,17,1,22.0,7.333333333333333,3,7.0,7.0,8.0,,9,5.0,False,Singer/Rapper,Entertainment,31,26-35,Mark Ballas,12,United States,New Jersey,1,6.0,0.5416666666666666
Christina Milian,17,2,25.0,8.333333333333334,3,9.0,8.0,8.0,,9,5.0,False,Singer/Rapper,Entertainment,31,26-35,Mark Ballas,12,United States,New Jersey,1,2.0,0.20833333333333334
Christina Milian,17,3,26.0,8.666666666666666,3,9.0,8.0,9.0,,9,5.0,False,Singer/Rapper,Entertainment,31,26-35,Mark Ballas,12,United States,New Jersey,1,2.0,0.22727272727272727
Christina Milian,17,4,24.0,8.0,3,8.0,8.0,8.0,,9,5.0,False,Singer/Rapper,Entertainment,31,26-35,Mark Ballas,12,United States,New Jersey,1,4.0,0.55
Christina Milian,17,5,28.0,9.333333333333334,3,9.0,10.0,9.0,,9,5.0,True,Singer/Rapper,Entertainment,31,26-35,Mark Ballas,12,United States,New Jersey,1,1.0,0.16666666666666666
Candace Cameron Bure,18,1,25.0,8.333333333333334,3,9.0,8.0,8.0,,3,,False,Actor/Actress,Entertainment,37,36-45,Mark Ballas,13,United States,California,1,2.0,0.16666666666666666
Candace Cameron Bure,18,2,21.0,7.0,3,7.0,7.0,7.0,,3,,False,Actor/Actress,Entertainment,37,36-45,Mark Ballas,13,United States,California,1,7.0,0.7727272727272727
Candace Cameron Bure,18,3,32.0,8.0,4,8.0,8.0,8.0,8.0,3,,False,Actor/Actress,Entertainment,37,36-45,Mark Ballas,13,United States,California,1,7.0,0.7777777777777778
Candace Cameron Bure,18,4,28.0,7.0,4,7.0,7.0,7.0,7.0,3,,False,Actor/Actress,Entertainment,37,36-45,Mark Ballas,13,United States,California,1,9.0,1.0
Candace Cameron Bure,18,5,35.0,8.75,4,8.0,9.0,9.0,9.0,3,,False,Actor/Actress,Entertainment,37,36-45,Mark Ballas,13,United States,California,1,7.0,0.7777777777777778
Candace Cameron Bure,18,6,32.0,8.0,4,8.0,8.0,8.0,8.0,3,,False,Actor/Actress,Entertainment,37,36-45,Mark Ballas,13,United States,California,1,7.0,0.9375
Candace Cameron Bure,18,7,37.0,9.25,4,9.0,9.5,9.0,9.5,3,,False,Actor/Actress,Entertainment,37,36-45,Mark Ballas,13,United States,California,1,3.0,0.42857142857142855
Candace Cameron Bure,18,8,36.0,9.0,4,9.0,9.0,9.0,9.0,3,,False,Actor/Actress,Entertainment,37,36-45,Mark Ballas,13,United States,California,1,4.0,0.8333333333333334
Candace Cameron Bure,18,9,36.0,9.0,4,8.5,9.5,9.5,8.5,3,,False,Actor/Actress,Entertainment,37,36-45,Mark Ballas,13,United States,California,1,5.0,1.0
Candace Cameron Bure,18,10,25.9998,8.6666,3,8.6666,8.6666,8.6666,,3,,False,Actor/Actress,Entertainment,37,36-45,Mark Ballas,13,United States,California,1,4.0,1.0
Sadie Robertson,19,1,34.0,8.5,4,8.0,8.0,9.0,9.0,2,,False,TV Personality,Media,17,≤25,Mark Ballas,14,United States,Louisiana,1,2.0,0.15384615384615385
Sadie Robertson,19,2,31.0,7.75,4,8.0,7.0,8.0,8.0,2,,False,TV Personality,Media,17,≤25,Mark Ballas,14,United States,Louisiana,1,5.0,0.4583333333333333
Sadie Robertson,19,3,32.0,8.0,4,8.0,8.0,8.0,8.0,2,,False,TV Personality,Media,17,≤25,Mark Ballas,14,United States,Louisiana,1,4.0,0.45454545454545453
Sadie Robertson,19,4,37.0,9.25,4,9.0,10.0,9.0,9.0,2,,False,TV Personality,Media,17,≤25,Mark Ballas,14,United States,Louisiana,1,3.0,0.3
Sadie Robertson,19,5,36.0,9.0,4,9.0,9.0,9.0,9.0,2,,False,TV Personality,Media,17,≤25,Mark Ballas,14,United States,Louisiana,1,1.0,0.1111111111111111
Sadie Robertson,19,6,35.0,8.75,4,9.0,10.0,8.0,8.0,2,,False,TV Personality,Media,17,≤25,Mark Ballas,14,United States,Louisiana,1,3.0,0.3333333333333333
Sadie Robertson,19,7,31.0,7.75,4,7.5,7.5,8.0,8.0,2,,False,TV Personality,Media,17,≤25,Mark Ballas,14,United States,Louisiana,1,5.0,0.625
Sadie Robertson,19,8,38.0,9.5,4,9.0,9.0,10.0,10.0,2,,False,TV Personality,Media,17,≤25,Mark Ballas,14,United States,Louisiana,1,4.0,0.5714285714285714
Sadie Robertson,19,9,36.5,9.125,4,9.0,9.5,9.0,9.0,2,,False,TV Personality,Media,17,≤25,Mark Ballas,14,United States,Louisiana,1,4.0,0.6666666666666666
Sadie Robertson,19,10,37.0,9.25,4,9.0,9.5,9.5,9.0,2,,False,TV Personality,Media,17,≤25,Mark Ballas,14,United States,Louisiana,1,4.0,0.8
Sadie Robertson,19,11,39.333200000000005,9.833300000000001,4,10.0,9.6666,10.0,9.6666,2,,False,TV Personality,Media,17,≤25,Mark Ballas,14,United States,Louisiana,1,2.0,0.5
Willow Shields,20,1,25.0,6.25,4,6.0,6.0,6.0,7.0,7,7.0,False,Actor/Actress,Entertainment,14,≤25,Mark Ballas,15,United States,New Mexico,1,8.0,0.75
Willow Shields,20,2,32.0,8.0,4,8.0,8.0,8.0,8.0,7,7.0,False,Actor/Actress,Entertainment,14,≤25,Mark Ballas,15,United States,New Mexico,1,2.0,0.25
Willow Shields,20,3,32.0,8.0,4,8.0,8.0,8.0,8.0,7,7.0,False,Actor/Actress,Entertainment,14,≤25,Mark Ballas,15,United States,New Mexico,1,4.0,0.36363636363636365
Willow Shields,20,4,39.0,9.75,4,10.0,9.0,10.0,10.0,7,7.0,False,Actor/Actress,Entertainment,14,≤25,Mark Ballas,15,United States,New Mexico,1,1.0,0.1
Willow Shields,20,5,34.0,8.5,4,8.0,8.0,9.0,9.0,7,7.0,False,Actor/Actress,Entertainment,14,≤25,Mark Ballas,15,United States,New Mexico,1,4.0,0.4444444444444444
Willow Shields,20,6,36.5,9.125,4,9.5,8.5,9.0,9.5,7,7.0,False,Actor/Actress,Entertainment,14,≤25,Mark Ballas,15,United States,New Mexico,1,2.0,0.3125
Willow Shields,20,7,39.0,9.75,4,9.5,9.5,9.5,10.5,7,7.0,True,Actor/Actress,Entertainment,14,≤25,Mark Ballas,15,United States,New Mexico,1,2.0,0.2857142857142857
Alexa PenaVega,21,1,22.0,7.333333333333333,3,7.0,7.0,8.0,,6,9.0,False,Actor/Actress,Entertainment,27,26-35,Mark Ballas,16,United States,Florida,1,5.0,0.4230769230769231
Alexa PenaVega,21,2,23.0,7.666666666666667,3,7.5,7.5,8.0,,6,9.0,False,Actor/Actress,Entertainment,27,26-35,Mark Ballas,16,United States,Florida,1,3.0,0.23076923076923078
Alexa PenaVega,21,3,36.0,9.0,4,9.0,9.0,9.0,9.0,6,9.0,False,Actor/Actress,Entertainment,27,26-35,Mark Ballas,16,United States,Florida,1,1.0,0.15
Alexa PenaVega,21,4,21.0,7.0,3,7.0,7.0,7.0,,6,9.0,False,Actor/Actress,Entertainment,27,26-35,Mark Ballas,16,United States,Florida,1,8.0,0.8
Alexa PenaVega,21,5,40.0,10.0,4,10.0,10.0,10.0,10.0,6,9.0,False,Actor/Actress,Entertainment,27,26-35,Mark Ballas,16,United States,Florida,1,1.0,0.1111111111111111
Alexa PenaVega,21,6,30.0,7.5,4,8.0,7.0,7.0,8.0,6,9.0,False,Actor/Actress,Entertainment,27,26-35,Mark Ballas,16,United States,Florida,1,7.0,0.8333333333333334
Alexa PenaVega,21,7,27.5,9.166666666666666,3,9.0,9.5,9.0,,6,9.0,False,Actor/Actress,Entertainment,27,26-35,Mark Ballas,16,United States,Florida,1,5.0,0.625
Alexa PenaVega,21,8,26.9998,8.999933333333333,3,9.6666,8.6666,8.6666,,6,9.0,False,Actor/Actress,Entertainment,27,26-35,Mark Ballas,16,United States,Florida,1,5.0,0.7142857142857143
Alexa PenaVega,21,9,30.0,10.0,3,10.0,10.0,10.0,,6,9.0,True,Actor/Actress,Entertainment,27,26-35,Mark Ballas,16,United States,Florida,1,1.0,0.25
Paige VanZant,22,1,21.0,7.0,3,7.0,7.0,7.0,,2,,False,Athlete,Sports,22,≤25,Mark Ballas,17,United States,Oregon,1,4.0,0.4583333333333333
Paige VanZant,22,2,24.0,8.0,3,8.0,8.0,8.0,,2,,False,Athlete,Sports,22,≤25,Mark Ballas,17,United States,Oregon,1,1.0,0.125
Paige VanZant,22,3,23.0,7.666666666666667,3,8.0,7.0,8.0,,2,,False,Athlete,Sports,22,≤25,Mark Ballas,17,United States,Oregon,1,3.0,0.3181818181818182
Paige VanZant,22,4,36.0,9.0,4,9.0,9.0,9.0,9.0,2,,False,Athlete,Sports,22,≤25,Mark Ballas,17,United States,Oregon,1,1.0,0.15
Paige VanZant,22,5,31.0,7.75,4,8.0,8.0,7.0,8.0,2,,False,Athlete,Sports,22,≤25,Mark Ballas,17,United States,Oregon,1,4.0,0.4444444444444444
Paige VanZant,22,6,28.0,9.333333333333334,3,9.0,10.0,9.0,,2,,False,Athlete,Sports,22,≤25,Mark Ballas,17,United States,Oregon,1,2.0,0.2222222222222222
Paige VanZant,22,7,27.5,9.166666666666666,3,9.0,9.0,9.5,,2,,False,Athlete,Sports,22,≤25,Mark Ballas,17,United States,Oregon,1,2.0,0.375
Paige VanZant,22,8,28.0,9.333333333333334,3,10.0,9.0,9.0,,2,,False,Athlete,Sports,22,≤25,Mark Ballas,17,United States,Oregon,1,4.0,0.6666666666666666
Paige VanZant,22,9,29.5,9.833333333333334,3,10.0,9.5,10.0,,2,,False,Athlete,Sports,22,≤25,Mark Ballas,17,United States,Oregon,1,2.0,0.4
Paige VanZant,22,10,29.666600000000003,9.888866666666667,3,10.0,9.6666,10.0,,2,,False,Athlete,Sports,22,≤25,Mark Ballas,17,United States,Oregon,1,1.0,0.3333333333333333
Lindsey Stirling,25,1,22.0,7.333333333333333,3,7.0,8.0,7.0,,2,,False,Musician,Entertainment,31,26-35,Mark Ballas,18,United States,California,1,1.0,0.11538461538461539
Lindsey Stirling,25,2,22.5,7.5,3,7.5,7.5,7.5,,2,,False,Musician,Entertainment,31,26-35,Mark Ballas,18,United States,California,1,4.0,0.34615384615384615
Lindsey Stirling,25,3,27.0,9.0,3,9.0,9.0,9.0,,2,,False,Musician,Entertainment,31,26-35,Mark Ballas,18,United States,California,1,1.0,0.09090909090909091
Lindsey Stirling,25,4,26.0,8.666666666666666,3,9.0,8.0,9.0,,2,,False,Musician,Entertainment,31,26-35,Mark Ballas,18,United States,California,1,3.0,0.2727272727272727
Lindsey Stirling,25,5,28.0,9.333333333333334,3,9.0,10.0,9.0,,2,,False,Musician,Entertainment,31,26-35,Mark Ballas,18,United States,California,1,3.0,0.3
Lindsey Stirling,25,6,40.0,10.0,4,10.0,10.0,10.0,10.0,2,,False,Musician,Entertainment,31,26-35,Mark Ballas,18,United States,California,1,1.0,0.1111111111111111
Lindsey Stirling,25,7,25.5,8.5,3,8.5,8.5,8.5,,2,,False,Musician,Entertainment,31,26-35,Mark Ballas,18,United States,California,1,6.0,0.75
Lindsey Stirling,25,8,27.0,9.0,3,9.5,8.5,9.0,,2,,False,Musician,Entertainment,31,26-35,Mark Ballas,18,United States,California,1,2.0,0.3333333333333333
Lindsey Stirling,25,9,28.5,9.5,3,9.5,9.0,10.0,,2,,False,Musician,Entertainment,31,26-35,Mark Ballas,18,United States,California,1,2.0,0.4
Lindsey Stirling,25,10,40.0,10.0,4,10.0,10.0,10.0,10.0,2,,False,Musician,Entertainment,31,26-35,Mark Ballas,18,United States,California,1,1.0,0.375
Charli D'Amelio,31,1,32.0,8.0,4,8.0,8.0,8.0,8.0,1,,False,Social Media Personality,Media,18,≤25,Mark Ballas,19,United States,Connecticut,1,1.0,0.0625
Charli D'Amelio,31,2,32.0,8.0,4,8.0,8.0,8.0,8.0,1,,False,Social Media Personality,Media,18,≤25,Mark Ballas,19,United States,Connecticut,1,1.0,0.13333333333333333
Charli D'Amelio,31,3,33.0,8.25,4,8.0,8.0,8.0,9.0,1,,False,Social Media Personality,Media,18,≤25,Mark Ballas,19,United States,Connecticut,1,1.0,0.14285714285714285
Charli D'Amelio,31,4,36.0,9.0,4,9.0,9.0,9.0,9.0,1,,False,Social Media Personality,Media,18,≤25,Mark Ballas,19,United States,Connecticut,1,1.0,0.15384615384615385
Charli D'Amelio,31,5,42.0,10.5,4,10.375,10.375,10.375,10.875,1,,False,Social Media Personality,Media,18,≤25,Mark Ballas,19,United States,Connecticut,1,1.0,0.08333333333333333
Charli D'Amelio,31,6,40.0,10.0,4,10.0,10.0,10.0,10.0,1,,False,Social Media Personality,Media,18,≤25,Mark Ballas,19,United States,Connecticut,1,1.0,0.1
Charli D'Amelio,31,7,39.0,9.75,4,9.5,9.5,10.0,10.0,1,,False,Social Media Personality,Media,18,≤25,Mark Ballas,19,United States,Connecticut,1,1.0,0.16666666666666666
Charli D'Amelio,31,8,45.0,11.25,4,11.25,11.25,11.25,11.25,1,,False,Social Media Personality,Media,18,≤25,Mark Ballas,19,United States,Connecticut,1,1.0,0.1875
Charli D'Amelio,31,9,40.0,10.0,4,10.0,10.0,10.0,10.0,1,,False,Social Media Personality,Media,18,≤25,Mark Ballas,19,United States,Connecticut,1,1.0,0.25
Charli D'Amelio,31,10,40.0,10.0,4,10.0,10.0,10.0,10.0,1,,False,Social Media Personality,Media,18,≤25,Mark Ballas,19,United States,Connecticut,1,1.0,0.375
Whitney Leavitt,34,1,15.0,7.5,2,7.0,8.0,,,6,10.0,False,TV Personality,Media,32,26-35,Mark Ballas,20,United States,Utah,1,1.0,0.10714285714285714
Whitney Leavitt,34,2,22.0,7.333333333333333,3,7.0,7.0,8.0,,6,10.0,False,TV Personality,Media,32,26-35,Mark Ballas,20,United States,Utah,1,1.0,0.17857142857142858
Whitney Leavitt,34,3,24.0,8.0,3,8.0,8.0,8.0,,6,10.0,False,TV Personality,Media,32,26-35,Mark Ballas,20,United States,Utah,1,1.0,0.125
Whitney Leavitt,34,4,25.0,8.333333333333334,3,9.0,8.0,8.0,,6,10.0,False,TV Personality,Media,32,26-35,Mark Ballas,20,United States,Utah,1,1.0,0.09090909090909091
Whitney Leavitt,34,5,33.0,8.25,4,9.0,8.0,8.0,8.0,6,10.0,False,TV Personality,Media,32,26-35,Mark Ballas,20,United States,Utah,1,4.0,0.4
Whitney Leavitt,34,6,39.0,9.75,4,10.0,9.0,10.0,10.0,6,10.0,False,TV Personality,Media,32,26-35,Mark Ballas,20,United States,Utah,1,1.0,0.15
Whitney Leavitt,34,7,42.0,10.5,4,10.25,10.25,10.25,11.25,6,10.0,False,TV Personality,Media,32,26-35,Mark Ballas,20,United States,Utah,1,2.0,0.2222222222222222
Whitney Leavitt,34,8,39.5,9.875,4,9.5,10.0,10.0,10.0,6,10.0,False,TV Personality,Media,32,26-35,Mark Ballas,20,United States,Utah,1,1.0,0.125
Whitney Leavitt,34,9,42.0,10.5,4,10.5,10.5,10.5,10.5,6,10.0,False,TV Personality,Media,32,26-35,Mark Ballas,20,United States,Utah,1,1.0,0.2857142857142857
Whitney Leavitt,34,10,29.0,9.666666666666666,3,9.0,10.0,10.0,,6,10.0,True,TV Personality,Media,32,26-35,Mark Ballas,20,United States,Utah,1,2.0,0.4166666666666667
Tatum O'Neal,2,1,23.0,7.666666666666667,3,7.0,8.0,8.0,,9,2.0,False,Actor/Actress,Entertainment,42,36-45,Nick Kosovich,0,United States,California,1,2.0,0.25
Tatum O'Neal,2,2,17.0,5.666666666666667,3,5.0,6.0,6.0,,9,2.0,True,Actor/Actress,Entertainment,42,36-45,Nick Kosovich,0,United States,California,1,8.0,0.8888888888888888
Vivica A. Fox,3,1,22.0,7.333333333333333,3,6.0,8.0,8.0,,8,4.0,False,Actor/Actress,Entertainment,42,36-45,Nick Kosovich,1,United States,Indiana,1,3.0,0.3181818181818182
Vivica A. Fox,3,2,24.0,8.0,3,8.0,8.0,8.0,,8,4.0,False,Actor/Actress,Entertainment,42,36-45,Nick Kosovich,1,United States,Indiana,1,3.0,0.35
Vivica A. Fox,3,3,27.0,9.0,3,9.0,9.0,9.0,,8,4.0,False,Actor/Actress,Entertainment,42,36-45,Nick Kosovich,1,United States,Indiana,1,1.0,0.16666666666666666
Vivica A. Fox,3,4,24.0,8.0,3,8.0,8.0,8.0,,8,4.0,True,Actor/Actress,Entertainment,42,36-45,Nick Kosovich,1,United States,Indiana,1,4.0,0.625
Kate Flannery,28,1,15.0,5.0,3,5.0,5.0,5.0,,7,8.0,False,Actor/Actress,Entertainment,55,46-55,Pasha Pashkov,0,United States,Pennsylvania,1,9.0,0.7916666666666666
Kate Flannery,28,2,21.0,7.0,3,7.0,7.0,7.0,,7,8.0,False,Actor/Actress,Entertainment,55,46-55,Pasha Pashkov,0,United States,Pennsylvania,1,2.0,0.16666666666666666
Kate Flannery,28,3,24.0,8.0,3,8.0,8.0,8.0,,7,8.0,False,Actor/Actress,Entertainment,55,46-55,Pasha Pashkov,0,United States,Pennsylvania,1,1.0,0.15
Kate Flannery,28,4,26.0,6.5,4,7.0,7.0,6.0,6.0,7,8.0,False,Actor/Actress,Entertainment,55,46-55,Pasha Pashkov,0,United States,Pennsylvania,1,8.0,0.8
Kate Flannery,28,5,24.0,8.0,3,8.0,8.0,8.0,,7,8.0,False,Actor/Actress,Entertainment,55,46-55,Pasha Pashkov,0,United States,Pennsylvania,1,5.0,0.6111111111111112
Kate Flannery,28,6,27.0,9.0,3,9.0,9.0,9.0,,7,8.0,False,Actor/Actress,Entertainment,55,46-55,Pasha Pashkov,0,United States,Pennsylvania,1,1.0,0.2222222222222222
Kate Flannery,28,7,24.0,8.0,3,8.0,8.0,8.0,,7,8.0,False,Actor/Actress,Entertainment,55,46-55,Pasha Pashkov,0,United States,Pennsylvania,1,7.0,0.875
Kate Flannery,28,8,25.9998,8.6666,3,8.6666,8.6666,8.6666,,7,8.0,True,Actor/Actress,Entertainment,55,46-55,Pasha Pashkov,0,United States,Pennsylvania,1,5.0,0.7142857142857143
Carole Baskin,29,1,11.0,3.6666666666666665,3,4.0,4.0,3.0,,14,3.0,False,TV Personality,Media,59,>55,Pasha Pashkov,1,United States,Texas,1,15.0,1.0
Carole Baskin,29,2,16.0,5.333333333333333,3,6.0,5.0,5.0,,14,3.0,False,TV Personality,Media,59,>55,Pasha Pashkov,1,United States,Texas,1,12.0,0.8333333333333334
Carole Baskin,29,3,12.0,4.0,3,5.0,4.0,3.0,,14,3.0,True,TV Personality,Media,59,>55,Pasha Pashkov,1,United States,Texas,1,14.0,1.0
Christine Chiu,30,1,25.0,6.25,4,6.0,7.0,6.0,6.0,14,3.0,False,TV Personality,Media,38,36-45,Pasha Pashkov,2,Taiwan China,Unknown,0,7.0,0.5
Christine Chiu,30,2,24.0,6.0,4,6.0,6.0,6.0,6.0,14,3.0,False,TV Personality,Media,38,36-45,Pasha Pashkov,2,Taiwan China,Unknown,0,10.0,0.7333333333333333
Christine Chiu,30,3,21.0,7.0,3,7.0,7.0,7.0,,14,3.0,True,TV Personality,Media,38,36-45,Pasha Pashkov,2,Taiwan China,Unknown,0,7.0,0.5714285714285714
Teresa Giudice,31,1,20.0,5.0,4,5.0,5.0,5.0,5.0,15,2.0,False,TV Personality,Media,50,46-55,Pasha Pashkov,3,United States,New Jersey,1,12.0,0.8125
Teresa Giudice,31,2,23.0,5.75,4,6.0,5.0,6.0,6.0,15,2.0,True,TV Personality,Media,50,46-55,Pasha Pashkov,3,United States,New Jersey,1,14.0,0.9333333333333333
Ariana Madix,32,1,21.0,7.0,3,7.0,7.0,7.0,,3,,False,TV Personality,Media,38,36-45,Pasha Pashkov,4,United States,Florida,1,2.0,0.17857142857142858
Ariana Madix,32,2,20.0,6.666666666666667,3,6.0,7.0,7.0,,3,,False,TV Personality,Media,38,36-45,Pasha Pashkov,4,United States,Florida,1,5.0,0.38461538461538464
Ariana Madix,32,3,34.0,8.5,4,9.0,8.0,9.0,8.0,3,,False,TV Personality,Media,38,36-45,Pasha Pashkov,4,United States,Florida,1,1.0,0.125
Ariana Madix,32,4,25.0,8.333333333333334,3,8.0,9.0,8.0,,3,,False,TV Personality,Media,38,36-45,Pasha Pashkov,4,United States,Florida,1,2.0,0.18181818181818182
Ariana Madix,32,5,24.0,8.0,3,8.0,8.0,8.0,,3,,False,TV Personality,Media,38,36-45,Pasha Pashkov,4,United States,Florida,1,4.0,0.55
Ariana Madix,32,6,41.0,10.25,4,10.0,10.0,10.0,11.0,3,,False,TV Personality,Media,38,36-45,Pasha Pashkov,4,United States,Florida,1,2.0,0.2222222222222222
Ariana Madix,32,7,37.0,9.25,4,9.0,9.0,10.0,9.0,3,,False,TV Personality,Media,38,36-45,Pasha Pashkov,4,United States,Florida,1,1.0,0.1875
Ariana Madix,32,8,42.0,10.5,4,9.75,10.75,10.75,10.75,3,,False,TV Personality,Media,38,36-45,Pasha Pashkov,4,United States,Florida,1,1.0,0.14285714285714285
Ariana Madix,32,9,37.0,9.25,4,9.0,9.0,9.0,10.0,3,,False,TV Personality,Media,38,36-45,Pasha Pashkov,4,United States,Florida,1,4.0,0.6666666666666666
Ariana Madix,32,10,29.0,9.666666666666666,3,9.5,9.5,10.0,,3,,False,TV Personality,Media,38,36-45,Pasha Pashkov,4,United States,Florida,1,3.0,0.6
Ariana Madix,32,11,29.5,9.833333333333334,3,9.5,10.0,10.0,,3,,False,TV Personality,Media,38,36-45,Pasha Pashkov,4,United States,Florida,1,3.0,0.7
Tori Spelling,33,1,17.0,5.666666666666667,3,6.0,6.0,5.0,,12,2.0,False,Actor/Actress,Entertainment,51,46-55,Pasha Pashkov,5,United States,California,1,11.0,0.8461538461538461
Tori Spelling,33,2,19.0,6.333333333333333,3,7.0,6.0,6.0,,12,2.0,True,Actor/Actress,Entertainment,51,46-55,Pasha Pashkov,5,United States,California,1,9.0,0.7307692307692307
Danielle Fishel,34,1,12.0,6.0,2,6.0,6.0,,,8,8.0,False,Actor/Actress,Entertainment,44,36-45,Pasha Pashkov,6,United States,California,1,6.0,0.5
Danielle Fishel,34,2,19.0,6.333333333333333,3,7.0,6.0,6.0,,8,8.0,False,Actor/Actress,Entertainment,44,36-45,Pasha Pashkov,6,United States,California,1,10.0,0.7142857142857143
Danielle Fishel,34,3,21.0,7.0,3,7.0,7.0,7.0,,8,8.0,False,Actor/Actress,Entertainment,44,36-45,Pasha Pashkov,6,United States,California,1,8.0,0.7083333333333334
Danielle Fishel,34,4,21.0,7.0,3,7.0,7.0,7.0,,8,8.0,False,Actor/Actress,Entertainment,44,36-45,Pasha Pashkov,6,United States,California,1,9.0,0.8636363636363636
Danielle Fishel,34,5,29.0,7.25,4,7.0,7.0,7.0,8.0,8,8.0,False,Actor/Actress,Entertainment,44,36-45,Pasha Pashkov,6,United States,California,1,8.0,0.85
Danielle Fishel,34,6,36.0,9.0,4,9.0,9.0,9.0,9.0,8,8.0,False,Actor/Actress,Entertainment,44,36-45,Pasha Pashkov,6,United States,California,1,3.0,0.4
Danielle Fishel,34,7,35.0,8.75,4,8.5,8.5,8.5,9.5,8,8.0,False,Actor/Actress,Entertainment,44,36-45,Pasha Pashkov,6,United States,California,1,6.0,0.6666666666666666
Danielle Fishel,34,8,37.0,9.25,4,9.5,9.0,9.5,9.0,8,8.0,True,Actor/Actress,Entertainment,44,36-45,Pasha Pashkov,6,United States,California,1,7.0,0.875
Metta World Peace (Ron),13,1,14.0,4.666666666666667,3,5.0,4.0,5.0,,12,1.0,True,Athlete,Sports,31,26-35,Peta Murgatroyd,0,United States,New York,1,12.0,1.0
Donald Driver,14,1,21.0,7.0,3,7.0,7.0,7.0,,1,,False,Athlete,Sports,37,36-45,Peta Murgatroyd,1,United States,Texas,1,8.0,0.7083333333333334
Donald Driver,14,2,24.0,8.0,3,8.0,8.0,8.0,,1,,False,Athlete,Sports,37,36-45,Peta Murgatroyd,1,United States,Texas,1,5.0,0.4166666666666667
Donald Driver,14,3,26.0,8.666666666666666,3,9.0,8.0,9.0,,1,,False,Athlete,Sports,37,36-45,Peta Murgatroyd,1,United States,Texas,1,4.0,0.36363636363636365
Donald Driver,14,4,27.0,9.0,3,9.0,9.0,9.0,,1,,False,Athlete,Sports,37,36-45,Peta Murgatroyd,1,United States,Texas,1,1.0,0.1
Donald Driver,14,5,27.0,9.0,3,10.0,8.0,9.0,,1,,False,Athlete,Sports,37,36-45,Peta Murgatroyd,1,United States,Texas,1,3.0,0.3888888888888889
Donald Driver,14,6,33.9999,11.3333,3,11.3333,11.3333,11.3333,,1,,False,Athlete,Sports,37,36-45,Peta Murgatroyd,1,United States,Texas,1,4.0,0.5
Donald Driver,14,7,26.5,8.833333333333334,3,9.0,8.5,9.0,,1,,False,Athlete,Sports,37,36-45,Peta Murgatroyd,1,United States,Texas,1,3.0,0.5
Donald Driver,14,8,27.5,9.166666666666666,3,9.5,9.0,9.0,,1,,False,Athlete,Sports,37,36-45,Peta Murgatroyd,1,United States,Texas,1,3.0,0.5833333333333334
Donald Driver,14,9,28.5,9.5,3,9.5,9.0,10.0,,1,,False,Athlete,Sports,37,36-45,Peta Murgatroyd,1,United States,Texas,1,3.0,0.75
Donald Driver,14,10,29.666600000000003,9.888866666666667,3,10.0,9.6666,10.0,,1,,False,Athlete,Sports,37,36-45,Peta Murgatroyd,1,United States,Texas,1,2.0,0.8333333333333334
Gilles Marini,15,1,24.0,8.0,3,8.0,8.0,8.0,,6,8.0,False,Actor/Actress,Entertainment,36,36-45,Peta Murgatroyd,2,France,Unknown,0,2.0,0.15384615384615385
Gilles Marini,15,2,25.5,8.5,3,8.5,8.5,8.5,,6,8.0,False,Actor/Actress,Entertainment,36,36-45,Peta Murgatroyd,2,France,Unknown,0,2.0,0.16666666666666666
Gilles Marini,15,3,25.5,8.5,3,8.5,8.5,8.5,,6,8.0,False,Actor/Actress,Entertainment,36,36-45,Peta Murgatroyd,2,France,Unknown,0,4.0,0.5
Gilles Marini,15,4,39.5,9.875,4,10.0,9.5,10.0,10.0,6,8.0,False,Actor/Actress,Entertainment,36,36-45,Peta Murgatroyd,2,France,Unknown,0,1.0,0.16666666666666666
Gilles Marini,15,5,28.25,9.416666666666666,3,9.5,9.25,9.5,,6,8.0,False,Actor/Actress,Entertainment,36,36-45,Peta Murgatroyd,2,France,Unknown,0,2.0,0.4375
Gilles Marini,15,6,27.5,9.166666666666666,3,9.0,9.0,9.5,,6,8.0,False,Actor/Actress,Entertainment,36,36-45,Peta Murgatroyd,2,France,Unknown,0,5.0,0.6875
Gilles Marini,15,7,33.4998,11.1666,3,11.1666,11.1666,11.1666,,6,8.0,False,Actor/Actress,Entertainment,36,36-45,Peta Murgatroyd,2,France,Unknown,0,5.0,0.7142857142857143
Gilles Marini,15,8,29.2777,9.759233333333333,3,9.5,10.0,9.7777,,6,8.0,True,Actor/Actress,Entertainment,36,36-45,Peta Murgatroyd,2,France,Unknown,0,2.0,0.35714285714285715
Sean Lowe,16,1,19.0,6.333333333333333,3,7.0,6.0,6.0,,6,8.0,False,TV Personality,Media,29,26-35,Peta Murgatroyd,3,United States,Texas,1,7.0,0.5833333333333334
Sean Lowe,16,2,20.0,6.666666666666667,3,7.0,6.0,7.0,,6,8.0,False,TV Personality,Media,29,26-35,Peta Murgatroyd,3,United States,Texas,1,5.0,0.5
Sean Lowe,16,3,21.0,7.0,3,7.0,7.0,7.0,,6,8.0,False,TV Personality,Media,29,26-35,Peta Murgatroyd,3,United States,Texas,1,6.0,0.6363636363636364
Sean Lowe,16,4,20.0,6.666666666666667,3,6.0,7.0,7.0,,6,8.0,False,TV Personality,Media,29,26-35,Peta Murgatroyd,3,United States,Texas,1,8.0,0.8
Sean Lowe,16,5,24.0,8.0,3,8.0,8.0,8.0,,6,8.0,False,TV Personality,Media,29,26-35,Peta Murgatroyd,3,United States,Texas,1,5.0,0.5555555555555556
Sean Lowe,16,6,23.0,7.666666666666667,3,7.5,8.0,7.5,,6,8.0,False,TV Personality,Media,29,26-35,Peta Murgatroyd,3,United States,Texas,1,4.0,0.5625
Sean Lowe,16,7,24.0,8.0,3,8.0,8.0,8.0,,6,8.0,False,TV Personality,Media,29,26-35,Peta Murgatroyd,3,United States,Texas,1,6.0,0.8571428571428571
Sean Lowe,16,8,21.0,7.0,3,7.0,7.0,7.0,,6,8.0,True,TV Personality,Media,29,26-35,Peta Murgatroyd,3,United States,Texas,1,6.0,1.0
Brant Daugherty,17,1,22.0,7.333333333333333,3,7.0,8.0,7.0,,7,8.0,False,Actor/Actress,Entertainment,28,26-35,Peta Murgatroyd,4,United States,Ohio,1,6.0,0.5416666666666666
Brant Daugherty,17,2,23.0,7.666666666666667,3,8.0,7.0,8.0,,7,8.0,False,Actor/Actress,Entertainment,28,26-35,Peta Murgatroyd,4,United States,Ohio,1,7.0,0.5833333333333334
Brant Daugherty,17,3,27.0,9.0,3,9.0,9.0,9.0,,7,8.0,False,Actor/Actress,Entertainment,28,26-35,Peta Murgatroyd,4,United States,Ohio,1,1.0,0.09090909090909091
Brant Daugherty,17,4,21.0,7.0,3,7.0,7.0,7.0,,7,8.0,False,Actor/Actress,Entertainment,28,26-35,Peta Murgatroyd,4,United States,Ohio,1,8.0,0.85
Brant Daugherty,17,5,27.0,9.0,3,9.0,9.0,9.0,,7,8.0,False,Actor/Actress,Entertainment,28,26-35,Peta Murgatroyd,4,United States,Ohio,1,3.0,0.4444444444444444
Brant Daugherty,17,6,31.0,10.333333333333334,3,10.0,11.0,10.0,,7,8.0,False,Actor/Actress,Entertainment,28,26-35,Peta Murgatroyd,4,United States,Ohio,1,3.0,0.375
Brant Daugherty,17,7,28.5,9.5,3,9.5,9.5,9.5,,7,8.0,False,Actor/Actress,Entertainment,28,26-35,Peta Murgatroyd,4,United States,Ohio,1,3.0,0.4375
Brant Daugherty,17,8,27.0,9.0,3,9.0,9.0,9.0,,7,8.0,True,Actor/Actress,Entertainment,28,26-35,Peta Murgatroyd,4,United States,Ohio,1,5.0,0.7142857142857143
James Maslow,18,1,21.0,7.0,3,7.0,7.0,7.0,,4,10.0,False,Actor/Actress,Entertainment,23,≤25,Peta Murgatroyd,5,United States,New York,1,7.0,0.6666666666666666
James Maslow,18,2,25.0,8.333333333333334,3,9.0,8.0,8.0,,4,10.0,False,Actor/Actress,Entertainment,23,≤25,Peta Murgatroyd,5,United States,New York,1,1.0,0.18181818181818182
James Maslow,18,3,36.0,9.0,4,9.0,9.0,9.0,9.0,4,10.0,False,Actor/Actress,Entertainment,23,≤25,Peta Murgatroyd,5,United States,New York,1,2.0,0.3888888888888889
James Maslow,18,4,35.0,8.75,4,9.0,8.0,9.0,9.0,4,10.0,False,Actor/Actress,Entertainment,23,≤25,Peta Murgatroyd,5,United States,New York,1,2.0,0.2222222222222222
James Maslow,18,5,40.0,10.0,4,10.0,10.0,10.0,10.0,4,10.0,False,Actor/Actress,Entertainment,23,≤25,Peta Murgatroyd,5,United States,New York,1,1.0,0.1111111111111111
James Maslow,18,6,35.0,8.75,4,9.0,9.0,8.0,9.0,4,10.0,False,Actor/Actress,Entertainment,23,≤25,Peta Murgatroyd,5,United States,New York,1,5.0,0.625
James Maslow,18,7,35.0,8.75,4,8.5,9.5,8.0,9.0,4,10.0,False,Actor/Actress,Entertainment,23,≤25,Peta Murgatroyd,5,United States,New York,1,6.0,0.8571428571428571
James Maslow,18,8,36.0,9.0,4,8.0,9.0,10.0,9.0,4,10.0,False,Actor/Actress,Entertainment,23,≤25,Peta Murgatroyd,5,United States,New York,1,4.0,0.8333333333333334
James Maslow,18,9,38.0,9.5,4,9.5,9.5,9.5,9.5,4,10.0,False,Actor/Actress,Entertainment,23,≤25,Peta Murgatroyd,5,United States,New York,1,3.0,0.7
James Maslow,18,10,29.0,9.666666666666666,3,9.5,9.5,10.0,,4,10.0,True,Actor/Actress,Entertainment,23,≤25,Peta Murgatroyd,5,United States,New York,1,3.0,0.75
Tommy Chong,19,1,27.0,6.75,4,7.0,6.0,7.0,7.0,5,10.0,False,Comedian,Entertainment,76,>55,Peta Murgatroyd,6,Canada,Unknown,0,9.0,0.6923076923076923
Tommy Chong,19,2,28.0,7.0,4,7.0,7.0,7.0,7.0,5,10.0,False,Comedian,Entertainment,76,>55,Peta Murgatroyd,6,Canada,Unknown,0,8.0,0.7916666666666666
Tommy Chong,19,3,34.0,8.5,4,8.0,10.0,8.0,8.0,5,10.0,False,Comedian,Entertainment,76,>55,Peta Murgatroyd,6,Canada,Unknown,0,3.0,0.2727272727272727
Tommy Chong,19,4,28.0,7.0,4,7.0,7.0,7.0,7.0,5,10.0,False,Comedian,Entertainment,76,>55,Peta Murgatroyd,6,Canada,Unknown,0,8.0,0.8
Tommy Chong,19,5,23.0,5.75,4,6.0,6.0,5.0,6.0,5,10.0,False,Comedian,Entertainment,76,>55,Peta Murgatroyd,6,Canada,Unknown,0,8.0,0.8888888888888888
Tommy Chong,19,6,28.0,7.0,4,7.0,7.0,7.0,7.0,5,10.0,False,Comedian,Entertainment,76,>55,Peta Murgatroyd,6,Canada,Unknown,0,8.0,0.9444444444444444
Tommy Chong,19,7,30.0,7.5,4,7.5,7.5,7.5,7.5,5,10.0,False,Comedian,Entertainment,76,>55,Peta Murgatroyd,6,Canada,Unknown,0,6.0,0.75
Tommy Chong,19,8,29.0,7.25,4,6.75,7.75,7.75,6.75,5,10.0,False,Comedian,Entertainment,76,>55,Peta Murgatroyd,6,Canada,Unknown,0,6.0,0.8571428571428571
Tommy Chong,19,9,28.5,7.125,4,7.0,7.5,7.0,7.0,5,10.0,False,Comedian,Entertainment,76,>55,Peta Murgatroyd,6,Canada,Unknown,0,6.0,1.0
Tommy Chong,19,10,31.0,7.75,4,8.0,7.5,8.0,7.5,5,10.0,True,Comedian,Entertainment,76,>55,Peta Murgatroyd,6,Canada,Unknown,0,5.0,1.0
Michael Sam,20,1,26.0,6.5,4,6.0,6.0,7.0,7.0,10,4.0,False,Athlete,Sports,25,≤25,Peta Murgatroyd,7,United States,Texas,1,5.0,0.5
Michael Sam,20,2,28.0,7.0,4,7.0,7.0,7.0,7.0,10,4.0,False,Athlete,Sports,25,≤25,Peta Murgatroyd,7,United States,Texas,1,6.0,0.625
Michael Sam,20,3,24.0,6.0,4,6.0,6.0,6.0,6.0,10,4.0,False,Athlete,Sports,25,≤25,Peta Murgatroyd,7,United States,Texas,1,9.0,0.8181818181818182
Michael Sam,20,4,30.0,7.5,4,7.0,7.0,8.0,8.0,10,4.0,True,Athlete,Sports,25,≤25,Peta Murgatroyd,7,United States,Texas,1,7.0,0.75
Nyle DiMarco,22,1,23.0,7.666666666666667,3,8.0,7.0,8.0,,1,,False,Model,Model,26,26-35,Peta Murgatroyd,8,United States,New York,1,1.0,0.16666666666666666
Nyle DiMarco,22,2,20.0,6.666666666666667,3,7.0,6.0,7.0,,1,,False,Model,Model,26,26-35,Peta Murgatroyd,8,United States,New York,1,5.0,0.5416666666666666
Nyle DiMarco,22,3,25.0,8.333333333333334,3,8.0,8.0,9.0,,1,,False,Model,Model,26,26-35,Peta Murgatroyd,8,United States,New York,1,1.0,0.09090909090909091
Nyle DiMarco,22,4,34.0,8.5,4,8.0,8.0,9.0,9.0,1,,False,Model,Model,26,26-35,Peta Murgatroyd,8,United States,New York,1,5.0,0.5
Nyle DiMarco,22,5,37.0,9.25,4,9.0,10.0,9.0,9.0,1,,False,Model,Model,26,26-35,Peta Murgatroyd,8,United States,New York,1,1.0,0.1111111111111111
Nyle DiMarco,22,6,25.0,8.333333333333334,3,8.0,8.0,9.0,,1,,False,Model,Model,26,26-35,Peta Murgatroyd,8,United States,New York,1,4.0,0.5
Nyle DiMarco,22,7,28.0,9.333333333333334,3,9.5,9.0,9.5,,1,,False,Model,Model,26,26-35,Peta Murgatroyd,8,United States,New York,1,1.0,0.125
Nyle DiMarco,22,8,29.0,9.666666666666666,3,10.0,9.0,10.0,,1,,False,Model,Model,26,26-35,Peta Murgatroyd,8,United States,New York,1,3.0,0.5
Nyle DiMarco,22,9,28.5,9.5,3,9.5,9.5,9.5,,1,,False,Model,Model,26,26-35,Peta Murgatroyd,8,United States,New York,1,3.0,0.6
Nyle DiMarco,22,10,28.9998,9.6666,3,9.6666,9.6666,9.6666,,1,,False,Model,Model,26,26-35,Peta Murgatroyd,8,United States,New York,1,2.0,0.6666666666666666
Nick Viall,24,1,24.0,6.0,4,6.0,6.0,6.0,6.0,6,7.0,False,TV Personality,Media,36,36-45,Peta Murgatroyd,9,United States,Wisconsin,1,7.0,0.625
Nick Viall,24,2,25.0,6.25,4,7.0,5.0,7.0,6.0,6,7.0,False,TV Personality,Media,36,36-45,Peta Murgatroyd,9,United States,Wisconsin,1,9.0,0.7916666666666666
Nick Viall,24,3,26.0,6.5,4,7.0,6.0,7.0,6.0,6,7.0,False,TV Personality,Media,36,36-45,Peta Murgatroyd,9,United States,Wisconsin,1,7.0,0.6818181818181818
Nick Viall,24,4,30.0,7.5,4,8.0,7.0,8.0,7.0,6,7.0,False,TV Personality,Media,36,36-45,Peta Murgatroyd,9,United States,Wisconsin,1,8.0,0.85
Nick Viall,24,5,34.0,8.5,4,9.0,8.0,9.0,8.0,6,7.0,False,TV Personality,Media,36,36-45,Peta Murgatroyd,9,United States,Wisconsin,1,4.0,0.5
Nick Viall,24,6,30.5,7.625,4,7.5,8.0,7.5,7.5,6,7.0,False,TV Personality,Media,36,36-45,Peta Murgatroyd,9,United States,Wisconsin,1,8.0,1.0
Nick Viall,24,7,34.0,8.5,4,8.0,8.0,9.0,9.0,6,7.0,True,TV Personality,Media,36,36-45,Peta Murgatroyd,9,United States,Wisconsin,1,5.0,0.7142857142857143
Nick Lachey,25,1,18.0,6.0,3,6.0,6.0,6.0,,9,6.0,False,Singer/Rapper,Entertainment,43,36-45,Peta Murgatroyd,10,United States,Kentucky,1,7.0,0.6153846153846154
Nick Lachey,25,2,19.0,6.333333333333333,3,7.0,6.0,6.0,,9,6.0,False,Singer/Rapper,Entertainment,43,36-45,Peta Murgatroyd,10,United States,Kentucky,1,11.0,0.8846153846153846
Nick Lachey,25,3,21.0,7.0,3,7.0,7.0,7.0,,9,6.0,False,Singer/Rapper,Entertainment,43,36-45,Peta Murgatroyd,10,United States,Kentucky,1,6.0,0.7272727272727273
Nick Lachey,25,4,22.0,7.333333333333333,3,8.0,7.0,7.0,,9,6.0,False,Singer/Rapper,Entertainment,43,36-45,Peta Murgatroyd,10,United States,Kentucky,1,11.0,1.0
Nick Lachey,25,5,22.0,7.333333333333333,3,7.0,8.0,7.0,,9,6.0,False,Singer/Rapper,Entertainment,43,36-45,Peta Murgatroyd,10,United States,Kentucky,1,10.0,1.0
Nick Lachey,25,6,26.0,6.5,4,7.0,6.0,7.0,6.0,9,6.0,True,Singer/Rapper,Entertainment,43,36-45,Peta Murgatroyd,10,United States,Kentucky,1,9.0,1.0
Lamar Odom,28,1,11.0,3.6666666666666665,3,5.0,3.0,3.0,,10,4.0,False,Athlete,Sports,39,36-45,Peta Murgatroyd,11,United States,New York,1,12.0,1.0
Lamar Odom,28,2,12.0,4.0,3,4.0,4.0,4.0,,10,4.0,False,Athlete,Sports,39,36-45,Peta Murgatroyd,11,United States,New York,1,12.0,1.0
Lamar Odom,28,3,12.0,4.0,3,4.0,4.0,4.0,,10,4.0,False,Athlete,Sports,39,36-45,Peta Murgatroyd,11,United States,New York,1,10.0,1.0
Lamar Odom,28,4,20.0,5.0,4,5.0,7.0,4.0,4.0,10,4.0,True,Athlete,Sports,39,36-45,Peta Murgatroyd,11,United States,New York,1,10.0,1.0
Veron Davis,29,1,17.0,5.666666666666667,3,5.0,6.0,6.0,,11,6.0,False,Athlete,Sports,36,36-45,Peta Murgatroyd,12,United States,Washington D.C.,1,11.0,0.7333333333333333
Veron Davis,29,2,18.0,6.0,3,6.0,6.0,6.0,,11,6.0,False,Athlete,Sports,36,36-45,Peta Murgatroyd,12,United States,Washington D.C.,1,6.0,0.5666666666666667
Veron Davis,29,3,22.0,7.333333333333333,3,8.0,7.0,7.0,,11,6.0,False,Athlete,Sports,36,36-45,Peta Murgatroyd,12,United States,Washington D.C.,1,4.0,0.35714285714285715
Veron Davis,29,4,22.0,7.333333333333333,3,8.0,7.0,7.0,,11,6.0,False,Athlete,Sports,36,36-45,Peta Murgatroyd,12,United States,Washington D.C.,1,8.0,0.6538461538461539
Veron Davis,29,5,21.0,7.0,3,7.0,7.0,7.0,,11,6.0,False,Athlete,Sports,36,36-45,Peta Murgatroyd,12,United States,Washington D.C.,1,10.0,0.8333333333333334
Veron Davis,29,6,21.0,7.0,3,7.0,7.0,7.0,,11,6.0,True,Athlete,Sports,36,36-45,Peta Murgatroyd,12,United States,Washington D.C.,1,10.0,0.9090909090909091
Jason Lewis,31,1,18.0,4.5,4,5.0,4.0,4.0,5.0,16,1.0,True,Actor/Actress,Entertainment,51,46-55,Peta Murgatroyd,13,United States,California,1,15.0,0.9375
Barry Williams,32,1,16.0,5.333333333333333,3,6.0,5.0,5.0,,7,8.0,False,Actor/Actress,Entertainment,68,>55,Peta Murgatroyd,14,United States,California,1,8.0,0.5714285714285714
Barry Williams,32,2,15.0,5.0,3,5.0,5.0,5.0,,7,8.0,False,Actor/Actress,Entertainment,68,>55,Peta Murgatroyd,14,United States,California,1,10.0,0.8461538461538461
Barry Williams,32,3,25.0,6.25,4,6.0,6.0,7.0,6.0,7,8.0,False,Actor/Actress,Entertainment,68,>55,Peta Murgatroyd,14,United States,California,1,7.0,0.5833333333333334
Barry Williams,32,4,18.0,6.0,3,6.0,6.0,6.0,,7,8.0,False,Actor/Actress,Entertainment,68,>55,Peta Murgatroyd,14,United States,California,1,10.0,0.9545454545454546
Barry Williams,32,5,24.0,8.0,3,8.0,8.0,8.0,,7,8.0,False,Actor/Actress,Entertainment,68,>55,Peta Murgatroyd,14,United States,California,1,4.0,0.55
Barry Williams,32,6,32.0,8.0,4,8.25,7.25,8.25,8.25,7,8.0,False,Actor/Actress,Entertainment,68,>55,Peta Murgatroyd,14,United States,California,1,7.0,0.7777777777777778
Barry Williams,32,7,32.5,8.125,4,8.0,8.0,8.5,8.0,7,8.0,False,Actor/Actress,Entertainment,68,>55,Peta Murgatroyd,14,United States,California,1,7.0,0.875
Barry Williams,32,8,35.0,8.75,4,8.75,8.75,8.75,8.75,7,8.0,True,Actor/Actress,Entertainment,68,>55,Peta Murgatroyd,14,United States,California,1,5.0,0.7142857142857143
Harry Jowsey,32,1,12.0,4.0,3,4.0,4.0,4.0,,6,9.0,False,TV Personality,Media,26,26-35,Rylee Arnold,0,Australia,Unknown,0,12.0,0.9285714285714286
Harry Jowsey,32,2,15.0,5.0,3,5.0,5.0,5.0,,6,9.0,False,TV Personality,Media,26,26-35,Rylee Arnold,0,Australia,Unknown,0,10.0,0.8461538461538461
Harry Jowsey,32,3,24.0,6.0,4,6.0,5.0,7.0,6.0,6,9.0,False,TV Personality,Media,26,26-35,Rylee Arnold,0,Australia,Unknown,0,8.0,0.7083333333333334
Harry Jowsey,32,4,21.0,7.0,3,7.0,7.0,7.0,,6,9.0,False,TV Personality,Media,26,26-35,Rylee Arnold,0,Australia,Unknown,0,6.0,0.6363636363636364
Harry Jowsey,32,5,18.0,6.0,3,6.0,6.0,6.0,,6,9.0,False,TV Personality,Media,26,26-35,Rylee Arnold,0,Australia,Unknown,0,10.0,1.0
Harry Jowsey,32,6,29.0,7.25,4,7.25,7.25,7.25,7.25,6,9.0,False,TV Personality,Media,26,26-35,Rylee Arnold,0,Australia,Unknown,0,9.0,1.0
Harry Jowsey,32,7,32.0,8.0,4,8.0,8.0,8.0,8.0,6,9.0,False,TV Personality,Media,26,26-35,Rylee Arnold,0,Australia,Unknown,0,8.0,1.0
Harry Jowsey,32,8,28.0,7.0,4,7.0,7.0,7.0,7.0,6,9.0,False,TV Personality,Media,26,26-35,Rylee Arnold,0,Australia,Unknown,0,7.0,1.0
Harry Jowsey,32,9,30.0,7.5,4,8.0,7.0,8.0,7.0,6,9.0,True,TV Personality,Media,26,26-35,Rylee Arnold,0,Australia,Unknown,0,6.0,1.0
Stephen Nedoroscik,33,1,21.0,7.0,3,7.0,7.0,7.0,,4,,False,Athlete,Sports,26,26-35,Rylee Arnold,1,United States,Florida,1,3.0,0.2692307692307692
Stephen Nedoroscik,33,2,22.0,7.333333333333333,3,8.0,7.0,7.0,,4,,False,Athlete,Sports,26,26-35,Rylee Arnold,1,United States,Florida,1,2.0,0.23076923076923078
Stephen Nedoroscik,33,3,31.0,7.75,4,8.0,8.0,7.5,7.5,4,,False,Athlete,Sports,26,26-35,Rylee Arnold,1,United States,Florida,1,3.0,0.3181818181818182
Stephen Nedoroscik,33,4,33.0,8.25,4,8.0,9.0,8.0,8.0,4,,False,Athlete,Sports,26,26-35,Rylee Arnold,1,United States,Florida,1,3.0,0.3333333333333333
Stephen Nedoroscik,33,5,24.0,8.0,3,8.0,8.0,8.0,,4,,False,Athlete,Sports,26,26-35,Rylee Arnold,1,United States,Florida,1,6.0,0.875
Stephen Nedoroscik,33,6,28.0,9.333333333333334,3,10.0,9.0,9.0,,4,,False,Athlete,Sports,26,26-35,Rylee Arnold,1,United States,Florida,1,5.0,0.7857142857142857
Stephen Nedoroscik,33,7,27.0,9.0,3,9.5,9.0,8.5,,4,,False,Athlete,Sports,26,26-35,Rylee Arnold,1,United States,Florida,1,3.0,0.5
Stephen Nedoroscik,33,8,26.5,8.833333333333334,3,9.0,8.5,9.0,,4,,False,Athlete,Sports,26,26-35,Rylee Arnold,1,United States,Florida,1,5.0,1.0
Stephen Nedoroscik,33,9,29.5,9.833333333333334,3,10.0,9.5,10.0,,4,,False,Athlete,Sports,26,26-35,Rylee Arnold,1,United States,Florida,1,2.0,0.5
Scott Hoying,34,1,10.0,5.0,2,5.0,5.0,,,10,6.0,False,Singer/Rapper,Entertainment,34,26-35,Rylee Arnold,2,United States,California,1,9.0,0.75
Scott Hoying,34,2,18.0,6.0,3,6.0,6.0,6.0,,10,6.0,False,Singer/Rapper,Entertainment,34,26-35,Rylee Arnold,2,United States,California,1,11.0,0.8214285714285714
Scott Hoying,34,3,22.0,7.333333333333333,3,8.0,7.0,7.0,,10,6.0,False,Singer/Rapper,Entertainment,34,26-35,Rylee Arnold,2,United States,California,1,5.0,0.5
Scott Hoying,34,4,21.0,7.0,3,7.0,7.0,7.0,,10,6.0,False,Singer/Rapper,Entertainment,34,26-35,Rylee Arnold,2,United States,California,1,9.0,0.8636363636363636
Scott Hoying,34,5,30.0,7.5,4,7.0,8.0,7.0,8.0,10,6.0,False,Singer/Rapper,Entertainment,34,26-35,Rylee Arnold,2,United States,California,1,6.0,0.65
Scott Hoying,34,6,28.0,7.0,4,7.0,7.0,7.0,7.0,10,6.0,True,Singer/Rapper,Entertainment,34,26-35,Rylee Arnold,2,United States,California,1,9.0,0.9
"Nicole ""Snooki"" Polizzi",17,1,23.0,7.666666666666667,3,8.0,8.0,7.0,,8,7.0,False,TV Personality,Media,25,≤25,Sasha Farber,0,Chile,Unknown,0,4.0,0.375
"Nicole ""Snooki"" Polizzi",17,2,20.0,6.666666666666667,3,6.0,7.0,7.0,,8,7.0,False,TV Personality,Media,25,≤25,Sasha Farber,0,Chile,Unknown,0,9.0,0.75
"Nicole ""Snooki"" Polizzi",17,3,25.0,8.333333333333334,3,9.0,8.0,8.0,,8,7.0,False,TV Personality,Media,25,≤25,Sasha Farber,0,Chile,Unknown,0,4.0,0.4090909090909091
"Nicole ""Snooki"" Polizzi",17,4,24.0,8.0,3,8.0,8.0,8.0,,8,7.0,False,TV Personality,Media,25,≤25,Sasha Farber,0,Chile,Unknown,0,4.0,0.55
"Nicole ""Snooki"" Polizzi",17,5,27.0,9.0,3,9.0,9.0,9.0,,8,7.0,False,TV Personality,Media,25,≤25,Sasha Farber,0,Chile,Unknown,0,3.0,0.4444444444444444
"Nicole ""Snooki"" Polizzi",17,6,30.0,10.0,3,10.0,10.0,10.0,,8,7.0,False,TV Personality,Media,25,≤25,Sasha Farber,0,Chile,Unknown,0,4.0,0.5
"Nicole ""Snooki"" Polizzi",17,7,27.0,9.0,3,9.0,9.0,9.0,,8,7.0,True,TV Personality,Media,25,≤25,Sasha Farber,0,Chile,Unknown,0,5.0,0.6875
Kim Fields,22,1,20.0,6.666666666666667,3,7.0,6.0,7.0,,8,7.0,False,Actor/Actress,Entertainment,46,46-55,Sasha Farber,1,United States,New York,1,8.0,0.7083333333333334
Kim Fields,22,2,19.0,6.333333333333333,3,7.0,6.0,6.0,,8,7.0,False,Actor/Actress,Entertainment,46,46-55,Sasha Farber,1,United States,New York,1,9.0,0.7916666666666666
Kim Fields,22,3,22.0,7.333333333333333,3,8.0,7.0,7.0,,8,7.0,False,Actor/Actress,Entertainment,46,46-55,Sasha Farber,1,United States,New York,1,5.0,0.45454545454545453
Kim Fields,22,4,32.0,8.0,4,8.0,8.0,8.0,8.0,8,7.0,False,Actor/Actress,Entertainment,46,46-55,Sasha Farber,1,United States,New York,1,6.0,0.65
Kim Fields,22,5,28.0,7.0,4,8.0,6.0,6.0,8.0,8,7.0,False,Actor/Actress,Entertainment,46,46-55,Sasha Farber,1,United States,New York,1,7.0,0.8333333333333334
Kim Fields,22,6,24.0,8.0,3,8.0,8.0,8.0,,8,7.0,False,Actor/Actress,Entertainment,46,46-55,Sasha Farber,1,United States,New York,1,6.0,0.7777777777777778
Kim Fields,22,7,26.0,8.666666666666666,3,8.5,8.5,9.0,,8,7.0,True,Actor/Actress,Entertainment,46,46-55,Sasha Farber,1,United States,New York,1,5.0,0.75
Terra Jole,23,1,25.0,6.25,4,7.0,6.0,6.0,6.0,5,10.0,False,TV Personality,Media,36,36-45,Sasha Farber,2,United States,Texas,1,7.0,0.5769230769230769
Terra Jole,23,2,31.0,7.75,4,8.0,7.0,8.0,8.0,5,10.0,False,TV Personality,Media,36,36-45,Sasha Farber,2,United States,Texas,1,2.0,0.15384615384615385
Terra Jole,23,3,30.0,7.5,4,8.0,7.0,8.0,7.0,5,10.0,False,TV Personality,Media,36,36-45,Sasha Farber,2,United States,Texas,1,3.0,0.25
Terra Jole,23,4,25.0,8.333333333333334,3,9.0,8.0,8.0,,5,10.0,False,TV Personality,Media,36,36-45,Sasha Farber,2,United States,Texas,1,3.0,0.2727272727272727
Terra Jole,23,5,27.0,9.0,3,9.0,9.0,9.0,,5,10.0,False,TV Personality,Media,36,36-45,Sasha Farber,2,United States,Texas,1,2.0,0.2777777777777778
Terra Jole,23,6,30.0,7.5,4,7.0,8.0,8.0,7.0,5,10.0,False,TV Personality,Media,36,36-45,Sasha Farber,2,United States,Texas,1,7.0,0.8333333333333334
Terra Jole,23,7,34.5,8.625,4,8.5,8.5,9.0,8.5,5,10.0,False,TV Personality,Media,36,36-45,Sasha Farber,2,United States,Texas,1,3.0,0.5
Terra Jole,23,8,24.0,8.0,3,8.0,8.0,8.0,,5,10.0,False,TV Personality,Media,36,36-45,Sasha Farber,2,United States,Texas,1,6.0,0.8571428571428571
Terra Jole,23,9,38.0,9.5,4,10.0,10.0,9.0,9.0,5,10.0,False,TV Personality,Media,36,36-45,Sasha Farber,2,United States,Texas,1,3.0,0.5
Terra Jole,23,10,30.0,10.0,3,10.0,10.0,10.0,,5,10.0,True,TV Personality,Media,36,36-45,Sasha Farber,2,United States,Texas,1,1.0,0.3
Simone Biles,24,1,32.0,8.0,4,8.0,8.0,8.0,8.0,4,9.0,False,Athlete,Sports,20,≤25,Sasha Farber,3,United States,Ohio,1,1.0,0.08333333333333333
Simone Biles,24,2,29.0,7.25,4,7.0,7.0,7.0,8.0,4,9.0,False,Athlete,Sports,20,≤25,Sasha Farber,3,United States,Ohio,1,4.0,0.3333333333333333
Simone Biles,24,3,32.0,8.0,4,7.0,8.0,9.0,8.0,4,9.0,False,Athlete,Sports,20,≤25,Sasha Farber,3,United States,Ohio,1,4.0,0.36363636363636365
Simone Biles,24,4,36.0,9.0,4,9.0,9.0,9.0,9.0,4,9.0,False,Athlete,Sports,20,≤25,Sasha Farber,3,United States,Ohio,1,2.0,0.2
Simone Biles,24,5,38.0,9.5,4,9.0,9.0,10.0,10.0,4,9.0,False,Athlete,Sports,20,≤25,Sasha Farber,3,United States,Ohio,1,2.0,0.2222222222222222
Simone Biles,24,6,34.5,8.625,4,8.5,8.5,8.5,9.0,4,9.0,False,Athlete,Sports,20,≤25,Sasha Farber,3,United States,Ohio,1,4.0,0.5
Simone Biles,24,7,39.0,9.75,4,10.5,9.5,9.5,9.5,4,9.0,False,Athlete,Sports,20,≤25,Sasha Farber,3,United States,Ohio,1,2.0,0.35714285714285715
Simone Biles,24,8,36.0,9.0,4,9.0,9.0,9.0,9.0,4,9.0,False,Athlete,Sports,20,≤25,Sasha Farber,3,United States,Ohio,1,3.0,0.6
Simone Biles,24,9,40.0,10.0,4,10.0,10.0,10.0,10.0,4,9.0,True,Athlete,Sports,20,≤25,Sasha Farber,3,United States,Ohio,1,1.0,0.25
Tonya Harding,26,1,23.0,7.666666666666667,3,8.0,8.0,7.0,,3,,False,Athlete,Sports,47,46-55,Sasha Farber,4,United States,Oregon,1,3.0,0.35
Tonya Harding,26,2,33.0,8.25,4,8.0,9.0,8.0,8.0,3,,False,Athlete,Sports,47,46-55,Sasha Farber,4,United States,Oregon,1,4.0,0.5625
Tonya Harding,26,3,35.0,8.75,4,8.5,9.5,8.5,8.5,3,,False,Athlete,Sports,47,46-55,Sasha Farber,4,United States,Oregon,1,3.0,0.5833333333333334
Tonya Harding,26,4,28.0,9.333333333333334,3,9.0,9.5,9.5,,3,,False,Athlete,Sports,47,46-55,Sasha Farber,4,United States,Oregon,1,3.0,1.0
Mary Lou Retton,27,1,20.0,6.666666666666667,3,6.5,7.0,6.5,,9,6.0,False,Athlete,Sports,50,46-55,Sasha Farber,5,United States,West Virginia,1,5.0,0.46153846153846156
Mary Lou Retton,27,2,23.0,7.666666666666667,3,8.0,7.5,7.5,,9,6.0,False,Athlete,Sports,50,46-55,Sasha Farber,5,United States,West Virginia,1,7.0,0.5833333333333334
Mary Lou Retton,27,3,24.0,8.0,3,8.0,8.0,8.0,,9,6.0,False,Athlete,Sports,50,46-55,Sasha Farber,5,United States,West Virginia,1,7.0,0.6363636363636364
Mary Lou Retton,27,4,26.0,8.666666666666666,3,9.0,8.0,9.0,,9,6.0,False,Athlete,Sports,50,46-55,Sasha Farber,5,United States,West Virginia,1,2.0,0.25
Mary Lou Retton,27,5,25.0,8.333333333333334,3,9.0,8.0,8.0,,9,6.0,False,Athlete,Sports,50,46-55,Sasha Farber,5,United States,West Virginia,1,5.0,0.5555555555555556
Mary Lou Retton,27,6,24.0,8.0,3,8.0,8.0,8.0,,9,6.0,True,Athlete,Sports,50,46-55,Sasha Farber,5,United States,West Virginia,1,6.0,0.6666666666666666
Ally Brooke,28,1,16.0,5.333333333333333,3,5.0,5.0,6.0,,3,,False,Singer/Rapper,Entertainment,26,26-35,Sasha Farber,6,United States,Texas,1,7.0,0.625
Ally Brooke,28,2,20.0,6.666666666666667,3,7.0,6.0,7.0,,3,,False,Singer/Rapper,Entertainment,26,26-35,Sasha Farber,6,United States,Texas,1,3.0,0.3333333333333333
Ally Brooke,28,3,24.0,8.0,3,8.0,8.0,8.0,,3,,False,Singer/Rapper,Entertainment,26,26-35,Sasha Farber,6,United States,Texas,1,1.0,0.15
Ally Brooke,28,4,32.0,8.0,4,8.0,8.0,8.0,8.0,3,,False,Singer/Rapper,Entertainment,26,26-35,Sasha Farber,6,United States,Texas,1,1.0,0.25
Ally Brooke,28,5,27.0,9.0,3,9.0,9.0,9.0,,3,,False,Singer/Rapper,Entertainment,26,26-35,Sasha Farber,6,United States,Texas,1,1.0,0.1111111111111111
Ally Brooke,28,6,25.0,8.333333333333334,3,8.0,9.0,8.0,,3,,False,Singer/Rapper,Entertainment,26,26-35,Sasha Farber,6,United States,Texas,1,6.0,0.7222222222222222
Ally Brooke,28,7,27.0,9.0,3,9.0,9.0,9.0,,3,,False,Singer/Rapper,Entertainment,26,26-35,Sasha Farber,6,United States,Texas,1,1.0,0.25
Ally Brooke,28,8,30.0,10.0,3,10.0,10.0,10.0,,3,,False,Singer/Rapper,Entertainment,26,26-35,Sasha Farber,6,United States,Texas,1,3.0,0.42857142857142855
Ally Brooke,28,9,40.0,10.0,4,10.0,10.0,10.0,10.0,3,,False,Singer/Rapper,Entertainment,26,26-35,Sasha Farber,6,United States,Texas,1,1.0,0.16666666666666666
Ally Brooke,28,10,29.5,9.833333333333334,3,10.0,9.5,10.0,,3,,False,Singer/Rapper,Entertainment,26,26-35,Sasha Farber,6,United States,Texas,1,1.0,0.2
Ally Brooke,28,11,30.0,10.0,3,10.0,10.0,10.0,,3,,False,Singer/Rapper,Entertainment,26,26-35,Sasha Farber,6,United States,Texas,1,1.0,0.25
Justina Machado,29,1,21.0,7.0,3,7.0,7.0,7.0,,4,,False,Actor/Actress,Entertainment,48,46-55,Sasha Farber,7,United States,Illinois,1,1.0,0.1
Justina Machado,29,2,21.0,7.0,3,7.0,7.0,7.0,,4,,False,Actor/Actress,Entertainment,48,46-55,Sasha Farber,7,United States,Illinois,1,2.0,0.16666666666666666
Justina Machado,29,3,19.0,6.333333333333333,3,7.0,6.0,6.0,,4,,False,Actor/Actress,Entertainment,48,46-55,Sasha Farber,7,United States,Illinois,1,10.0,0.7142857142857143
Justina Machado,29,4,24.0,8.0,3,8.0,8.0,8.0,,4,,False,Actor/Actress,Entertainment,48,46-55,Sasha Farber,7,United States,Illinois,1,3.0,0.38461538461538464
Justina Machado,29,5,24.0,8.0,3,8.0,8.0,8.0,,4,,False,Actor/Actress,Entertainment,48,46-55,Sasha Farber,7,United States,Illinois,1,5.0,0.5833333333333334
Justina Machado,29,6,27.0,9.0,3,9.0,9.0,9.0,,4,,False,Actor/Actress,Entertainment,48,46-55,Sasha Farber,7,United States,Illinois,1,1.0,0.22727272727272727
Justina Machado,29,7,26.0,8.666666666666666,3,9.0,9.0,8.0,,4,,False,Actor/Actress,Entertainment,48,46-55,Sasha Farber,7,United States,Illinois,1,5.0,0.6
Justina Machado,29,8,28.9998,9.6666,3,9.6666,9.6666,9.6666,,4,,False,Actor/Actress,Entertainment,48,46-55,Sasha Farber,7,United States,Illinois,1,3.0,0.375
Justina Machado,29,9,25.9998,8.6666,3,8.6666,8.6666,8.6666,,4,,False,Actor/Actress,Entertainment,48,46-55,Sasha Farber,7,United States,Illinois,1,5.0,0.7142857142857143
Justina Machado,29,10,29.0,9.666666666666666,3,9.5,10.0,9.5,,4,,False,Actor/Actress,Entertainment,48,46-55,Sasha Farber,7,United States,Illinois,1,3.0,0.5
Justina Machado,29,11,30.0,10.0,3,10.0,10.0,10.0,,4,,False,Actor/Actress,Entertainment,48,46-55,Sasha Farber,7,United States,Illinois,1,1.0,0.5
Suni Lee,30,1,28.0,7.0,4,7.0,7.0,7.0,7.0,5,9.0,False,Athlete,Sports,18,≤25,Sasha Farber,8,United States,Minnesota,1,2.0,0.16666666666666666
Suni Lee,30,2,28.0,7.0,4,7.0,7.0,7.0,7.0,5,9.0,False,Athlete,Sports,18,≤25,Sasha Farber,8,United States,Minnesota,1,4.0,0.26666666666666666
Suni Lee,30,3,21.0,7.0,3,7.0,7.0,7.0,,5,9.0,False,Athlete,Sports,18,≤25,Sasha Farber,8,United States,Minnesota,1,7.0,0.5714285714285714
Suni Lee,30,4,34.0,8.5,4,8.5,8.0,9.0,8.5,5,9.0,False,Athlete,Sports,18,≤25,Sasha Farber,8,United States,Minnesota,1,4.0,0.34615384615384615
Suni Lee,30,5,36.0,9.0,4,9.0,9.0,9.0,9.0,5,9.0,False,Athlete,Sports,18,≤25,Sasha Farber,8,United States,Minnesota,1,3.0,0.45454545454545453
Suni Lee,30,6,36.0,9.0,4,9.0,9.0,9.0,9.0,5,9.0,False,Athlete,Sports,18,≤25,Sasha Farber,8,United States,Minnesota,1,5.0,0.6
Suni Lee,30,7,34.0,8.5,4,8.25,8.25,8.25,9.25,5,9.0,False,Athlete,Sports,18,≤25,Sasha Farber,8,United States,Minnesota,1,6.0,0.7777777777777778
Suni Lee,30,8,42.0,10.5,4,10.5,10.5,10.5,10.5,5,9.0,False,Athlete,Sports,18,≤25,Sasha Farber,8,United States,Minnesota,1,1.0,0.25
Suni Lee,30,9,37.5,9.375,4,10.0,9.0,9.5,9.0,5,9.0,True,Athlete,Sports,18,≤25,Sasha Farber,8,United States,Minnesota,1,3.0,0.5833333333333334
Selma Blair,31,1,28.0,7.0,4,7.0,7.0,7.0,7.0,12,-1.0,False,Actor/Actress,Entertainment,50,46-55,Sasha Farber,9,United States,Michigan,1,3.0,0.25
Selma Blair,31,2,28.0,7.0,4,7.0,7.0,7.0,7.0,12,-1.0,False,Actor/Actress,Entertainment,50,46-55,Sasha Farber,9,United States,Michigan,1,6.0,0.4666666666666667
Selma Blair,31,3,28.0,7.0,4,7.0,7.0,7.0,7.0,12,-1.0,False,Actor/Actress,Entertainment,50,46-55,Sasha Farber,9,United States,Michigan,1,9.0,0.6428571428571429
Selma Blair,31,4,32.0,8.0,4,8.0,8.0,8.0,8.0,12,-1.0,False,Actor/Actress,Entertainment,50,46-55,Sasha Farber,9,United States,Michigan,1,6.0,0.5
Selma Blair,31,5,40.0,10.0,4,10.0,10.0,10.0,10.0,12,-1.0,False,Actor/Actress,Entertainment,50,46-55,Sasha Farber,9,United States,Michigan,1,4.0,0.3333333333333333
Alyson Hannigan,32,1,13.0,4.333333333333333,3,5.0,4.0,4.0,,5,,False,Actor/Actress,Entertainment,49,46-55,Sasha Farber,10,United States,Washington D.C.,1,11.0,0.7857142857142857
Alyson Hannigan,32,2,19.0,6.333333333333333,3,7.0,6.0,6.0,,5,,False,Actor/Actress,Entertainment,49,46-55,Sasha Farber,10,United States,Washington D.C.,1,6.0,0.46153846153846156
Alyson Hannigan,32,3,24.0,6.0,4,6.0,6.0,6.0,6.0,5,,False,Actor/Actress,Entertainment,49,46-55,Sasha Farber,10,United States,Washington D.C.,1,8.0,0.7083333333333334
Alyson Hannigan,32,4,18.0,6.0,3,6.0,6.0,6.0,,5,,False,Actor/Actress,Entertainment,49,46-55,Sasha Farber,10,United States,Washington D.C.,1,10.0,0.9545454545454546
Alyson Hannigan,32,5,21.0,7.0,3,7.0,7.0,7.0,,5,,False,Actor/Actress,Entertainment,49,46-55,Sasha Farber,10,United States,Washington D.C.,1,9.0,0.9
Alyson Hannigan,32,6,31.0,7.75,4,7.5,7.5,7.5,8.5,5,,False,Actor/Actress,Entertainment,49,46-55,Sasha Farber,10,United States,Washington D.C.,1,8.0,0.8888888888888888
Alyson Hannigan,32,7,35.0,8.75,4,8.5,8.5,9.5,8.5,5,,False,Actor/Actress,Entertainment,49,46-55,Sasha Farber,10,United States,Washington D.C.,1,6.0,0.75
Alyson Hannigan,32,8,36.0,9.0,4,8.75,8.75,9.75,8.75,5,,False,Actor/Actress,Entertainment,49,46-55,Sasha Farber,10,United States,Washington D.C.,1,4.0,0.5714285714285714
Alyson Hannigan,32,9,32.0,8.0,4,7.75,7.75,8.75,7.75,5,,False,Actor/Actress,Entertainment,49,46-55,Sasha Farber,10,United States,Washington D.C.,1,5.0,0.8333333333333334
Alyson Hannigan,32,10,25.5,8.5,3,8.5,8.5,8.5,,5,,False,Actor/Actress,Entertainment,49,46-55,Sasha Farber,10,United States,Washington D.C.,1,5.0,1.0
Alyson Hannigan,32,11,26.5,8.833333333333334,3,9.0,8.5,9.0,,5,,False,Actor/Actress,Entertainment,49,46-55,Sasha Farber,10,United States,Washington D.C.,1,5.0,1.0
Jenn Tran,33,1,19.0,6.333333333333333,3,7.0,6.0,6.0,,7,6.0,False,TV Personality,Media,26,26-35,Sasha Farber,11,United States,Florida,1,6.0,0.5
Jenn Tran,33,2,19.0,6.333333333333333,3,6.0,6.0,7.0,,7,6.0,False,TV Personality,Media,26,26-35,Sasha Farber,11,United States,Florida,1,9.0,0.7307692307692307
Jenn Tran,33,3,31.0,7.75,4,8.0,8.0,7.0,8.0,7,6.0,False,TV Personality,Media,26,26-35,Sasha Farber,11,United States,Florida,1,3.0,0.3181818181818182
Jenn Tran,33,4,32.0,8.0,4,8.0,8.0,8.0,8.0,7,6.0,False,TV Personality,Media,26,26-35,Sasha Farber,11,United States,Florida,1,4.0,0.6666666666666666
Jenn Tran,33,5,25.5,8.5,3,8.5,8.5,8.5,,7,6.0,False,TV Personality,Media,26,26-35,Sasha Farber,11,United States,Florida,1,4.0,0.5625
Jenn Tran,33,6,31.0,10.333333333333334,3,11.0,10.0,10.0,,7,6.0,True,TV Personality,Media,26,26-35,Sasha Farber,11,United States,Florida,1,3.0,0.5
Andy Dick,16,1,17.0,5.666666666666667,3,6.0,5.0,6.0,,7,7.0,False,Comedian,Entertainment,47,46-55,Sharna Burgess,0,United States,South Carolina,1,11.0,0.9166666666666666
Andy Dick,16,2,20.0,6.666666666666667,3,7.0,6.0,7.0,,7,7.0,False,Comedian,Entertainment,47,46-55,Sharna Burgess,0,United States,South Carolina,1,5.0,0.5
Andy Dick,16,3,18.0,6.0,3,6.0,6.0,6.0,,7,7.0,False,Comedian,Entertainment,47,46-55,Sharna Burgess,0,United States,South Carolina,1,9.0,0.8181818181818182
Andy Dick,16,4,21.0,7.0,3,7.0,7.0,7.0,,7,7.0,False,Comedian,Entertainment,47,46-55,Sharna Burgess,0,United States,South Carolina,1,6.0,0.65
Andy Dick,16,5,18.0,6.0,3,6.0,6.0,6.0,,7,7.0,False,Comedian,Entertainment,47,46-55,Sharna Burgess,0,United States,South Carolina,1,8.0,0.9444444444444444
Andy Dick,16,6,21.5,7.166666666666667,3,7.0,7.5,7.0,,7,7.0,False,Comedian,Entertainment,47,46-55,Sharna Burgess,0,United States,South Carolina,1,7.0,0.875
Andy Dick,16,7,17.0,5.666666666666667,3,5.0,6.0,6.0,,7,7.0,True,Comedian,Entertainment,47,46-55,Sharna Burgess,0,United States,South Carolina,1,7.0,1.0
Keyshawn Johnson,17,1,17.0,5.666666666666667,3,6.0,5.0,6.0,,12,2.0,False,Athlete,Sports,41,36-45,Sharna Burgess,1,United States,California,1,11.0,0.9166666666666666
Keyshawn Johnson,17,2,18.0,6.0,3,6.0,6.0,6.0,,12,2.0,True,Athlete,Sports,41,36-45,Sharna Burgess,1,United States,California,1,11.0,0.9166666666666666
Charlie White,18,1,27.0,9.0,3,9.0,9.0,9.0,,5,9.0,False,Athlete,Sports,26,26-35,Sharna Burgess,2,United States,Michigan,1,1.0,0.08333333333333333
Charlie White,18,2,25.0,8.333333333333334,3,9.0,7.0,9.0,,5,9.0,False,Athlete,Sports,26,26-35,Sharna Burgess,2,United States,Michigan,1,1.0,0.18181818181818182
Charlie White,18,3,36.0,9.0,4,9.0,9.0,9.0,9.0,5,9.0,False,Athlete,Sports,26,26-35,Sharna Burgess,2,United States,Michigan,1,2.0,0.3888888888888889
Charlie White,18,4,33.0,8.25,4,7.0,8.0,9.0,9.0,5,9.0,False,Athlete,Sports,26,26-35,Sharna Burgess,2,United States,Michigan,1,4.0,0.5
Charlie White,18,5,37.0,9.25,4,9.0,10.0,9.0,9.0,5,9.0,False,Athlete,Sports,26,26-35,Sharna Burgess,2,United States,Michigan,1,3.0,0.3888888888888889
Charlie White,18,6,36.0,9.0,4,9.0,9.0,9.0,9.0,5,9.0,False,Athlete,Sports,26,26-35,Sharna Burgess,2,United States,Michigan,1,3.0,0.4375
Charlie White,18,7,35.5,8.875,4,8.5,10.0,8.0,9.0,5,9.0,False,Athlete,Sports,26,26-35,Sharna Burgess,2,United States,Michigan,1,5.0,0.7142857142857143
Charlie White,18,8,40.0,10.0,4,10.0,10.0,10.0,10.0,5,9.0,False,Athlete,Sports,26,26-35,Sharna Burgess,2,United States,Michigan,1,1.0,0.25
Charlie White,18,9,38.0,9.5,4,9.5,9.5,9.5,9.5,5,9.0,True,Athlete,Sports,26,26-35,Sharna Burgess,2,United States,Michigan,1,3.0,0.7
Tavis Smiley,19,1,29.0,7.25,4,7.0,7.0,8.0,7.0,12,2.0,False,Radio Personality,Media,50,46-55,Sharna Burgess,3,United States,Mississippi,1,7.0,0.5769230769230769
Tavis Smiley,19,2,28.0,7.0,4,7.0,7.0,7.0,7.0,12,2.0,True,Radio Personality,Media,50,46-55,Sharna Burgess,3,United States,Mississippi,1,8.0,0.7916666666666666
Noah Galloway,20,1,26.0,6.5,4,7.0,6.0,6.0,7.0,3,,False,Motivational Speaker,Other,33,26-35,Sharna Burgess,4,United States,Alabama,1,5.0,0.5
Noah Galloway,20,2,27.0,6.75,4,7.0,6.0,7.0,7.0,3,,False,Motivational Speaker,Other,33,26-35,Sharna Burgess,4,United States,Alabama,1,10.0,0.8333333333333334
Noah Galloway,20,3,30.0,7.5,4,7.0,7.0,8.0,8.0,3,,False,Motivational Speaker,Other,33,26-35,Sharna Burgess,4,United States,Alabama,1,5.0,0.45454545454545453
Noah Galloway,20,4,32.0,8.0,4,8.0,8.0,8.0,8.0,3,,False,Motivational Speaker,Other,33,26-35,Sharna Burgess,4,United States,Alabama,1,6.0,0.6
Noah Galloway,20,5,28.0,7.0,4,7.0,7.0,7.0,7.0,3,,False,Motivational Speaker,Other,33,26-35,Sharna Burgess,4,United States,Alabama,1,5.0,0.6111111111111112
Noah Galloway,20,6,34.0,8.5,4,8.5,8.0,8.5,9.0,3,,False,Motivational Speaker,Other,33,26-35,Sharna Burgess,4,United States,Alabama,1,6.0,0.8125
Noah Galloway,20,7,38.0,9.5,4,10.5,8.5,9.5,9.5,3,,False,Motivational Speaker,Other,33,26-35,Sharna Burgess,4,United States,Alabama,1,3.0,0.42857142857142855
Noah Galloway,20,8,31.5,7.875,4,8.0,7.5,8.0,8.0,3,,False,Motivational Speaker,Other,33,26-35,Sharna Burgess,4,United States,Alabama,1,5.0,0.8333333333333334
Noah Galloway,20,9,38.0,9.5,4,9.5,9.5,9.5,9.5,3,,False,Motivational Speaker,Other,33,26-35,Sharna Burgess,4,United States,Alabama,1,4.0,1.0
Noah Galloway,20,10,36.0,9.0,4,9.0,9.0,9.0,9.0,3,,False,Motivational Speaker,Other,33,26-35,Sharna Burgess,4,United States,Alabama,1,3.0,1.0
Nick Carter,21,1,24.0,8.0,3,8.0,8.0,8.0,,2,,False,Singer/Rapper,Entertainment,35,26-35,Sharna Burgess,5,United States,New York,1,1.0,0.11538461538461539
Nick Carter,21,2,22.5,7.5,3,7.5,7.5,7.5,,2,,False,Singer/Rapper,Entertainment,35,26-35,Sharna Burgess,5,United States,New York,1,4.0,0.4230769230769231
Nick Carter,21,3,36.0,9.0,4,9.0,9.0,9.0,9.0,2,,False,Singer/Rapper,Entertainment,35,26-35,Sharna Burgess,5,United States,New York,1,1.0,0.15
Nick Carter,21,4,27.0,9.0,3,9.0,9.0,9.0,,2,,False,Singer/Rapper,Entertainment,35,26-35,Sharna Burgess,5,United States,New York,1,2.0,0.3
Nick Carter,21,5,35.0,8.75,4,9.0,9.0,8.0,9.0,2,,False,Singer/Rapper,Entertainment,35,26-35,Sharna Burgess,5,United States,New York,1,5.0,0.5555555555555556
Nick Carter,21,6,39.0,9.75,4,9.0,10.0,10.0,10.0,2,,False,Singer/Rapper,Entertainment,35,26-35,Sharna Burgess,5,United States,New York,1,4.0,0.4444444444444444
Nick Carter,21,7,27.0,9.0,3,9.0,9.0,9.0,,2,,False,Singer/Rapper,Entertainment,35,26-35,Sharna Burgess,5,United States,New York,1,6.0,0.8125
Nick Carter,21,8,33.0,11.0,3,11.0,11.0,11.0,,2,,False,Singer/Rapper,Entertainment,35,26-35,Sharna Burgess,5,United States,New York,1,1.0,0.14285714285714285
Nick Carter,21,9,27.5,9.166666666666666,3,9.0,9.0,9.5,,2,,False,Singer/Rapper,Entertainment,35,26-35,Sharna Burgess,5,United States,New York,1,3.0,0.5
Nick Carter,21,10,27.0,9.0,3,9.0,9.0,9.0,,2,,False,Singer/Rapper,Entertainment,35,26-35,Sharna Burgess,5,United States,New York,1,4.0,1.0
Nick Carter,21,11,30.0,10.0,3,10.0,10.0,10.0,,2,,False,Singer/Rapper,Entertainment,35,26-35,Sharna Burgess,5,United States,New York,1,1.0,0.5
Antonio Brown,22,1,21.0,7.0,3,8.0,6.0,7.0,,5,9.0,False,Athlete,Sports,27,26-35,Sharna Burgess,6,United States,Florida,1,4.0,0.4583333333333333
Antonio Brown,22,2,19.0,6.333333333333333,3,6.0,6.0,7.0,,5,9.0,False,Athlete,Sports,27,26-35,Sharna Burgess,6,United States,Florida,1,9.0,0.7916666666666666
Antonio Brown,22,3,20.0,6.666666666666667,3,7.0,6.0,7.0,,5,9.0,False,Athlete,Sports,27,26-35,Sharna Burgess,6,United States,Florida,1,8.0,0.8181818181818182
Antonio Brown,22,4,35.0,8.75,4,9.0,8.0,9.0,9.0,5,9.0,False,Athlete,Sports,27,26-35,Sharna Burgess,6,United States,Florida,1,3.0,0.35
Antonio Brown,22,5,26.0,6.5,4,7.0,6.0,6.0,7.0,5,9.0,False,Athlete,Sports,27,26-35,Sharna Burgess,6,United States,Florida,1,9.0,1.0
Antonio Brown,22,6,27.0,9.0,3,9.0,9.0,9.0,,5,9.0,False,Athlete,Sports,27,26-35,Sharna Burgess,6,United States,Florida,1,3.0,0.3333333333333333
Antonio Brown,22,7,26.0,8.666666666666666,3,8.5,8.5,9.0,,5,9.0,False,Athlete,Sports,27,26-35,Sharna Burgess,6,United States,Florida,1,5.0,0.75
Antonio Brown,22,8,27.0,9.0,3,9.0,9.0,9.0,,5,9.0,False,Athlete,Sports,27,26-35,Sharna Burgess,6,United States,Florida,1,5.0,0.8333333333333334
Antonio Brown,22,9,27.5,9.166666666666666,3,9.0,9.0,9.5,,5,9.0,True,Athlete,Sports,27,26-35,Sharna Burgess,6,United States,Florida,1,5.0,1.0
James Hinchcliffe,23,1,31.0,7.75,4,8.0,8.0,7.0,8.0,2,,False,Racing Driver,Sports,29,26-35,Sharna Burgess,7,Canada,Unknown,0,1.0,0.11538461538461539
James Hinchcliffe,23,2,29.0,7.25,4,7.0,7.0,7.0,8.0,2,,False,Racing Driver,Sports,29,26-35,Sharna Burgess,7,Canada,Unknown,0,4.0,0.34615384615384615
James Hinchcliffe,23,3,29.0,7.25,4,7.0,7.0,8.0,7.0,2,,False,Racing Driver,Sports,29,26-35,Sharna Burgess,7,Canada,Unknown,0,4.0,0.3333333333333333
James Hinchcliffe,23,4,28.0,9.333333333333334,3,9.0,9.0,10.0,,2,,False,Racing Driver,Sports,29,26-35,Sharna Burgess,7,Canada,Unknown,0,2.0,0.18181818181818182
James Hinchcliffe,23,5,29.0,9.666666666666666,3,10.0,9.0,10.0,,2,,False,Racing Driver,Sports,29,26-35,Sharna Burgess,7,Canada,Unknown,0,1.0,0.1111111111111111
James Hinchcliffe,23,6,38.0,9.5,4,10.0,9.0,9.0,10.0,2,,False,Racing Driver,Sports,29,26-35,Sharna Burgess,7,Canada,Unknown,0,2.0,0.2222222222222222
James Hinchcliffe,23,7,37.0,9.25,4,9.5,9.0,9.0,9.5,2,,False,Racing Driver,Sports,29,26-35,Sharna Burgess,7,Canada,Unknown,0,1.0,0.1875
James Hinchcliffe,23,8,34.9998,11.6666,3,11.6666,11.6666,11.6666,,2,,False,Racing Driver,Sports,29,26-35,Sharna Burgess,7,Canada,Unknown,0,1.0,0.14285714285714285
James Hinchcliffe,23,9,36.0,9.0,4,9.0,9.0,9.0,9.0,2,,False,Racing Driver,Sports,29,26-35,Sharna Burgess,7,Canada,Unknown,0,5.0,0.9166666666666666
James Hinchcliffe,23,10,29.5,9.833333333333334,3,9.5,10.0,10.0,,2,,False,Racing Driver,Sports,29,26-35,Sharna Burgess,7,Canada,Unknown,0,3.0,0.6
James Hinchcliffe,23,11,38.9998,9.74995,4,9.6666,9.6666,9.6666,10.0,2,,False,Racing Driver,Sports,29,26-35,Sharna Burgess,7,Canada,Unknown,0,2.0,0.5
Bonner Bolton,24,1,22.0,5.5,4,6.0,5.0,5.0,6.0,5,8.0,False,Athlete,Sports,29,26-35,Sharna Burgess,8,United States,Texas,1,9.0,0.75
Bonner Bolton,24,2,28.0,7.0,4,8.0,5.0,8.0,7.0,5,8.0,False,Athlete,Sports,29,26-35,Sharna Burgess,8,United States,Texas,1,5.0,0.5
Bonner Bolton,24,3,24.0,6.0,4,6.0,6.0,6.0,6.0,5,8.0,False,Athlete,Sports,29,26-35,Sharna Burgess,8,United States,Texas,1,9.0,0.9090909090909091
Bonner Bolton,24,4,32.0,8.0,4,8.0,8.0,8.0,8.0,5,8.0,False,Athlete,Sports,29,26-35,Sharna Burgess,8,United States,Texas,1,5.0,0.55
Bonner Bolton,24,5,30.0,7.5,4,7.0,8.0,8.0,7.0,5,8.0,False,Athlete,Sports,29,26-35,Sharna Burgess,8,United States,Texas,1,8.0,0.8888888888888888
Bonner Bolton,24,6,31.5,7.875,4,8.0,8.5,7.5,7.5,5,8.0,False,Athlete,Sports,29,26-35,Sharna Burgess,8,United States,Texas,1,6.0,0.75
Bonner Bolton,24,7,31.0,7.75,4,7.5,7.5,8.5,7.5,5,8.0,False,Athlete,Sports,29,26-35,Sharna Burgess,8,United States,Texas,1,7.0,1.0
Bonner Bolton,24,8,29.0,7.25,4,7.5,7.0,7.5,7.0,5,8.0,True,Athlete,Sports,29,26-35,Sharna Burgess,8,United States,Texas,1,5.0,1.0
Derek Fisher,25,1,18.0,6.0,3,6.0,6.0,6.0,,11,4.0,False,Athlete,Sports,43,36-45,Sharna Burgess,9,United States,Arkansas,1,7.0,0.6153846153846154
Derek Fisher,25,2,19.0,6.333333333333333,3,6.5,6.0,6.5,,11,4.0,False,Athlete,Sports,43,36-45,Sharna Burgess,9,United States,Arkansas,1,11.0,0.8846153846153846
Derek Fisher,25,3,21.0,7.0,3,7.0,7.0,7.0,,11,4.0,False,Athlete,Sports,43,36-45,Sharna Burgess,9,United States,Arkansas,1,6.0,0.7272727272727273
Derek Fisher,25,4,23.0,7.666666666666667,3,7.0,8.0,8.0,,11,4.0,True,Athlete,Sports,43,36-45,Sharna Burgess,9,United States,Arkansas,1,10.0,0.9090909090909091
Josh Norman,26,1,24.0,8.0,3,8.0,8.0,8.0,,2,,False,Athlete,Sports,30,26-35,Sharna Burgess,10,United States,South Carolina,1,1.0,0.15
Josh Norman,26,2,31.5,7.875,4,7.5,8.0,8.0,8.0,2,,False,Athlete,Sports,30,26-35,Sharna Burgess,10,United States,South Carolina,1,6.0,0.8125
Josh Norman,26,3,38.0,9.5,4,9.5,9.5,9.5,9.5,2,,False,Athlete,Sports,30,26-35,Sharna Burgess,10,United States,South Carolina,1,2.0,0.3333333333333333
Josh Norman,26,4,28.5,9.5,3,9.5,9.5,9.5,,2,,False,Athlete,Sports,30,26-35,Sharna Burgess,10,United States,South Carolina,1,2.0,0.6666666666666666
Bobby Bones,27,1,20.0,6.666666666666667,3,7.0,6.0,7.0,,1,,False,Radio Personality,Media,38,36-45,Sharna Burgess,11,United States,Arkansas,1,5.0,0.46153846153846156
Bobby Bones,27,2,19.5,6.5,3,7.0,6.0,6.5,,1,,False,Radio Personality,Media,38,36-45,Sharna Burgess,11,United States,Arkansas,1,10.0,0.8333333333333334
Bobby Bones,27,3,23.0,7.666666666666667,3,8.0,7.0,8.0,,1,,False,Radio Personality,Media,38,36-45,Sharna Burgess,11,United States,Arkansas,1,8.0,0.7272727272727273
Bobby Bones,27,4,20.0,6.666666666666667,3,7.0,6.0,7.0,,1,,False,Radio Personality,Media,38,36-45,Sharna Burgess,11,United States,Arkansas,1,9.0,0.9
Bobby Bones,27,5,21.0,7.0,3,7.0,7.0,7.0,,1,,False,Radio Personality,Media,38,36-45,Sharna Burgess,11,United States,Arkansas,1,8.0,0.8888888888888888
Bobby Bones,27,6,22.0,7.333333333333333,3,8.0,7.0,7.0,,1,,False,Radio Personality,Media,38,36-45,Sharna Burgess,11,United States,Arkansas,1,7.0,0.8333333333333334
Bobby Bones,27,7,26.5,8.833333333333334,3,9.0,8.5,9.0,,1,,False,Radio Personality,Media,38,36-45,Sharna Burgess,11,United States,Arkansas,1,6.0,0.8125
Bobby Bones,27,8,22.5,7.5,3,7.5,7.5,7.5,,1,,False,Radio Personality,Media,38,36-45,Sharna Burgess,11,United States,Arkansas,1,6.0,1.0
Bobby Bones,27,9,27.0,9.0,3,9.0,9.0,9.0,,1,,False,Radio Personality,Media,38,36-45,Sharna Burgess,11,United States,Arkansas,1,4.0,1.0
Jesse Metcalfe,29,1,18.0,6.0,3,6.0,6.0,6.0,,12,5.0,False,Actor/Actress,Entertainment,41,36-45,Sharna Burgess,12,United States,California,1,6.0,0.5333333333333333
Jesse Metcalfe,29,2,20.0,6.666666666666667,3,7.0,7.0,6.0,,12,5.0,False,Actor/Actress,Entertainment,41,36-45,Sharna Burgess,12,United States,California,1,4.0,0.26666666666666666
Jesse Metcalfe,29,3,20.0,6.666666666666667,3,7.0,6.0,7.0,,12,5.0,False,Actor/Actress,Entertainment,41,36-45,Sharna Burgess,12,United States,California,1,9.0,0.6428571428571429
Jesse Metcalfe,29,4,21.0,7.0,3,7.0,7.0,7.0,,12,5.0,False,Actor/Actress,Entertainment,41,36-45,Sharna Burgess,12,United States,California,1,10.0,0.8846153846153846
Jesse Metcalfe,29,5,19.0,6.333333333333333,3,7.0,6.0,6.0,,12,5.0,True,Actor/Actress,Entertainment,41,36-45,Sharna Burgess,12,United States,California,1,11.0,0.9583333333333334
Brian Austin Green,30,1,24.0,6.0,4,6.0,6.0,6.0,6.0,13,4.0,False,Actor/Actress,Entertainment,48,46-55,Sharna Burgess,13,United States,California,1,9.0,0.7
Brian Austin Green,30,2,23.0,5.75,4,6.0,5.0,6.0,6.0,13,4.0,False,Actor/Actress,Entertainment,48,46-55,Sharna Burgess,13,United States,California,1,13.0,0.8666666666666667
Brian Austin Green,30,3,19.0,6.333333333333333,3,7.0,6.0,6.0,,13,4.0,False,Actor/Actress,Entertainment,48,46-55,Sharna Burgess,13,United States,California,1,12.0,0.8928571428571429
Brian Austin Green,30,4,26.0,6.5,4,6.5,6.0,7.0,6.5,13,4.0,True,Actor/Actress,Entertainment,48,46-55,Sharna Burgess,13,United States,California,1,13.0,1.0
Stacy Keibler,2,1,22.0,7.333333333333333,3,8.0,6.0,8.0,,3,,False,Athlete,Sports,26,26-35,Tony Dovolani,0,United States,Maryland,1,4.0,0.4
Stacy Keibler,2,2,29.0,9.666666666666666,3,9.0,10.0,10.0,,3,,False,Athlete,Sports,26,26-35,Tony Dovolani,0,United States,Maryland,1,1.0,0.1111111111111111
Stacy Keibler,2,3,27.0,9.0,3,9.0,9.0,9.0,,3,,False,Athlete,Sports,26,26-35,Tony Dovolani,0,United States,Maryland,1,1.0,0.1875
Stacy Keibler,2,4,26.0,8.666666666666666,3,8.0,9.0,9.0,,3,,False,Athlete,Sports,26,26-35,Tony Dovolani,0,United States,Maryland,1,2.0,0.35714285714285715
Stacy Keibler,2,5,30.0,10.0,3,10.0,10.0,10.0,,3,,False,Athlete,Sports,26,26-35,Tony Dovolani,0,United States,Maryland,1,1.0,0.16666666666666666
Stacy Keibler,2,6,30.0,10.0,3,10.0,10.0,10.0,,3,,False,Athlete,Sports,26,26-35,Tony Dovolani,0,United States,Maryland,1,1.0,0.3
Stacy Keibler,2,7,27.5,9.166666666666666,3,9.0,9.0,9.5,,3,,False,Athlete,Sports,26,26-35,Tony Dovolani,0,United States,Maryland,1,1.0,0.375
Stacy Keibler,2,8,28.6665,9.5555,3,9.3333,9.6666,9.6666,,3,,False,Athlete,Sports,26,26-35,Tony Dovolani,0,United States,Maryland,1,2.0,0.6666666666666666
Sara Evans,3,1,15.0,5.0,3,5.0,5.0,5.0,,6,-1.0,False,Singer/Rapper,Entertainment,35,26-35,Tony Dovolani,1,United States,Missouri,1,10.0,0.9090909090909091
Sara Evans,3,2,21.0,7.0,3,7.0,7.0,7.0,,6,-1.0,False,Singer/Rapper,Entertainment,35,26-35,Tony Dovolani,1,United States,Missouri,1,7.0,0.8
Sara Evans,3,3,25.0,8.333333333333334,3,8.0,9.0,8.0,,6,-1.0,False,Singer/Rapper,Entertainment,35,26-35,Tony Dovolani,1,United States,Missouri,1,3.0,0.3333333333333333
Sara Evans,3,4,20.0,6.666666666666667,3,6.0,7.0,7.0,,6,-1.0,False,Singer/Rapper,Entertainment,35,26-35,Tony Dovolani,1,United States,Missouri,1,8.0,1.0
Sara Evans,3,5,24.0,8.0,3,8.0,8.0,8.0,,6,-1.0,False,Singer/Rapper,Entertainment,35,26-35,Tony Dovolani,1,United States,Missouri,1,6.0,0.9285714285714286
Leeza Gibbons,4,1,15.0,5.0,3,5.0,5.0,5.0,,9,4.0,False,TV Personality,Media,50,46-55,Tony Dovolani,2,United States,South Carolina,1,10.0,0.9090909090909091
Leeza Gibbons,4,2,21.0,7.0,3,7.0,7.0,7.0,,9,4.0,False,TV Personality,Media,50,46-55,Tony Dovolani,2,United States,South Carolina,1,6.0,0.6818181818181818
Leeza Gibbons,4,3,24.0,8.0,3,8.0,8.0,8.0,,9,4.0,False,TV Personality,Media,50,46-55,Tony Dovolani,2,United States,South Carolina,1,1.0,0.25
Leeza Gibbons,4,4,16.0,5.333333333333333,3,6.0,5.0,5.0,,9,4.0,True,TV Personality,Media,50,46-55,Tony Dovolani,2,United States,South Carolina,1,7.0,0.8333333333333334
Jane Seymour,5,1,24.0,8.0,3,8.0,8.0,8.0,,6,7.0,False,Actor/Actress,Entertainment,56,>55,Tony Dovolani,3,England,Unknown,0,3.0,0.2916666666666667
Jane Seymour,5,2,21.0,7.0,3,7.0,7.0,7.0,,6,7.0,False,Actor/Actress,Entertainment,56,>55,Tony Dovolani,3,England,Unknown,0,5.0,0.6363636363636364
Jane Seymour,5,3,27.0,9.0,3,9.0,9.0,9.0,,6,7.0,False,Actor/Actress,Entertainment,56,>55,Tony Dovolani,3,England,Unknown,0,1.0,0.2
Jane Seymour,5,4,26.0,8.666666666666666,3,8.0,9.0,9.0,,6,7.0,False,Actor/Actress,Entertainment,56,>55,Tony Dovolani,3,England,Unknown,0,5.0,0.6666666666666666
Jane Seymour,5,5,26.0,8.666666666666666,3,8.0,9.0,9.0,,6,7.0,False,Actor/Actress,Entertainment,56,>55,Tony Dovolani,3,England,Unknown,0,3.0,0.4375
Jane Seymour,5,6,22.0,7.333333333333333,3,8.0,7.0,7.0,,6,7.0,False,Actor/Actress,Entertainment,56,>55,Tony Dovolani,3,England,Unknown,0,7.0,1.0
Jane Seymour,5,7,25.0,8.333333333333334,3,8.0,8.5,8.5,,6,7.0,True,Actor/Actress,Entertainment,56,>55,Tony Dovolani,3,England,Unknown,0,6.0,1.0
Marissa Jaret Winokur,6,1,18.0,6.0,3,6.0,6.0,6.0,,4,9.0,False,Actor/Actress,Entertainment,35,26-35,Tony Dovolani,4,United States,New York,1,8.0,0.7083333333333334
Marissa Jaret Winokur,6,2,21.0,7.0,3,7.0,7.0,7.0,,4,9.0,False,Actor/Actress,Entertainment,35,26-35,Tony Dovolani,4,United States,New York,1,6.0,0.5416666666666666
Marissa Jaret Winokur,6,3,19.0,6.333333333333333,3,6.0,7.0,6.0,,4,9.0,False,Actor/Actress,Entertainment,35,26-35,Tony Dovolani,4,United States,New York,1,10.0,1.0
Marissa Jaret Winokur,6,4,24.0,8.0,3,8.0,8.0,8.0,,4,9.0,False,Actor/Actress,Entertainment,35,26-35,Tony Dovolani,4,United States,New York,1,5.0,0.6666666666666666
Marissa Jaret Winokur,6,5,24.0,8.0,3,8.0,8.0,8.0,,4,9.0,False,Actor/Actress,Entertainment,35,26-35,Tony Dovolani,4,United States,New York,1,4.0,0.5
Marissa Jaret Winokur,6,6,26.0,8.666666666666666,3,9.0,8.0,9.0,,4,9.0,False,Actor/Actress,Entertainment,35,26-35,Tony Dovolani,4,United States,New York,1,4.0,0.5714285714285714
Marissa Jaret Winokur,6,7,26.0,8.666666666666666,3,9.0,8.5,8.5,,4,9.0,False,Actor/Actress,Entertainment,35,26-35,Tony Dovolani,4,United States,New York,1,3.0,0.5
Marissa Jaret Winokur,6,8,25.0,8.333333333333334,3,8.5,8.0,8.5,,4,9.0,False,Actor/Actress,Entertainment,35,26-35,Tony Dovolani,4,United States,New York,1,5.0,1.0
Marissa Jaret Winokur,6,9,26.0,8.666666666666666,3,8.5,9.0,8.5,,4,9.0,True,Actor/Actress,Entertainment,35,26-35,Tony Dovolani,4,United States,New York,1,4.0,1.0
Susan Lucci,7,1,18.5,6.166666666666667,3,6.0,6.0,6.5,,6,7.0,False,Actor/Actress,Entertainment,61,>55,Tony Dovolani,5,United States,New York,1,8.0,0.6923076923076923
Susan Lucci,7,2,21.0,7.0,3,7.0,7.0,7.0,,6,7.0,False,Actor/Actress,Entertainment,61,>55,Tony Dovolani,5,United States,New York,1,4.0,0.45454545454545453
Susan Lucci,7,3,21.0,7.0,3,7.0,7.0,7.0,,6,7.0,False,Actor/Actress,Entertainment,61,>55,Tony Dovolani,5,United States,New York,1,6.0,0.7222222222222222
Susan Lucci,7,4,24.0,8.0,3,8.0,8.0,8.0,,6,7.0,False,Actor/Actress,Entertainment,61,>55,Tony Dovolani,5,United States,New York,1,3.0,0.3333333333333333
Susan Lucci,7,5,22.0,7.333333333333333,3,7.0,7.0,8.0,,6,7.0,False,Actor/Actress,Entertainment,61,>55,Tony Dovolani,5,United States,New York,1,5.0,0.6875
Susan Lucci,7,6,23.0,7.666666666666667,3,8.0,8.0,7.0,,6,7.0,False,Actor/Actress,Entertainment,61,>55,Tony Dovolani,5,United States,New York,1,4.0,0.6428571428571429
Susan Lucci,7,7,24.0,8.0,3,8.0,8.0,8.0,,6,7.0,True,Actor/Actress,Entertainment,61,>55,Tony Dovolani,5,United States,New York,1,4.0,0.6666666666666666
Melissa Rycroft,8,1,23.0,7.666666666666667,3,8.0,7.0,8.0,,3,,False,TV Personality,Media,26,26-35,Tony Dovolani,6,United States,Texas,1,2.0,0.19230769230769232
Melissa Rycroft,8,2,26.0,8.666666666666666,3,9.0,8.0,9.0,,3,,False,TV Personality,Media,26,26-35,Tony Dovolani,6,United States,Texas,1,2.0,0.15384615384615385
Melissa Rycroft,8,3,27.0,9.0,3,9.0,9.0,9.0,,3,,False,TV Personality,Media,26,26-35,Tony Dovolani,6,United States,Texas,1,1.0,0.16666666666666666
Melissa Rycroft,8,4,29.0,9.666666666666666,3,10.0,9.0,10.0,,3,,False,TV Personality,Media,26,26-35,Tony Dovolani,6,United States,Texas,1,2.0,0.18181818181818182
Melissa Rycroft,8,5,25.0,8.333333333333334,3,8.0,8.0,9.0,,3,,False,TV Personality,Media,26,26-35,Tony Dovolani,6,United States,Texas,1,4.0,0.4444444444444444
Melissa Rycroft,8,6,27.0,9.0,3,9.0,9.0,9.0,,3,,False,TV Personality,Media,26,26-35,Tony Dovolani,6,United States,Texas,1,2.0,0.25
Melissa Rycroft,8,7,29.0,9.666666666666666,3,10.0,9.0,10.0,,3,,False,TV Personality,Media,26,26-35,Tony Dovolani,6,United States,Texas,1,1.0,0.14285714285714285
Melissa Rycroft,8,8,23.0,7.666666666666667,3,7.5,7.5,8.0,,3,,False,TV Personality,Media,26,26-35,Tony Dovolani,6,United States,Texas,1,6.0,1.0
Melissa Rycroft,8,9,28.5,9.5,3,9.5,9.5,9.5,,3,,False,TV Personality,Media,26,26-35,Tony Dovolani,6,United States,Texas,1,1.0,0.2
Melissa Rycroft,8,10,27.5,9.166666666666666,3,9.0,9.5,9.0,,3,,False,TV Personality,Media,26,26-35,Tony Dovolani,6,United States,Texas,1,3.0,0.75
Melissa Rycroft,8,11,28.5,9.5,3,9.5,9.5,9.5,,3,,False,TV Personality,Media,26,26-35,Tony Dovolani,6,United States,Texas,1,3.0,1.0
Kathy Ireland,9,1,19.9999,6.666633333333333,3,7.3333,6.3333,6.3333,,14,2.0,False,Model,Model,46,46-55,Tony Dovolani,7,United States,California,1,12.0,0.78125
Kathy Ireland,9,2,18.0,6.0,3,6.0,6.0,6.0,,14,2.0,True,Model,Model,46,46-55,Tony Dovolani,7,United States,California,1,13.0,0.9642857142857143
Kate Gosselin,10,1,16.0,5.333333333333333,3,6.0,5.0,5.0,,8,5.0,False,TV Personality,Media,35,26-35,Tony Dovolani,8,United States,Pennsylvania,1,9.0,0.8181818181818182
Kate Gosselin,10,2,15.0,5.0,3,5.0,5.0,5.0,,8,5.0,False,TV Personality,Media,35,26-35,Tony Dovolani,8,United States,Pennsylvania,1,10.0,0.9090909090909091
Kate Gosselin,10,3,15.0,5.0,3,5.0,5.0,5.0,,8,5.0,False,TV Personality,Media,35,26-35,Tony Dovolani,8,United States,Pennsylvania,1,9.0,0.9
Kate Gosselin,10,4,16.0,5.333333333333333,3,5.0,5.5,5.5,,8,5.0,False,TV Personality,Media,35,26-35,Tony Dovolani,8,United States,Pennsylvania,1,9.0,1.0
Kate Gosselin,10,5,15.0,5.0,3,5.0,5.0,5.0,,8,5.0,True,TV Personality,Media,35,26-35,Tony Dovolani,8,United States,Pennsylvania,1,8.0,1.0
Audrina Patridge,11,1,19.0,6.333333333333333,3,6.0,7.0,6.0,,7,6.0,False,TV Personality,Media,25,≤25,Tony Dovolani,9,United States,California,1,5.0,0.4583333333333333
Audrina Patridge,11,2,23.0,7.666666666666667,3,8.0,8.0,7.0,,7,6.0,False,TV Personality,Media,25,≤25,Tony Dovolani,9,United States,California,1,2.0,0.18181818181818182
Audrina Patridge,11,3,26.0,8.666666666666666,3,8.0,9.0,9.0,,7,6.0,False,TV Personality,Media,25,≤25,Tony Dovolani,9,United States,California,1,1.0,0.1
Audrina Patridge,11,4,23.0,7.666666666666667,3,8.0,7.5,7.5,,7,6.0,False,TV Personality,Media,25,≤25,Tony Dovolani,9,United States,California,1,3.0,0.3333333333333333
Audrina Patridge,11,5,23.0,7.666666666666667,3,7.0,8.0,8.0,,7,6.0,False,TV Personality,Media,25,≤25,Tony Dovolani,9,United States,California,1,5.0,0.625
Audrina Patridge,11,6,31.9998,10.6666,3,10.6666,10.6666,10.6666,,7,6.0,True,TV Personality,Media,25,≤25,Tony Dovolani,9,United States,California,1,2.0,0.2857142857142857
Wendy Williams,12,1,14.0,4.666666666666667,3,5.0,4.0,5.0,,10,3.0,False,TV Personality,Media,46,46-55,Tony Dovolani,10,United States,New Jersey,1,10.0,0.9090909090909091
Wendy Williams,12,2,17.0,5.666666666666667,3,6.0,5.0,6.0,,10,3.0,False,TV Personality,Media,46,46-55,Tony Dovolani,10,United States,New Jersey,1,9.0,0.9090909090909091
Wendy Williams,12,3,15.0,5.0,3,5.0,5.0,5.0,,10,3.0,True,TV Personality,Media,46,46-55,Tony Dovolani,10,United States,New Jersey,1,10.0,1.0
Chynna Phillips,13,1,22.0,7.333333333333333,3,8.0,7.0,7.0,,9,4.0,False,Singer/Rapper,Entertainment,43,36-45,Tony Dovolani,11,United States,California,1,1.0,0.125
Chynna Phillips,13,2,21.0,7.0,3,7.0,7.0,7.0,,9,4.0,False,Singer/Rapper,Entertainment,43,36-45,Tony Dovolani,11,United States,California,1,4.0,0.5
Chynna Phillips,13,3,26.0,8.666666666666666,3,8.0,9.0,9.0,,9,4.0,False,Singer/Rapper,Entertainment,43,36-45,Tony Dovolani,11,United States,California,1,2.0,0.25
Chynna Phillips,13,4,21.0,7.0,3,7.0,7.0,7.0,,9,4.0,True,Singer/Rapper,Entertainment,43,36-45,Tony Dovolani,11,United States,California,1,6.0,0.7777777777777778
Martina Navratilova,14,1,20.0,6.666666666666667,3,7.0,6.0,7.0,,12,2.0,False,Athlete,Sports,55,46-55,Tony Dovolani,12,Czechoslovakia,Unknown,0,10.0,0.9166666666666666
Martina Navratilova,14,2,17.0,5.666666666666667,3,6.0,5.0,6.0,,12,2.0,True,Athlete,Sports,55,46-55,Tony Dovolani,12,Czechoslovakia,Unknown,0,12.0,1.0
Melissa Rycroft,15,1,21.0,7.0,3,7.0,7.0,7.0,,1,,False,TV Personality,Media,29,26-35,Tony Dovolani,13,United States,Texas,1,9.0,0.6923076923076923
Melissa Rycroft,15,2,23.5,7.833333333333333,3,8.0,8.0,7.5,,1,,False,TV Personality,Media,29,26-35,Tony Dovolani,13,United States,Texas,1,5.0,0.4166666666666667
Melissa Rycroft,15,3,27.0,9.0,3,9.0,9.0,9.0,,1,,False,TV Personality,Media,29,26-35,Tony Dovolani,13,United States,Texas,1,1.0,0.13636363636363635
Melissa Rycroft,15,4,37.0,9.25,4,9.0,9.0,9.5,9.5,1,,False,TV Personality,Media,29,26-35,Tony Dovolani,13,United States,Texas,1,4.0,0.4444444444444444
Melissa Rycroft,15,5,28.25,9.416666666666666,3,9.25,9.5,9.5,,1,,False,TV Personality,Media,29,26-35,Tony Dovolani,13,United States,Texas,1,2.0,0.4375
Melissa Rycroft,15,6,29.5,9.833333333333334,3,9.5,10.0,10.0,,1,,False,TV Personality,Media,29,26-35,Tony Dovolani,13,United States,Texas,1,3.0,0.375
Melissa Rycroft,15,7,38.9999,12.999966666666666,3,13.3333,12.8333,12.8333,,1,,False,TV Personality,Media,29,26-35,Tony Dovolani,13,United States,Texas,1,1.0,0.14285714285714285
Melissa Rycroft,15,8,30.0,10.0,3,10.0,10.0,10.0,,1,,False,TV Personality,Media,29,26-35,Tony Dovolani,13,United States,Texas,1,1.0,0.14285714285714285
Melissa Rycroft,15,9,28.7777,9.592566666666666,3,9.5,9.7777,9.5,,1,,False,TV Personality,Media,29,26-35,Tony Dovolani,13,United States,Texas,1,2.0,0.4
Melissa Rycroft,15,10,29.333099999999998,9.7777,3,9.7777,9.7777,9.7777,,1,,False,TV Personality,Media,29,26-35,Tony Dovolani,13,United States,Texas,1,1.0,0.3333333333333333
Wynonna Judd,16,1,18.0,6.0,3,6.0,6.0,6.0,,11,3.0,False,Singer/Rapper,Entertainment,48,46-55,Tony Dovolani,14,United States,Kentucky,1,8.0,0.75
Wynonna Judd,16,2,18.0,6.0,3,6.0,6.0,6.0,,11,3.0,False,Singer/Rapper,Entertainment,48,46-55,Tony Dovolani,14,United States,Kentucky,1,8.0,0.75
Wynonna Judd,16,3,15.0,5.0,3,5.0,5.0,5.0,,11,3.0,True,Singer/Rapper,Entertainment,48,46-55,Tony Dovolani,14,United States,Kentucky,1,11.0,1.0
Leah Remini,17,1,21.0,7.0,3,7.0,7.0,7.0,,5,10.0,False,Actor/Actress,Entertainment,43,36-45,Tony Dovolani,15,United States,New York,1,8.0,0.7083333333333334
Leah Remini,17,2,24.0,8.0,3,8.0,8.0,8.0,,5,10.0,False,Actor/Actress,Entertainment,43,36-45,Tony Dovolani,15,United States,New York,1,4.0,0.4166666666666667
Leah Remini,17,3,24.0,8.0,3,8.0,8.0,8.0,,5,10.0,False,Actor/Actress,Entertainment,43,36-45,Tony Dovolani,15,United States,New York,1,6.0,0.6363636363636364
Leah Remini,17,4,24.0,8.0,3,8.0,8.0,8.0,,5,10.0,False,Actor/Actress,Entertainment,43,36-45,Tony Dovolani,15,United States,New York,1,4.0,0.55
Leah Remini,17,5,22.0,7.333333333333333,3,7.0,7.0,8.0,,5,10.0,False,Actor/Actress,Entertainment,43,36-45,Tony Dovolani,15,United States,New York,1,9.0,1.0
Leah Remini,17,6,27.999899999999997,9.3333,3,9.3333,9.3333,9.3333,,5,10.0,False,Actor/Actress,Entertainment,43,36-45,Tony Dovolani,15,United States,New York,1,5.0,0.625
Leah Remini,17,7,26.5,8.833333333333334,3,9.0,8.5,9.0,,5,10.0,False,Actor/Actress,Entertainment,43,36-45,Tony Dovolani,15,United States,New York,1,7.0,0.875
Leah Remini,17,8,28.0,9.333333333333334,3,9.0,10.0,9.0,,5,10.0,False,Actor/Actress,Entertainment,43,36-45,Tony Dovolani,15,United States,New York,1,3.0,0.5
Leah Remini,17,9,27.0,9.0,3,9.0,9.0,9.0,,5,10.0,False,Actor/Actress,Entertainment,43,36-45,Tony Dovolani,15,United States,New York,1,3.0,0.5833333333333334
Leah Remini,17,10,32.5,8.125,4,8.0,8.0,8.0,8.5,5,10.0,True,Actor/Actress,Entertainment,43,36-45,Tony Dovolani,15,United States,New York,1,4.0,0.8
NeNe Leakes,18,1,21.0,7.0,3,7.0,7.0,7.0,,7,7.0,False,TV Personality,Media,46,46-55,Tony Dovolani,16,United States,New York,1,7.0,0.6666666666666666
NeNe Leakes,18,2,21.0,7.0,3,7.0,7.0,7.0,,7,7.0,False,TV Personality,Media,46,46-55,Tony Dovolani,16,United States,New York,1,7.0,0.7727272727272727
NeNe Leakes,18,3,31.0,7.75,4,8.0,7.0,8.0,8.0,7,7.0,False,TV Personality,Media,46,46-55,Tony Dovolani,16,United States,New York,1,8.0,0.8888888888888888
NeNe Leakes,18,4,32.0,8.0,4,8.0,8.0,8.0,8.0,7,7.0,False,TV Personality,Media,46,46-55,Tony Dovolani,16,United States,New York,1,6.0,0.7222222222222222
NeNe Leakes,18,5,36.0,9.0,4,9.0,9.0,9.0,9.0,7,7.0,False,TV Personality,Media,46,46-55,Tony Dovolani,16,United States,New York,1,5.0,0.6111111111111112
NeNe Leakes,18,6,33.0,8.25,4,8.0,9.0,8.0,8.0,7,7.0,False,TV Personality,Media,46,46-55,Tony Dovolani,16,United States,New York,1,6.0,0.75
NeNe Leakes,18,7,33.0,8.25,4,8.0,9.0,7.5,8.5,7,7.0,True,TV Personality,Media,46,46-55,Tony Dovolani,16,United States,New York,1,7.0,1.0
Betsey Johnson,19,1,20.0,5.0,4,5.0,5.0,5.0,5.0,10,4.0,False,Fashion Designer,Other,72,>55,Tony Dovolani,17,United States,Connecticut,1,13.0,1.0
Betsey Johnson,19,2,28.0,7.0,4,7.0,7.0,7.0,7.0,10,4.0,False,Fashion Designer,Other,72,>55,Tony Dovolani,17,United States,Connecticut,1,8.0,0.7916666666666666
Betsey Johnson,19,3,29.0,7.25,4,7.0,9.0,6.0,7.0,10,4.0,False,Fashion Designer,Other,72,>55,Tony Dovolani,17,United States,Connecticut,1,8.0,0.7727272727272727
Betsey Johnson,19,4,29.0,7.25,4,8.0,7.0,7.0,7.0,10,4.0,True,Fashion Designer,Other,72,>55,Tony Dovolani,17,United States,Connecticut,1,6.0,0.65
Suzanne Somers,20,1,25.0,6.25,4,6.0,6.0,6.0,7.0,9,5.0,False,Actor/Actress,Entertainment,68,>55,Tony Dovolani,18,United States,California,1,8.0,0.75
Suzanne Somers,20,2,28.0,7.0,4,7.0,7.0,7.0,7.0,9,5.0,False,Actor/Actress,Entertainment,68,>55,Tony Dovolani,18,United States,California,1,6.0,0.625
Suzanne Somers,20,3,25.0,6.25,4,6.0,6.0,6.0,7.0,9,5.0,False,Actor/Actress,Entertainment,68,>55,Tony Dovolani,18,United States,California,1,8.0,0.7272727272727273
Suzanne Somers,20,4,28.0,7.0,4,7.0,7.0,7.0,7.0,9,5.0,False,Actor/Actress,Entertainment,68,>55,Tony Dovolani,18,United States,California,1,9.0,0.9
Suzanne Somers,20,5,28.0,7.0,4,7.0,7.0,7.0,7.0,9,5.0,True,Actor/Actress,Entertainment,68,>55,Tony Dovolani,18,United States,California,1,5.0,0.6111111111111112
Kim Zolciak-Biermann,21,1,12.0,4.0,3,4.0,4.0,4.0,,11,-1.0,False,TV Personality,Media,37,36-45,Tony Dovolani,19,United States,Florida,1,13.0,1.0
Kim Zolciak-Biermann,21,2,18.5,6.166666666666667,3,6.5,6.0,6.0,,11,-1.0,False,TV Personality,Media,37,36-45,Tony Dovolani,19,United States,Florida,1,9.0,0.7692307692307693
Marla Maples,22,1,21.0,7.0,3,7.0,7.0,7.0,,10,4.0,False,TV Personality,Media,52,46-55,Tony Dovolani,20,United States,Georgia,1,4.0,0.4583333333333333
Marla Maples,22,2,20.0,6.666666666666667,3,7.0,6.0,7.0,,10,4.0,False,TV Personality,Media,52,46-55,Tony Dovolani,20,United States,Georgia,1,5.0,0.5416666666666666
Marla Maples,22,3,21.0,7.0,3,7.0,7.0,7.0,,10,4.0,False,TV Personality,Media,52,46-55,Tony Dovolani,20,United States,Georgia,1,6.0,0.5909090909090909
Marla Maples,22,4,28.0,7.0,4,7.0,7.0,7.0,7.0,10,4.0,True,TV Personality,Media,52,46-55,Tony Dovolani,20,United States,Georgia,1,8.0,0.8
Nancy Grace,13,1,16.0,5.333333333333333,3,5.0,5.0,6.0,,5,8.0,False,TV Personality,Media,51,46-55,Tristan MacManus,0,United States,Georgia,1,9.0,0.7916666666666666
Nancy Grace,13,2,21.0,7.0,3,6.0,8.0,7.0,,5,8.0,False,TV Personality,Media,51,46-55,Tristan MacManus,0,United States,Georgia,1,4.0,0.5
Nancy Grace,13,3,21.0,7.0,3,7.0,7.0,7.0,,5,8.0,False,TV Personality,Media,51,46-55,Tristan MacManus,0,United States,Georgia,1,9.0,0.9
Nancy Grace,13,4,21.0,7.0,3,7.0,7.0,7.0,,5,8.0,False,TV Personality,Media,51,46-55,Tristan MacManus,0,United States,Georgia,1,6.0,0.7777777777777778
Nancy Grace,13,5,22.0,7.333333333333333,3,7.0,7.0,8.0,,5,8.0,False,TV Personality,Media,51,46-55,Tristan MacManus,0,United States,Georgia,1,6.0,0.75
Nancy Grace,13,6,24.0,8.0,3,9.0,7.0,8.0,,5,8.0,False,TV Personality,Media,51,46-55,Tristan MacManus,0,United States,Georgia,1,3.0,0.42857142857142855
Nancy Grace,13,7,22.0,7.333333333333333,3,7.5,7.0,7.5,,5,8.0,False,TV Personality,Media,51,46-55,Tristan MacManus,0,United States,Georgia,1,6.0,1.0
Nancy Grace,13,8,22.0,7.333333333333333,3,7.5,7.0,7.5,,5,8.0,True,TV Personality,Media,51,46-55,Tristan MacManus,0,United States,Georgia,1,5.0,1.0
Gladys Knight,14,1,23.0,7.666666666666667,3,8.0,7.0,8.0,,8,6.0,False,Singer/Rapper,Entertainment,67,>55,Tristan MacManus,1,United States,Georgia,1,4.0,0.4583333333333333
Gladys Knight,14,2,19.0,6.333333333333333,3,7.0,5.0,7.0,,8,6.0,False,Singer/Rapper,Entertainment,67,>55,Tristan MacManus,1,United States,Georgia,1,11.0,0.9166666666666666
Gladys Knight,14,3,24.0,8.0,3,8.0,8.0,8.0,,8,6.0,False,Singer/Rapper,Entertainment,67,>55,Tristan MacManus,1,United States,Georgia,1,7.0,0.8181818181818182
Gladys Knight,14,4,20.0,6.666666666666667,3,7.0,6.0,7.0,,8,6.0,False,Singer/Rapper,Entertainment,67,>55,Tristan MacManus,1,United States,Georgia,1,10.0,1.0
Gladys Knight,14,5,22.0,7.333333333333333,3,7.0,7.0,8.0,,8,6.0,False,Singer/Rapper,Entertainment,67,>55,Tristan MacManus,1,United States,Georgia,1,7.0,0.7777777777777778
Gladys Knight,14,6,24.0,8.0,3,8.0,8.0,8.0,,8,6.0,True,Singer/Rapper,Entertainment,67,>55,Tristan MacManus,1,United States,Georgia,1,8.0,1.0
Pamela Anderson,15,1,17.0,5.666666666666667,3,5.5,5.5,6.0,,13,1.0,True,Model,Model,45,36-45,Tristan MacManus,2,Canada,Unknown,0,13.0,1.0
Dorothy Hamill,16,1,21.0,7.0,3,7.0,7.0,7.0,,12,-1.0,False,Athlete,Sports,56,>55,Tristan MacManus,3,United States,Illinois,1,2.0,0.25
Dorothy Hamill,16,2,15.0,5.0,3,5.0,5.0,5.0,,12,-1.0,False,Athlete,Sports,56,>55,Tristan MacManus,3,United States,Illinois,1,12.0,1.0
Valerie Harper,17,1,21.0,7.0,3,7.0,7.0,7.0,,10,4.0,False,Actor/Actress,Entertainment,74,>55,Tristan MacManus,4,United States,New York,1,8.0,0.7083333333333334
Valerie Harper,17,2,19.0,6.333333333333333,3,6.0,6.0,7.0,,10,4.0,False,Actor/Actress,Entertainment,74,>55,Tristan MacManus,4,United States,New York,1,10.0,0.8333333333333334
Valerie Harper,17,3,16.0,5.333333333333333,3,6.0,5.0,5.0,,10,4.0,False,Actor/Actress,Entertainment,74,>55,Tristan MacManus,4,United States,New York,1,10.0,0.9545454545454546
Valerie Harper,17,4,18.0,6.0,3,6.0,6.0,6.0,,10,4.0,True,Actor/Actress,Entertainment,74,>55,Tristan MacManus,4,United States,New York,1,10.0,1.0
Bill Nye,17,1,14.0,4.666666666666667,3,5.0,4.0,5.0,,11,3.0,False,TV Personality,Media,57,>55,Tyne Stecklein,0,United States,Washington D.C.,1,12.0,1.0
Bill Nye,17,2,17.0,5.666666666666667,3,6.0,5.0,6.0,,11,3.0,False,TV Personality,Media,57,>55,Tyne Stecklein,0,United States,Washington D.C.,1,12.0,1.0
Bill Nye,17,3,16.0,5.333333333333333,3,6.0,5.0,5.0,,11,3.0,True,TV Personality,Media,57,>55,Tyne Stecklein,0,United States,Washington D.C.,1,10.0,0.9545454545454546
Phaedra Parks,33,1,19.0,6.333333333333333,3,7.0,6.0,6.0,,8,5.0,False,TV Personality,Media,51,46-55,Val Chmerkovskiy,0,United States,Georgia,1,6.0,0.5
Phaedra Parks,33,2,21.0,7.0,3,7.0,7.0,7.0,,8,5.0,False,TV Personality,Media,51,46-55,Val Chmerkovskiy,0,United States,Georgia,1,5.0,0.46153846153846156
Phaedra Parks,33,3,28.0,7.0,4,7.5,7.5,6.0,7.0,8,5.0,False,TV Personality,Media,51,46-55,Val Chmerkovskiy,0,United States,Georgia,1,7.0,0.6818181818181818
Phaedra Parks,33,4,32.0,8.0,4,8.0,8.0,8.0,8.0,8,5.0,False,TV Personality,Media,51,46-55,Val Chmerkovskiy,0,United States,Georgia,1,4.0,0.6666666666666666
Phaedra Parks,33,5,24.0,8.0,3,8.0,8.0,8.0,,8,5.0,True,TV Personality,Media,51,46-55,Val Chmerkovskiy,0,United States,Georgia,1,6.0,0.875
Alix Earle,34,1,13.0,6.5,2,7.0,6.0,,,2,,False,Social Media Personality,Media,24,≤25,Val Chmerkovskiy (Joey Graziadei week 9),0,United States,Florida,1,4.0,0.32142857142857145
Alix Earle,34,2,21.0,7.0,3,7.0,7.0,7.0,,2,,False,Social Media Personality,Media,24,≤25,Val Chmerkovskiy (Joey Graziadei week 9),0,United States,Florida,1,5.0,0.4642857142857143
Alix Earle,34,3,23.0,7.666666666666667,3,8.0,7.0,8.0,,2,,False,Social Media Personality,Media,24,≤25,Val Chmerkovskiy (Joey Graziadei week 9),0,United States,Florida,1,3.0,0.2916666666666667
Alix Earle,34,4,24.0,8.0,3,8.0,8.0,8.0,,2,,False,Social Media Personality,Media,24,≤25,Val Chmerkovskiy (Joey Graziadei week 9),0,United States,Florida,1,2.0,0.2727272727272727
Alix Earle,34,5,35.0,8.75,4,8.0,9.0,9.0,9.0,2,,False,Social Media Personality,Media,24,≤25,Val Chmerkovskiy (Joey Graziadei week 9),0,United States,Florida,1,2.0,0.25
Alix Earle,34,6,35.0,8.75,4,9.0,9.0,8.0,9.0,2,,False,Social Media Personality,Media,24,≤25,Val Chmerkovskiy (Joey Graziadei week 9),0,United States,Florida,1,6.0,0.6
Alix Earle,34,7,43.0,10.75,4,11.0,11.0,10.0,11.0,2,,False,Social Media Personality,Media,24,≤25,Val Chmerkovskiy (Joey Graziadei week 9),0,United States,Florida,1,1.0,0.1111111111111111
Alix Earle,34,8,38.5,9.625,4,9.5,10.0,9.5,9.5,2,,False,Social Media Personality,Media,24,≤25,Val Chmerkovskiy (Joey Graziadei week 9),0,United States,Florida,1,3.0,0.375
Alix Earle,34,9,40.0,10.0,4,10.0,10.0,10.0,10.0,2,,False,Social Media Personality,Media,24,≤25,Val Chmerkovskiy (Joey Graziadei week 9),0,United States,Florida,1,4.0,0.5714285714285714
Alix Earle,34,10,29.0,9.666666666666666,3,9.5,10.0,9.5,,2,,False,Social Media Personality,Media,24,≤25,Val Chmerkovskiy (Joey Graziadei week 9),0,United States,Florida,1,2.0,0.4166666666666667
Alix Earle,34,11,30.0,10.0,3,10.0,10.0,10.0,,2,,False,Social Media Personality,Media,24,≤25,Val Chmerkovskiy (Joey Graziadei week 9),0,United States,Florida,1,1.0,0.2
Elisabetta Canalis,13,1,15.0,5.0,3,5.0,5.0,5.0,,11,2.0,False,Actor/Actress,Entertainment,33,26-35,Valentin Chmerkovskiy,0,Italy,Unknown,0,11.0,0.9166666666666666
Elisabetta Canalis,13,2,21.0,7.0,3,7.0,7.0,7.0,,11,2.0,True,Actor/Actress,Entertainment,33,26-35,Valentin Chmerkovskiy,0,Italy,Unknown,0,4.0,0.5
Sherri Sheperd,14,1,23.0,7.666666666666667,3,8.0,7.0,8.0,,10,4.0,False,Actor/Actress,Entertainment,44,36-45,Valentin Chmerkovskiy,1,United States,Illinois,1,4.0,0.4583333333333333
Sherri Sheperd,14,2,23.0,7.666666666666667,3,8.0,7.0,8.0,,10,4.0,False,Actor/Actress,Entertainment,44,36-45,Valentin Chmerkovskiy,1,United States,Illinois,1,6.0,0.5
Sherri Sheperd,14,3,24.0,8.0,3,8.0,8.0,8.0,,10,4.0,False,Actor/Actress,Entertainment,44,36-45,Valentin Chmerkovskiy,1,United States,Illinois,1,7.0,0.8181818181818182
Sherri Sheperd,14,4,21.0,7.0,3,7.0,7.0,7.0,,10,4.0,True,Actor/Actress,Entertainment,44,36-45,Valentin Chmerkovskiy,1,United States,Illinois,1,9.0,0.9
Kelly Monaco,15,1,21.5,7.166666666666667,3,7.0,7.0,7.5,,3,,False,Actor/Actress,Entertainment,36,36-45,Valentin Chmerkovskiy,2,United States,Pennsylvania,1,6.0,0.5384615384615384
Kelly Monaco,15,2,22.0,7.333333333333333,3,7.5,7.0,7.5,,3,,False,Actor/Actress,Entertainment,36,36-45,Valentin Chmerkovskiy,2,United States,Pennsylvania,1,10.0,0.8333333333333334
Kelly Monaco,15,3,27.0,9.0,3,9.0,9.0,9.0,,3,,False,Actor/Actress,Entertainment,36,36-45,Valentin Chmerkovskiy,2,United States,Pennsylvania,1,1.0,0.13636363636363635
Kelly Monaco,15,4,37.5,9.375,4,9.0,9.5,9.5,9.5,3,,False,Actor/Actress,Entertainment,36,36-45,Valentin Chmerkovskiy,2,United States,Pennsylvania,1,3.0,0.3333333333333333
Kelly Monaco,15,5,25.75,8.583333333333334,3,8.5,8.5,8.75,,3,,False,Actor/Actress,Entertainment,36,36-45,Valentin Chmerkovskiy,2,United States,Pennsylvania,1,8.0,1.0
Kelly Monaco,15,6,27.0,9.0,3,9.0,9.0,9.0,,3,,False,Actor/Actress,Entertainment,36,36-45,Valentin Chmerkovskiy,2,United States,Pennsylvania,1,7.0,0.875
Kelly Monaco,15,7,36.0,12.0,3,12.0,12.0,12.0,,3,,False,Actor/Actress,Entertainment,36,36-45,Valentin Chmerkovskiy,2,United States,Pennsylvania,1,3.0,0.42857142857142855
Kelly Monaco,15,8,28.3333,9.444433333333334,3,9.5,9.3333,9.5,,3,,False,Actor/Actress,Entertainment,36,36-45,Valentin Chmerkovskiy,2,United States,Pennsylvania,1,5.0,0.7142857142857143
Kelly Monaco,15,9,27.110999999999997,9.036999999999999,3,8.7777,9.3333,9.0,,3,,False,Actor/Actress,Entertainment,36,36-45,Valentin Chmerkovskiy,2,United States,Pennsylvania,1,4.0,0.8
Kelly Monaco,15,10,29.1109,9.703633333333334,3,9.6666,9.6666,9.7777,,3,,False,Actor/Actress,Entertainment,36,36-45,Valentin Chmerkovskiy,2,United States,Pennsylvania,1,2.0,0.6666666666666666
Zendaya,16,1,24.0,8.0,3,8.0,8.0,8.0,,2,,False,Actor/Actress,Entertainment,16,≤25,Valentin Chmerkovskiy,3,United States,California,1,1.0,0.08333333333333333
Zendaya,16,2,26.0,8.666666666666666,3,9.0,8.0,9.0,,2,,False,Actor/Actress,Entertainment,16,≤25,Valentin Chmerkovskiy,3,United States,California,1,1.0,0.125
Zendaya,16,3,25.9998,8.6666,3,8.6666,8.6666,8.6666,,2,,False,Actor/Actress,Entertainment,16,≤25,Valentin Chmerkovskiy,3,United States,California,1,1.0,0.13636363636363635
Zendaya,16,4,26.0,8.666666666666666,3,9.0,8.0,9.0,,2,,False,Actor/Actress,Entertainment,16,≤25,Valentin Chmerkovskiy,3,United States,California,1,2.0,0.25
Zendaya,16,5,29.0,9.666666666666666,3,10.0,9.0,10.0,,2,,False,Actor/Actress,Entertainment,16,≤25,Valentin Chmerkovskiy,3,United States,California,1,1.0,0.1111111111111111
Zendaya,16,6,25.5,8.5,3,8.5,8.5,8.5,,2,,False,Actor/Actress,Entertainment,16,≤25,Valentin Chmerkovskiy,3,United States,California,1,3.0,0.375
Zendaya,16,7,30.0,10.0,3,10.0,10.0,10.0,,2,,False,Actor/Actress,Entertainment,16,≤25,Valentin Chmerkovskiy,3,United States,California,1,2.0,0.2857142857142857
Zendaya,16,8,29.0,9.666666666666666,3,9.5,10.0,9.5,,2,,False,Actor/Actress,Entertainment,16,≤25,Valentin Chmerkovskiy,3,United States,California,1,1.0,0.16666666666666666
Zendaya,16,9,27.5,9.166666666666666,3,9.0,9.0,9.5,,2,,False,Actor/Actress,Entertainment,16,≤25,Valentin Chmerkovskiy,3,United States,California,1,4.0,0.8
Zendaya,16,10,30.0,10.0,3,10.0,10.0,10.0,,2,,False,Actor/Actress,Entertainment,16,≤25,Valentin Chmerkovskiy,3,United States,California,1,1.0,0.375
Elizabeth Berkley Lauren,17,1,24.0,8.0,3,8.0,8.0,8.0,,6,9.0,False,Actor/Actress,Entertainment,39,36-45,Valentin Chmerkovskiy,4,United States,Michigan,1,2.0,0.20833333333333334
Elizabeth Berkley Lauren,17,2,25.0,8.333333333333334,3,8.0,9.0,8.0,,6,9.0,False,Actor/Actress,Entertainment,39,36-45,Valentin Chmerkovskiy,4,United States,Michigan,1,2.0,0.20833333333333334
Elizabeth Berkley Lauren,17,3,25.0,8.333333333333334,3,8.0,9.0,8.0,,6,9.0,False,Actor/Actress,Entertainment,39,36-45,Valentin Chmerkovskiy,4,United States,Michigan,1,4.0,0.4090909090909091
Elizabeth Berkley Lauren,17,4,27.0,9.0,3,9.0,9.0,9.0,,6,9.0,False,Actor/Actress,Entertainment,39,36-45,Valentin Chmerkovskiy,4,United States,Michigan,1,1.0,0.2
Elizabeth Berkley Lauren,17,5,26.0,8.666666666666666,3,8.0,9.0,9.0,,6,9.0,False,Actor/Actress,Entertainment,39,36-45,Valentin Chmerkovskiy,4,United States,Michigan,1,6.0,0.7222222222222222
Elizabeth Berkley Lauren,17,6,31.9998,10.6666,3,10.6666,10.6666,10.6666,,6,9.0,False,Actor/Actress,Entertainment,39,36-45,Valentin Chmerkovskiy,4,United States,Michigan,1,2.0,0.25
Elizabeth Berkley Lauren,17,7,27.0,9.0,3,9.0,9.0,9.0,,6,9.0,False,Actor/Actress,Entertainment,39,36-45,Valentin Chmerkovskiy,4,United States,Michigan,1,5.0,0.6875
Elizabeth Berkley Lauren,17,8,25.0,8.333333333333334,3,8.0,9.0,8.0,,6,9.0,False,Actor/Actress,Entertainment,39,36-45,Valentin Chmerkovskiy,4,United States,Michigan,1,6.0,0.8571428571428571
Elizabeth Berkley Lauren,17,9,28.0,9.333333333333334,3,9.5,9.0,9.5,,6,9.0,True,Actor/Actress,Entertainment,39,36-45,Valentin Chmerkovskiy,4,United States,Michigan,1,2.0,0.3333333333333333
Danica McKellar,18,1,24.0,8.0,3,8.0,8.0,8.0,,6,8.0,False,Actor/Actress,Entertainment,39,36-45,Valentin Chmerkovskiy,5,United States,California,1,3.0,0.3333333333333333
Danica McKellar,18,2,24.0,8.0,3,8.0,8.0,8.0,,6,8.0,False,Actor/Actress,Entertainment,39,36-45,Valentin Chmerkovskiy,5,United States,California,1,4.0,0.4090909090909091
Danica McKellar,18,3,36.0,9.0,4,9.0,9.0,9.0,9.0,6,8.0,False,Actor/Actress,Entertainment,39,36-45,Valentin Chmerkovskiy,5,United States,California,1,2.0,0.3888888888888889
Danica McKellar,18,4,32.0,8.0,4,8.0,8.0,8.0,8.0,6,8.0,False,Actor/Actress,Entertainment,39,36-45,Valentin Chmerkovskiy,5,United States,California,1,6.0,0.7222222222222222
Danica McKellar,18,5,39.0,9.75,4,10.0,9.0,10.0,10.0,6,8.0,False,Actor/Actress,Entertainment,39,36-45,Valentin Chmerkovskiy,5,United States,California,1,2.0,0.2222222222222222
Danica McKellar,18,6,36.0,9.0,4,9.0,9.0,9.0,9.0,6,8.0,False,Actor/Actress,Entertainment,39,36-45,Valentin Chmerkovskiy,5,United States,California,1,3.0,0.4375
Danica McKellar,18,7,36.0,9.0,4,9.0,9.5,8.5,9.0,6,8.0,False,Actor/Actress,Entertainment,39,36-45,Valentin Chmerkovskiy,5,United States,California,1,4.0,0.5714285714285714
Danica McKellar,18,8,38.0,9.5,4,10.0,9.0,9.0,10.0,6,8.0,True,Actor/Actress,Entertainment,39,36-45,Valentin Chmerkovskiy,5,United States,California,1,3.0,0.5
Janel Parrish,19,1,29.0,7.25,4,7.0,7.0,7.0,8.0,3,,False,Actor/Actress,Entertainment,25,≤25,Valentin Chmerkovskiy,6,United States,Hawaii,1,7.0,0.5769230769230769
Janel Parrish,19,2,34.0,8.5,4,9.0,8.0,8.0,9.0,3,,False,Actor/Actress,Entertainment,25,≤25,Valentin Chmerkovskiy,6,United States,Hawaii,1,2.0,0.16666666666666666
Janel Parrish,19,3,40.0,10.0,4,10.0,10.0,10.0,10.0,3,,False,Actor/Actress,Entertainment,25,≤25,Valentin Chmerkovskiy,6,United States,Hawaii,1,1.0,0.13636363636363635
Janel Parrish,19,4,36.0,9.0,4,9.0,9.0,9.0,9.0,3,,False,Actor/Actress,Entertainment,25,≤25,Valentin Chmerkovskiy,6,United States,Hawaii,1,4.0,0.4
Janel Parrish,19,5,33.0,8.25,4,8.0,8.0,8.0,9.0,3,,False,Actor/Actress,Entertainment,25,≤25,Valentin Chmerkovskiy,6,United States,Hawaii,1,4.0,0.4444444444444444
Janel Parrish,19,6,33.0,8.25,4,8.0,7.0,9.0,9.0,3,,False,Actor/Actress,Entertainment,25,≤25,Valentin Chmerkovskiy,6,United States,Hawaii,1,4.0,0.4444444444444444
Janel Parrish,19,7,33.5,8.375,4,8.5,8.0,8.5,8.5,3,,False,Actor/Actress,Entertainment,25,≤25,Valentin Chmerkovskiy,6,United States,Hawaii,1,4.0,0.5
Janel Parrish,19,8,43.0,10.75,4,10.75,10.75,10.75,10.75,3,,False,Actor/Actress,Entertainment,25,≤25,Valentin Chmerkovskiy,6,United States,Hawaii,1,1.0,0.14285714285714285
Janel Parrish,19,9,38.5,9.625,4,9.5,9.5,10.0,9.5,3,,False,Actor/Actress,Entertainment,25,≤25,Valentin Chmerkovskiy,6,United States,Hawaii,1,1.0,0.25
Janel Parrish,19,10,39.0,9.75,4,9.5,9.5,10.0,10.0,3,,False,Actor/Actress,Entertainment,25,≤25,Valentin Chmerkovskiy,6,United States,Hawaii,1,1.0,0.2
Janel Parrish,19,11,38.99980000000001,9.749950000000002,4,9.6666,10.0,9.6666,9.6666,3,,False,Actor/Actress,Entertainment,25,≤25,Valentin Chmerkovskiy,6,United States,Hawaii,1,3.0,0.75
Rumer Willis,20,1,32.0,8.0,4,8.0,8.0,8.0,8.0,1,,False,Actor/Actress,Entertainment,26,26-35,Valentin Chmerkovskiy,7,United States,Kentucky,1,1.0,0.08333333333333333
Rumer Willis,20,2,32.0,8.0,4,8.0,8.0,8.0,8.0,1,,False,Actor/Actress,Entertainment,26,26-35,Valentin Chmerkovskiy,7,United States,Kentucky,1,2.0,0.25
Rumer Willis,20,3,33.0,8.25,4,8.0,9.0,8.0,8.0,1,,False,Actor/Actress,Entertainment,26,26-35,Valentin Chmerkovskiy,7,United States,Kentucky,1,3.0,0.2727272727272727
Rumer Willis,20,4,35.0,8.75,4,9.0,8.0,9.0,9.0,1,,False,Actor/Actress,Entertainment,26,26-35,Valentin Chmerkovskiy,7,United States,Kentucky,1,3.0,0.3
Rumer Willis,20,5,39.0,9.75,4,10.0,9.0,10.0,10.0,1,,False,Actor/Actress,Entertainment,26,26-35,Valentin Chmerkovskiy,7,United States,Kentucky,1,1.0,0.1111111111111111
Rumer Willis,20,6,35.5,8.875,4,9.0,8.5,8.5,9.5,1,,False,Actor/Actress,Entertainment,26,26-35,Valentin Chmerkovskiy,7,United States,Kentucky,1,4.0,0.5
Rumer Willis,20,7,37.0,9.25,4,8.5,9.5,9.5,9.5,1,,False,Actor/Actress,Entertainment,26,26-35,Valentin Chmerkovskiy,7,United States,Kentucky,1,4.0,0.6428571428571429
Rumer Willis,20,8,40.0,10.0,4,10.0,10.0,10.0,10.0,1,,False,Actor/Actress,Entertainment,26,26-35,Valentin Chmerkovskiy,7,United States,Kentucky,1,1.0,0.16666666666666666
Rumer Willis,20,9,39.0,9.75,4,10.0,9.5,9.5,10.0,1,,False,Actor/Actress,Entertainment,26,26-35,Valentin Chmerkovskiy,7,United States,Kentucky,1,3.0,0.75
Rumer Willis,20,10,40.0,10.0,4,10.0,10.0,10.0,10.0,1,,False,Actor/Actress,Entertainment,26,26-35,Valentin Chmerkovskiy,7,United States,Kentucky,1,1.0,0.5
Tamar Braxton,21,1,23.0,7.666666666666667,3,8.0,7.0,8.0,,5,-1.0,False,Singer/Rapper,Entertainment,38,36-45,Valentin Chmerkovskiy,8,United States,Maryland,1,3.0,0.2692307692307692
Tamar Braxton,21,2,24.5,8.166666666666666,3,8.0,8.0,8.5,,5,-1.0,False,Singer/Rapper,Entertainment,38,36-45,Valentin Chmerkovskiy,8,United States,Maryland,1,1.0,0.07692307692307693
Tamar Braxton,21,3,33.0,8.25,4,8.0,9.0,8.0,8.0,5,-1.0,False,Singer/Rapper,Entertainment,38,36-45,Valentin Chmerkovskiy,8,United States,Maryland,1,3.0,0.35
Tamar Braxton,21,4,27.0,9.0,3,9.0,9.0,9.0,,5,-1.0,False,Singer/Rapper,Entertainment,38,36-45,Valentin Chmerkovskiy,8,United States,Maryland,1,2.0,0.3
Tamar Braxton,21,5,29.0,7.25,4,7.0,7.0,8.0,7.0,5,-1.0,False,Singer/Rapper,Entertainment,38,36-45,Valentin Chmerkovskiy,8,United States,Maryland,1,7.0,0.8333333333333334
Tamar Braxton,21,6,40.0,10.0,4,10.0,10.0,10.0,10.0,5,-1.0,False,Singer/Rapper,Entertainment,38,36-45,Valentin Chmerkovskiy,8,United States,Maryland,1,1.0,0.2222222222222222
Tamar Braxton,21,7,27.0,9.0,3,9.0,9.0,9.0,,5,-1.0,False,Singer/Rapper,Entertainment,38,36-45,Valentin Chmerkovskiy,8,United States,Maryland,1,6.0,0.8125
Tamar Braxton,21,8,28.0,9.333333333333334,3,9.0,9.0,10.0,,5,-1.0,False,Singer/Rapper,Entertainment,38,36-45,Valentin Chmerkovskiy,8,United States,Maryland,1,3.0,0.5
Tamar Braxton,21,9,24.5,8.166666666666666,3,8.5,8.0,8.0,,5,-1.0,False,Singer/Rapper,Entertainment,38,36-45,Valentin Chmerkovskiy,8,United States,Maryland,1,6.0,1.0
Ginger Zee,22,1,23.0,7.666666666666667,3,8.0,7.0,8.0,,3,,False,News Anchor,Media,35,26-35,Valentin Chmerkovskiy,9,United States,California,1,1.0,0.16666666666666666
Ginger Zee,22,2,21.0,7.0,3,7.0,7.0,7.0,,3,,False,News Anchor,Media,35,26-35,Valentin Chmerkovskiy,9,United States,California,1,3.0,0.2916666666666667
Ginger Zee,22,3,21.0,7.0,3,7.0,7.0,7.0,,3,,False,News Anchor,Media,35,26-35,Valentin Chmerkovskiy,9,United States,California,1,6.0,0.5909090909090909
Ginger Zee,22,4,36.0,9.0,4,9.0,9.0,9.0,9.0,3,,False,News Anchor,Media,35,26-35,Valentin Chmerkovskiy,9,United States,California,1,1.0,0.15
Ginger Zee,22,5,32.0,8.0,4,8.0,8.0,8.0,8.0,3,,False,News Anchor,Media,35,26-35,Valentin Chmerkovskiy,9,United States,California,1,3.0,0.3333333333333333
Ginger Zee,22,6,24.0,8.0,3,8.0,8.0,8.0,,3,,False,News Anchor,Media,35,26-35,Valentin Chmerkovskiy,9,United States,California,1,6.0,0.7777777777777778
Ginger Zee,22,7,27.5,9.166666666666666,3,9.0,9.0,9.5,,3,,False,News Anchor,Media,35,26-35,Valentin Chmerkovskiy,9,United States,California,1,2.0,0.375
Ginger Zee,22,8,30.0,10.0,3,10.0,10.0,10.0,,3,,False,News Anchor,Media,35,26-35,Valentin Chmerkovskiy,9,United States,California,1,1.0,0.25
Ginger Zee,22,9,28.0,9.333333333333334,3,9.0,9.5,9.5,,3,,False,News Anchor,Media,35,26-35,Valentin Chmerkovskiy,9,United States,California,1,4.0,0.8
Ginger Zee,22,10,28.333199999999998,9.4444,3,9.3333,9.6666,9.3333,,3,,False,News Anchor,Media,35,26-35,Valentin Chmerkovskiy,9,United States,California,1,3.0,1.0
Laurie Hernandez,23,1,31.0,7.75,4,8.0,8.0,7.0,8.0,1,,False,Athlete,Sports,16,≤25,Valentin Chmerkovskiy,10,United States,New Jersey,1,1.0,0.11538461538461539
Laurie Hernandez,23,2,32.0,8.0,4,8.0,8.0,8.0,8.0,1,,False,Athlete,Sports,16,≤25,Valentin Chmerkovskiy,10,United States,New Jersey,1,1.0,0.07692307692307693
Laurie Hernandez,23,3,31.0,7.75,4,7.0,8.0,8.0,8.0,1,,False,Athlete,Sports,16,≤25,Valentin Chmerkovskiy,10,United States,New Jersey,1,2.0,0.16666666666666666
Laurie Hernandez,23,4,30.0,10.0,3,10.0,10.0,10.0,,1,,False,Athlete,Sports,16,≤25,Valentin Chmerkovskiy,10,United States,New Jersey,1,1.0,0.09090909090909091
Laurie Hernandez,23,5,25.0,8.333333333333334,3,8.0,9.0,8.0,,1,,False,Athlete,Sports,16,≤25,Valentin Chmerkovskiy,10,United States,New Jersey,1,5.0,0.5555555555555556
Laurie Hernandez,23,6,37.0,9.25,4,9.0,9.0,9.0,10.0,1,,False,Athlete,Sports,16,≤25,Valentin Chmerkovskiy,10,United States,New Jersey,1,3.0,0.3888888888888889
Laurie Hernandez,23,7,34.5,8.625,4,8.0,8.5,9.0,9.0,1,,False,Athlete,Sports,16,≤25,Valentin Chmerkovskiy,10,United States,New Jersey,1,3.0,0.5
Laurie Hernandez,23,8,33.0,11.0,3,11.0,11.0,11.0,,1,,False,Athlete,Sports,16,≤25,Valentin Chmerkovskiy,10,United States,New Jersey,1,2.0,0.2857142857142857
Laurie Hernandez,23,9,40.0,10.0,4,10.0,10.0,10.0,10.0,1,,False,Athlete,Sports,16,≤25,Valentin Chmerkovskiy,10,United States,New Jersey,1,1.0,0.25
Laurie Hernandez,23,10,30.0,10.0,3,10.0,10.0,10.0,,1,,False,Athlete,Sports,16,≤25,Valentin Chmerkovskiy,10,United States,New Jersey,1,1.0,0.3
Laurie Hernandez,23,11,39.333200000000005,9.833300000000001,4,9.6666,10.0,9.6666,10.0,1,,False,Athlete,Sports,16,≤25,Valentin Chmerkovskiy,10,United States,New Jersey,1,1.0,0.25
Normani,24,1,27.0,6.75,4,7.0,6.0,7.0,7.0,3,,False,Singer/Rapper,Entertainment,20,≤25,Valentin Chmerkovskiy,11,United States,Georgia,1,6.0,0.5
Normani,24,2,32.0,8.0,4,8.0,8.0,8.0,8.0,3,,False,Singer/Rapper,Entertainment,20,≤25,Valentin Chmerkovskiy,11,United States,Georgia,1,1.0,0.125
Normani,24,3,34.0,8.5,4,8.0,8.0,9.0,9.0,3,,False,Singer/Rapper,Entertainment,20,≤25,Valentin Chmerkovskiy,11,United States,Georgia,1,1.0,0.09090909090909091
Normani,24,4,32.0,8.0,4,8.0,7.0,8.0,9.0,3,,False,Singer/Rapper,Entertainment,20,≤25,Valentin Chmerkovskiy,11,United States,Georgia,1,5.0,0.55
Normani,24,5,39.0,9.75,4,10.0,9.0,10.0,10.0,3,,False,Singer/Rapper,Entertainment,20,≤25,Valentin Chmerkovskiy,11,United States,Georgia,1,1.0,0.1111111111111111
Normani,24,6,36.0,9.0,4,9.0,9.5,8.0,9.5,3,,False,Singer/Rapper,Entertainment,20,≤25,Valentin Chmerkovskiy,11,United States,Georgia,1,2.0,0.25
Normani,24,7,42.0,10.5,4,10.5,10.5,10.5,10.5,3,,False,Singer/Rapper,Entertainment,20,≤25,Valentin Chmerkovskiy,11,United States,Georgia,1,1.0,0.14285714285714285
Normani,24,8,39.5,9.875,4,10.0,9.5,10.0,10.0,3,,False,Singer/Rapper,Entertainment,20,≤25,Valentin Chmerkovskiy,11,United States,Georgia,1,1.0,0.2
Normani,24,9,38.0,9.5,4,9.5,9.5,9.5,9.5,3,,False,Singer/Rapper,Entertainment,20,≤25,Valentin Chmerkovskiy,11,United States,Georgia,1,3.0,0.75
Normani,24,10,39.333200000000005,9.833300000000001,4,10.0,9.6666,9.6666,10.0,3,,False,Singer/Rapper,Entertainment,20,≤25,Valentin Chmerkovskiy,11,United States,Georgia,1,2.0,0.6666666666666666
Victoria Arlen,25,1,19.0,6.333333333333333,3,7.0,6.0,6.0,,5,9.0,False,Athlete,Sports,22,≤25,Valentin Chmerkovskiy,12,United States,New Hamshire,1,5.0,0.4230769230769231
Victoria Arlen,25,2,22.0,7.333333333333333,3,7.5,7.0,7.5,,5,9.0,False,Athlete,Sports,22,≤25,Valentin Chmerkovskiy,12,United States,New Hamshire,1,6.0,0.46153846153846156
Victoria Arlen,25,3,22.0,7.333333333333333,3,8.0,7.0,7.0,,5,9.0,False,Athlete,Sports,22,≤25,Valentin Chmerkovskiy,12,United States,New Hamshire,1,5.0,0.45454545454545453
Victoria Arlen,25,4,27.0,9.0,3,9.0,9.0,9.0,,5,9.0,False,Athlete,Sports,22,≤25,Valentin Chmerkovskiy,12,United States,New Hamshire,1,2.0,0.18181818181818182
Victoria Arlen,25,5,27.0,9.0,3,9.0,9.0,9.0,,5,9.0,False,Athlete,Sports,22,≤25,Valentin Chmerkovskiy,12,United States,New Hamshire,1,4.0,0.45
Victoria Arlen,25,6,31.0,7.75,4,8.0,8.0,7.0,8.0,5,9.0,False,Athlete,Sports,22,≤25,Valentin Chmerkovskiy,12,United States,New Hamshire,1,6.0,0.7222222222222222
Victoria Arlen,25,7,28.5,9.5,3,9.5,9.5,9.5,,5,9.0,False,Athlete,Sports,22,≤25,Valentin Chmerkovskiy,12,United States,New Hamshire,1,2.0,0.3125
Victoria Arlen,25,8,24.0,8.0,3,8.0,8.0,8.0,,5,9.0,False,Athlete,Sports,22,≤25,Valentin Chmerkovskiy,12,United States,New Hamshire,1,5.0,0.8333333333333334
Victoria Arlen,25,9,28.0,9.333333333333334,3,9.0,9.5,9.5,,5,9.0,True,Athlete,Sports,22,≤25,Valentin Chmerkovskiy,12,United States,New Hamshire,1,3.0,0.6
Nancy McKeon,27,1,19.5,6.5,3,6.5,6.5,6.5,,11,3.0,False,Actor/Actress,Entertainment,52,46-55,Valentin Chmerkovskiy,13,United States,New York,1,8.0,0.6153846153846154
Nancy McKeon,27,2,20.5,6.833333333333333,3,7.0,6.5,7.0,,11,3.0,False,Actor/Actress,Entertainment,52,46-55,Valentin Chmerkovskiy,13,United States,New York,1,9.0,0.75
Nancy McKeon,27,3,22.0,7.333333333333333,3,8.0,7.0,7.0,,11,3.0,True,Actor/Actress,Entertainment,52,46-55,Valentin Chmerkovskiy,13,United States,New York,1,9.0,0.8181818181818182
Sailor Brinkley-Cook,28,1,18.0,6.0,3,6.0,6.0,6.0,,9,6.0,False,Model,Model,21,≤25,Valentin Chmerkovskiy,14,United States,New York,1,4.0,0.3333333333333333
Sailor Brinkley-Cook,28,2,18.0,6.0,3,6.0,6.0,6.0,,9,6.0,False,Model,Model,21,≤25,Valentin Chmerkovskiy,14,United States,New York,1,8.0,0.6666666666666666
Sailor Brinkley-Cook,28,3,23.0,7.666666666666667,3,7.0,8.0,8.0,,9,6.0,False,Model,Model,21,≤25,Valentin Chmerkovskiy,14,United States,New York,1,3.0,0.35
Sailor Brinkley-Cook,28,4,31.0,7.75,4,7.0,8.0,8.0,8.0,9,6.0,False,Model,Model,21,≤25,Valentin Chmerkovskiy,14,United States,New York,1,5.0,0.5
Sailor Brinkley-Cook,28,5,24.0,8.0,3,8.0,8.0,8.0,,9,6.0,False,Model,Model,21,≤25,Valentin Chmerkovskiy,14,United States,New York,1,5.0,0.6111111111111112
Sailor Brinkley-Cook,28,6,27.0,9.0,3,9.0,9.0,9.0,,9,6.0,True,Model,Model,21,≤25,Valentin Chmerkovskiy,14,United States,New York,1,1.0,0.2222222222222222
Monica Aldama,29,1,19.0,6.333333333333333,3,6.0,7.0,6.0,,10,7.0,False,TV Personality,Media,48,46-55,Valentin Chmerkovskiy,15,United States,Alabama,1,5.0,0.3333333333333333
Monica Aldama,29,2,16.0,5.333333333333333,3,5.0,6.0,5.0,,10,7.0,False,TV Personality,Media,48,46-55,Valentin Chmerkovskiy,15,United States,Alabama,1,12.0,0.8333333333333334
Monica Aldama,29,3,21.0,7.0,3,7.0,7.0,7.0,,10,7.0,False,TV Personality,Media,48,46-55,Valentin Chmerkovskiy,15,United States,Alabama,1,7.0,0.5357142857142857
Monica Aldama,29,4,24.0,8.0,3,8.0,8.0,8.0,,10,7.0,False,TV Personality,Media,48,46-55,Valentin Chmerkovskiy,15,United States,Alabama,1,3.0,0.38461538461538464
Monica Aldama,29,5,26.0,8.666666666666666,3,9.0,9.0,8.0,,10,7.0,False,TV Personality,Media,48,46-55,Valentin Chmerkovskiy,15,United States,Alabama,1,3.0,0.2916666666666667
Monica Aldama,29,6,27.0,9.0,3,9.0,9.0,9.0,,10,7.0,False,TV Personality,Media,48,46-55,Valentin Chmerkovskiy,15,United States,Alabama,1,1.0,0.22727272727272727
Monica Aldama,29,7,22.0,7.333333333333333,3,7.0,8.0,7.0,,10,7.0,True,TV Personality,Media,48,46-55,Valentin Chmerkovskiy,15,United States,Alabama,1,10.0,1.0
Olivia Jade,30,1,25.0,6.25,4,7.0,6.0,6.0,6.0,8,8.0,False,Social Media Personality,Media,21,≤25,Valentin Chmerkovskiy,16,United States,California,1,7.0,0.5
Olivia Jade,30,2,27.0,6.75,4,7.0,6.0,7.0,7.0,8,8.0,False,Social Media Personality,Media,21,≤25,Valentin Chmerkovskiy,16,United States,California,1,5.0,0.4
Olivia Jade,30,3,24.0,8.0,3,8.0,8.0,8.0,,8,8.0,False,Social Media Personality,Media,21,≤25,Valentin Chmerkovskiy,16,United States,California,1,1.0,0.14285714285714285
Olivia Jade,30,4,35.0,8.75,4,8.0,9.0,9.0,9.0,8,8.0,False,Social Media Personality,Media,21,≤25,Valentin Chmerkovskiy,16,United States,California,1,2.0,0.19230769230769232
Olivia Jade,30,5,36.0,9.0,4,9.0,9.0,9.0,9.0,8,8.0,False,Social Media Personality,Media,21,≤25,Valentin Chmerkovskiy,16,United States,California,1,3.0,0.45454545454545453
Olivia Jade,30,6,36.0,9.0,4,9.0,9.0,9.0,9.0,8,8.0,False,Social Media Personality,Media,21,≤25,Valentin Chmerkovskiy,16,United States,California,1,5.0,0.6
Olivia Jade,30,7,42.0,10.5,4,11.0,9.0,11.0,11.0,8,8.0,False,Social Media Personality,Media,21,≤25,Valentin Chmerkovskiy,16,United States,California,1,1.0,0.1111111111111111
Olivia Jade,30,8,36.0,9.0,4,9.0,9.0,9.0,9.0,8,8.0,True,Social Media Personality,Media,21,≤25,Valentin Chmerkovskiy,16,United States,California,1,6.0,0.75
Gabby Windey,31,1,28.0,7.0,4,7.0,7.0,7.0,7.0,2,,False,TV Personality,Media,31,26-35,Valentin Chmerkovskiy,17,United States,Illinois,1,3.0,0.25
Gabby Windey,31,2,32.0,8.0,4,8.0,8.0,8.0,8.0,2,,False,TV Personality,Media,31,26-35,Valentin Chmerkovskiy,17,United States,Illinois,1,1.0,0.13333333333333333
Gabby Windey,31,3,33.0,8.25,4,8.0,8.0,8.0,9.0,2,,False,TV Personality,Media,31,26-35,Valentin Chmerkovskiy,17,United States,Illinois,1,1.0,0.14285714285714285
Gabby Windey,31,4,36.0,9.0,4,9.0,9.0,9.0,9.0,2,,False,TV Personality,Media,31,26-35,Valentin Chmerkovskiy,17,United States,Illinois,1,1.0,0.15384615384615385
Gabby Windey,31,5,41.0,10.25,4,10.25,10.25,10.25,10.25,2,,False,TV Personality,Media,31,26-35,Valentin Chmerkovskiy,17,United States,Illinois,1,2.0,0.20833333333333334
Gabby Windey,31,6,37.0,9.25,4,9.0,9.0,9.0,10.0,2,,False,TV Personality,Media,31,26-35,Valentin Chmerkovskiy,17,United States,Illinois,1,2.0,0.2
Gabby Windey,31,7,35.5,8.875,4,9.0,9.0,8.5,9.0,2,,False,TV Personality,Media,31,26-35,Valentin Chmerkovskiy,17,United States,Illinois,1,6.0,0.6666666666666666
Gabby Windey,31,8,40.0,10.0,4,10.0,10.0,10.0,10.0,2,,False,TV Personality,Media,31,26-35,Valentin Chmerkovskiy,17,United States,Illinois,1,4.0,0.5
Gabby Windey,31,9,40.0,10.0,4,10.0,10.0,10.0,10.0,2,,False,TV Personality,Media,31,26-35,Valentin Chmerkovskiy,17,United States,Illinois,1,1.0,0.25
Gabby Windey,31,10,40.0,10.0,4,10.0,10.0,10.0,10.0,2,,False,TV Personality,Media,31,26-35,Valentin Chmerkovskiy,17,United States,Illinois,1,1.0,0.375
Xochitl Gomez,32,1,18.0,6.0,3,6.0,6.0,6.0,,1,,False,Actor/Actress,Entertainment,17,≤25,Valentin Chmerkovskiy,18,United States,California,1,5.0,0.39285714285714285
Xochitl Gomez,32,2,24.0,8.0,3,8.0,8.0,8.0,,1,,False,Actor/Actress,Entertainment,17,≤25,Valentin Chmerkovskiy,18,United States,California,1,1.0,0.11538461538461539
Xochitl Gomez,32,3,32.0,8.0,4,8.0,8.0,8.0,8.0,1,,False,Actor/Actress,Entertainment,17,≤25,Valentin Chmerkovskiy,18,United States,California,1,3.0,0.2916666666666667
Xochitl Gomez,32,4,27.0,9.0,3,9.0,9.0,9.0,,1,,False,Actor/Actress,Entertainment,17,≤25,Valentin Chmerkovskiy,18,United States,California,1,1.0,0.09090909090909091
Xochitl Gomez,32,5,28.0,9.333333333333334,3,9.0,10.0,9.0,,1,,False,Actor/Actress,Entertainment,17,≤25,Valentin Chmerkovskiy,18,United States,California,1,1.0,0.15
Xochitl Gomez,32,6,42.0,10.5,4,10.25,10.25,11.25,10.25,1,,False,Actor/Actress,Entertainment,17,≤25,Valentin Chmerkovskiy,18,United States,California,1,1.0,0.1111111111111111
Xochitl Gomez,32,7,37.0,9.25,4,9.5,9.0,9.5,9.0,1,,False,Actor/Actress,Entertainment,17,≤25,Valentin Chmerkovskiy,18,United States,California,1,1.0,0.1875
Xochitl Gomez,32,8,40.0,10.0,4,10.0,10.0,10.0,10.0,1,,False,Actor/Actress,Entertainment,17,≤25,Valentin Chmerkovskiy,18,United States,California,1,2.0,0.2857142857142857
Xochitl Gomez,32,9,41.0,10.25,4,9.75,9.75,10.75,10.75,1,,False,Actor/Actress,Entertainment,17,≤25,Valentin Chmerkovskiy,18,United States,California,1,2.0,0.3333333333333333
Xochitl Gomez,32,10,30.0,10.0,3,10.0,10.0,10.0,,1,,False,Actor/Actress,Entertainment,17,≤25,Valentin Chmerkovskiy,18,United States,California,1,1.0,0.2
Xochitl Gomez,32,11,30.0,10.0,3,10.0,10.0,10.0,,1,,False,Actor/Actress,Entertainment,17,≤25,Valentin Chmerkovskiy,18,United States,California,1,1.0,0.3
Cody Simpson,18,1,22.0,7.333333333333333,3,7.0,7.0,8.0,,9,5.0,False,Singer/Rapper,Entertainment,17,≤25,Witney Carson,0,Australia,Unknown,0,6.0,0.5
Cody Simpson,18,2,22.0,7.333333333333333,3,7.0,7.0,8.0,,9,5.0,False,Singer/Rapper,Entertainment,17,≤25,Witney Carson,0,Australia,Unknown,0,6.0,0.5454545454545454
Cody Simpson,18,3,35.0,8.75,4,9.0,8.0,9.0,9.0,9,5.0,False,Singer/Rapper,Entertainment,17,≤25,Witney Carson,0,Australia,Unknown,0,6.0,0.6666666666666666
Cody Simpson,18,4,31.0,7.75,4,8.0,7.0,8.0,8.0,9,5.0,False,Singer/Rapper,Entertainment,17,≤25,Witney Carson,0,Australia,Unknown,0,8.0,0.8888888888888888
Cody Simpson,18,5,34.0,8.5,4,9.0,8.0,8.0,9.0,9,5.0,True,Singer/Rapper,Entertainment,17,≤25,Witney Carson,0,Australia,Unknown,0,8.0,0.8888888888888888
Alfonso Ribeiro,19,1,36.0,9.0,4,9.0,9.0,9.0,9.0,1,,False,Actor/Actress,Entertainment,42,36-45,Witney Carson,1,United States,New York,1,1.0,0.07692307692307693
Alfonso Ribeiro,19,2,32.0,8.0,4,8.0,8.0,8.0,8.0,1,,False,Actor/Actress,Entertainment,42,36-45,Witney Carson,1,United States,New York,1,4.0,0.3333333333333333
Alfonso Ribeiro,19,3,32.0,8.0,4,8.0,8.0,8.0,8.0,1,,False,Actor/Actress,Entertainment,42,36-45,Witney Carson,1,United States,New York,1,4.0,0.45454545454545453
Alfonso Ribeiro,19,4,40.0,10.0,4,10.0,10.0,10.0,10.0,1,,False,Actor/Actress,Entertainment,42,36-45,Witney Carson,1,United States,New York,1,1.0,0.1
Alfonso Ribeiro,19,5,34.0,8.5,4,8.0,9.0,9.0,8.0,1,,False,Actor/Actress,Entertainment,42,36-45,Witney Carson,1,United States,New York,1,2.0,0.2777777777777778
Alfonso Ribeiro,19,6,39.0,9.75,4,10.0,10.0,9.0,10.0,1,,False,Actor/Actress,Entertainment,42,36-45,Witney Carson,1,United States,New York,1,1.0,0.1111111111111111
Alfonso Ribeiro,19,7,34.0,8.5,4,8.5,8.5,8.5,8.5,1,,False,Actor/Actress,Entertainment,42,36-45,Witney Carson,1,United States,New York,1,3.0,0.375
Alfonso Ribeiro,19,8,41.0,10.25,4,10.75,9.75,9.75,10.75,1,,False,Actor/Actress,Entertainment,42,36-45,Witney Carson,1,United States,New York,1,2.0,0.2857142857142857
Alfonso Ribeiro,19,9,38.5,9.625,4,9.5,9.5,9.5,10.0,1,,False,Actor/Actress,Entertainment,42,36-45,Witney Carson,1,United States,New York,1,1.0,0.25
Alfonso Ribeiro,19,10,37.5,9.375,4,9.5,9.0,9.5,9.5,1,,False,Actor/Actress,Entertainment,42,36-45,Witney Carson,1,United States,New York,1,3.0,0.6
Alfonso Ribeiro,19,11,40.0,10.0,4,10.0,10.0,10.0,10.0,1,,False,Actor/Actress,Entertainment,42,36-45,Witney Carson,1,United States,New York,1,1.0,0.25
Chris Soules,20,1,26.0,6.5,4,7.0,6.0,6.0,7.0,5,8.0,False,TV Personality,Media,33,26-35,Witney Carson,2,United States,Iowa,1,5.0,0.5
Chris Soules,20,2,21.0,5.25,4,5.0,6.0,5.0,5.0,5,8.0,False,TV Personality,Media,33,26-35,Witney Carson,2,United States,Iowa,1,12.0,1.0
Chris Soules,20,3,28.0,7.0,4,7.0,7.0,7.0,7.0,5,8.0,False,TV Personality,Media,33,26-35,Witney Carson,2,United States,Iowa,1,7.0,0.6363636363636364
Chris Soules,20,4,27.0,6.75,4,7.0,6.0,7.0,7.0,5,8.0,False,TV Personality,Media,33,26-35,Witney Carson,2,United States,Iowa,1,10.0,1.0
Chris Soules,20,5,27.0,6.75,4,7.0,6.0,7.0,7.0,5,8.0,False,TV Personality,Media,33,26-35,Witney Carson,2,United States,Iowa,1,7.0,0.8333333333333334
Chris Soules,20,6,35.0,8.75,4,9.0,8.0,9.0,9.0,5,8.0,False,TV Personality,Media,33,26-35,Witney Carson,2,United States,Iowa,1,5.0,0.625
Chris Soules,20,7,31.0,7.75,4,8.0,7.0,8.0,8.0,5,8.0,False,TV Personality,Media,33,26-35,Witney Carson,2,United States,Iowa,1,6.0,0.9285714285714286
Chris Soules,20,8,32.0,8.0,4,8.0,7.5,8.5,8.0,5,8.0,True,TV Personality,Media,33,26-35,Witney Carson,2,United States,Iowa,1,4.0,0.6666666666666666
Carlos PenaVega,21,1,23.0,7.666666666666667,3,8.0,8.0,7.0,,4,11.0,False,Actor/Actress,Entertainment,26,26-35,Witney Carson,3,United States,Missouri,1,3.0,0.2692307692307692
Carlos PenaVega,21,2,22.5,7.5,3,7.5,7.5,7.5,,4,11.0,False,Actor/Actress,Entertainment,26,26-35,Witney Carson,3,United States,Missouri,1,4.0,0.4230769230769231
Carlos PenaVega,21,3,31.0,7.75,4,7.0,8.0,8.0,8.0,4,11.0,False,Actor/Actress,Entertainment,26,26-35,Witney Carson,3,United States,Missouri,1,6.0,0.6
Carlos PenaVega,21,4,25.0,8.333333333333334,3,9.0,8.0,8.0,,4,11.0,False,Actor/Actress,Entertainment,26,26-35,Witney Carson,3,United States,Missouri,1,5.0,0.5
Carlos PenaVega,21,5,39.0,9.75,4,10.0,10.0,9.0,10.0,4,11.0,False,Actor/Actress,Entertainment,26,26-35,Witney Carson,3,United States,Missouri,1,2.0,0.2222222222222222
Carlos PenaVega,21,6,38.0,9.5,4,10.0,9.0,9.0,10.0,4,11.0,False,Actor/Actress,Entertainment,26,26-35,Witney Carson,3,United States,Missouri,1,5.0,0.5555555555555556
Carlos PenaVega,21,7,28.0,9.333333333333334,3,9.0,10.0,9.0,,4,11.0,False,Actor/Actress,Entertainment,26,26-35,Witney Carson,3,United States,Missouri,1,2.0,0.375
Carlos PenaVega,21,8,28.9998,9.6666,3,9.6666,9.6666,9.6666,,4,11.0,False,Actor/Actress,Entertainment,26,26-35,Witney Carson,3,United States,Missouri,1,2.0,0.2857142857142857
Carlos PenaVega,21,9,27.0,9.0,3,9.0,9.0,9.0,,4,11.0,False,Actor/Actress,Entertainment,26,26-35,Witney Carson,3,United States,Missouri,1,4.0,0.6666666666666666
Carlos PenaVega,21,10,31.5,10.5,3,10.0,10.5,11.0,,4,11.0,False,Actor/Actress,Entertainment,26,26-35,Witney Carson,3,United States,Missouri,1,1.0,0.375
Carlos PenaVega,21,11,30.0,10.0,3,10.0,10.0,10.0,,4,11.0,True,Actor/Actress,Entertainment,26,26-35,Witney Carson,3,United States,Missouri,1,1.0,0.5
Von Miller,22,1,21.0,7.0,3,8.0,6.0,7.0,,7,7.0,False,Athlete,Sports,27,26-35,Witney Carson,4,United States,Texas,1,4.0,0.4583333333333333
Von Miller,22,2,20.0,6.666666666666667,3,7.0,6.0,7.0,,7,7.0,False,Athlete,Sports,27,26-35,Witney Carson,4,United States,Texas,1,5.0,0.5416666666666666
Von Miller,22,3,20.0,6.666666666666667,3,7.0,6.0,7.0,,7,7.0,False,Athlete,Sports,27,26-35,Witney Carson,4,United States,Texas,1,8.0,0.8181818181818182
Von Miller,22,4,32.0,8.0,4,8.0,8.0,8.0,8.0,7,7.0,False,Athlete,Sports,27,26-35,Witney Carson,4,United States,Texas,1,6.0,0.65
Von Miller,22,5,29.0,7.25,4,8.0,7.0,7.0,7.0,7,7.0,False,Athlete,Sports,27,26-35,Witney Carson,4,United States,Texas,1,6.0,0.6666666666666666
Von Miller,22,6,24.0,8.0,3,8.0,8.0,8.0,,7,7.0,False,Athlete,Sports,27,26-35,Witney Carson,4,United States,Texas,1,6.0,0.7777777777777778
Von Miller,22,7,26.0,8.666666666666666,3,8.5,8.5,9.0,,7,7.0,True,Athlete,Sports,27,26-35,Witney Carson,4,United States,Texas,1,5.0,0.75
Vanilla Ice,23,1,25.0,6.25,4,7.0,5.0,6.0,7.0,10,4.0,False,Singer/Rapper,Entertainment,48,46-55,Witney Carson,5,United States,Texas,1,7.0,0.5769230769230769
Vanilla Ice,23,2,26.0,6.5,4,6.0,7.0,6.0,7.0,10,4.0,False,Singer/Rapper,Entertainment,48,46-55,Witney Carson,5,United States,Texas,1,8.0,0.6538461538461539
Vanilla Ice,23,3,23.0,5.75,4,6.0,6.0,5.0,6.0,10,4.0,False,Singer/Rapper,Entertainment,48,46-55,Witney Carson,5,United States,Texas,1,11.0,0.9583333333333334
Vanilla Ice,23,4,23.0,7.666666666666667,3,8.0,7.0,8.0,,10,4.0,True,Singer/Rapper,Entertainment,48,46-55,Witney Carson,5,United States,Texas,1,6.0,0.6363636363636364
Chris Kattan,24,1,17.0,4.25,4,5.0,4.0,4.0,4.0,12,2.0,False,Comedian,Entertainment,46,46-55,Witney Carson,6,United States,California,1,12.0,1.0
Chris Kattan,24,2,22.0,5.5,4,6.0,5.0,6.0,5.0,12,2.0,True,Comedian,Entertainment,46,46-55,Witney Carson,6,United States,California,1,11.0,0.9583333333333334
Frankie Muniz,25,1,19.0,6.333333333333333,3,7.0,6.0,6.0,,3,,False,Actor/Actress,Entertainment,31,26-35,Witney Carson,7,United States,New Jersey,1,5.0,0.4230769230769231
Frankie Muniz,25,2,24.0,8.0,3,8.0,7.5,8.5,,3,,False,Actor/Actress,Entertainment,31,26-35,Witney Carson,7,United States,New Jersey,1,1.0,0.11538461538461539
Frankie Muniz,25,3,21.0,7.0,3,7.0,7.0,7.0,,3,,False,Actor/Actress,Entertainment,31,26-35,Witney Carson,7,United States,New Jersey,1,6.0,0.7272727272727273
Frankie Muniz,25,4,24.0,8.0,3,8.0,8.0,8.0,,3,,False,Actor/Actress,Entertainment,31,26-35,Witney Carson,7,United States,New Jersey,1,4.0,0.5909090909090909
Frankie Muniz,25,5,29.0,9.666666666666666,3,10.0,9.0,10.0,,3,,False,Actor/Actress,Entertainment,31,26-35,Witney Carson,7,United States,New Jersey,1,2.0,0.2
Frankie Muniz,25,6,31.0,7.75,4,7.0,8.0,8.0,8.0,3,,False,Actor/Actress,Entertainment,31,26-35,Witney Carson,7,United States,New Jersey,1,6.0,0.7222222222222222
Frankie Muniz,25,7,30.0,10.0,3,10.0,10.0,10.0,,3,,False,Actor/Actress,Entertainment,31,26-35,Witney Carson,7,United States,New Jersey,1,1.0,0.125
Frankie Muniz,25,8,26.5,8.833333333333334,3,9.0,8.5,9.0,,3,,False,Actor/Actress,Entertainment,31,26-35,Witney Carson,7,United States,New Jersey,1,3.0,0.5
Frankie Muniz,25,9,25.5,8.5,3,8.5,8.0,9.0,,3,,False,Actor/Actress,Entertainment,31,26-35,Witney Carson,7,United States,New Jersey,1,4.0,0.8
Frankie Muniz,25,10,38.8887,9.722175,4,9.7777,9.3333,9.7777,10.0,3,,False,Actor/Actress,Entertainment,31,26-35,Witney Carson,7,United States,New Jersey,1,3.0,0.75
Chris Mazdzer,26,1,21.0,7.0,3,7.0,7.0,7.0,,5,3.0,False,Athlete,Sports,29,26-35,Witney Carson,8,United States,Massachusetts,1,5.0,0.55
Chris Mazdzer,26,2,33.0,8.25,4,8.5,8.5,8.0,8.0,5,3.0,False,Athlete,Sports,29,26-35,Witney Carson,8,United States,Massachusetts,1,4.0,0.5625
Chris Mazdzer,26,3,33.0,8.25,4,8.0,9.0,7.0,9.0,5,3.0,True,Athlete,Sports,29,26-35,Witney Carson,8,United States,Massachusetts,1,5.0,0.8333333333333334
Milo Manheim,27,1,20.0,6.666666666666667,3,7.0,6.0,7.0,,2,,False,Actor/Actress,Entertainment,17,≤25,Witney Carson,9,United States,California,1,5.0,0.46153846153846156
Milo Manheim,27,2,26.0,8.666666666666666,3,9.0,8.0,9.0,,2,,False,Actor/Actress,Entertainment,17,≤25,Witney Carson,9,United States,California,1,1.0,0.16666666666666666
Milo Manheim,27,3,27.0,9.0,3,9.0,9.0,9.0,,2,,False,Actor/Actress,Entertainment,17,≤25,Witney Carson,9,United States,California,1,2.0,0.2727272727272727
Milo Manheim,27,4,29.0,9.666666666666666,3,10.0,9.0,10.0,,2,,False,Actor/Actress,Entertainment,17,≤25,Witney Carson,9,United States,California,1,1.0,0.1
Milo Manheim,27,5,27.0,9.0,3,9.0,8.0,10.0,,2,,False,Actor/Actress,Entertainment,17,≤25,Witney Carson,9,United States,California,1,3.0,0.3333333333333333
Milo Manheim,27,6,30.0,10.0,3,10.0,10.0,10.0,,2,,False,Actor/Actress,Entertainment,17,≤25,Witney Carson,9,United States,California,1,1.0,0.16666666666666666
Milo Manheim,27,7,29.0,9.666666666666666,3,10.0,9.0,10.0,,2,,False,Actor/Actress,Entertainment,17,≤25,Witney Carson,9,United States,California,1,2.0,0.25
Milo Manheim,27,8,27.5,9.166666666666666,3,9.0,9.0,9.5,,2,,False,Actor/Actress,Entertainment,17,≤25,Witney Carson,9,United States,California,1,4.0,0.6666666666666666
Milo Manheim,27,9,30.0,10.0,3,10.0,10.0,10.0,,2,,False,Actor/Actress,Entertainment,17,≤25,Witney Carson,9,United States,California,1,1.0,0.375
Kel Mitchell,28,1,16.0,5.333333333333333,3,6.0,5.0,5.0,,2,,False,Actor/Actress,Entertainment,41,36-45,Witney Carson,10,United States,Illinois,1,7.0,0.625
Kel Mitchell,28,2,20.0,6.666666666666667,3,7.0,6.0,7.0,,2,,False,Actor/Actress,Entertainment,41,36-45,Witney Carson,10,United States,Illinois,1,3.0,0.3333333333333333
Kel Mitchell,28,3,20.0,6.666666666666667,3,7.0,6.0,7.0,,2,,False,Actor/Actress,Entertainment,41,36-45,Witney Carson,10,United States,Illinois,1,6.0,0.65
Kel Mitchell,28,4,32.0,8.0,4,8.0,8.0,8.0,8.0,2,,False,Actor/Actress,Entertainment,41,36-45,Witney Carson,10,United States,Illinois,1,1.0,0.25
Kel Mitchell,28,5,26.0,8.666666666666666,3,9.0,8.0,9.0,,2,,False,Actor/Actress,Entertainment,41,36-45,Witney Carson,10,United States,Illinois,1,2.0,0.2777777777777778
Kel Mitchell,28,6,26.0,8.666666666666666,3,9.0,8.0,9.0,,2,,False,Actor/Actress,Entertainment,41,36-45,Witney Carson,10,United States,Illinois,1,4.0,0.5
Kel Mitchell,28,7,25.5,8.5,3,8.5,8.5,8.5,,2,,False,Actor/Actress,Entertainment,41,36-45,Witney Carson,10,United States,Illinois,1,5.0,0.625
Kel Mitchell,28,8,29.9998,9.999933333333333,3,9.6666,9.6666,10.6666,,2,,False,Actor/Actress,Entertainment,41,36-45,Witney Carson,10,United States,Illinois,1,4.0,0.5714285714285714
Kel Mitchell,28,9,37.0,9.25,4,9.0,9.0,9.5,9.5,2,,False,Actor/Actress,Entertainment,41,36-45,Witney Carson,10,United States,Illinois,1,2.0,0.3333333333333333
Kel Mitchell,28,10,28.5,9.5,3,9.5,9.5,9.5,,2,,False,Actor/Actress,Entertainment,41,36-45,Witney Carson,10,United States,Illinois,1,2.0,0.4
Kel Mitchell,28,11,29.5,9.833333333333334,3,10.0,9.5,10.0,,2,,False,Actor/Actress,Entertainment,41,36-45,Witney Carson,10,United States,Illinois,1,2.0,0.5
"Mike ""The Miz"" Mizanin",30,1,24.0,6.0,4,6.0,6.0,6.0,6.0,9,7.0,False,Athlete,Sports,40,36-45,Witney Carson,11,United States,Ohio,1,9.0,0.7
"Mike ""The Miz"" Mizanin",30,2,26.0,6.5,4,7.0,5.0,7.0,7.0,9,7.0,False,Athlete,Sports,40,36-45,Witney Carson,11,United States,Ohio,1,8.0,0.5333333333333333
"Mike ""The Miz"" Mizanin",30,3,22.0,7.333333333333333,3,7.0,7.0,8.0,,9,7.0,False,Athlete,Sports,40,36-45,Witney Carson,11,United States,Ohio,1,5.0,0.39285714285714285
"Mike ""The Miz"" Mizanin",30,4,32.5,8.125,4,8.5,7.5,8.5,8.0,9,7.0,False,Athlete,Sports,40,36-45,Witney Carson,11,United States,Ohio,1,7.0,0.5769230769230769
"Mike ""The Miz"" Mizanin",30,5,32.0,8.0,4,8.0,8.0,8.0,8.0,9,7.0,False,Athlete,Sports,40,36-45,Witney Carson,11,United States,Ohio,1,9.0,0.8636363636363636
"Mike ""The Miz"" Mizanin",30,6,34.0,8.5,4,9.0,8.0,9.0,8.0,9,7.0,False,Athlete,Sports,40,36-45,Witney Carson,11,United States,Ohio,1,8.0,0.85
"Mike ""The Miz"" Mizanin",30,7,32.0,8.0,4,8.0,8.0,8.0,8.0,9,7.0,True,Athlete,Sports,40,36-45,Witney Carson,11,United States,Ohio,1,9.0,1.0
Wayne Brady,31,1,29.0,7.25,4,7.0,7.0,7.0,8.0,3,,False,Comedian,Entertainment,50,46-55,Witney Carson,12,United States,Georgia,1,2.0,0.125
Wayne Brady,31,2,32.0,8.0,4,8.0,8.0,8.0,8.0,3,,False,Comedian,Entertainment,50,46-55,Witney Carson,12,United States,Georgia,1,1.0,0.13333333333333333
Wayne Brady,31,3,33.0,8.25,4,8.0,8.0,8.0,9.0,3,,False,Comedian,Entertainment,50,46-55,Witney Carson,12,United States,Georgia,1,1.0,0.14285714285714285
Wayne Brady,31,4,36.0,9.0,4,9.0,9.0,9.0,9.0,3,,False,Comedian,Entertainment,50,46-55,Witney Carson,12,United States,Georgia,1,1.0,0.15384615384615385
Wayne Brady,31,5,41.0,10.25,4,10.125,10.125,10.125,10.625,3,,False,Comedian,Entertainment,50,46-55,Witney Carson,12,United States,Georgia,1,2.0,0.20833333333333334
Wayne Brady,31,6,34.0,8.5,4,8.0,9.0,8.0,9.0,3,,False,Comedian,Entertainment,50,46-55,Witney Carson,12,United States,Georgia,1,5.0,0.65
Wayne Brady,31,7,38.0,9.5,4,9.5,9.0,9.5,10.0,3,,False,Comedian,Entertainment,50,46-55,Witney Carson,12,United States,Georgia,1,3.0,0.3333333333333333
Wayne Brady,31,8,45.0,11.25,4,11.25,11.25,11.25,11.25,3,,False,Comedian,Entertainment,50,46-55,Witney Carson,12,United States,Georgia,1,1.0,0.1875
Wayne Brady,31,9,36.5,9.125,4,9.5,9.0,9.0,9.0,3,,False,Comedian,Entertainment,50,46-55,Witney Carson,12,United States,Georgia,1,3.0,0.5833333333333334
Wayne Brady,31,10,38.0,9.5,4,9.5,9.5,9.5,9.5,3,,False,Comedian,Entertainment,50,46-55,Witney Carson,12,United States,Georgia,1,3.0,0.875
Danny Amendola,33,1,20.0,6.666666666666667,3,7.0,6.0,7.0,,5,,False,Athlete,Sports,39,36-45,Witney Carson,13,United States,Texas,1,5.0,0.38461538461538464
Danny Amendola,33,2,21.0,7.0,3,7.0,7.0,7.0,,5,,False,Athlete,Sports,39,36-45,Witney Carson,13,United States,Texas,1,5.0,0.46153846153846156
Danny Amendola,33,3,30.0,7.5,4,7.5,7.5,8.0,7.0,5,,False,Athlete,Sports,39,36-45,Witney Carson,13,United States,Texas,1,6.0,0.5454545454545454
Danny Amendola,33,4,36.0,9.0,4,9.0,9.0,9.0,9.0,5,,False,Athlete,Sports,39,36-45,Witney Carson,13,United States,Texas,1,1.0,0.16666666666666666
Danny Amendola,33,5,25.5,8.5,3,8.5,8.5,8.5,,5,,False,Athlete,Sports,39,36-45,Witney Carson,13,United States,Texas,1,4.0,0.5625
Danny Amendola,33,6,28.0,9.333333333333334,3,10.0,9.0,9.0,,5,,False,Athlete,Sports,39,36-45,Witney Carson,13,United States,Texas,1,5.0,0.7857142857142857
Danny Amendola,33,7,25.5,8.5,3,8.5,8.5,8.5,,5,,False,Athlete,Sports,39,36-45,Witney Carson,13,United States,Texas,1,5.0,0.8333333333333334
Danny Amendola,33,8,27.0,9.0,3,9.0,9.0,9.0,,5,,False,Athlete,Sports,39,36-45,Witney Carson,13,United States,Texas,1,4.0,0.8
Danny Amendola,33,9,28.0,9.333333333333334,3,9.0,9.5,9.5,,5,,False,Athlete,Sports,39,36-45,Witney Carson,13,United States,Texas,1,5.0,1.0
Robert Irwin,34,1,15.0,7.5,2,8.0,7.0,,,1,,False,Conservationist,Other,22,≤25,Witney Carson (Xoshitl Gomez week 9),0,Australia,Unknown,0,1.0,0.10714285714285714
Robert Irwin,34,2,22.0,7.333333333333333,3,8.0,7.0,7.0,,1,,False,Conservationist,Other,22,≤25,Witney Carson (Xoshitl Gomez week 9),0,Australia,Unknown,0,1.0,0.17857142857142858
Robert Irwin,34,3,22.0,7.333333333333333,3,8.0,7.0,7.0,,1,,False,Conservationist,Other,22,≤25,Witney Carson (Xoshitl Gomez week 9),0,Australia,Unknown,0,5.0,0.5
Robert Irwin,34,4,22.0,7.333333333333333,3,7.0,7.0,8.0,,1,,False,Conservationist,Other,22,≤25,Witney Carson (Xoshitl Gomez week 9),0,Australia,Unknown,0,8.0,0.7272727272727273
Robert Irwin,34,5,35.0,8.75,4,8.0,9.0,9.0,9.0,1,,False,Conservationist,Other,22,≤25,Witney Carson (Xoshitl Gomez week 9),0,Australia,Unknown,0,2.0,0.25
Robert Irwin,34,6,36.0,9.0,4,9.0,9.0,9.0,9.0,1,,False,Conservationist,Other,22,≤25,Witney Carson (Xoshitl Gomez week 9),0,Australia,Unknown,0,3.0,0.4
Robert Irwin,34,7,41.0,10.25,4,10.75,9.75,9.75,10.75,1,,False,Conservationist,Other,22,≤25,Witney Carson (Xoshitl Gomez week 9),0,Australia,Unknown,0,3.0,0.3333333333333333
Robert Irwin,34,8,38.0,9.5,4,9.0,9.5,10.0,9.5,1,,False,Conservationist,Other,22,≤25,Witney Carson (Xoshitl Gomez week 9),0,Australia,Unknown,0,4.0,0.5625
Robert Irwin,34,9,42.0,10.5,4,10.5,10.5,10.5,10.5,1,,False,Conservationist,Other,22,≤25,Witney Carson (Xoshitl Gomez week 9),0,Australia,Unknown,0,1.0,0.2857142857142857
Robert Irwin,34,10,29.5,9.833333333333334,3,10.0,9.5,10.0,,1,,False,Conservationist,Other,22,≤25,Witney Carson (Xoshitl Gomez week 9),0,Australia,Unknown,0,1.0,0.16666666666666666
Robert Irwin,34,11,29.666600000000003,9.888866666666667,3,9.6666,10.0,10.0,,1,,False,Conservationist,Other,22,≤25,Witney Carson (Xoshitl Gomez week 9),0,Australia,Unknown,0,2.0,0.5
