celebrity_name,season,week,judge_total,judge_mean,judge_count,judge1_score,judge2_score,judge3_score,judge4_score,placement,elimination_week,is_elimination_week,celebrity_industry,industry_category,age,age_group,partner,partner_experience,home_country,home_state,is_us,weekly_rank,weekly_rank_pct,season_weeks,vote_share_hat,total_votes_hat,votes_hat
Joey McIntyre,1,1,20.0,6.666666666666667,3,7.0,7.0,6.0,,3,,False,Singer/Rapper,Entertainment,32,26-35,Ashly DelGrosso,0,United States,Massachusetts,1,1.0,0.3333333333333333,6.0,0.3056624785590247,657821.5309489948,201071.3595993619
John O'Hurley,1,1,20.0,6.666666666666667,3,7.0,7.0,6.0,,2,,False,Actor/Actress,Entertainment,50,46-55,Charlotte Jorgensen,0,United States,Maine,1,1.0,0.3333333333333333,6.0,0.3056624785590247,657821.5309489948,201071.3595993619
Rachel Hunter,1,1,20.0,6.666666666666667,3,7.0,6.0,7.0,,4,4.0,False,Model,Model,35,26-35,Jonathan Roberts,0,New Zealand,Unknown,0,1.0,0.3333333333333333,6.0,0.3056624785590247,657821.5309489948,201071.3595993619
Evander Holyfield,1,1,18.0,6.0,3,5.0,7.0,6.0,,5,3.0,False,Athlete,Sports,42,36-45,Edyta Sliwinska,0,United States,Alabama,1,4.0,0.75,6.0,0.041366918110590664,657821.5309489948,27212.04940215045
Trista Sutter,1,1,18.0,6.0,3,6.0,6.0,6.0,,6,2.0,False,TV Personality,Media,32,26-35,Louis van Amstel,0,United States,Indiana,1,4.0,0.75,6.0,0.041366918110590664,657821.5309489948,27212.04940215045
Kelly Monaco,1,1,13.0,4.333333333333333,3,5.0,4.0,4.0,,1,,False,Actor/Actress,Entertainment,29,26-35,Alec Mazo,0,United States,Pennsylvania,1,6.0,1.0,6.0,0.0002787281017446686,657821.5309489948,183.35334660818506
Evander Holyfield,1,2,14.0,4.666666666666667,3,5.0,4.0,5.0,,5,3.0,False,Athlete,Sports,42,36-45,Edyta Sliwinska,0,United States,Alabama,1,6.0,1.0,6.0,0.41686667666666655,756494.7605913441,315357.45676345914
John O'Hurley,1,2,26.0,8.666666666666666,3,8.0,9.0,9.0,,2,,False,Actor/Actress,Entertainment,50,46-55,Charlotte Jorgensen,0,United States,Maine,1,1.0,0.1666666666666666,6.0,0.4162666166666668,756494.7605913441,314903.5145174189
Kelly Monaco,1,2,17.0,5.666666666666667,3,5.0,6.0,6.0,,1,,False,Actor/Actress,Entertainment,29,26-35,Alec Mazo,0,United States,Pennsylvania,1,5.0,0.8333333333333334,6.0,0.16686667666666655,756494.7605913441,126233.76661562313
Rachel Hunter,1,2,24.0,8.0,3,8.0,8.0,8.0,,4,4.0,False,Model,Model,35,26-35,Jonathan Roberts,0,New Zealand,Unknown,0,2.0,0.3333333333333333,6.0,1.0000000078003162e-08,756494.7605913441,0.007564947664922424
Trista Sutter,1,2,19.0,6.333333333333333,3,6.0,7.0,6.0,,6,2.0,True,TV Personality,Media,32,26-35,Louis van Amstel,0,United States,Indiana,1,4.0,0.6666666666666666,6.0,1.0000000000049026e-08,756494.7605913441,0.007564947605950528
Joey McIntyre,1,2,21.0,7.0,3,8.0,7.0,6.0,,3,,False,Singer/Rapper,Entertainment,32,26-35,Ashly DelGrosso,0,United States,Massachusetts,1,3.0,0.5,6.0,9.999999999999994e-09,756494.7605913441,0.007564947605913436
Rachel Hunter,1,3,26.0,8.666666666666666,3,8.0,9.0,9.0,,4,4.0,False,Model,Model,35,26-35,Jonathan Roberts,0,New Zealand,Unknown,0,1.0,0.2,6.0,0.8617783905937556,855167.9902336933,736965.2943108887
John O'Hurley,1,3,24.0,8.0,3,9.0,8.0,7.0,,2,,False,Actor/Actress,Entertainment,50,46-55,Charlotte Jorgensen,0,United States,Maine,1,2.0,0.4,6.0,0.11662902257819817,855167.9902336933,99737.40684111776
Joey McIntyre,1,3,22.0,7.333333333333333,3,7.0,7.0,8.0,,3,,False,Singer/Rapper,Entertainment,32,26-35,Ashly DelGrosso,0,United States,Massachusetts,1,3.0,0.6,6.0,0.015784021804229744,855167.9902336933,13497.990204127944
Kelly Monaco,1,3,21.0,7.0,3,6.0,7.0,8.0,,1,,False,Actor/Actress,Entertainment,29,26-35,Alec Mazo,0,United States,Pennsylvania,1,4.0,0.8,6.0,0.005806617120777899,855167.9902336933,4965.633093232191
Evander Holyfield,1,3,13.0,4.333333333333333,3,5.0,4.0,4.0,,5,3.0,True,Athlete,Sports,42,36-45,Edyta Sliwinska,0,United States,Alabama,1,5.0,1.0,6.0,1.947903038559871e-06,855167.9902336933,1.6657843266553491
Kelly Monaco,1,4,26.0,8.666666666666666,3,9.0,9.0,8.0,,1,,False,Actor/Actress,Entertainment,29,26-35,Alec Mazo,0,United States,Pennsylvania,1,1.0,0.25,6.0,0.7261657125463147,953841.2198760427,692646.7890873326
Rachel Hunter,1,4,25.0,8.333333333333334,3,7.0,9.0,9.0,,4,4.0,True,Model,Model,35,26-35,Jonathan Roberts,0,New Zealand,Unknown,0,2.0,0.5,6.0,0.2671414365294005,953841.2198760427,254810.5136986418
John O'Hurley,1,4,21.0,7.0,3,7.0,8.0,6.0,,2,,False,Actor/Actress,Entertainment,50,46-55,Charlotte Jorgensen,0,United States,Maine,1,3.0,0.75,6.0,0.004892866083690201,953841.2198760427,4667.017353957177
Joey McIntyre,1,4,20.0,6.666666666666667,3,7.0,6.0,7.0,,3,,False,Singer/Rapper,Entertainment,32,26-35,Ashly DelGrosso,0,United States,Massachusetts,1,4.0,1.0,6.0,0.0017999848405946546,953841.2198760427,1716.8997361111894
John O'Hurley,1,5,27.0,9.0,3,9.0,9.0,9.0,,2,,False,Actor/Actress,Entertainment,50,46-55,Charlotte Jorgensen,0,United States,Maine,1,1.0,0.3333333333333333,6.0,0.9603321551125757,1052514.4495183919,1010763.4695931235
Kelly Monaco,1,5,23.5,7.833333333333333,3,8.5,7.5,7.5,,1,,False,Actor/Actress,Entertainment,29,26-35,Alec Mazo,0,United States,Pennsylvania,1,2.0,0.6666666666666666,6.0,0.028999518300715895,1052514.4495183919,30522.41204057652
Joey McIntyre,1,5,22.5,7.5,3,8.5,7.0,7.0,,3,,False,Singer/Rapper,Entertainment,32,26-35,Ashly DelGrosso,0,United States,Massachusetts,1,3.0,1.0,6.0,0.010668326586708379,1052514.4495183919,11228.567884691793
Kelly Monaco,1,6,27.5,9.166666666666666,3,8.5,9.5,9.5,,1,,False,Actor/Actress,Entertainment,29,26-35,Alec Mazo,0,United States,Pennsylvania,1,1.0,0.5,6.0,0.6224593312018546,1151187.679160741,716567.51285821
John O'Hurley,1,6,27.0,9.0,3,9.0,9.0,9.0,,2,,False,Actor/Actress,Entertainment,50,46-55,Charlotte Jorgensen,0,United States,Maine,1,2.0,1.0,6.0,0.37754066879814546,1151187.679160741,434620.166302531
Drew Lachey,2,1,24.0,8.0,3,8.0,8.0,8.0,,1,,False,Singer/Rapper,Entertainment,29,26-35,Cheryl Burke,0,United States,Ohio,1,1.0,0.1,8.0,0.49935380523828365,713675.9078138539,356376.7802737345
Giselle Fernandez,2,1,23.0,7.666666666666667,3,7.0,8.0,8.0,,8,3.0,False,News Anchor,Media,44,36-45,Jonathan Roberts,1,Mexico,Unknown,0,2.0,0.25,8.0,0.17492928052028356,713675.9078138539,124842.81307853769
Tatum O'Neal,2,1,23.0,7.666666666666667,3,7.0,8.0,8.0,,9,2.0,False,Actor/Actress,Entertainment,42,36-45,Nick Kosovich,0,United States,California,1,2.0,0.25,8.0,0.17492928052028356,713675.9078138539,124842.81307853769
Master P,2,1,12.0,4.0,3,4.0,4.0,4.0,,7,4.0,False,Singer/Rapper,Entertainment,35,26-35,Ashly DelGrosso,1,United States,Louisiana,1,10.0,1.0,8.0,0.08353334333333326,713675.9078138539,59615.73463614296
Stacy Keibler,2,1,22.0,7.333333333333333,3,8.0,6.0,8.0,,3,,False,Athlete,Sports,26,26-35,Tony Dovolani,0,United States,Maryland,1,4.0,0.4,8.0,0.055580167664714915,713675.9078138539,39666.22661456163
Jerry Rice,2,1,21.0,7.0,3,7.0,7.0,7.0,,2,,False,Athlete,Sports,43,36-45,Anna Trebunskaya,0,United States,Mississippi,1,5.0,0.5,8.0,0.011674082723100918,713675.9078138539,8331.511585303077
Kenny Mayne,2,1,13.0,4.333333333333333,3,4.0,5.0,4.0,,10,1.0,True,Sports Broadcaster,Media,46,46-55,Andrea Hale,0,United States,Washington,1,9.0,0.9,8.0,1.0000000042165204e-08,713675.9078138539,0.00713675910823083
George Hamilton,2,1,18.0,6.0,3,7.0,5.0,6.0,,5,6.0,False,Actor/Actress,Entertainment,66,>55,Edyta Sliwinska,1,United States,Tennessee,1,8.0,0.8,8.0,1.000000000926475e-08,713675.9078138539,0.007136759084750569
Lisa Rinna,2,1,19.0,6.333333333333333,3,5.0,7.0,7.0,,4,7.0,False,Actor/Actress,Entertainment,42,36-45,Louis van Amstel,1,United States,California,1,7.0,0.7,8.0,1.0000000006012144e-08,713675.9078138539,0.007136759082429262
Tia Carrere,2,1,20.0,6.666666666666667,3,6.0,7.0,7.0,,6,5.0,False,Actor/Actress,Entertainment,39,36-45,Maksim Chmerkoskiy,0,United States,Hawaii,1,6.0,0.6,8.0,1.0000000003410059e-08,713675.9078138539,0.007136759080572216
Stacy Keibler,2,2,29.0,9.666666666666666,3,9.0,10.0,10.0,,3,,False,Athlete,Sports,26,26-35,Tony Dovolani,0,United States,Maryland,1,1.0,0.1111111111111111,8.0,0.8385247827084639,790141.1836510526,662552.9643300073
Drew Lachey,2,2,27.0,9.0,3,9.0,9.0,9.0,,1,,False,Singer/Rapper,Entertainment,29,26-35,Cheryl Burke,0,United States,Ohio,1,2.0,0.2222222222222222,8.0,0.08435207036845925,790141.1836510526,66650.04472435128
Master P,2,2,16.0,5.333333333333333,3,6.0,5.0,5.0,,7,4.0,False,Singer/Rapper,Entertainment,35,26-35,Ashly DelGrosso,1,United States,Louisiana,1,9.0,1.0,8.0,0.07712308692307698,790141.1836510526,60938.127188223065
Lisa Rinna,2,2,20.0,6.666666666666667,3,6.0,7.0,7.0,,4,7.0,False,Actor/Actress,Entertainment,42,36-45,Louis van Amstel,1,United States,California,1,7.0,0.7777777777777778,8.0,1.0000000009874614e-08,790141.1836510526,0.007901411844312867
Jerry Rice,2,2,23.0,7.666666666666667,3,7.0,8.0,8.0,,2,,False,Athlete,Sports,43,36-45,Anna Trebunskaya,0,United States,Mississippi,1,4.0,0.4444444444444444,8.0,1.0000000005578463e-08,790141.1836510526,0.0079014118409183
Tia Carrere,2,2,22.0,7.333333333333333,3,7.0,8.0,7.0,,6,5.0,False,Actor/Actress,Entertainment,39,36-45,Maksim Chmerkoskiy,0,United States,Hawaii,1,5.0,0.6111111111111112,8.0,1.0000000004819522e-08,790141.1836510526,0.00790141184031863
George Hamilton,2,2,22.0,7.333333333333333,3,8.0,7.0,7.0,,5,6.0,False,Actor/Actress,Entertainment,66,>55,Edyta Sliwinska,1,United States,Tennessee,1,5.0,0.6111111111111112,8.0,1.0000000000049032e-08,790141.1836510526,0.00790141183654927
Giselle Fernandez,2,2,24.0,8.0,3,8.0,8.0,8.0,,8,3.0,False,News Anchor,Media,44,36-45,Jonathan Roberts,1,Mexico,Unknown,0,3.0,0.3333333333333333,8.0,1e-08,790141.1836510526,0.007901411836510526
Tatum O'Neal,2,2,17.0,5.666666666666667,3,5.0,6.0,6.0,,9,2.0,True,Actor/Actress,Entertainment,42,36-45,Nick Kosovich,0,United States,California,1,8.0,0.8888888888888888,8.0,1e-08,790141.1836510526,0.007901411836510526
Master P,2,3,14.0,4.666666666666667,3,6.0,4.0,4.0,,7,4.0,False,Singer/Rapper,Entertainment,35,26-35,Ashly DelGrosso,1,United States,Louisiana,1,8.0,1.0,8.0,0.6155846253846161,866606.4594882512,533469.6127199637
Jerry Rice,2,3,19.0,6.333333333333333,3,7.0,6.0,6.0,,2,,False,Athlete,Sports,43,36-45,Anna Trebunskaya,0,United States,Mississippi,1,7.0,0.875,8.0,0.23096924076923114,866606.4594882512,200159.43599371286
Stacy Keibler,2,3,27.0,9.0,3,9.0,9.0,9.0,,3,,False,Athlete,Sports,26,26-35,Tony Dovolani,0,United States,Maryland,1,1.0,0.1875,8.0,0.07662304692307653,866606.4594882512,66402.02740920949
Drew Lachey,2,3,27.0,9.0,3,9.0,9.0,9.0,,1,,False,Singer/Rapper,Entertainment,29,26-35,Cheryl Burke,0,United States,Ohio,1,1.0,0.1875,8.0,0.07662304692307642,866606.4594882512,66402.0274092094
George Hamilton,2,3,22.0,7.333333333333333,3,7.0,7.0,8.0,,5,6.0,False,Actor/Actress,Entertainment,66,>55,Edyta Sliwinska,1,United States,Tennessee,1,5.0,0.6875,8.0,0.00020000999999983133,866606.4594882512,173.32995796209897
Giselle Fernandez,2,3,22.0,7.333333333333333,3,7.0,8.0,7.0,,8,3.0,True,News Anchor,Media,44,36-45,Jonathan Roberts,1,Mexico,Unknown,0,5.0,0.6875,8.0,1.0000000117034447e-08,866606.4594882512,0.00866606469630532
Lisa Rinna,2,3,25.0,8.333333333333334,3,8.0,8.0,9.0,,4,7.0,False,Actor/Actress,Entertainment,42,36-45,Louis van Amstel,1,United States,California,1,4.0,0.5,8.0,1.0000000001675335e-08,866606.4594882512,0.008666064596334368
Tia Carrere,2,3,26.0,8.666666666666666,3,9.0,8.0,9.0,,6,5.0,False,Actor/Actress,Entertainment,39,36-45,Maksim Chmerkoskiy,0,United States,Hawaii,1,3.0,0.375,8.0,1e-08,866606.4594882512,0.008666064594882512
Drew Lachey,2,4,28.0,9.333333333333334,3,9.0,9.0,10.0,,1,,False,Singer/Rapper,Entertainment,29,26-35,Cheryl Burke,0,United States,Ohio,1,1.0,0.1428571428571428,8.0,0.7464440325763999,943071.73532545,703950.2691251521
Lisa Rinna,2,4,26.0,8.666666666666666,3,9.0,9.0,8.0,,4,7.0,False,Actor/Actress,Entertainment,42,36-45,Louis van Amstel,1,United States,California,1,2.0,0.3571428571428571,8.0,0.10102021456900644,943071.73532545,95269.3090565422
Stacy Keibler,2,4,26.0,8.666666666666666,3,8.0,9.0,9.0,,3,,False,Athlete,Sports,26,26-35,Tony Dovolani,0,United States,Maryland,1,2.0,0.3571428571428571,8.0,0.10102021456900644,943071.73532545,95269.3090565422
Tia Carrere,2,4,25.0,8.333333333333334,3,9.0,8.0,8.0,,6,5.0,False,Actor/Actress,Entertainment,39,36-45,Maksim Chmerkoskiy,0,United States,Hawaii,1,4.0,0.5714285714285714,8.0,0.03716326008266529,943071.73532545,35047.62017651018
Jerry Rice,2,4,24.0,8.0,3,8.0,8.0,8.0,,2,,False,Athlete,Sports,43,36-45,Anna Trebunskaya,0,United States,Mississippi,1,5.0,0.7142857142857143,8.0,0.013671599351319874,943071.73532545,12893.298924923529
George Hamilton,2,4,21.0,7.0,3,7.0,7.0,7.0,,5,6.0,False,Actor/Actress,Entertainment,66,>55,Edyta Sliwinska,1,United States,Tennessee,1,6.0,0.8571428571428571,8.0,0.0006806688516022069,943071.73532545,641.9195550624744
Master P,2,4,8.0,2.6666666666666665,3,4.0,2.0,2.0,,7,4.0,True,Singer/Rapper,Entertainment,35,26-35,Ashly DelGrosso,1,United States,Louisiana,1,7.0,1.0,8.0,1e-08,943071.73532545,0.0094307173532545
Stacy Keibler,2,5,30.0,10.0,3,10.0,10.0,10.0,,3,,False,Athlete,Sports,26,26-35,Tony Dovolani,0,United States,Maryland,1,1.0,0.1666666666666666,8.0,0.9431727904386453,1019537.0111626484,961599.5677737514
Drew Lachey,2,5,27.0,9.0,3,9.0,9.0,9.0,,1,,False,Singer/Rapper,Entertainment,29,26-35,Cheryl Burke,0,United States,Ohio,1,2.0,0.3333333333333333,8.0,0.04695780820027785,1019537.0111626484,47875.22342326018
Lisa Rinna,2,5,25.0,8.333333333333334,3,7.0,9.0,9.0,,4,7.0,False,Actor/Actress,Entertainment,42,36-45,Louis van Amstel,1,United States,California,1,3.0,0.5,8.0,0.006355048272955136,1019537.0111626484,6479.206922003031
George Hamilton,2,5,24.0,8.0,3,8.0,8.0,8.0,,5,6.0,False,Actor/Actress,Entertainment,66,>55,Edyta Sliwinska,1,United States,Tennessee,1,4.0,0.6666666666666666,8.0,0.0023378916072722754,1019537.0111626484,2383.567021700616
Jerry Rice,2,5,23.0,7.666666666666667,3,7.0,8.0,8.0,,2,,False,Athlete,Sports,43,36-45,Anna Trebunskaya,0,United States,Mississippi,1,5.0,0.8333333333333334,8.0,0.0008600622580027297,1019537.0111626484,876.8653039379017
Tia Carrere,2,5,22.0,7.333333333333333,3,7.0,7.0,8.0,,6,5.0,True,Actor/Actress,Entertainment,39,36-45,Maksim Chmerkoskiy,0,United States,Hawaii,1,6.0,1.0,8.0,0.00031639922284669306,1019537.0111626484,322.5807179953022
Drew Lachey,2,6,30.0,10.0,3,10.0,10.0,10.0,,1,,False,Singer/Rapper,Entertainment,29,26-35,Cheryl Burke,0,United States,Ohio,1,1.0,0.3,8.0,0.48742187565827494,1096002.2869998473,534215.4904552245
Stacy Keibler,2,6,30.0,10.0,3,10.0,10.0,10.0,,3,,False,Athlete,Sports,26,26-35,Tony Dovolani,0,United States,Maryland,1,1.0,0.3,8.0,0.48742187565827494,1096002.2869998473,534215.4904552245
Lisa Rinna,2,6,27.0,9.0,3,9.0,9.0,9.0,,4,7.0,False,Actor/Actress,Entertainment,42,36-45,Louis van Amstel,1,United States,California,1,3.0,0.6,8.0,0.024267306247391013,1096002.2869998473,26597.023146466232
Jerry Rice,2,6,23.0,7.666666666666667,3,8.0,7.0,8.0,,2,,False,Athlete,Sports,43,36-45,Anna Trebunskaya,0,United States,Mississippi,1,4.0,0.9,8.0,0.0005444712180295367,1096002.2869998473,596.7417001659647
George Hamilton,2,6,23.0,7.666666666666667,3,8.0,7.0,8.0,,5,6.0,True,Actor/Actress,Entertainment,66,>55,Edyta Sliwinska,1,United States,Tennessee,1,4.0,0.9,8.0,0.00034447121802953686,1096002.2869998473,377.54124276599543
Jerry Rice,2,7,20.5,6.833333333333333,3,7.0,7.0,6.5,,2,,False,Athlete,Sports,43,36-45,Anna Trebunskaya,0,United States,Mississippi,1,4.0,1.0,8.0,0.8573428671428562,1172467.5628370459,1005206.7019547098
Drew Lachey,2,7,27.5,9.166666666666666,3,9.5,9.0,9.0,,1,,False,Singer/Rapper,Entertainment,29,26-35,Cheryl Burke,0,United States,Ohio,1,1.0,0.375,8.0,0.07132856142857165,1172467.5628370459,83630.42457882992
Stacy Keibler,2,7,27.5,9.166666666666666,3,9.0,9.0,9.5,,3,,False,Athlete,Sports,26,26-35,Tony Dovolani,0,United States,Maryland,1,1.0,0.375,8.0,0.07132856142857165,1172467.5628370459,83630.42457882992
Lisa Rinna,2,7,26.5,8.833333333333334,3,8.5,9.0,9.0,,4,7.0,True,Actor/Actress,Entertainment,42,36-45,Louis van Amstel,1,United States,California,1,3.0,0.75,8.0,1.000000052209238e-08,1172467.5628370459,0.011724676240506838
Drew Lachey,2,8,28.9998,9.6666,3,9.6666,9.6666,9.6666,,1,,False,Singer/Rapper,Entertainment,29,26-35,Cheryl Burke,0,United States,Ohio,1,1.0,0.3333333333333333,8.0,0.5514077154896383,1248932.8386742445,688671.2033733542
Stacy Keibler,2,8,28.6665,9.5555,3,9.3333,9.6666,9.6666,,3,,False,Athlete,Sports,26,26-35,Tony Dovolani,0,United States,Maryland,1,2.0,0.6666666666666666,8.0,0.3951140632895601,1248932.8386742445,493470.9286643454
Jerry Rice,2,8,26.666600000000003,8.888866666666667,3,9.0,9.0,8.6666,,2,,False,Athlete,Sports,43,36-45,Anna Trebunskaya,0,United States,Mississippi,1,3.0,1.0,8.0,0.05347822122080159,1248932.8386742445,66790.70663654496
Mario Lopez,3,1,26.0,8.666666666666666,3,9.0,8.0,9.0,,2,,False,Actor/Actress,Entertainment,32,26-35,Karina Smirnoff,0,United States,California,1,1.0,0.0909090909090909,10.0,0.8473583888343016,739820.9535095912,626893.4911917439
Emmitt Smith,3,1,24.0,8.0,3,8.0,8.0,8.0,,1,,False,Athlete,Sports,37,36-45,Cheryl Burke,1,United States,Florida,1,2.0,0.1818181818181818,10.0,0.11467748755581,739820.9535095912,84840.80818962364
Willa Ford,3,1,22.0,7.333333333333333,3,7.0,7.0,8.0,,7,5.0,False,Singer/Rapper,Entertainment,25,≤25,Maksim Chmerkoskiy,1,United States,Florida,1,3.0,0.3181818181818182,10.0,0.015519910259228671,739820.9535095912,11481.954806365842
Vivica A. Fox,3,1,22.0,7.333333333333333,3,6.0,8.0,8.0,,8,4.0,False,Actor/Actress,Entertainment,42,36-45,Nick Kosovich,1,United States,Indiana,1,3.0,0.3181818181818182,10.0,0.015519910259228671,739820.9535095912,11481.954806365842
Joey Lawrence,3,1,21.0,7.0,3,7.0,7.0,7.0,,3,,False,Actor/Actress,Entertainment,30,26-35,Edyta Sliwinska,2,United States,Pennsylvania,1,5.0,0.4545454545454545,10.0,0.005709455913195979,739820.9535095912,4223.975117721623
Monique Coleman,3,1,19.0,6.333333333333333,3,6.0,6.0,7.0,,4,8.0,False,Actor/Actress,Entertainment,25,≤25,Louis van Amstel,2,United States,South Carolina,1,6.0,0.5454545454545454,10.0,0.000772690833139331,739820.9535095912,571.6528689412603
Shanna Moakler,3,1,18.0,6.0,3,7.0,5.0,6.0,,10,2.0,False,Model,Model,31,26-35,Jesse DeSoto,0,United States,Rhode Island,1,7.0,0.6363636363636364,10.0,0.0002842570718935933,739820.9535095912,210.2993379701626
Harry Hamlin,3,1,17.0,5.666666666666667,3,5.0,6.0,6.0,,9,3.0,False,Actor/Actress,Entertainment,54,46-55,Ashly DelGrosso,2,United States,California,1,8.0,0.7272727272727273,10.0,0.0001045723327572456,739820.9535095912,77.3648029311877
Jerry Springer,3,1,16.0,5.333333333333333,3,5.0,5.0,6.0,,5,7.0,False,TV Personality,Media,62,>55,Kym Johnson,0,England,Unknown,0,9.0,0.8181818181818182,10.0,3.8470011336729626e-05,739820.9535095912,28.460920468664096
Sara Evans,3,1,15.0,5.0,3,5.0,5.0,5.0,,6,-1.0,False,Singer/Rapper,Entertainment,35,26-35,Tony Dovolani,1,United States,Missouri,1,10.0,0.9090909090909092,10.0,1.4152326272415143e-05,739820.9535095912,10.47018751723701
Tucker Carlson,3,1,12.0,4.0,3,5.0,4.0,3.0,,11,1.0,True,TV Personality,Media,37,36-45,Elena Grinenko,0,United States,California,1,11.0,1.0,10.0,7.046028356890499e-07,739820.9535095912,0.5212799417450347
Joey Lawrence,3,2,29.0,9.666666666666666,3,10.0,9.0,10.0,,3,,False,Actor/Actress,Entertainment,30,26-35,Edyta Sliwinska,2,United States,Pennsylvania,1,1.0,0.1,10.0,0.3991999100000004,801472.6996353905,319947.82956190524
Jerry Springer,3,2,19.0,6.333333333333333,3,7.0,6.0,6.0,,5,7.0,False,TV Personality,Media,62,>55,Kym Johnson,0,England,Unknown,0,10.0,1.0,10.0,0.30020000999999924,801472.6996353905,240602.1124452706
Mario Lopez,3,2,21.0,7.0,3,7.0,6.0,8.0,,2,,False,Actor/Actress,Entertainment,32,26-35,Karina Smirnoff,0,United States,California,1,7.0,0.8,10.0,0.10020001000000002,801472.6996353905,80307.57251819315
Sara Evans,3,2,21.0,7.0,3,7.0,7.0,7.0,,6,-1.0,False,Singer/Rapper,Entertainment,35,26-35,Tony Dovolani,1,United States,Missouri,1,7.0,0.8,10.0,0.10020000999999988,801472.6996353905,80307.57251819303
Harry Hamlin,3,2,21.0,7.0,3,7.0,7.0,7.0,,9,3.0,False,Actor/Actress,Entertainment,54,46-55,Ashly DelGrosso,2,United States,California,1,7.0,0.8,10.0,0.10020000999999974,801472.6996353905,80307.57251819292
Shanna Moakler,3,2,22.0,7.333333333333333,3,8.0,7.0,7.0,,10,2.0,True,Model,Model,31,26-35,Jesse DeSoto,0,United States,Rhode Island,1,6.0,0.6,10.0,1.0000000308721386e-08,801472.6996353905,0.008014727243785668
Willa Ford,3,2,23.0,7.666666666666667,3,7.0,8.0,8.0,,7,5.0,False,Singer/Rapper,Entertainment,25,≤25,Maksim Chmerkoskiy,1,United States,Florida,1,5.0,0.5,10.0,1.0000000149560507e-08,801472.6996353905,0.008014727116222569
Vivica A. Fox,3,2,24.0,8.0,3,8.0,8.0,8.0,,8,4.0,False,Actor/Actress,Entertainment,42,36-45,Nick Kosovich,1,United States,Indiana,1,3.0,0.35,10.0,1.0000000148259464e-08,801472.6996353905,0.008014727115179818
Monique Coleman,3,2,26.0,8.666666666666666,3,9.0,8.0,9.0,,4,8.0,False,Actor/Actress,Entertainment,25,≤25,Louis van Amstel,2,United States,South Carolina,1,2.0,0.2,10.0,1.000000000167533e-08,801472.6996353905,0.008014726997696637
Emmitt Smith,3,2,24.0,8.0,3,8.0,8.0,8.0,,1,,False,Athlete,Sports,37,36-45,Cheryl Burke,1,United States,Florida,1,3.0,0.35,10.0,9.999999999999995e-09,801472.6996353905,0.008014726996353902
Emmitt Smith,3,3,19.0,6.333333333333333,3,7.0,6.0,6.0,,1,,False,Athlete,Sports,37,36-45,Cheryl Burke,1,United States,Florida,1,9.0,1.0,10.0,0.3752000100000003,863124.4457611898,323844.3006808431
Vivica A. Fox,3,3,27.0,9.0,3,9.0,9.0,9.0,,8,4.0,False,Actor/Actress,Entertainment,42,36-45,Nick Kosovich,1,United States,Indiana,1,1.0,0.1666666666666666,10.0,0.24949996499999985,863124.4457611898,215349.51900806112
Monique Coleman,3,3,27.0,9.0,3,9.0,9.0,9.0,,4,8.0,False,Actor/Actress,Entertainment,25,≤25,Louis van Amstel,2,United States,South Carolina,1,1.0,0.1666666666666666,10.0,0.24949996499999977,863124.4457611898,215349.51900806106
Jerry Springer,3,3,21.0,7.0,3,7.0,7.0,7.0,,5,7.0,False,TV Personality,Media,62,>55,Kym Johnson,0,England,Unknown,0,8.0,0.8888888888888888,10.0,0.12520000999999992,863124.4457611898,108063.18924054535
Mario Lopez,3,3,22.0,7.333333333333333,3,8.0,6.0,8.0,,2,,False,Actor/Actress,Entertainment,32,26-35,Karina Smirnoff,0,United States,California,1,4.0,0.6111111111111112,10.0,0.00020001000000024983,863124.4457611898,172.6335203969112
Joey Lawrence,3,3,22.0,7.333333333333333,3,8.0,6.0,8.0,,3,,False,Actor/Actress,Entertainment,30,26-35,Edyta Sliwinska,2,United States,Pennsylvania,1,4.0,0.6111111111111112,10.0,0.0002000100000000382,863124.4457611898,172.63352039672853
Willa Ford,3,3,22.0,7.333333333333333,3,7.0,7.0,8.0,,7,5.0,False,Singer/Rapper,Entertainment,25,≤25,Maksim Chmerkoskiy,1,United States,Florida,1,4.0,0.6111111111111112,10.0,0.0002000100000000061,863124.4457611898,172.63352039670085
Harry Hamlin,3,3,22.0,7.333333333333333,3,7.0,8.0,7.0,,9,3.0,True,Actor/Actress,Entertainment,54,46-55,Ashly DelGrosso,2,United States,California,1,4.0,0.6111111111111112,10.0,1e-08,863124.4457611898,0.008631244457611898
Sara Evans,3,3,25.0,8.333333333333334,3,8.0,9.0,8.0,,6,-1.0,False,Singer/Rapper,Entertainment,35,26-35,Tony Dovolani,1,United States,Missouri,1,3.0,0.3333333333333333,10.0,1e-08,863124.4457611898,0.008631244457611898
Sara Evans,3,4,20.0,6.666666666666667,3,6.0,7.0,7.0,,6,-1.0,False,Singer/Rapper,Entertainment,35,26-35,Tony Dovolani,1,United States,Missouri,1,8.0,1.0,10.0,0.44464445444444384,924776.191886989,411196.60532480053
Mario Lopez,3,4,29.0,9.666666666666666,3,10.0,9.0,10.0,,2,,False,Actor/Actress,Entertainment,32,26-35,Karina Smirnoff,0,United States,California,1,1.0,0.125,10.0,0.3325332633333332,924776.191886989,307518.8449411532
Jerry Springer,3,4,22.0,7.333333333333333,3,7.0,7.0,8.0,,5,7.0,False,TV Personality,Media,62,>55,Kym Johnson,0,England,Unknown,0,7.0,0.875,10.0,0.22242223222222218,924776.191886989,205690.78490547018
Monique Coleman,3,4,24.0,8.0,3,8.0,8.0,8.0,,4,8.0,False,Actor/Actress,Entertainment,25,≤25,Louis van Amstel,2,United States,South Carolina,1,4.0,0.625,10.0,0.00020001000000002383,924776.191886989,184.9644861393387
Emmitt Smith,3,4,24.0,8.0,3,8.0,8.0,8.0,,1,,False,Athlete,Sports,37,36-45,Cheryl Burke,1,United States,Florida,1,4.0,0.625,10.0,0.00020000999999969857,924776.191886989,184.96448613903792
Joey Lawrence,3,4,27.0,9.0,3,9.0,9.0,9.0,,3,,False,Actor/Actress,Entertainment,30,26-35,Edyta Sliwinska,2,United States,Pennsylvania,1,3.0,0.375,10.0,1.0000000480459013e-08,924776.191886989,0.009247762363186947
Vivica A. Fox,3,4,24.0,8.0,3,8.0,8.0,8.0,,8,4.0,True,Actor/Actress,Entertainment,42,36-45,Nick Kosovich,1,United States,Indiana,1,4.0,0.625,10.0,1.0000000463111778e-08,924776.191886989,0.009247762347144637
Willa Ford,3,4,28.0,9.333333333333334,3,9.0,9.0,10.0,,7,5.0,False,Singer/Rapper,Entertainment,25,≤25,Maksim Chmerkoskiy,1,United States,Florida,1,2.0,0.25,10.0,9.999999999999999e-09,924776.191886989,0.009247761918869888
Emmitt Smith,3,5,27.0,9.0,3,9.0,9.0,9.0,,1,,False,Athlete,Sports,37,36-45,Cheryl Burke,1,United States,Florida,1,1.0,0.3571428571428571,10.0,0.23613255936098188,986427.9380127883,232927.7536281357
Mario Lopez,3,5,27.0,9.0,3,9.0,9.0,9.0,,2,,False,Actor/Actress,Entertainment,32,26-35,Karina Smirnoff,0,United States,California,1,1.0,0.3571428571428571,10.0,0.23613255936098188,986427.9380127883,232927.7536281357
Monique Coleman,3,5,27.0,9.0,3,9.0,9.0,9.0,,4,8.0,False,Actor/Actress,Entertainment,25,≤25,Louis van Amstel,2,United States,South Carolina,1,1.0,0.3571428571428571,10.0,0.23613255936098188,986427.9380127883,232927.7536281357
Willa Ford,3,5,27.0,9.0,3,9.0,9.0,9.0,,7,5.0,True,Singer/Rapper,Entertainment,25,≤25,Maksim Chmerkoskiy,1,United States,Florida,1,1.0,0.3571428571428571,10.0,0.23613255936098188,986427.9380127883,232927.7536281357
Joey Lawrence,3,5,25.0,8.333333333333334,3,8.0,8.0,9.0,,3,,False,Actor/Actress,Entertainment,30,26-35,Edyta Sliwinska,2,United States,Pennsylvania,1,5.0,0.7142857142857143,10.0,0.03195706680250474,986427.9380127883,31523.34351093168
Jerry Springer,3,5,24.0,8.0,3,8.0,8.0,8.0,,5,7.0,False,TV Personality,Media,62,>55,Kym Johnson,0,England,Unknown,0,6.0,0.9285714285714286,10.0,0.011756347876783896,986427.9380127883,11596.78999465696
Sara Evans,3,5,24.0,8.0,3,8.0,8.0,8.0,,6,-1.0,False,Singer/Rapper,Entertainment,35,26-35,Tony Dovolani,1,United States,Missouri,1,6.0,0.9285714285714286,10.0,0.011756347876783896,986427.9380127883,11596.78999465696
Mario Lopez,3,6,28.0,9.333333333333334,3,9.0,9.0,10.0,,2,,False,Actor/Actress,Entertainment,32,26-35,Karina Smirnoff,0,United States,California,1,1.0,0.2,10.0,0.9303311696213278,1048079.6841385874,975061.1984010038
Emmitt Smith,3,6,25.0,8.333333333333334,3,8.0,8.0,9.0,,1,,False,Athlete,Sports,37,36-45,Cheryl Burke,1,United States,Florida,1,2.0,0.4,10.0,0.04631846154669188,1048079.6841385874,48545.43854764213
Joey Lawrence,3,6,24.0,8.0,3,8.0,8.0,8.0,,3,,False,Actor/Actress,Entertainment,30,26-35,Edyta Sliwinska,2,United States,Pennsylvania,1,3.0,0.6,10.0,0.017039609749717945,1048079.6841385874,17858.868804329177
Monique Coleman,3,6,23.0,7.666666666666667,3,9.0,7.0,7.0,,4,8.0,False,Actor/Actress,Entertainment,25,≤25,Louis van Amstel,2,United States,South Carolina,1,4.0,0.8,10.0,0.006268522112505698,1048079.6841385874,6569.910675690722
Jerry Springer,3,6,18.0,6.0,3,7.0,6.0,5.0,,5,7.0,False,TV Personality,Media,62,>55,Kym Johnson,0,England,Unknown,0,5.0,1.0,10.0,4.223696975665866e-05,1048079.6841385874,44.267709921529885
Emmitt Smith,3,7,28.5,9.5,3,10.0,9.5,9.0,,1,,False,Athlete,Sports,37,36-45,Cheryl Burke,1,United States,Florida,1,1.0,0.3,10.0,0.35288958094584927,1109731.4302643868,391612.6593884374
Joey Lawrence,3,7,28.5,9.5,3,9.5,9.0,10.0,,3,,False,Actor/Actress,Entertainment,30,26-35,Edyta Sliwinska,2,United States,Pennsylvania,1,1.0,0.3,10.0,0.35288958094584927,1109731.4302643868,391612.6593884374
Mario Lopez,3,7,28.0,9.333333333333334,3,9.5,9.0,9.5,,2,,False,Actor/Actress,Entertainment,32,26-35,Karina Smirnoff,0,United States,California,1,3.0,0.6,10.0,0.21403835033680071,1109731.4302643868,237525.08465068776
Monique Coleman,3,7,27.0,9.0,3,9.0,9.0,9.0,,4,8.0,False,Actor/Actress,Entertainment,25,≤25,Louis van Amstel,2,United States,South Carolina,1,4.0,0.8,10.0,0.07874030871115964,1109731.4302643868,87380.59540549455
Jerry Springer,3,7,23.0,7.666666666666667,3,7.5,8.0,7.5,,5,7.0,True,TV Personality,Media,62,>55,Kym Johnson,0,England,Unknown,0,5.0,1.0,10.0,0.0014421790603410501,1109731.4302643868,1600.431431329623
Mario Lopez,3,8,28.5,9.5,3,9.5,9.0,10.0,,2,,False,Actor/Actress,Entertainment,32,26-35,Karina Smirnoff,0,United States,California,1,1.0,0.25,10.0,0.6322728754214296,1171383.176390186,740633.8091565105
Emmitt Smith,3,8,27.0,9.0,3,8.5,9.0,9.5,,1,,False,Athlete,Sports,37,36-45,Cheryl Burke,1,United States,Florida,1,2.0,0.625,10.0,0.1410791479502918,1171383.176390186,165257.74044843382
Joey Lawrence,3,8,27.0,9.0,3,9.5,8.5,9.0,,3,,False,Actor/Actress,Entertainment,30,26-35,Edyta Sliwinska,2,United States,Pennsylvania,1,2.0,0.625,10.0,0.1410791479502918,1171383.176390186,165257.74044843382
Monique Coleman,3,8,26.5,8.833333333333334,3,8.5,9.0,9.0,,4,8.0,True,Actor/Actress,Entertainment,25,≤25,Louis van Amstel,2,United States,South Carolina,1,4.0,1.0,10.0,0.08556882867798672,1171383.176390186,100233.88633680773
Emmitt Smith,3,9,29.5,9.833333333333334,3,9.5,10.0,10.0,,1,,False,Athlete,Sports,37,36-45,Cheryl Burke,1,United States,Florida,1,1.0,0.6666666666666666,10.0,0.3333333333333333,1233034.9225159856,411011.6408386618
Joey Lawrence,3,9,29.5,9.833333333333334,3,9.5,10.0,10.0,,3,,False,Actor/Actress,Entertainment,30,26-35,Edyta Sliwinska,2,United States,Pennsylvania,1,1.0,0.6666666666666666,10.0,0.3333333333333333,1233034.9225159856,411011.6408386618
Mario Lopez,3,9,29.5,9.833333333333334,3,10.0,9.5,10.0,,2,,False,Actor/Actress,Entertainment,32,26-35,Karina Smirnoff,0,United States,California,1,1.0,0.6666666666666666,10.0,0.3333333333333333,1233034.9225159856,411011.6408386618
Emmitt Smith,3,10,29.666600000000003,9.888866666666669,3,10.0,9.6666,10.0,,1,,False,Athlete,Sports,37,36-45,Cheryl Burke,1,United States,Florida,1,1.0,0.75,10.0,0.5,1294686.6686417847,647343.3343208923
Mario Lopez,3,10,29.666600000000003,9.888866666666669,3,10.0,10.0,9.6666,,2,,False,Actor/Actress,Entertainment,32,26-35,Karina Smirnoff,0,United States,California,1,1.0,0.75,10.0,0.5,1294686.6686417847,647343.3343208923
Joey Fatone,4,1,24.0,8.0,3,8.0,8.0,8.0,,2,,False,Singer/Rapper,Entertainment,30,26-35,Kym Johnson,1,United States,New York,1,1.0,0.0909090909090909,10.0,0.6734933387458005,703087.554394032,473524.78443945624
Laila Ali,4,1,23.0,7.666666666666667,3,7.0,8.0,8.0,,3,,False,Athlete,Sports,29,26-35,Maksim Chmerkoskiy,2,United States,Florida,1,2.0,0.1818181818181818,10.0,0.24776435309049397,703087.554394032,174200.0330804148
Ian Ziering,4,1,21.0,7.0,3,7.0,7.0,7.0,,4,9.0,False,Actor/Actress,Entertainment,42,36-45,Cheryl Burke,2,United States,New Jersey,1,3.0,0.3181818181818182,10.0,0.03353125890143812,703087.554394032,23575.410816765245
Apolo Anton Ohno,4,1,21.0,7.0,3,7.0,7.0,7.0,,1,,False,Athlete,Sports,24,≤25,Julianne Hough,0,United States,Washington,1,3.0,0.3181818181818182,10.0,0.03353125890143812,703087.554394032,23575.410816765245
Paulina Porizkova,4,1,19.0,6.333333333333333,3,6.0,6.0,7.0,,11,2.0,False,Model,Model,41,36-45,Alec Mazo,1,Czechoslovakia,Unknown,0,5.0,0.5,10.0,0.004537962420706318,703087.554394032,3190.584900306427
Shandi Finnessey,4,1,19.0,6.333333333333333,3,6.0,6.0,7.0,,10,3.0,False,Beauty Pageant,Model,28,26-35,Brian Fortuna,0,United States,Missouri,1,5.0,0.5,10.0,0.004537962420706318,703087.554394032,3190.584900306427
Heather Mills,4,1,18.0,6.0,3,6.0,6.0,6.0,,7,6.0,False,Model,Model,39,36-45,Jonathan Roberts,2,England,Unknown,0,7.0,0.6363636363636364,10.0,0.001669423079386446,703087.554394032,1173.7505901347702
John Ratzenberger,4,1,17.0,5.666666666666667,3,6.0,5.0,6.0,,6,7.0,False,Actor/Actress,Entertainment,59,>55,Edyta Sliwinska,3,United States,Connecticut,1,8.0,0.7272727272727273,10.0,0.0006141464295233942,703087.554394032,431.7987111734299
Clyde Drexler,4,1,16.0,5.333333333333333,3,6.0,5.0,5.0,,8,5.0,False,Athlete,Sports,44,36-45,Elena Grinenko,1,United States,Louisiana,1,9.0,0.8181818181818182,10.0,0.0002259318452905028,703087.554394032,158.84986856503042
Leeza Gibbons,4,1,15.0,5.0,3,5.0,5.0,5.0,,9,4.0,False,TV Personality,Media,50,46-55,Tony Dovolani,2,United States,South Carolina,1,10.0,0.9090909090909092,10.0,8.311568098830296e-05,703087.554394032,58.43760087786047
Billy Ray Cyrus,4,1,13.0,4.333333333333333,3,5.0,4.0,4.0,,5,8.0,False,Singer/Rapper,Entertainment,45,36-45,Karina Smirnoff,1,United States,Kentucky,1,11.0,1.0,10.0,1.1248484227955925e-05,703087.554394032,7.908669266473372
Laila Ali,4,2,27.0,9.0,3,9.0,9.0,9.0,,3,,False,Athlete,Sports,29,26-35,Maksim Chmerkoskiy,2,United States,Florida,1,1.0,0.0909090909090909,10.0,0.4900926128198664,761678.183926868,373292.8512886095
Clyde Drexler,4,2,18.0,6.0,3,6.0,6.0,6.0,,8,5.0,False,Athlete,Sports,44,36-45,Elena Grinenko,1,United States,Louisiana,1,11.0,1.0,10.0,0.33353334333333345,761678.183926868,254045.07122918998
Shandi Finnessey,4,2,20.0,6.666666666666667,3,6.0,7.0,7.0,,10,3.0,False,Beauty Pageant,Model,28,26-35,Brian Fortuna,0,United States,Missouri,1,10.0,0.9090909090909092,10.0,0.11131112111111122,761678.183926868,84783.25257877485
Apolo Anton Ohno,4,2,26.0,8.666666666666666,3,8.0,9.0,9.0,,1,,False,Athlete,Sports,24,≤25,Julianne Hough,0,United States,Washington,1,2.0,0.1818181818181818,10.0,0.06446285273568894,761678.183926868,49099.94860246469
Billy Ray Cyrus,4,2,21.0,7.0,3,7.0,7.0,7.0,,5,8.0,False,Singer/Rapper,Entertainment,45,36-45,Karina Smirnoff,1,United States,Kentucky,1,6.0,0.6818181818181818,10.0,0.00020000999999999822,761678.183926868,152.34325356721152
Leeza Gibbons,4,2,21.0,7.0,3,7.0,7.0,7.0,,9,4.0,False,TV Personality,Media,50,46-55,Tony Dovolani,2,United States,South Carolina,1,6.0,0.6818181818181818,10.0,0.00020000999999992015,761678.183926868,152.34325356715206
John Ratzenberger,4,2,21.0,7.0,3,7.0,7.0,7.0,,6,7.0,False,Actor/Actress,Entertainment,59,>55,Edyta Sliwinska,3,United States,Connecticut,1,6.0,0.6818181818181818,10.0,0.0002000099999997612,761678.183926868,152.34325356703098
Joey Fatone,4,2,24.0,8.0,3,8.0,8.0,8.0,,2,,False,Singer/Rapper,Entertainment,30,26-35,Kym Johnson,1,United States,New York,1,3.0,0.3181818181818182,10.0,1.0000000112697633e-08,761678.183926868,0.007616781925108009
Ian Ziering,4,2,22.0,7.333333333333333,3,7.0,8.0,7.0,,4,9.0,False,Actor/Actress,Entertainment,42,36-45,Cheryl Burke,2,United States,New Jersey,1,5.0,0.4545454545454545,10.0,1.0000000058053843e-08,761678.183926868,0.007616781883487026
Heather Mills,4,2,24.0,8.0,3,8.0,8.0,8.0,,7,6.0,False,Model,Model,39,36-45,Jonathan Roberts,2,England,Unknown,0,3.0,0.3181818181818182,10.0,1.000000000167533e-08,761678.183926868,0.007616781840544743
Paulina Porizkova,4,2,21.0,7.0,3,7.0,7.0,7.0,,11,2.0,True,Model,Model,41,36-45,Alec Mazo,1,Czechoslovakia,Unknown,0,6.0,0.6818181818181818,10.0,9.999999999999995e-09,761678.183926868,0.007616781839268677
Clyde Drexler,4,3,16.0,5.333333333333333,3,6.0,5.0,5.0,,8,5.0,False,Athlete,Sports,44,36-45,Elena Grinenko,1,United States,Louisiana,1,10.0,1.0,10.0,0.6252000099999998,820268.8134597039,512832.07037769485
John Ratzenberger,4,3,20.0,6.666666666666667,3,7.0,6.0,7.0,,6,7.0,False,Actor/Actress,Entertainment,59,>55,Edyta Sliwinska,3,United States,Connecticut,1,9.0,0.9,10.0,0.12520000999999975,820268.8134597039,102697.66364784286
Heather Mills,4,3,24.0,8.0,3,8.0,8.0,8.0,,7,6.0,False,Model,Model,39,36-45,Jonathan Roberts,2,England,Unknown,0,1.0,0.25,10.0,0.06229998500000007,820268.8134597039,51102.734774507415
Leeza Gibbons,4,3,24.0,8.0,3,8.0,8.0,8.0,,9,4.0,False,TV Personality,Media,50,46-55,Tony Dovolani,2,United States,South Carolina,1,1.0,0.25,10.0,0.062299985000000016,820268.8134597039,51102.734774507364
Ian Ziering,4,3,24.0,8.0,3,8.0,8.0,8.0,,4,9.0,False,Actor/Actress,Entertainment,42,36-45,Cheryl Burke,2,United States,New Jersey,1,1.0,0.25,10.0,0.06229998499999996,820268.8134597039,51102.73477450732
Joey Fatone,4,3,24.0,8.0,3,8.0,8.0,8.0,,2,,False,Singer/Rapper,Entertainment,30,26-35,Kym Johnson,1,United States,New York,1,1.0,0.25,10.0,0.06229998499999993,820268.8134597039,51102.7347745073
Laila Ali,4,3,21.0,7.0,3,7.0,7.0,7.0,,3,,False,Athlete,Sports,29,26-35,Maksim Chmerkoskiy,2,United States,Florida,1,6.0,0.7,10.0,0.00020001000000014266,820268.8134597039,164.0619653801924
Billy Ray Cyrus,4,3,21.0,7.0,3,7.0,7.0,7.0,,5,8.0,False,Singer/Rapper,Entertainment,45,36-45,Karina Smirnoff,1,United States,Kentucky,1,6.0,0.7,10.0,0.0002000100000000646,820268.8134597039,164.06196538012836
Shandi Finnessey,4,3,21.0,7.0,3,7.0,7.0,7.0,,10,3.0,True,Beauty Pageant,Model,28,26-35,Brian Fortuna,0,United States,Missouri,1,6.0,0.7,10.0,1.0000000100554572e-08,820268.8134597039,0.008202688217078818
Apolo Anton Ohno,4,3,23.0,7.666666666666667,3,7.0,8.0,8.0,,1,,False,Athlete,Sports,24,≤25,Julianne Hough,0,United States,Washington,1,5.0,0.5,10.0,1.0000000078003167e-08,820268.8134597039,0.008202688198580605
Joey Fatone,4,4,28.0,9.333333333333334,3,10.0,9.0,9.0,,2,,False,Singer/Rapper,Entertainment,30,26-35,Kym Johnson,1,United States,New York,1,1.0,0.1111111111111111,10.0,0.8333245280066162,878859.44299254,732375.1305159159
Apolo Anton Ohno,4,4,26.0,8.666666666666666,3,9.0,8.0,9.0,,1,,False,Athlete,Sports,24,≤25,Julianne Hough,0,United States,Washington,1,2.0,0.2222222222222222,10.0,0.08935232507030698,878859.44299254,78528.13464137836
Clyde Drexler,4,4,15.0,5.0,3,6.0,4.0,5.0,,8,5.0,False,Athlete,Sports,44,36-45,Elena Grinenko,1,United States,Louisiana,1,9.0,1.0,10.0,0.07712308692307696,878859.44299254,67780.35321508066
John Ratzenberger,4,4,16.0,5.333333333333333,3,6.0,5.0,5.0,,6,7.0,False,Actor/Actress,Entertainment,59,>55,Edyta Sliwinska,3,United States,Connecticut,1,7.0,0.8333333333333334,10.0,0.00020000999999996393,878859.44299254,175.7806771929062
Ian Ziering,4,4,24.0,8.0,3,7.0,9.0,8.0,,4,9.0,False,Actor/Actress,Entertainment,42,36-45,Cheryl Burke,2,United States,New Jersey,1,3.0,0.3333333333333333,10.0,1.000000001902257e-08,878859.44299254,0.008788594446643564
Laila Ali,4,4,21.0,7.0,3,7.0,7.0,7.0,,3,,False,Athlete,Sports,29,26-35,Maksim Chmerkoskiy,2,United States,Florida,1,5.0,0.6111111111111112,10.0,1.0000000005361623e-08,878859.44299254,0.008788594434637512
Billy Ray Cyrus,4,4,21.0,7.0,3,7.0,7.0,7.0,,5,8.0,False,Singer/Rapper,Entertainment,45,36-45,Karina Smirnoff,1,United States,Kentucky,1,5.0,0.6111111111111112,10.0,1.0000000001024814e-08,878859.44299254,0.008788594430826068
Heather Mills,4,4,23.0,7.666666666666667,3,7.0,8.0,8.0,,7,6.0,False,Model,Model,39,36-45,Jonathan Roberts,2,England,Unknown,0,4.0,0.4444444444444444,10.0,1e-08,878859.44299254,0.0087885944299254
Leeza Gibbons,4,4,16.0,5.333333333333333,3,6.0,5.0,5.0,,9,4.0,True,TV Personality,Media,50,46-55,Tony Dovolani,2,United States,South Carolina,1,7.0,0.8333333333333334,10.0,1e-08,878859.44299254,0.0087885944299254
Apolo Anton Ohno,4,5,30.0,10.0,3,10.0,10.0,10.0,,1,,False,Athlete,Sports,24,≤25,Julianne Hough,0,United States,Washington,1,1.0,0.125,10.0,0.8736036682491624,937450.072525376,818959.8221586117
Laila Ali,4,5,28.0,9.333333333333334,3,9.0,10.0,9.0,,3,,False,Athlete,Sports,29,26-35,Maksim Chmerkoskiy,2,United States,Florida,1,2.0,0.25,10.0,0.11822939987904423,937450.072525376,110834.15949124169
Joey Fatone,4,5,25.0,8.333333333333334,3,8.0,8.0,9.0,,2,,False,Singer/Rapper,Entertainment,30,26-35,Kym Johnson,1,United States,New York,1,3.0,0.375,10.0,0.0058862952148694995,937450.072525376,5518.107876085186
Ian Ziering,4,5,24.0,8.0,3,8.0,8.0,8.0,,4,9.0,False,Actor/Actress,Entertainment,42,36-45,Cheryl Burke,2,United States,New Jersey,1,4.0,0.5,10.0,0.0021654469942163266,937450.072525376,2029.9984417779528
Heather Mills,4,5,21.0,7.0,3,7.0,7.0,7.0,,7,6.0,False,Model,Model,39,36-45,Jonathan Roberts,2,England,Unknown,0,5.0,0.625,10.0,0.00010781125754803372,937450.072525376,101.0676712074562
John Ratzenberger,4,5,18.0,6.0,3,6.0,6.0,6.0,,6,7.0,False,Actor/Actress,Entertainment,59,>55,Edyta Sliwinska,3,United States,Connecticut,1,6.0,0.75,10.0,5.367606450369342e-06,937450.072525376,5.031863056186416
Billy Ray Cyrus,4,5,17.0,5.666666666666667,3,6.0,6.0,5.0,,5,8.0,False,Singer/Rapper,Entertainment,45,36-45,Karina Smirnoff,1,United States,Kentucky,1,7.0,0.875,10.0,1.9746320613901026e-06,937450.072525376,1.8511189691610843
Clyde Drexler,4,5,13.0,4.333333333333333,3,4.0,5.0,4.0,,8,5.0,True,Athlete,Sports,44,36-45,Elena Grinenko,1,United States,Louisiana,1,8.0,1.0,10.0,3.6166647774537904e-08,937450.072525376,0.03390442657924029
John Ratzenberger,4,6,19.0,6.333333333333333,3,7.0,6.0,6.0,,6,7.0,False,Actor/Actress,Entertainment,59,>55,Edyta Sliwinska,3,United States,Connecticut,1,7.0,1.0,10.0,0.44464445444444406,996040.7020582119,442883.97457113466
Billy Ray Cyrus,4,6,21.0,7.0,3,7.0,7.0,7.0,,5,8.0,False,Singer/Rapper,Entertainment,45,36-45,Karina Smirnoff,1,United States,Kentucky,1,6.0,0.8571428571428571,10.0,0.2224222322222225,996040.7020582119,221541.59633597714
Apolo Anton Ohno,4,6,28.0,9.333333333333334,3,9.0,9.0,10.0,,1,,False,Athlete,Sports,24,≤25,Julianne Hough,0,United States,Washington,1,1.0,0.2142857142857142,10.0,0.16646664166666675,996040.7020582119,165807.55063493954
Laila Ali,4,6,28.0,9.333333333333334,3,9.0,9.0,10.0,,3,,False,Athlete,Sports,29,26-35,Maksim Chmerkoskiy,2,United States,Florida,1,1.0,0.2142857142857142,10.0,0.1664666416666667,996040.7020582119,165807.5506349395
Heather Mills,4,6,23.0,7.666666666666667,3,7.0,8.0,8.0,,7,6.0,True,Model,Model,39,36-45,Jonathan Roberts,2,England,Unknown,0,5.0,0.7142857142857143,10.0,1.0000000081472615e-08,996040.7020582119,0.00996040710173216
Ian Ziering,4,6,24.0,8.0,3,8.0,8.0,8.0,,4,9.0,False,Actor/Actress,Entertainment,42,36-45,Cheryl Burke,2,United States,New Jersey,1,4.0,0.5714285714285714,10.0,1.0000000052849678e-08,996040.7020582119,0.009960407073222549
Joey Fatone,4,6,27.0,9.0,3,9.0,9.0,9.0,,2,,False,Singer/Rapper,Entertainment,30,26-35,Kym Johnson,1,United States,New York,1,3.0,0.4285714285714285,10.0,1e-08,996040.7020582119,0.009960407020582119
Billy Ray Cyrus,4,7,19.0,6.333333333333333,3,6.0,6.5,6.5,,5,8.0,False,Singer/Rapper,Entertainment,45,36-45,Karina Smirnoff,1,United States,Kentucky,1,6.0,1.0,10.0,0.3335333433333332,1054631.3315910478,351754.7140096473
Laila Ali,4,7,29.5,9.833333333333334,3,10.0,9.5,10.0,,3,,False,Athlete,Sports,29,26-35,Maksim Chmerkoskiy,2,United States,Florida,1,1.0,0.25,10.0,0.33323331333333345,1054631.3315910478,351438.29297123034
Joey Fatone,4,7,29.5,9.833333333333334,3,10.0,9.5,10.0,,2,,False,Singer/Rapper,Entertainment,30,26-35,Kym Johnson,1,United States,New York,1,1.0,0.25,10.0,0.3332333133333334,1054631.3315910478,351438.2929712303
John Ratzenberger,4,7,22.5,7.5,3,7.5,7.5,7.5,,6,7.0,True,Actor/Actress,Entertainment,59,>55,Edyta Sliwinska,3,United States,Connecticut,1,5.0,0.8333333333333334,10.0,1.00000000835326e-08,1054631.3315910478,0.010546313404006575
Ian Ziering,4,7,27.0,9.0,3,9.0,9.0,9.0,,4,9.0,False,Actor/Actress,Entertainment,42,36-45,Cheryl Burke,2,United States,New Jersey,1,3.0,0.5833333333333334,10.0,1.0000000001675335e-08,1054631.3315910478,0.01054631331767734
Apolo Anton Ohno,4,7,27.0,9.0,3,9.0,8.5,9.5,,1,,False,Athlete,Sports,24,≤25,Julianne Hough,0,United States,Washington,1,3.0,0.5833333333333334,10.0,1.0000000001675335e-08,1054631.3315910478,0.01054631331767734
Apolo Anton Ohno,4,8,29.0,9.666666666666666,3,10.0,9.0,10.0,,1,,False,Athlete,Sports,24,≤25,Julianne Hough,0,United States,Washington,1,1.0,0.2,10.0,0.7637392897823777,1113221.9611238837,850211.3499589006
Joey Fatone,4,8,27.5,9.166666666666666,3,9.5,9.0,9.0,,2,,False,Singer/Rapper,Entertainment,30,26-35,Kym Johnson,1,United States,New York,1,2.0,0.4,10.0,0.17041327004079,1113221.9611238837,189707.79467634222
Laila Ali,4,8,26.5,8.833333333333334,3,9.0,8.5,9.0,,3,,False,Athlete,Sports,29,26-35,Maksim Chmerkoskiy,2,United States,Florida,1,3.0,0.6,10.0,0.06269153855080392,1113221.9611238837,69789.5974913995
Ian Ziering,4,8,23.5,7.833333333333333,3,8.0,7.5,8.0,,4,9.0,False,Actor/Actress,Entertainment,42,36-45,Cheryl Burke,2,United States,New Jersey,1,4.0,0.8,10.0,0.0031212279159154523,1113221.9611238837,3474.6194616700122
Billy Ray Cyrus,4,8,19.0,6.333333333333333,3,6.5,6.5,6.0,,5,8.0,True,Singer/Rapper,Entertainment,45,36-45,Karina Smirnoff,1,United States,Kentucky,1,5.0,1.0,10.0,3.467371011297001e-05,1113221.9611238837,38.59953557140152
Joey Fatone,4,9,30.0,10.0,3,10.0,10.0,10.0,,2,,False,Singer/Rapper,Entertainment,30,26-35,Kym Johnson,1,United States,New York,1,1.0,0.375,10.0,0.3362011175603434,1171812.59065672,393964.7025500705
Laila Ali,4,9,30.0,10.0,3,10.0,10.0,10.0,,3,,False,Athlete,Sports,29,26-35,Maksim Chmerkoskiy,2,United States,Florida,1,1.0,0.375,10.0,0.3362011175603434,1171812.59065672,393964.7025500705
Apolo Anton Ohno,4,9,29.5,9.833333333333334,3,10.0,9.5,10.0,,1,,False,Athlete,Sports,24,≤25,Julianne Hough,0,United States,Washington,1,3.0,0.75,10.0,0.2039162856299997,1171812.59065672,238951.67094118564
Ian Ziering,4,9,29.0,9.666666666666666,3,9.5,10.0,9.5,,4,9.0,True,Actor/Actress,Entertainment,42,36-45,Cheryl Burke,2,United States,New Jersey,1,4.0,1.0,10.0,0.12368147924931351,1171812.59065672,144931.51461539345
Apolo Anton Ohno,4,10,29.3332,9.777733333333334,3,9.6666,9.6666,10.0,,1,,False,Athlete,Sports,24,≤25,Julianne Hough,0,United States,Washington,1,1.0,0.3333333333333333,10.0,0.5315531415681477,1230403.220189556,654024.6970873239
Joey Fatone,4,10,28.6665,9.5555,3,9.6666,9.3333,9.6666,,2,,False,Singer/Rapper,Entertainment,30,26-35,Kym Johnson,1,United States,New York,1,2.0,0.6666666666666666,10.0,0.2728993857588369,1230403.220189556,335776.28302542475
Laila Ali,4,10,28.333200000000005,9.444400000000002,3,9.6666,9.0,9.6666,,3,,False,Athlete,Sports,29,26-35,Maksim Chmerkoskiy,2,United States,Florida,1,3.0,1.0,10.0,0.19554747267301542,1230403.220189556,240602.2400768074
Sabrina Bryan,5,1,26.0,8.666666666666666,3,9.0,8.0,9.0,,7,6.0,False,Actor/Actress,Entertainment,23,≤25,Mark Ballas,0,United States,California,1,1.0,0.0833333333333333,10.0,0.5975384449781603,751596.6937079256,449107.9196089605
Helio Castroneves,5,1,25.0,8.333333333333334,3,8.0,9.0,8.0,,1,,False,Racing Driver,Sports,32,26-35,Julianne Hough,1,Brazil,Unknown,0,2.0,0.1666666666666666,10.0,0.21982210921701825,751596.6937079256,165217.57049141344
Mel B,5,1,24.0,8.0,3,8.0,8.0,8.0,,2,,False,Singer/Rapper,Entertainment,32,26-35,Maksim Chmerkoskiy,3,England,Unknown,0,3.0,0.2916666666666667,10.0,0.08086803469588444,751596.6937079256,60780.14750408456
Jane Seymour,5,1,24.0,8.0,3,8.0,8.0,8.0,,6,7.0,False,Actor/Actress,Entertainment,56,>55,Tony Dovolani,3,England,Unknown,0,3.0,0.2916666666666667,10.0,0.08086803469588444,751596.6937079256,60780.14750408456
Albert Reed,5,1,21.0,7.0,3,7.0,7.0,7.0,,11,2.0,False,Model,Model,22,≤25,Anna Trebunskaya,1,United States,Florida,1,5.0,0.5833333333333334,10.0,0.004026182372178792,751596.6937079256,3026.065359194713
Jennie Garth,5,1,21.0,7.0,3,7.0,7.0,7.0,,4,9.0,False,Actor/Actress,Entertainment,35,26-35,Derek Hough,0,United States,Illinois,1,5.0,0.5833333333333334,10.0,0.004026182372178792,751596.6937079256,3026.065359194713
Cameron Mathison,5,1,21.0,7.0,3,7.0,7.0,7.0,,5,8.0,False,Actor/Actress,Entertainment,38,36-45,Edyta Sliwinska,4,Canada,Unknown,0,5.0,0.5833333333333334,10.0,0.004026182372178792,751596.6937079256,3026.065359194713
Marie Osmond,5,1,21.0,7.0,3,7.0,7.0,7.0,,3,,False,Singer/Rapper,Entertainment,47,46-55,Jonathan Roberts,3,United States,Utah,1,5.0,0.5833333333333334,10.0,0.004026182372178792,751596.6937079256,3026.065359194713
Mark Cuban,5,1,21.0,7.0,3,7.0,7.0,7.0,,8,5.0,False,TV Personality,Media,49,46-55,Kym Johnson,2,United States,Pennsylvania,1,5.0,0.5833333333333334,10.0,0.004026182372178792,751596.6937079256,3026.065359194713
Wayne Newton,5,1,19.0,6.333333333333333,3,6.0,7.0,6.0,,10,3.0,False,Singer/Rapper,Entertainment,65,>55,Cheryl Burke,3,United States,Virginia,1,10.0,0.8333333333333334,10.0,0.000544884531701074,751596.6937079256,409.5334124791186
Floyd Mayweather Jr.,5,1,18.0,6.0,3,6.0,6.0,6.0,,9,4.0,False,Athlete,Sports,30,26-35,Karina Smirnoff,2,United States,Michigan,1,11.0,0.9166666666666666,10.0,0.00020045181702515414,751596.6937079256,150.65892292385192
Josie Maran,5,1,16.0,5.333333333333333,3,6.0,5.0,5.0,,12,1.0,True,Model,Model,29,26-35,Alec Mazo,2,United States,California,1,12.0,1.0,10.0,2.7128203432392898e-05,751596.6937079256,20.3894680060225
Wayne Newton,5,2,15.0,5.0,3,5.0,5.0,5.0,,10,3.0,False,Singer/Rapper,Entertainment,65,>55,Cheryl Burke,3,United States,Virginia,1,11.0,1.0,10.0,0.5002000099999988,814229.7515169196,407277.72985105973
Mark Cuban,5,2,18.0,6.0,3,6.0,6.0,6.0,,8,5.0,False,TV Personality,Media,49,46-55,Kym Johnson,2,United States,Pennsylvania,1,10.0,0.9090909090909092,10.0,0.2502000099999993,814229.7515169196,203720.29197183024
Helio Castroneves,5,2,27.0,9.0,3,9.0,9.0,9.0,,1,,False,Racing Driver,Sports,32,26-35,Julianne Hough,1,Brazil,Unknown,0,1.0,0.0909090909090909,10.0,0.2487999000000008,814229.7515169196,202580.28075443508
Cameron Mathison,5,2,21.0,7.0,3,7.0,7.0,7.0,,5,8.0,False,Actor/Actress,Entertainment,38,36-45,Edyta Sliwinska,4,Canada,Unknown,0,5.0,0.6363636363636364,10.0,0.00020001000000066755,814229.7515169196,162.85409260144263
Jennie Garth,5,2,21.0,7.0,3,7.0,7.0,7.0,,4,9.0,False,Actor/Actress,Entertainment,35,26-35,Derek Hough,0,United States,Illinois,1,5.0,0.6363636363636364,10.0,0.00020000999999987651,814229.7515169196,162.85409260079854
Floyd Mayweather Jr.,5,2,21.0,7.0,3,7.0,7.0,7.0,,9,4.0,False,Athlete,Sports,30,26-35,Karina Smirnoff,2,United States,Michigan,1,5.0,0.6363636363636364,10.0,0.00020000999999986177,814229.7515169196,162.85409260078654
Jane Seymour,5,2,21.0,7.0,3,7.0,7.0,7.0,,6,7.0,False,Actor/Actress,Entertainment,56,>55,Tony Dovolani,3,England,Unknown,0,5.0,0.6363636363636364,10.0,0.00020000999999980843,814229.7515169196,162.8540926007431
Albert Reed,5,2,21.0,7.0,3,7.0,7.0,7.0,,11,2.0,True,Model,Model,22,≤25,Anna Trebunskaya,1,United States,Florida,1,5.0,0.6363636363636364,10.0,1.0000000748690626e-08,814229.7515169196,0.008142298124775378
Marie Osmond,5,2,24.0,8.0,3,8.0,8.0,8.0,,3,,False,Singer/Rapper,Entertainment,47,46-55,Jonathan Roberts,3,United States,Utah,1,3.0,0.2727272727272727,10.0,1.0000000001675329e-08,814229.7515169196,0.008142297516533299
Mel B,5,2,23.0,7.666666666666667,3,7.0,8.0,8.0,,2,,False,Singer/Rapper,Entertainment,32,26-35,Maksim Chmerkoskiy,3,England,Unknown,0,4.0,0.3636363636363636,10.0,9.999999999999994e-09,814229.7515169196,0.00814229751516919
Sabrina Bryan,5,2,26.0,8.666666666666666,3,9.0,8.0,9.0,,7,6.0,False,Actor/Actress,Entertainment,23,≤25,Mark Ballas,0,United States,California,1,2.0,0.1818181818181818,10.0,9.999999999999994e-09,814229.7515169196,0.00814229751516919
Mel B,5,3,27.0,9.0,3,9.0,9.0,9.0,,2,,False,Singer/Rapper,Entertainment,32,26-35,Maksim Chmerkoskiy,3,England,Unknown,0,1.0,0.2,10.0,0.262648106267546,876862.8093259133,230306.3563258914
Sabrina Bryan,5,3,27.0,9.0,3,9.0,9.0,9.0,,7,6.0,False,Actor/Actress,Entertainment,23,≤25,Mark Ballas,0,United States,California,1,1.0,0.2,10.0,0.262648106267546,876862.8093259133,230306.3563258914
Jane Seymour,5,3,27.0,9.0,3,9.0,9.0,9.0,,6,7.0,False,Actor/Actress,Entertainment,56,>55,Tony Dovolani,3,England,Unknown,0,1.0,0.2,10.0,0.262648106267546,876862.8093259133,230306.3563258914
Jennie Garth,5,3,26.0,8.666666666666666,3,9.0,8.0,9.0,,4,9.0,False,Actor/Actress,Entertainment,35,26-35,Derek Hough,0,United States,Illinois,1,4.0,0.45,10.0,0.09662283855844242,876862.8093259133,84724.9736634
Marie Osmond,5,3,26.0,8.666666666666666,3,9.0,8.0,9.0,,3,,False,Singer/Rapper,Entertainment,47,46-55,Jonathan Roberts,3,United States,Utah,1,4.0,0.45,10.0,0.09662283855844242,876862.8093259133,84724.9736634
Helio Castroneves,5,3,24.0,8.0,3,8.0,8.0,8.0,,1,,False,Racing Driver,Sports,32,26-35,Julianne Hough,1,Brazil,Unknown,0,6.0,0.6,10.0,0.013076479223432306,876862.8093259133,11466.27830795079
Cameron Mathison,5,3,23.0,7.666666666666667,3,8.0,7.0,8.0,,5,8.0,False,Actor/Actress,Entertainment,38,36-45,Edyta Sliwinska,4,Canada,Unknown,0,7.0,0.7,10.0,0.004810567869206252,876862.8093259133,4218.2080562451665
Floyd Mayweather Jr.,5,3,21.0,7.0,3,7.0,7.0,7.0,,9,4.0,False,Athlete,Sports,30,26-35,Karina Smirnoff,2,United States,Michigan,1,8.0,0.8,10.0,0.0006510395651079766,876862.8093259133,570.8723820429012
Mark Cuban,5,3,20.0,6.666666666666667,3,6.0,7.0,7.0,,8,5.0,False,TV Personality,Media,49,46-55,Kym Johnson,2,United States,Pennsylvania,1,9.0,0.9,10.0,0.0002395040713924213,876862.8093259133,210.01221288615264
Wayne Newton,5,3,18.0,6.0,3,6.0,6.0,6.0,,10,3.0,True,Singer/Rapper,Entertainment,65,>55,Cheryl Burke,3,United States,Virginia,1,10.0,1.0,10.0,3.2413351338215244e-05,876862.8093259133,28.42206231409527
Sabrina Bryan,5,4,30.0,10.0,3,10.0,10.0,10.0,,7,6.0,False,Actor/Actress,Entertainment,23,≤25,Mark Ballas,0,United States,California,1,1.0,0.1111111111111111,10.0,0.8098463251081338,939495.867134907,760847.275453484
Mark Cuban,5,4,22.0,7.333333333333333,3,7.0,8.0,7.0,,8,5.0,False,TV Personality,Media,49,46-55,Kym Johnson,2,United States,Pennsylvania,1,9.0,1.0,10.0,0.12520000999999997,939495.867134907,117624.891960249
Helio Castroneves,5,4,27.0,9.0,3,9.0,9.0,9.0,,1,,False,Racing Driver,Sports,32,26-35,Julianne Hough,1,Brazil,Unknown,0,2.0,0.3333333333333333,10.0,0.021651208297288716,939495.867134907,20341.220713779756
Cameron Mathison,5,4,27.0,9.0,3,9.0,9.0,9.0,,5,8.0,False,Actor/Actress,Entertainment,38,36-45,Edyta Sliwinska,4,Canada,Unknown,0,2.0,0.3333333333333333,10.0,0.021651208297288706,939495.867134907,20341.22071377975
Jennie Garth,5,4,27.0,9.0,3,8.0,10.0,9.0,,4,9.0,False,Actor/Actress,Entertainment,35,26-35,Derek Hough,0,United States,Illinois,1,2.0,0.3333333333333333,10.0,0.021651208297288685,939495.867134907,20341.220713779727
Floyd Mayweather Jr.,5,4,23.0,7.666666666666667,3,7.0,8.0,8.0,,9,4.0,True,Athlete,Sports,30,26-35,Karina Smirnoff,2,United States,Michigan,1,8.0,0.8888888888888888,10.0,1.0000000011216313e-08,939495.867134907,0.00939495868188675
Marie Osmond,5,4,26.0,8.666666666666666,3,9.0,9.0,8.0,,3,,False,Singer/Rapper,Entertainment,47,46-55,Jonathan Roberts,3,United States,Utah,1,5.0,0.6666666666666666,10.0,9.999999999999999e-09,939495.867134907,0.009394958671349068
Mel B,5,4,26.0,8.666666666666666,3,8.0,9.0,9.0,,2,,False,Singer/Rapper,Entertainment,32,26-35,Maksim Chmerkoskiy,3,England,Unknown,0,5.0,0.6666666666666666,10.0,9.999999999999999e-09,939495.867134907,0.009394958671349068
Jane Seymour,5,4,26.0,8.666666666666666,3,8.0,9.0,9.0,,6,7.0,False,Actor/Actress,Entertainment,56,>55,Tony Dovolani,3,England,Unknown,0,5.0,0.6666666666666666,10.0,9.999999999999999e-09,939495.867134907,0.009394958671349068
Mel B,5,5,29.0,9.666666666666666,3,10.0,9.0,10.0,,2,,False,Singer/Rapper,Entertainment,32,26-35,Maksim Chmerkoskiy,3,England,Unknown,0,1.0,0.125,10.0,0.6716282558280279,1002128.9249439009,673058.1019748888
Sabrina Bryan,5,5,28.0,9.333333333333334,3,9.0,9.0,10.0,,7,6.0,False,Actor/Actress,Entertainment,23,≤25,Mark Ballas,0,United States,California,1,2.0,0.25,10.0,0.24707822742896543,1002128.9249439009,247604.23843043376
Cameron Mathison,5,5,26.0,8.666666666666666,3,8.0,9.0,9.0,,5,8.0,False,Actor/Actress,Entertainment,38,36-45,Edyta Sliwinska,4,Canada,Unknown,0,3.0,0.4375,10.0,0.03343840189069924,1002128.9249439009,33509.58973856854
Jane Seymour,5,5,26.0,8.666666666666666,3,8.0,9.0,9.0,,6,7.0,False,Actor/Actress,Entertainment,56,>55,Tony Dovolani,3,England,Unknown,0,3.0,0.4375,10.0,0.03343840189069924,1002128.9249439009,33509.58973856854
Jennie Garth,5,5,25.0,8.333333333333334,3,8.0,9.0,8.0,,4,9.0,False,Actor/Actress,Entertainment,35,26-35,Derek Hough,0,United States,Illinois,1,5.0,0.625,10.0,0.012301300601216536,1002128.9249439009,12327.489146908889
Helio Castroneves,5,5,23.0,7.666666666666667,3,8.0,7.0,8.0,,1,,False,Racing Driver,Sports,32,26-35,Julianne Hough,1,Brazil,Unknown,0,6.0,0.75,10.0,0.0016648000010443542,1002128.9249439009,1668.3442352931838
Marie Osmond,5,5,21.0,7.0,3,7.0,7.0,7.0,,3,,False,Singer/Rapper,Entertainment,47,46-55,Jonathan Roberts,3,United States,Utah,1,7.0,0.9375,10.0,0.0003253061796736508,1002128.9249439009,325.9987321139631
Mark Cuban,5,5,21.0,7.0,3,7.0,7.0,7.0,,8,5.0,True,TV Personality,Media,49,46-55,Kym Johnson,2,United States,Pennsylvania,1,7.0,0.9375,10.0,0.00012530617967365082,1002128.9249439009,125.57294712518298
Jane Seymour,5,6,22.0,7.333333333333333,3,8.0,7.0,7.0,,6,7.0,False,Actor/Actress,Entertainment,56,>55,Tony Dovolani,3,England,Unknown,0,7.0,1.0,10.0,0.37520001000000003,1064761.9827528945,399498.7065765059
Mel B,5,6,30.0,10.0,3,10.0,10.0,10.0,,2,,False,Singer/Rapper,Entertainment,32,26-35,Maksim Chmerkoskiy,3,England,Unknown,0,1.0,0.1428571428571428,10.0,0.3743999399999995,1064761.9827528945,398646.8224569642
Marie Osmond,5,6,23.0,7.666666666666667,3,8.0,8.0,7.0,,3,,False,Singer/Rapper,Entertainment,47,46-55,Jonathan Roberts,3,United States,Utah,1,6.0,0.8571428571428571,10.0,0.2502000100000003,1064761.9827528945,266403.4587323944
Cameron Mathison,5,6,25.0,8.333333333333334,3,9.0,8.0,8.0,,5,8.0,False,Actor/Actress,Entertainment,38,36-45,Edyta Sliwinska,4,Canada,Unknown,0,4.0,0.6428571428571429,10.0,0.00020000999999990834,1064761.9827528945,212.96304417030882
Helio Castroneves,5,6,28.0,9.333333333333334,3,9.0,10.0,9.0,,1,,False,Racing Driver,Sports,32,26-35,Julianne Hough,1,Brazil,Unknown,0,2.0,0.2857142857142857,10.0,1.000000007800316e-08,1064761.9827528945,0.010647619910583744
Jennie Garth,5,6,27.0,9.0,3,9.0,9.0,9.0,,4,9.0,False,Actor/Actress,Entertainment,35,26-35,Derek Hough,0,United States,Illinois,1,3.0,0.4285714285714285,10.0,1.0000000001675327e-08,1064761.9827528945,0.01064761982931277
Sabrina Bryan,5,6,25.0,8.333333333333334,3,9.0,8.0,8.0,,7,6.0,True,Actor/Actress,Entertainment,23,≤25,Mark Ballas,0,United States,California,1,4.0,0.6428571428571429,10.0,9.999999999999992e-09,1064761.9827528945,0.010647619827528937
Mel B,5,7,27.0,9.0,3,9.0,9.0,9.0,,2,,False,Singer/Rapper,Entertainment,32,26-35,Maksim Chmerkoskiy,3,England,Unknown,0,1.0,0.1666666666666666,10.0,0.3702668347891155,1127395.0405618886,417436.99322579696
Jennie Garth,5,7,26.5,8.833333333333334,3,8.5,8.5,9.5,,4,9.0,False,Actor/Actress,Entertainment,35,26-35,Derek Hough,0,United States,Illinois,1,2.0,0.3333333333333333,10.0,0.22457818757435086,1127395.0405618886,253188.33488970072
Marie Osmond,5,7,26.0,8.666666666666666,3,9.0,8.5,8.5,,3,,False,Singer/Rapper,Entertainment,47,46-55,Jonathan Roberts,3,United States,Utah,1,3.0,0.5833333333333334,10.0,0.13621355626653855,1127395.0405618886,153566.48779219334
Helio Castroneves,5,7,26.0,8.666666666666666,3,9.0,8.5,8.5,,1,,False,Racing Driver,Sports,32,26-35,Julianne Hough,1,Brazil,Unknown,0,3.0,0.5833333333333334,10.0,0.13621355626653855,1127395.0405618886,153566.48779219334
Cameron Mathison,5,7,25.5,8.5,3,8.5,8.5,8.5,,5,8.0,False,Actor/Actress,Entertainment,38,36-45,Edyta Sliwinska,4,Canada,Unknown,0,5.0,0.8333333333333334,10.0,0.08261769814414754,1127395.0405618886,93142.78315035108
Jane Seymour,5,7,25.0,8.333333333333334,3,8.0,8.5,8.5,,6,7.0,True,Actor/Actress,Entertainment,56,>55,Tony Dovolani,3,England,Unknown,0,6.0,1.0,10.0,0.050110166959309026,1127395.0405618886,56493.95371165321
Helio Castroneves,5,8,28.5,9.5,3,9.5,9.5,9.5,,1,,False,Racing Driver,Sports,32,26-35,Julianne Hough,1,Brazil,Unknown,0,1.0,0.2,10.0,0.4276983435165268,1190028.0983708822,508973.04641134874
Marie Osmond,5,8,24.5,8.166666666666666,3,8.0,8.5,8.0,,3,,False,Singer/Rapper,Entertainment,47,46-55,Jonathan Roberts,3,United States,Utah,1,5.0,1.0,10.0,0.2502000099999998,1190028.0983708822,297745.0421126755
Mel B,5,8,28.0,9.333333333333334,3,9.0,9.5,9.5,,2,,False,Singer/Rapper,Entertainment,32,26-35,Maksim Chmerkoskiy,3,England,Unknown,0,2.0,0.4,10.0,0.19690162648347334,1190028.0983708822,234318.46813026152
Jennie Garth,5,8,25.0,8.333333333333334,3,8.5,8.5,8.0,,4,9.0,False,Actor/Actress,Entertainment,35,26-35,Derek Hough,0,United States,Illinois,1,4.0,0.8,10.0,0.12520001000000003,1190028.0983708822,148991.52981631548
Cameron Mathison,5,8,25.5,8.5,3,8.5,8.5,8.5,,5,8.0,True,Actor/Actress,Entertainment,38,36-45,Edyta Sliwinska,4,Canada,Unknown,0,3.0,0.6,10.0,1.0000000001675335e-08,1190028.0983708822,0.011900280985702519
Marie Osmond,5,9,28.0,9.333333333333334,3,9.5,9.5,9.0,,3,,False,Singer/Rapper,Entertainment,47,46-55,Jonathan Roberts,3,United States,Utah,1,4.0,1.0,10.0,0.5002000100000004,1252661.1561798763,626581.1228477862
Helio Castroneves,5,9,30.0,10.0,3,10.0,10.0,10.0,,1,,False,Racing Driver,Sports,32,26-35,Julianne Hough,1,Brazil,Unknown,0,1.0,0.375,10.0,0.24989998999999985,1252661.1561798763,313040.01040273934
Mel B,5,9,30.0,10.0,3,10.0,10.0,10.0,,2,,False,Singer/Rapper,Entertainment,32,26-35,Maksim Chmerkoskiy,3,England,Unknown,0,1.0,0.375,10.0,0.24989998999999985,1252661.1561798763,313040.01040273934
Jennie Garth,5,9,29.0,9.666666666666666,3,9.5,10.0,9.5,,4,9.0,True,Actor/Actress,Entertainment,35,26-35,Derek Hough,0,United States,Illinois,1,3.0,0.75,10.0,1e-08,1252661.1561798763,0.012526611561798764
Mel B,5,10,28.3332,9.4444,3,9.3333,9.3333,9.6666,,2,,False,Singer/Rapper,Entertainment,32,26-35,Maksim Chmerkoskiy,3,England,Unknown,0,1.0,0.3333333333333333,10.0,0.5809279756931421,1315294.21398887,764091.2051734567
Helio Castroneves,5,10,27.999900000000004,9.3333,3,9.0,9.3333,9.6666,,1,,False,Racing Driver,Sports,32,26-35,Julianne Hough,1,Brazil,Unknown,0,2.0,0.6666666666666666,10.0,0.41626695910643313,1315294.21398887,547513.522787433
Marie Osmond,5,10,23.0,7.666666666666667,3,8.0,7.5,7.5,,3,,False,Singer/Rapper,Entertainment,47,46-55,Jonathan Roberts,3,United States,Utah,1,3.0,1.0,10.0,0.0028050652004247972,1315294.21398887,3689.4860279802656
Kristi Yamaguchi,6,1,27.0,9.0,3,9.0,9.0,9.0,,1,,False,Athlete,Sports,36,36-45,Mark Ballas,1,United States,California,1,1.0,0.0833333333333333,10.0,0.8942277506244668,733875.0363865343,656251.4230273793
Mario,6,1,24.0,8.0,3,8.0,8.0,8.0,,5,8.0,False,Singer/Rapper,Entertainment,21,≤25,Karina Smirnoff,3,United States,Maryland,1,2.0,0.2083333333333333,10.0,0.04452097815678152,733875.0363865343,32672.83446477214
Priscilla Presley,6,1,24.0,8.0,3,8.0,8.0,8.0,,8,5.0,False,Actor/Actress,Entertainment,62,>55,Louis van Amstel,3,United States,New York,1,2.0,0.2083333333333333,10.0,0.04452097815678152,733875.0363865343,32672.83446477214
Jason Taylor,6,1,22.0,7.333333333333333,3,7.0,8.0,7.0,,2,,False,Athlete,Sports,33,26-35,Edyta Sliwinska,5,United States,Pennsylvania,1,4.0,0.375,10.0,0.006025259188819073,733875.0363865343,4421.787306432898
Marlee Matlin,6,1,22.0,7.333333333333333,3,7.0,7.0,8.0,,7,6.0,False,Actor/Actress,Entertainment,42,36-45,Fabian Sanchez,0,United States,Illinois,1,4.0,0.375,10.0,0.006025259188819073,733875.0363865343,4421.787306432898
Cristian de la Fuente,6,1,21.0,7.0,3,7.0,7.0,7.0,,3,,False,Actor/Actress,Entertainment,34,26-35,Cheryl Burke,4,Chile,Unknown,0,6.0,0.5416666666666666,10.0,0.0022165689832958587,733875.0363865343,1626.6846432695118
Shannon Elizabeth,6,1,21.0,7.0,3,7.0,7.0,7.0,,6,7.0,False,Actor/Actress,Entertainment,34,26-35,Derek Hough,1,United States,Texas,1,6.0,0.5416666666666666,10.0,0.0022165689832958587,733875.0363865343,1626.6846432695118
Steve Guttenberg,6,1,18.0,6.0,3,6.0,6.0,6.0,,10,3.0,False,Actor/Actress,Entertainment,49,46-55,Anna Trebunskaya,2,United States,New York,1,8.0,0.7083333333333334,10.0,0.00011035647151343759,733875.0363865343,80.98785954741355
Marissa Jaret Winokur,6,1,18.0,6.0,3,6.0,6.0,6.0,,4,9.0,False,Actor/Actress,Entertainment,35,26-35,Tony Dovolani,4,United States,New York,1,8.0,0.7083333333333334,10.0,0.00011035647151343759,733875.0363865343,80.98785954741355
Penn Jillette,6,1,16.0,5.333333333333333,3,5.0,6.0,5.0,,12,2.0,False,Magician,Entertainment,53,46-55,Kym Johnson,3,United States,Massachusetts,1,10.0,0.8333333333333334,10.0,1.4935124329264256e-05,733875.0363865343,10.96051491057622
Monica Seles,6,1,15.0,5.0,3,5.0,5.0,5.0,,11,2.0,False,Athlete,Sports,34,26-35,Jonathan Roberts,4,Yugoslavia,Unknown,0,11.0,0.9583333333333334,10.0,5.494325192075747e-06,733875.0363865343,4.032148100254041
Adam Carolla,6,1,15.0,5.0,3,5.0,5.0,5.0,,9,4.0,False,Radio Personality,Media,43,36-45,Julianne Hough,2,United States,California,1,11.0,0.9583333333333334,10.0,5.494325192075747e-06,733875.0363865343,4.032148100254041
Kristi Yamaguchi,6,2,27.0,9.0,3,9.0,9.0,9.0,,1,,False,Athlete,Sports,36,36-45,Mark Ballas,1,United States,California,1,1.0,0.125,10.0,0.3880488770143957,795031.2894187456,308510.99905025127
Jason Taylor,6,2,27.0,9.0,3,9.0,9.0,9.0,,2,,False,Athlete,Sports,33,26-35,Edyta Sliwinska,5,United States,Pennsylvania,1,1.0,0.125,10.0,0.38804887701439567,795031.2894187456,308510.9990502512
Mario,6,2,26.0,8.666666666666666,3,9.0,8.0,9.0,,5,8.0,False,Singer/Rapper,Entertainment,21,≤25,Karina Smirnoff,3,United States,Maryland,1,3.0,0.25,10.0,0.13251516514338404,795031.2894187456,105353.70261148263
Steve Guttenberg,6,2,16.0,5.333333333333333,3,6.0,5.0,5.0,,10,3.0,False,Actor/Actress,Entertainment,49,46-55,Anna Trebunskaya,2,United States,New York,1,11.0,0.9166666666666666,10.0,0.08353334333333334,795031.2894187456,66411.62165975878
Shannon Elizabeth,6,2,24.0,8.0,3,8.0,8.0,8.0,,6,7.0,False,Actor/Actress,Entertainment,34,26-35,Derek Hough,1,United States,Texas,1,4.0,0.375,10.0,0.0039268387472455165,795031.2894187456,3121.9596725620945
Marlee Matlin,6,2,24.0,8.0,3,8.0,8.0,8.0,,7,6.0,False,Actor/Actress,Entertainment,42,36-45,Fabian Sanchez,0,United States,Illinois,1,4.0,0.375,10.0,0.003926838747245503,795031.2894187456,3121.9596725620836
Marissa Jaret Winokur,6,2,21.0,7.0,3,7.0,7.0,7.0,,4,9.0,False,Actor/Actress,Entertainment,35,26-35,Tony Dovolani,4,United States,New York,1,6.0,0.5416666666666666,10.0,1.0000000012300515e-08,795031.2894187456,0.00795031290396675
Monica Seles,6,2,15.0,5.0,3,5.0,5.0,5.0,,11,2.0,True,Athlete,Sports,34,26-35,Jonathan Roberts,4,Yugoslavia,Unknown,0,12.0,1.0,10.0,1.0000000010785173e-08,795031.2894187456,0.007950312902762005
Priscilla Presley,6,2,21.0,7.0,3,7.0,7.0,7.0,,8,5.0,False,Actor/Actress,Entertainment,62,>55,Louis van Amstel,3,United States,New York,1,6.0,0.5416666666666666,10.0,1.0000000008831068e-08,795031.2894187456,0.007950312901208432
Penn Jillette,6,2,17.0,5.666666666666667,3,6.0,6.0,5.0,,12,2.0,True,Magician,Entertainment,53,46-55,Kym Johnson,3,United States,Massachusetts,1,10.0,0.8333333333333334,10.0,1.0000000000001597e-08,795031.2894187456,0.007950312894188724
Cristian de la Fuente,6,2,20.0,6.666666666666667,3,7.0,6.0,7.0,,3,,False,Actor/Actress,Entertainment,34,26-35,Cheryl Burke,4,Chile,Unknown,0,8.0,0.6666666666666666,10.0,9.999999999999999e-09,795031.2894187456,0.007950312894187454
Adam Carolla,6,2,19.0,6.333333333333333,3,6.0,7.0,6.0,,9,4.0,False,Radio Personality,Media,43,36-45,Julianne Hough,2,United States,California,1,9.0,0.75,10.0,9.999999999999999e-09,795031.2894187456,0.007950312894187454
Kristi Yamaguchi,6,3,27.0,9.0,3,9.0,9.0,9.0,,1,,False,Athlete,Sports,36,36-45,Mark Ballas,1,United States,California,1,1.0,0.1,10.0,0.5651977451666264,856187.5424509568,483915.26843303593
Marissa Jaret Winokur,6,3,19.0,6.333333333333333,3,6.0,7.0,6.0,,4,9.0,False,Actor/Actress,Entertainment,35,26-35,Tony Dovolani,4,United States,New York,1,10.0,1.0,10.0,0.25020000999999975,856187.5424509568,214218.13168310458
Priscilla Presley,6,3,26.0,8.666666666666666,3,8.0,9.0,9.0,,8,5.0,False,Actor/Actress,Entertainment,62,>55,Louis van Amstel,3,United States,New York,1,2.0,0.2,10.0,0.1655180617146355,856187.5424509568,141714.50249069958
Cristian de la Fuente,6,3,25.0,8.333333333333334,3,8.0,8.0,9.0,,3,,False,Actor/Actress,Entertainment,34,26-35,Cheryl Burke,4,Chile,Unknown,0,3.0,0.3,10.0,0.01848412311873819,856187.5424509568,15825.875947393366
Adam Carolla,6,3,21.0,7.0,3,7.0,7.0,7.0,,9,4.0,False,Radio Personality,Media,43,36-45,Julianne Hough,2,United States,California,1,6.0,0.75,10.0,0.000200010000000064,856187.5424509568,171.24607036567065
Marlee Matlin,6,3,21.0,7.0,3,7.0,7.0,7.0,,7,6.0,False,Actor/Actress,Entertainment,42,36-45,Fabian Sanchez,0,United States,Illinois,1,6.0,0.75,10.0,0.0002000100000000113,856187.5424509568,171.24607036562554
Mario,6,3,21.0,7.0,3,7.0,6.0,8.0,,5,8.0,False,Singer/Rapper,Entertainment,21,≤25,Karina Smirnoff,3,United States,Maryland,1,6.0,0.75,10.0,0.0002000099999999235,856187.5424509568,171.24607036555037
Steve Guttenberg,6,3,21.0,7.0,3,7.0,7.0,7.0,,10,3.0,True,Actor/Actress,Entertainment,49,46-55,Anna Trebunskaya,2,United States,New York,1,6.0,0.75,10.0,1.0000000149994193e-08,856187.5424509568,0.008561875552932727
Shannon Elizabeth,6,3,24.0,8.0,3,8.0,8.0,8.0,,6,7.0,False,Actor/Actress,Entertainment,34,26-35,Derek Hough,1,United States,Texas,1,4.0,0.4,10.0,1.000000006412538e-08,856187.5424509568,0.008561875479412919
Jason Taylor,6,3,23.0,7.666666666666667,3,8.0,7.0,8.0,,2,,False,Athlete,Sports,33,26-35,Edyta Sliwinska,5,United States,Pennsylvania,1,5.0,0.5,10.0,1.0000000025961464e-08,856187.5424509568,0.00856187544673745
Jason Taylor,6,4,29.0,9.666666666666666,3,10.0,9.0,10.0,,2,,False,Athlete,Sports,33,26-35,Edyta Sliwinska,5,United States,Pennsylvania,1,1.0,0.1666666666666666,10.0,0.41003139639224484,917343.7954831679,376139.7574337252
Kristi Yamaguchi,6,4,29.0,9.666666666666666,3,10.0,9.0,10.0,,1,,False,Athlete,Sports,36,36-45,Mark Ballas,1,United States,California,1,1.0,0.1666666666666666,10.0,0.41003139639224484,917343.7954831679,376139.7574337252
Shannon Elizabeth,6,4,28.0,9.333333333333334,3,9.0,10.0,9.0,,6,7.0,False,Actor/Actress,Entertainment,34,26-35,Derek Hough,1,United States,Texas,1,3.0,0.3333333333333333,10.0,0.1508421209675252,917343.7954831679,138374.0837670807
Cristian de la Fuente,6,4,26.0,8.666666666666666,3,9.0,8.0,9.0,,3,,False,Actor/Actress,Entertainment,34,26-35,Cheryl Burke,4,Chile,Unknown,0,4.0,0.4444444444444444,10.0,0.020414261165151416,917343.7954831679,18726.895819224635
Marlee Matlin,6,4,24.0,8.0,3,8.0,8.0,8.0,,7,6.0,False,Actor/Actress,Entertainment,42,36-45,Fabian Sanchez,0,United States,Illinois,1,5.0,0.6666666666666666,10.0,0.00276276981685195,917343.7954831679,2534.4097498373044
Mario,6,4,24.0,8.0,3,8.0,7.0,9.0,,5,8.0,False,Singer/Rapper,Entertainment,21,≤25,Karina Smirnoff,3,United States,Maryland,1,5.0,0.6666666666666666,10.0,0.00276276981685195,917343.7954831679,2534.4097498373044
Marissa Jaret Winokur,6,4,24.0,8.0,3,8.0,8.0,8.0,,4,9.0,False,Actor/Actress,Entertainment,35,26-35,Tony Dovolani,4,United States,New York,1,5.0,0.6666666666666666,10.0,0.00276276981685195,917343.7954831679,2534.4097498373044
Priscilla Presley,6,4,22.0,7.333333333333333,3,7.0,7.0,8.0,,8,5.0,False,Actor/Actress,Entertainment,62,>55,Louis van Amstel,3,United States,New York,1,8.0,0.8888888888888888,10.0,0.0003739002356812232,917343.7954831679,342.9950613318643
Adam Carolla,6,4,19.0,6.333333333333333,3,6.0,7.0,6.0,,9,4.0,True,Radio Personality,Media,43,36-45,Julianne Hough,2,United States,California,1,9.0,1.0,10.0,1.86153965966215e-05,917343.7954831679,17.076718568369213
Kristi Yamaguchi,6,5,29.0,9.666666666666666,3,9.0,10.0,10.0,,1,,False,Athlete,Sports,36,36-45,Mark Ballas,1,United States,California,1,1.0,0.125,10.0,0.7790507868470594,978500.0485153792,762301.232725792
Jason Taylor,6,5,27.0,9.0,3,9.0,9.0,9.0,,2,,False,Athlete,Sports,33,26-35,Edyta Sliwinska,5,United States,Pennsylvania,1,2.0,0.3125,10.0,0.10543305889365277,978500.0485153792,103166.25324256407
Mario,6,5,27.0,9.0,3,9.0,9.0,9.0,,5,8.0,False,Singer/Rapper,Entertainment,21,≤25,Karina Smirnoff,3,United States,Maryland,1,2.0,0.3125,10.0,0.10543305889365277,978500.0485153792,103166.25324256407
Marissa Jaret Winokur,6,5,24.0,8.0,3,8.0,8.0,8.0,,4,9.0,False,Actor/Actress,Entertainment,35,26-35,Tony Dovolani,4,United States,New York,1,4.0,0.5,10.0,0.005249202911371316,978500.0485153792,5136.345303443903
Cristian de la Fuente,6,5,23.0,7.666666666666667,3,7.0,8.0,8.0,,3,,False,Actor/Actress,Entertainment,34,26-35,Cheryl Burke,4,Chile,Unknown,0,5.0,0.6875,10.0,0.0019310738336307878,978500.0485153792,1889.5558398945052
Shannon Elizabeth,6,5,23.0,7.666666666666667,3,8.0,8.0,7.0,,6,7.0,False,Actor/Actress,Entertainment,34,26-35,Derek Hough,1,United States,Texas,1,5.0,0.6875,10.0,0.0019310738336307878,978500.0485153792,1889.5558398945052
Marlee Matlin,6,5,22.0,7.333333333333333,3,7.0,7.0,8.0,,7,6.0,False,Actor/Actress,Entertainment,42,36-45,Fabian Sanchez,0,United States,Illinois,1,7.0,0.875,10.0,0.000710402362776889,978500.0485153792,695.1287464426259
Priscilla Presley,6,5,21.0,7.0,3,7.0,7.0,7.0,,8,5.0,True,Actor/Actress,Entertainment,62,>55,Louis van Amstel,3,United States,New York,1,8.0,1.0,10.0,0.00026134242422523417,978500.0485153792,255.72357478351844
Kristi Yamaguchi,6,6,30.0,10.0,3,10.0,10.0,10.0,,1,,False,Athlete,Sports,36,36-45,Mark Ballas,1,United States,California,1,1.0,0.1428571428571428,10.0,0.8274591288161017,1039656.3015475902,860273.0975467393
Mario,6,6,28.0,9.333333333333334,3,9.0,9.0,10.0,,5,8.0,False,Singer/Rapper,Entertainment,21,≤25,Karina Smirnoff,3,United States,Maryland,1,2.0,0.2857142857142857,10.0,0.11198441556504793,1039656.3015475902,116425.30331732612
Cristian de la Fuente,6,6,27.0,9.0,3,9.0,9.0,9.0,,3,,False,Actor/Actress,Entertainment,34,26-35,Cheryl Burke,4,Chile,Unknown,0,3.0,0.4285714285714285,10.0,0.041196764217980394,1039656.3015475902,42830.475522593595
Marissa Jaret Winokur,6,6,26.0,8.666666666666666,3,9.0,8.0,9.0,,4,9.0,False,Actor/Actress,Entertainment,35,26-35,Tony Dovolani,4,United States,New York,1,4.0,0.5714285714285714,10.0,0.015155442598582298,1039656.3015475902,15756.451400358872
Shannon Elizabeth,6,6,24.0,8.0,3,8.0,8.0,8.0,,6,7.0,False,Actor/Actress,Entertainment,34,26-35,Derek Hough,1,United States,Texas,1,5.0,0.7857142857142857,10.0,0.002051066116655361,1039656.3015475902,2132.4038130714907
Jason Taylor,6,6,24.0,8.0,3,8.0,8.0,8.0,,2,,False,Athlete,Sports,33,26-35,Edyta Sliwinska,5,United States,Pennsylvania,1,5.0,0.7857142857142857,10.0,0.002051066116655361,1039656.3015475902,2132.4038130714907
Marlee Matlin,6,6,21.0,7.0,3,7.0,7.0,7.0,,7,6.0,True,Actor/Actress,Entertainment,42,36-45,Fabian Sanchez,0,United States,Illinois,1,7.0,1.0,10.0,0.00010211656897692967,1039656.3015475902,106.16613442928409
Cristian de la Fuente,6,7,23.0,7.666666666666667,3,7.5,7.5,8.0,,3,,False,Actor/Actress,Entertainment,34,26-35,Cheryl Burke,4,Chile,Unknown,0,6.0,1.0,10.0,0.5557555655555556,1100812.5545798014,611782.7038411534
Jason Taylor,6,7,27.5,9.166666666666666,3,9.5,8.5,9.5,,2,,False,Athlete,Sports,33,26-35,Edyta Sliwinska,5,United States,Pennsylvania,1,1.0,0.1666666666666666,10.0,0.31519777646033237,1100812.5545798014,346973.66950317164
Kristi Yamaguchi,6,7,27.0,9.0,3,9.5,8.0,9.5,,1,,False,Athlete,Sports,36,36-45,Mark Ballas,1,United States,California,1,2.0,0.3333333333333333,10.0,0.128846627984112,1100812.5545798014,141835.98570018366
Mario,6,7,25.5,8.5,3,8.5,8.5,8.5,,5,8.0,False,Singer/Rapper,Entertainment,21,≤25,Karina Smirnoff,3,United States,Maryland,1,4.0,0.75,10.0,0.00020001000000002817,1100812.5545798014,220.17351904153708
Marissa Jaret Winokur,6,7,26.0,8.666666666666666,3,9.0,8.5,8.5,,4,9.0,False,Actor/Actress,Entertainment,35,26-35,Tony Dovolani,4,United States,New York,1,3.0,0.5,10.0,1.0000000022492015e-08,1100812.5545798014,0.011008125570557506
Shannon Elizabeth,6,7,25.5,8.5,3,8.5,8.5,8.5,,6,7.0,True,Actor/Actress,Entertainment,34,26-35,Derek Hough,1,United States,Texas,1,4.0,0.75,10.0,9.999999999999999e-09,1100812.5545798014,0.011008125545798012
Marissa Jaret Winokur,6,8,25.0,8.333333333333334,3,8.5,8.0,8.5,,4,9.0,False,Actor/Actress,Entertainment,35,26-35,Tony Dovolani,4,United States,New York,1,5.0,1.0,10.0,0.4287714385714286,1161968.8076120126,498219.03721493017
Cristian de la Fuente,6,8,28.5,9.5,3,10.0,9.0,9.5,,3,,False,Actor/Actress,Entertainment,34,26-35,Cheryl Burke,4,Chile,Unknown,0,1.0,0.2,10.0,0.4097284386948703,1161968.8076120126,476091.6653550101
Jason Taylor,6,8,26.0,8.666666666666666,3,9.0,8.0,9.0,,2,,False,Athlete,Sports,33,26-35,Edyta Sliwinska,5,United States,Pennsylvania,1,4.0,0.8,10.0,0.14305715285714257,1161968.8076120126,166227.94932578338
Kristi Yamaguchi,6,8,27.5,9.166666666666666,3,8.5,9.5,9.5,,1,,False,Athlete,Sports,36,36-45,Mark Ballas,1,United States,California,1,2.0,0.4,10.0,0.01844295987655836,1161968.8076120126,21430.144096600707
Mario,6,8,26.5,8.833333333333334,3,9.0,8.5,9.0,,5,8.0,True,Singer/Rapper,Entertainment,21,≤25,Karina Smirnoff,3,United States,Maryland,1,3.0,0.6,10.0,9.999999999999999e-09,1161968.8076120126,0.011619688076120124
Kristi Yamaguchi,6,9,28.5,9.5,3,9.5,9.0,10.0,,1,,False,Athlete,Sports,36,36-45,Mark Ballas,1,United States,California,1,1.0,0.25,10.0,0.4862642270527434,1223125.060644224,594761.9622030035
Cristian de la Fuente,6,9,28.0,9.333333333333334,3,9.5,9.0,9.5,,3,,False,Actor/Actress,Entertainment,34,26-35,Cheryl Burke,4,Chile,Unknown,0,2.0,0.5,10.0,0.29493416242895426,1223125.060644224,360741.3653069681
Jason Taylor,6,9,27.5,9.166666666666666,3,9.0,9.5,9.0,,2,,False,Athlete,Sports,33,26-35,Edyta Sliwinska,5,United States,Pennsylvania,1,3.0,0.75,10.0,0.1788866121098266,1223125.060644224,218800.69828527144
Marissa Jaret Winokur,6,9,26.0,8.666666666666666,3,8.5,9.0,8.5,,4,9.0,True,Actor/Actress,Entertainment,35,26-35,Tony Dovolani,4,United States,New York,1,4.0,1.0,10.0,0.039914998408475656,1223125.060644224,48821.0348489809
Kristi Yamaguchi,6,10,30.0,10.0,3,10.0,10.0,10.0,,1,,False,Athlete,Sports,36,36-45,Mark Ballas,1,United States,California,1,1.0,0.3333333333333333,10.0,0.8055124120405227,1284281.313676435,1034504.5387180763
Jason Taylor,6,10,28.5,9.5,3,9.5,9.5,9.5,,2,,False,Athlete,Sports,33,26-35,Edyta Sliwinska,5,United States,Pennsylvania,1,2.0,0.6666666666666666,10.0,0.17973411350014984,1284281.313676435,230829.16339844192
Cristian de la Fuente,6,10,26.0,8.666666666666666,3,9.0,8.0,9.0,,3,,False,Actor/Actress,Entertainment,34,26-35,Cheryl Burke,4,Chile,Unknown,0,3.0,1.0,10.0,0.014753474459327467,1284281.313676435,18947.61155991681
Brooke Burke,7,1,24.5,8.166666666666666,3,8.0,8.0,8.5,,1,,False,TV Personality,Media,37,36-45,Derek Hough,2,United States,Connecticut,1,1.0,0.0769230769230769,10.0,0.6924921636677801,693781.6518427563,480438.35719759687
Cloris Leachman,7,1,16.0,5.333333333333333,3,6.0,5.0,5.0,,7,6.0,False,Actor/Actress,Entertainment,82,>55,Corky Ballas,0,United States,Iowa,1,12.0,0.9230769230769232,10.0,0.20020001000000004,693781.6518427563,138895.09363673636
Rocco DiSpirito,7,1,17.5,5.833333333333333,3,6.0,5.5,6.0,,9,4.0,False,TV Personality,Media,41,36-45,Karina Smirnoff,4,United States,New York,1,11.0,0.8461538461538461,10.0,0.08020001,693781.6518427563,55641.29541560558
Toni Braxton,7,1,22.5,7.5,3,7.5,7.0,8.0,,8,5.0,False,Singer/Rapper,Entertainment,40,36-45,Alec Mazo,3,United States,Maryland,1,2.0,0.1538461538461538,10.0,0.026707726332219437,693781.6518427563,18529.33049173148
Kim Kardashian,7,1,18.5,6.166666666666667,3,6.0,6.5,6.0,,11,2.0,False,TV Personality,Media,27,26-35,Mark Ballas,2,United States,California,1,8.0,0.6923076923076923,10.0,0.00020001000000003118,693781.6518427563,138.7632681850913
Susan Lucci,7,1,18.5,6.166666666666667,3,6.0,6.0,6.5,,6,7.0,False,Actor/Actress,Entertainment,61,>55,Tony Dovolani,5,United States,New York,1,8.0,0.6923076923076923,10.0,0.00020000999999999822,693781.6518427563,138.76326818506845
Ted McGinley,7,1,18.5,6.166666666666667,3,6.0,6.0,6.5,,12,1.0,True,Actor/Actress,Entertainment,50,46-55,Inna Brayer,0,United States,California,1,8.0,0.6923076923076923,10.0,1.0000000140019528e-08,693781.6518427563,0.006937816615570543
Maurice Greene,7,1,19.5,6.5,3,6.5,6.5,6.5,,5,8.0,False,Athlete,Sports,34,26-35,Cheryl Burke,5,United States,Kansas,1,7.0,0.5384615384615384,10.0,1.0000000084074696e-08,693781.6518427563,0.006937816576757044
Warren Sapp,7,1,21.5,7.166666666666667,3,7.0,7.0,7.5,,2,,False,Athlete,Sports,35,26-35,Kym Johnson,4,United States,Florida,1,3.0,0.2692307692307692,10.0,1.000000000167533e-08,693781.6518427563,0.006937816519589877
Lance Bass,7,1,21.5,7.166666666666667,3,7.5,6.0,8.0,,3,,False,Singer/Rapper,Entertainment,29,26-35,Lacey Schwimmer,0,United States,Mississippi,1,3.0,0.2692307692307692,10.0,1.000000000167533e-08,693781.6518427563,0.006937816519589877
Misty May-Treanor,7,1,21.0,7.0,3,6.5,7.5,7.0,,10,-1.0,False,Athlete,Sports,31,26-35,Maksim Chmerkoskiy,4,United States,California,1,5.0,0.3846153846153846,10.0,1.000000000167533e-08,693781.6518427563,0.006937816519589877
Jeffrey Ross,7,1,12.0,4.0,3,4.0,4.0,4.0,,13,1.0,True,Comedian,Entertainment,43,36-45,Edyta Sliwinska,6,United States,New Jersey,1,13.0,1.0,10.0,9.999999999999995e-09,693781.6518427563,0.00693781651842756
Cody Linley,7,1,20.5,6.833333333333333,3,7.0,6.5,7.0,,4,9.0,False,Actor/Actress,Entertainment,18,≤25,Julianne Hough,3,United States,Texas,1,6.0,0.4615384615384615,10.0,9.999999999999995e-09,693781.6518427563,0.00693781651842756
Brooke Burke,7,2,24.0,8.0,3,8.0,8.0,8.0,,1,,False,TV Personality,Media,37,36-45,Derek Hough,2,United States,Connecticut,1,1.0,0.1363636363636363,10.0,0.30492479150384305,751596.7894963194,229180.494332123
Warren Sapp,7,2,24.0,8.0,3,8.0,8.0,8.0,,2,,False,Athlete,Sports,35,26-35,Kym Johnson,4,United States,Florida,1,1.0,0.1363636363636363,10.0,0.30492479150384305,751596.7894963194,229180.494332123
Cloris Leachman,7,2,15.0,5.0,3,5.0,5.0,5.0,,7,6.0,False,Actor/Actress,Entertainment,82,>55,Corky Ballas,0,United States,Iowa,1,11.0,1.0,10.0,0.2224222322222224,751596.7894963194,167171.83565082715
Rocco DiSpirito,7,2,16.0,5.333333333333333,3,5.0,6.0,5.0,,9,4.0,False,TV Personality,Media,41,36-45,Karina Smirnoff,4,United States,New York,1,10.0,0.9090909090909092,10.0,0.11131112111111126,751596.7894963194,83661.0812623472
Toni Braxton,7,2,23.0,7.666666666666667,3,7.0,8.0,8.0,,8,5.0,False,Singer/Rapper,Entertainment,40,36-45,Alec Mazo,3,United States,Maryland,1,3.0,0.2727272727272727,10.0,0.056417003658980155,751596.7894963194,42402.83882309159
Cody Linley,7,2,21.0,7.0,3,7.0,7.0,7.0,,4,9.0,False,Actor/Actress,Entertainment,18,≤25,Julianne Hough,3,United States,Texas,1,4.0,0.4545454545454545,10.0,1.0000000001675334e-08,751596.7894963194,0.007515967896222369
Misty May-Treanor,7,2,21.0,7.0,3,7.0,7.0,7.0,,10,-1.0,False,Athlete,Sports,31,26-35,Maksim Chmerkoskiy,4,United States,California,1,4.0,0.4545454545454545,10.0,1.0000000001675334e-08,751596.7894963194,0.007515967896222369
Susan Lucci,7,2,21.0,7.0,3,7.0,7.0,7.0,,6,7.0,False,Actor/Actress,Entertainment,61,>55,Tony Dovolani,5,United States,New York,1,4.0,0.4545454545454545,10.0,1.0000000001675334e-08,751596.7894963194,0.007515967896222369
Maurice Greene,7,2,19.0,6.333333333333333,3,7.0,6.0,6.0,,5,8.0,False,Athlete,Sports,34,26-35,Cheryl Burke,5,United States,Kansas,1,8.0,0.7272727272727273,10.0,9.999999999999999e-09,751596.7894963194,0.007515967894963192
Lance Bass,7,2,20.0,6.666666666666667,3,7.0,6.0,7.0,,3,,False,Singer/Rapper,Entertainment,29,26-35,Lacey Schwimmer,0,United States,Mississippi,1,7.0,0.6363636363636364,10.0,9.999999999999999e-09,751596.7894963194,0.007515967894963192
Kim Kardashian,7,2,17.0,5.666666666666667,3,6.0,6.0,5.0,,11,2.0,True,TV Personality,Media,27,26-35,Mark Ballas,2,United States,California,1,9.0,0.8181818181818182,10.0,9.999999999999999e-09,751596.7894963194,0.007515967894963192
Brooke Burke,7,3,28.0,9.333333333333334,3,9.0,10.0,9.0,,1,,False,TV Personality,Media,37,36-45,Derek Hough,2,United States,Connecticut,1,1.0,0.1111111111111111,10.0,0.9300373953020221,809411.9271498824,752783.3604528668
Warren Sapp,7,3,25.0,8.333333333333334,3,9.0,8.0,8.0,,2,,False,Athlete,Sports,35,26-35,Kym Johnson,4,United States,Florida,1,2.0,0.2222222222222222,10.0,0.04630383538457188,809411.9271498824,37478.87663305725
Maurice Greene,7,3,24.0,8.0,3,8.0,8.0,8.0,,5,8.0,False,Athlete,Sports,34,26-35,Cheryl Burke,5,United States,Kansas,1,3.0,0.3333333333333333,10.0,0.01703422908537076,809411.9271498824,13787.708191502526
Toni Braxton,7,3,22.0,7.333333333333333,3,8.0,7.0,7.0,,8,5.0,False,Singer/Rapper,Entertainment,40,36-45,Alec Mazo,3,United States,Maryland,1,4.0,0.5,10.0,0.002305332217985998,809411.9271498824,1865.9633932807594
Lance Bass,7,3,22.0,7.333333333333333,3,8.0,7.0,7.0,,3,,False,Singer/Rapper,Entertainment,29,26-35,Lacey Schwimmer,0,United States,Mississippi,1,4.0,0.5,10.0,0.002305332217985998,809411.9271498824,1865.9633932807594
Cody Linley,7,3,21.0,7.0,3,7.0,7.0,7.0,,4,9.0,False,Actor/Actress,Entertainment,18,≤25,Julianne Hough,3,United States,Texas,1,6.0,0.7222222222222222,10.0,0.0008480843280672106,809411.9271498824,686.4495703664941
Susan Lucci,7,3,21.0,7.0,3,7.0,7.0,7.0,,6,7.0,False,Actor/Actress,Entertainment,61,>55,Tony Dovolani,5,United States,New York,1,6.0,0.7222222222222222,10.0,0.0008480843280672106,809411.9271498824,686.4495703664941
Rocco DiSpirito,7,3,20.0,6.666666666666667,3,7.0,7.0,6.0,,9,4.0,False,TV Personality,Media,41,36-45,Karina Smirnoff,4,United States,New York,1,8.0,0.8888888888888888,10.0,0.0003119927886756236,809411.9271498824,252.5306843388025
Cloris Leachman,7,3,16.0,5.333333333333333,3,6.0,5.0,5.0,,7,6.0,False,Actor/Actress,Entertainment,82,>55,Corky Ballas,0,United States,Iowa,1,9.0,1.0,10.0,5.714347253271876e-06,809411.9271498824,4.625260822674426
Brooke Burke,7,4,26.0,8.666666666666666,3,9.0,8.0,9.0,,1,,False,TV Personality,Media,37,36-45,Derek Hough,2,United States,Connecticut,1,1.0,0.1666666666666666,10.0,0.4458546364739761,867227.0648034454,386657.20771833346
Lance Bass,7,4,26.0,8.666666666666666,3,9.0,8.0,9.0,,3,,False,Singer/Rapper,Entertainment,29,26-35,Lacey Schwimmer,0,United States,Mississippi,1,1.0,0.1666666666666666,10.0,0.4458546364739761,867227.0648034454,386657.20771833346
Susan Lucci,7,4,24.0,8.0,3,8.0,8.0,8.0,,6,7.0,False,Actor/Actress,Entertainment,61,>55,Tony Dovolani,5,United States,New York,1,3.0,0.3333333333333333,10.0,0.060339863509562545,867227.0648034454,52328.362722038444
Cody Linley,7,4,23.0,7.666666666666667,3,7.0,8.0,8.0,,4,9.0,False,Actor/Actress,Entertainment,18,≤25,Julianne Hough,3,United States,Texas,1,4.0,0.4444444444444444,10.0,0.022197795268258973,867227.0648034454,19250.52883560004
Toni Braxton,7,4,22.0,7.333333333333333,3,7.0,7.0,8.0,,8,5.0,False,Singer/Rapper,Entertainment,40,36-45,Alec Mazo,3,United States,Maryland,1,5.0,0.6666666666666666,10.0,0.008166112518525198,867227.0648034454,7081.873790295278
Cloris Leachman,7,4,22.0,7.333333333333333,3,8.0,7.0,7.0,,7,6.0,False,Actor/Actress,Entertainment,82,>55,Corky Ballas,0,United States,Iowa,1,5.0,0.6666666666666666,10.0,0.008166112518525198,867227.0648034454,7081.873790295278
Warren Sapp,7,4,22.0,7.333333333333333,3,8.0,7.0,7.0,,2,,False,Athlete,Sports,35,26-35,Kym Johnson,4,United States,Florida,1,5.0,0.6666666666666666,10.0,0.008166112518525198,867227.0648034454,7081.873790295278
Maurice Greene,7,4,20.0,6.666666666666667,3,6.0,7.0,7.0,,5,8.0,False,Athlete,Sports,34,26-35,Cheryl Burke,5,United States,Kansas,1,8.0,0.8888888888888888,10.0,0.0011051631506366563,867227.0648034454,958.4273952555553
Rocco DiSpirito,7,4,18.0,6.0,3,6.0,6.0,6.0,,9,4.0,True,TV Personality,Media,41,36-45,Karina Smirnoff,4,United States,New York,1,9.0,1.0,10.0,0.00014956756801407913,867227.0648034454,129.70904299863952
Brooke Burke,7,5,29.0,9.666666666666666,3,10.0,9.0,10.0,,1,,False,TV Personality,Media,37,36-45,Derek Hough,2,United States,Connecticut,1,1.0,0.125,10.0,0.5771754581552277,925042.2024570084,533911.6570160448
Cody Linley,7,5,28.0,9.333333333333334,3,10.0,9.0,9.0,,4,9.0,False,Actor/Actress,Entertainment,18,≤25,Julianne Hough,3,United States,Texas,1,2.0,0.25,10.0,0.16240500684381987,925042.2024570084,150231.48522085266
Cloris Leachman,7,5,21.0,7.0,3,7.0,7.0,7.0,,7,6.0,False,Actor/Actress,Entertainment,82,>55,Corky Ballas,0,United States,Iowa,1,7.0,0.9375,10.0,0.12520001000000003,925042.2024570084,115815.2929980395
Lance Bass,7,5,21.0,7.0,3,7.0,7.0,7.0,,3,,False,Singer/Rapper,Entertainment,29,26-35,Lacey Schwimmer,0,United States,Mississippi,1,7.0,0.9375,10.0,0.12520001,925042.2024570084,115815.29299803948
Maurice Greene,7,5,27.0,9.0,3,9.0,9.0,9.0,,5,8.0,False,Athlete,Sports,34,26-35,Cheryl Burke,5,United States,Kansas,1,3.0,0.375,10.0,0.009819485000952227,925042.2024570084,9083.438032274407
Susan Lucci,7,5,22.0,7.333333333333333,3,7.0,7.0,8.0,,6,7.0,False,Actor/Actress,Entertainment,61,>55,Tony Dovolani,5,United States,New York,1,5.0,0.6875,10.0,0.00020000999999998236,925042.2024570084,185.01769091340992
Toni Braxton,7,5,22.0,7.333333333333333,3,7.0,7.0,8.0,,8,5.0,True,Singer/Rapper,Entertainment,40,36-45,Alec Mazo,3,United States,Maryland,1,5.0,0.6875,10.0,1.000000009415778e-08,925042.2024570084,0.009250422111670004
Warren Sapp,7,5,25.0,8.333333333333334,3,8.0,8.0,9.0,,2,,False,Athlete,Sports,35,26-35,Kym Johnson,4,United States,Florida,1,4.0,0.5,10.0,1e-08,925042.2024570084,0.009250422024570085
Lance Bass,7,6,27.0,9.0,3,9.0,9.0,9.0,,3,,False,Singer/Rapper,Entertainment,29,26-35,Lacey Schwimmer,0,United States,Mississippi,1,1.0,0.1428571428571428,10.0,0.6483692967081335,982857.3401105714,637254.5223719178
Brooke Burke,7,6,26.0,8.666666666666666,3,8.0,10.0,8.0,,1,,False,TV Personality,Media,37,36-45,Derek Hough,2,United States,Connecticut,1,2.0,0.2857142857142857,10.0,0.23852173454570924,982857.3401105714,234432.83757415556
Warren Sapp,7,6,25.0,8.333333333333334,3,8.0,9.0,8.0,,2,,False,Athlete,Sports,35,26-35,Kym Johnson,4,United States,Florida,1,3.0,0.4285714285714285,10.0,0.08774724241191863,982857.3401105714,86243.02127901585
Cody Linley,7,6,23.0,7.666666666666667,3,8.0,8.0,7.0,,4,9.0,False,Actor/Actress,Entertainment,18,≤25,Julianne Hough,3,United States,Texas,1,4.0,0.6428571428571429,10.0,0.01187529790504872,982857.3401105714,11671.723711976825
Susan Lucci,7,6,23.0,7.666666666666667,3,8.0,8.0,7.0,,6,7.0,False,Actor/Actress,Entertainment,61,>55,Tony Dovolani,5,United States,New York,1,4.0,0.6428571428571429,10.0,0.01187529790504872,982857.3401105714,11671.723711976825
Maurice Greene,7,6,21.0,7.0,3,7.0,7.0,7.0,,5,8.0,False,Athlete,Sports,34,26-35,Cheryl Burke,5,United States,Kansas,1,6.0,0.8571428571428571,10.0,0.001607146805498922,982857.3401105714,1579.5960344198722
Cloris Leachman,7,6,15.0,5.0,3,5.0,5.0,5.0,,7,6.0,True,Actor/Actress,Entertainment,82,>55,Corky Ballas,0,United States,Iowa,1,7.0,1.0,10.0,3.983718642352837e-06,982857.3401105714,3.9154271085718055
Brooke Burke,7,7,30.0,10.0,3,10.0,10.0,10.0,,1,,False,TV Personality,Media,37,36-45,Derek Hough,2,United States,Connecticut,1,1.0,0.1666666666666666,10.0,0.44404439444444443,1040672.4777641344,462104.78020377463
Warren Sapp,7,7,21.0,7.0,3,7.0,7.0,7.0,,2,,False,Athlete,Sports,35,26-35,Kym Johnson,4,United States,Florida,1,6.0,1.0,10.0,0.3335333433333327,1040672.4777641344,347098.9708236551
Cody Linley,7,7,22.0,7.333333333333333,3,8.0,7.0,7.0,,4,9.0,False,Actor/Actress,Entertainment,18,≤25,Julianne Hough,3,United States,Texas,1,5.0,0.8333333333333334,10.0,0.22242223222222265,1040672.4777641344,231468.69551653013
Susan Lucci,7,7,24.0,8.0,3,8.0,8.0,8.0,,6,7.0,True,Actor/Actress,Entertainment,61,>55,Tony Dovolani,5,United States,New York,1,4.0,0.6666666666666666,10.0,1.0000000178617128e-08,1040672.4777641344,0.010406724963523274
Lance Bass,7,7,25.0,8.333333333333334,3,9.0,7.0,9.0,,3,,False,Singer/Rapper,Entertainment,29,26-35,Lacey Schwimmer,0,United States,Mississippi,1,2.0,0.4166666666666667,10.0,1.0000000030298271e-08,1040672.4777641344,0.010406724809171921
Maurice Greene,7,7,25.0,8.333333333333334,3,8.0,9.0,8.0,,5,8.0,False,Athlete,Sports,34,26-35,Cheryl Burke,5,United States,Kansas,1,2.0,0.4166666666666667,10.0,9.999999999999999e-09,1040672.4777641344,0.010406724777641343
Brooke Burke,7,8,27.5,9.166666666666666,3,9.5,8.5,9.5,,1,,False,TV Personality,Media,37,36-45,Derek Hough,2,United States,Connecticut,1,1.0,0.2,10.0,0.571751880722161,1098487.6154176972,628062.3600650703
Warren Sapp,7,8,27.0,9.0,3,9.5,8.5,9.0,,2,,False,Athlete,Sports,35,26-35,Kym Johnson,4,United States,Florida,1,2.0,0.4,10.0,0.3467850454063512,1098487.6154176972,380939.0775909406
Lance Bass,7,8,25.0,8.333333333333334,3,8.5,7.5,9.0,,3,,False,Singer/Rapper,Entertainment,29,26-35,Lacey Schwimmer,0,United States,Mississippi,1,3.0,0.6,10.0,0.046932252342290134,1098487.6154176972,51554.497961663925
Cody Linley,7,8,24.0,8.0,3,8.0,8.0,8.0,,4,9.0,False,Actor/Actress,Entertainment,18,≤25,Julianne Hough,3,United States,Texas,1,4.0,0.9,10.0,0.01736541076459881,1098487.6154176972,19075.688661552955
Maurice Greene,7,8,24.0,8.0,3,8.0,8.0,8.0,,5,8.0,True,Athlete,Sports,34,26-35,Cheryl Burke,5,United States,Kansas,1,4.0,0.9,10.0,0.01716541076459881,1098487.6154176972,18855.991138469417
Lance Bass,7,9,28.5,9.5,3,10.0,9.0,9.5,,3,,False,Singer/Rapper,Entertainment,29,26-35,Lacey Schwimmer,0,United States,Mississippi,1,1.0,0.25,10.0,0.9608750427201593,1156302.7530712606,1111062.4572547853
Brooke Burke,7,9,24.5,8.166666666666666,3,8.0,8.5,8.0,,1,,False,TV Personality,Media,37,36-45,Derek Hough,2,United States,Connecticut,1,2.0,0.625,10.0,0.017599040299659467,1156302.7530712606,20349.818749908307
Warren Sapp,7,9,24.5,8.166666666666666,3,8.5,8.0,8.0,,2,,False,Athlete,Sports,35,26-35,Kym Johnson,4,United States,Florida,1,2.0,0.625,10.0,0.017599040299659467,1156302.7530712606,20349.818749908307
Cody Linley,7,9,23.0,7.666666666666667,3,8.0,7.5,7.5,,4,9.0,True,Actor/Actress,Entertainment,18,≤25,Julianne Hough,3,United States,Texas,1,4.0,1.0,10.0,0.003926876680521687,1156302.7530712606,4540.65831665856
Brooke Burke,7,10,30.0,10.0,3,10.0,10.0,10.0,,1,,False,TV Personality,Media,37,36-45,Derek Hough,2,United States,Connecticut,1,1.0,0.3333333333333333,10.0,0.8589810786775898,1214117.8907248236,1042904.295416569
Warren Sapp,7,10,27.5,9.166666666666666,3,9.0,9.5,9.0,,2,,False,Athlete,Sports,35,26-35,Kym Johnson,4,United States,Florida,1,2.0,0.8333333333333334,10.0,0.07050946066120506,1214117.8907248236,85606.79765412721
Lance Bass,7,10,27.5,9.166666666666666,3,9.0,9.0,9.5,,3,,False,Singer/Rapper,Entertainment,29,26-35,Lacey Schwimmer,0,United States,Mississippi,1,2.0,0.8333333333333334,10.0,0.07050946066120506,1214117.8907248236,85606.79765412721
Gilles Marini,8,1,24.0,8.0,3,8.0,8.0,8.0,,2,,False,Actor/Actress,Entertainment,33,26-35,Cheryl Burke,6,France,Unknown,0,1.0,0.0769230769230769,11.0,0.5501220704217638,699860.5306766083,385008.72414229007
Shawn Johnson,8,1,23.0,7.666666666666667,3,8.0,8.0,7.0,,1,,False,Athlete,Sports,17,≤25,Mark Ballas,3,United States,Iowa,1,2.0,0.1923076923076923,11.0,0.20237859984283532,699860.5306766083,141636.7942835957
Melissa Rycroft,8,1,23.0,7.666666666666667,3,8.0,7.0,8.0,,3,,False,TV Personality,Media,26,26-35,Tony Dovolani,6,United States,Texas,1,2.0,0.1923076923076923,11.0,0.20237859984283532,699860.5306766083,141636.7942835957
Lil' Kim,8,1,21.0,7.0,3,7.0,7.0,7.0,,5,9.0,False,Singer/Rapper,Entertainment,34,26-35,Derek Hough,3,United States,New York,1,4.0,0.3076923076923077,11.0,0.027388965130759217,699860.5306766083,19168.455671096268
Chuck Wicks,8,1,20.0,6.666666666666667,3,6.0,7.0,7.0,,6,8.0,False,Singer/Rapper,Entertainment,29,26-35,Julianne Hough,4,United States,Delaware,1,5.0,0.3846153846153846,11.0,0.01007583718656782,699860.5306766083,7051.680760402458
David Alan Grier,8,1,19.0,6.333333333333333,3,6.0,7.0,6.0,,9,5.0,False,Actor/Actress,Entertainment,52,46-55,Kym Johnson,5,United States,Michigan,1,6.0,0.4615384615384615,11.0,0.0037066933535290073,699860.5306766083,2594.168377456268
Holly Madison,8,1,18.0,6.0,3,6.0,6.0,6.0,,11,4.0,False,TV Personality,Media,30,26-35,Dmitry Chaplin,0,United States,Oregon,1,7.0,0.5769230769230769,11.0,0.0013636162794901509,699860.5306766083,954.3412130032392
Denise Richards,8,1,18.0,6.0,3,6.0,6.0,6.0,,12,3.0,False,Actor/Actress,Entertainment,38,36-45,Maksim Chmerkoskiy,5,United States,Illinois,1,7.0,0.5769230769230769,11.0,0.0013636162794901509,699860.5306766083,954.3412130032392
Belinda Carlisle,8,1,17.0,5.666666666666667,3,6.0,6.0,5.0,,13,2.0,False,Singer/Rapper,Entertainment,50,46-55,Jonathan Roberts,5,United States,California,1,9.0,0.7307692307692307,11.0,0.000501646394871118,699860.5306766083,351.08251212650805
Steve-O,8,1,17.0,5.666666666666667,3,6.0,5.0,6.0,,8,6.0,False,TV Personality,Media,34,26-35,Lacey Schwimmer,1,England,Unknown,0,9.0,0.7307692307692307,11.0,0.000501646394871118,699860.5306766083,351.08251212650805
Lawrence Taylor,8,1,16.0,5.333333333333333,3,6.0,5.0,5.0,,7,7.0,False,Athlete,Sports,50,46-55,Edyta Sliwinska,7,United States,Virginia,1,11.0,0.8461538461538461,11.0,0.00018454539541085558,699860.5306766083,129.15603836616592
Ty Murray,8,1,14.0,4.666666666666667,3,5.0,4.0,5.0,,4,10.0,False,Athlete,Sports,39,36-45,Chelsie Hightower,0,United States,Arizona,1,12.0,0.9230769230769232,11.0,2.4975503357940823e-05,699860.5306766083,17.479369034003877
Steve Wozniak,8,1,13.0,4.333333333333333,3,5.0,4.0,4.0,,10,4.0,False,Entrepreneur,Other,58,>55,Karina Smirnoff,5,United States,California,1,13.0,1.0,11.0,9.18797421829475e-06,699860.5306766083,6.43030051225876
Gilles Marini,8,2,27.0,9.0,3,9.0,9.0,9.0,,2,,False,Actor/Actress,Entertainment,33,26-35,Cheryl Burke,6,France,Unknown,0,1.0,0.0769230769230769,11.0,0.4880830852761866,752350.070477354,367209.3436063434
Steve-O,8,2,14.0,4.666666666666667,3,5.0,4.0,5.0,,8,6.0,False,TV Personality,Media,34,26-35,Lacey Schwimmer,1,England,Unknown,0,13.0,1.0,11.0,0.30789231769230724,752350.070477354,231642.8069152432
Steve Wozniak,8,2,17.0,5.666666666666667,3,6.0,5.0,6.0,,10,4.0,False,Entrepreneur,Other,58,>55,Karina Smirnoff,5,United States,California,1,11.0,0.8846153846153846,11.0,0.07712308692307701,752350.070477354,58023.559882008085
David Alan Grier,8,2,17.0,5.666666666666667,3,6.0,5.0,6.0,,9,5.0,False,Actor/Actress,Entertainment,52,46-55,Kym Johnson,5,United States,Michigan,1,11.0,0.8846153846153846,11.0,0.07712308692307689,752350.070477354,58023.55988200799
Melissa Rycroft,8,2,26.0,8.666666666666666,3,9.0,8.0,9.0,,3,,False,TV Personality,Media,26,26-35,Tony Dovolani,6,United States,Texas,1,2.0,0.1538461538461538,11.0,0.04957834318535153,752350.070477354,37300.26998964966
Holly Madison,8,2,18.0,6.0,3,6.0,6.0,6.0,,11,4.0,False,TV Personality,Media,30,26-35,Dmitry Chaplin,0,United States,Oregon,1,9.0,0.7307692307692307,11.0,0.00020000999999996867,752350.070477354,150.477537596152
Lil' Kim,8,2,23.0,7.666666666666667,3,8.0,7.0,8.0,,5,9.0,False,Singer/Rapper,Entertainment,34,26-35,Derek Hough,3,United States,New York,1,4.0,0.3076923076923077,11.0,1.0000000313925554e-08,752350.070477354,0.007523500940955453
Ty Murray,8,2,20.0,6.666666666666667,3,7.0,6.0,7.0,,4,10.0,False,Athlete,Sports,39,36-45,Chelsie Hightower,0,United States,Arizona,1,6.0,0.5384615384615384,11.0,1.0000000192603331e-08,752350.070477354,0.00752350084967867
Chuck Wicks,8,2,20.0,6.666666666666667,3,6.0,7.0,7.0,,6,8.0,False,Singer/Rapper,Entertainment,29,26-35,Julianne Hough,4,United States,Delaware,1,6.0,0.5384615384615384,11.0,1.0000000068462183e-08,752350.070477354,0.007523500756281068
Lawrence Taylor,8,2,20.0,6.666666666666667,3,7.0,6.0,7.0,,7,7.0,False,Athlete,Sports,50,46-55,Edyta Sliwinska,7,United States,Virginia,1,6.0,0.5384615384615384,11.0,1.0000000020323606e-08,752350.070477354,0.0075235007200640065
Shawn Johnson,8,2,24.0,8.0,3,8.0,8.0,8.0,,1,,False,Athlete,Sports,17,≤25,Mark Ballas,3,United States,Iowa,1,3.0,0.2307692307692307,11.0,1.0000000001675329e-08,752350.070477354,0.007523500706033973
Belinda Carlisle,8,2,18.0,6.0,3,6.0,6.0,6.0,,13,2.0,True,Singer/Rapper,Entertainment,50,46-55,Jonathan Roberts,5,United States,California,1,9.0,0.7307692307692307,11.0,9.999999999999994e-09,752350.070477354,0.007523500704773535
Denise Richards,8,2,21.0,7.0,3,7.0,7.0,7.0,,12,3.0,False,Actor/Actress,Entertainment,38,36-45,Maksim Chmerkoskiy,5,United States,Illinois,1,5.0,0.3846153846153846,11.0,9.999999999999994e-09,752350.070477354,0.007523500704773535
Steve Wozniak,8,3,10.0,3.333333333333333,3,4.0,3.0,3.0,,10,4.0,False,Entrepreneur,Other,58,>55,Karina Smirnoff,5,United States,California,1,12.0,1.0,11.0,0.35314118647058795,804839.6102780995,284222.0148921337
Gilles Marini,8,3,27.0,9.0,3,9.0,9.0,9.0,,2,,False,Actor/Actress,Entertainment,33,26-35,Cheryl Burke,6,France,Unknown,0,1.0,0.1666666666666666,11.0,0.19594506803921566,804839.6102780995,157704.35219659802
Shawn Johnson,8,3,27.0,9.0,3,9.0,9.0,9.0,,1,,False,Athlete,Sports,17,≤25,Mark Ballas,3,United States,Iowa,1,1.0,0.1666666666666666,11.0,0.19594506803921563,804839.6102780995,157704.35219659802
Melissa Rycroft,8,3,27.0,9.0,3,9.0,9.0,9.0,,3,,False,TV Personality,Media,26,26-35,Tony Dovolani,6,United States,Texas,1,1.0,0.1666666666666666,11.0,0.19594506803921563,804839.6102780995,157704.35219659802
Steve-O,8,3,15.0,5.0,3,5.0,5.0,5.0,,8,6.0,False,TV Personality,Media,34,26-35,Lacey Schwimmer,1,England,Unknown,0,11.0,0.9166666666666666,11.0,0.05902353941176477,804839.6102780995,47504.48245739881
Lil' Kim,8,3,25.0,8.333333333333334,3,8.0,8.0,9.0,,5,9.0,False,Singer/Rapper,Entertainment,34,26-35,Derek Hough,3,United States,New York,1,4.0,0.3333333333333333,11.0,1.0000000112697633e-08,804839.6102780995,0.008048396193484514
Lawrence Taylor,8,3,20.0,6.666666666666667,3,7.0,6.0,7.0,,7,7.0,False,Athlete,Sports,50,46-55,Edyta Sliwinska,7,United States,Virginia,1,8.0,0.6666666666666666,11.0,1.0000000089333076e-08,804839.6102780995,0.008048396174679794
David Alan Grier,8,3,24.0,8.0,3,8.0,8.0,8.0,,9,5.0,False,Actor/Actress,Entertainment,52,46-55,Kym Johnson,5,United States,Michigan,1,5.0,0.4166666666666667,11.0,1.0000000032900353e-08,804839.6102780995,0.008048396129260503
Ty Murray,8,3,23.0,7.666666666666667,3,8.0,8.0,7.0,,4,10.0,False,Athlete,Sports,39,36-45,Chelsie Hightower,0,United States,Arizona,1,6.0,0.5416666666666666,11.0,1.0000000014685757e-08,804839.6102780995,0.008048396114600674
Holly Madison,8,3,17.0,5.666666666666667,3,5.0,6.0,6.0,,11,4.0,False,TV Personality,Media,30,26-35,Dmitry Chaplin,0,United States,Oregon,1,9.0,0.75,11.0,9.999999999999995e-09,804839.6102780995,0.008048396102780991
Chuck Wicks,8,3,23.0,7.666666666666667,3,8.0,7.0,8.0,,6,8.0,False,Singer/Rapper,Entertainment,29,26-35,Julianne Hough,4,United States,Delaware,1,6.0,0.5416666666666666,11.0,9.999999999999995e-09,804839.6102780995,0.008048396102780991
Denise Richards,8,3,16.0,5.333333333333333,3,5.0,6.0,5.0,,12,3.0,True,Actor/Actress,Entertainment,38,36-45,Maksim Chmerkoskiy,5,United States,Illinois,1,10.0,0.8333333333333334,11.0,9.999999999999995e-09,804839.6102780995,0.008048396102780991
Gilles Marini,8,4,30.0,10.0,3,10.0,10.0,10.0,,2,,False,Actor/Actress,Entertainment,33,26-35,Cheryl Burke,6,France,Unknown,0,1.0,0.0909090909090909,11.0,0.6831187108536084,857329.1500788452,585657.5837790805
Melissa Rycroft,8,4,29.0,9.666666666666666,3,10.0,9.0,10.0,,3,,False,TV Personality,Media,26,26-35,Tony Dovolani,6,United States,Texas,1,2.0,0.1818181818181818,11.0,0.24164169438323313,857329.1500788452,207166.46846918933
Steve-O,8,4,15.0,5.0,3,5.0,5.0,5.0,,8,6.0,False,TV Personality,Media,34,26-35,Lacey Schwimmer,1,England,Unknown,0,10.0,0.9090909090909092,11.0,0.055755565555555525,857329.1500788452,47800.87162990976
Lil' Kim,8,4,27.0,9.0,3,9.0,8.0,10.0,,5,9.0,False,Singer/Rapper,Entertainment,34,26-35,Derek Hough,3,United States,New York,1,3.0,0.2727272727272727,11.0,0.019483959207602798,857329.1500788452,16704.166187624996
Holly Madison,8,4,16.0,5.333333333333333,3,5.0,6.0,5.0,,11,4.0,True,TV Personality,Media,30,26-35,Dmitry Chaplin,0,United States,Oregon,1,9.0,0.8181818181818182,11.0,1.0000000026999397e-08,857329.1500788452,0.008573291523935822
Ty Murray,8,4,25.0,8.333333333333334,3,9.0,8.0,8.0,,4,10.0,False,Athlete,Sports,39,36-45,Chelsie Hightower,0,United States,Arizona,1,4.0,0.4090909090909091,11.0,1.0000000020757294e-08,857329.1500788452,0.008573291518584285
David Alan Grier,8,4,22.0,7.333333333333333,3,8.0,7.0,7.0,,9,5.0,False,Actor/Actress,Entertainment,52,46-55,Kym Johnson,5,United States,Michigan,1,6.0,0.5909090909090909,11.0,1.000000001118921e-08,857329.1500788452,0.008573291510381288
Lawrence Taylor,8,4,19.0,6.333333333333333,3,7.0,5.0,7.0,,7,7.0,False,Athlete,Sports,50,46-55,Edyta Sliwinska,7,United States,Virginia,1,8.0,0.7272727272727273,11.0,1.0000000005115983e-08,857329.1500788452,0.008573291505174534
Chuck Wicks,8,4,22.0,7.333333333333333,3,8.0,7.0,7.0,,6,8.0,False,Singer/Rapper,Entertainment,29,26-35,Julianne Hough,4,United States,Delaware,1,6.0,0.5909090909090909,11.0,1e-08,857329.1500788452,0.008573291500788453
Steve Wozniak,8,4,12.0,4.0,3,4.0,4.0,4.0,,10,4.0,True,Entrepreneur,Other,58,>55,Karina Smirnoff,5,United States,California,1,11.0,1.0,11.0,1e-08,857329.1500788452,0.008573291500788453
Shawn Johnson,8,4,25.0,8.333333333333334,3,8.0,8.0,9.0,,1,,False,Athlete,Sports,17,≤25,Mark Ballas,3,United States,Iowa,1,4.0,0.4090909090909091,11.0,1e-08,857329.1500788452,0.008573291500788453
Steve-O,8,5,18.0,6.0,3,6.0,6.0,6.0,,8,6.0,False,TV Personality,Media,34,26-35,Lacey Schwimmer,1,England,Unknown,0,9.0,1.0,11.0,0.3638363736363639,909818.6898795908,331025.1327923779
Gilles Marini,8,5,29.0,9.666666666666666,3,10.0,9.0,10.0,,2,,False,Actor/Actress,Entertainment,33,26-35,Cheryl Burke,6,France,Unknown,0,1.0,0.1111111111111111,11.0,0.36303628363636326,909818.6898795908,330297.1959567915
Lawrence Taylor,8,5,20.0,6.666666666666667,3,6.0,7.0,7.0,,7,7.0,False,Athlete,Sports,50,46-55,Edyta Sliwinska,7,United States,Virginia,1,8.0,0.8888888888888888,11.0,0.18201819181818155,909818.6898795908,165603.55281427
Ty Murray,8,5,21.0,7.0,3,7.0,7.0,7.0,,4,10.0,False,Athlete,Sports,39,36-45,Chelsie Hightower,0,United States,Arizona,1,7.0,0.7777777777777778,11.0,0.09110910090909094,909818.6898795908,82892.76282521655
David Alan Grier,8,5,22.0,7.333333333333333,3,7.0,8.0,7.0,,9,5.0,True,Actor/Actress,Entertainment,52,46-55,Kym Johnson,5,United States,Michigan,1,6.0,0.6666666666666666,11.0,1.0000000528055479e-08,909818.6898795908,0.009098187379230651
Shawn Johnson,8,5,26.0,8.666666666666666,3,9.0,8.0,9.0,,1,,False,Athlete,Sports,17,≤25,Mark Ballas,3,United States,Iowa,1,2.0,0.2777777777777778,11.0,1.0000000050247581e-08,909818.6898795908,0.009098186944512096
Lil' Kim,8,5,26.0,8.666666666666666,3,9.0,8.0,9.0,,5,9.0,False,Singer/Rapper,Entertainment,34,26-35,Derek Hough,3,United States,New York,1,2.0,0.2777777777777778,11.0,1.0000000001675324e-08,909818.6898795908,0.009098186900320148
Melissa Rycroft,8,5,25.0,8.333333333333334,3,8.0,8.0,9.0,,3,,False,TV Personality,Media,26,26-35,Tony Dovolani,6,United States,Texas,1,4.0,0.4444444444444444,11.0,1.0000000001675324e-08,909818.6898795908,0.009098186900320148
Chuck Wicks,8,5,23.0,7.666666666666667,3,7.0,8.0,8.0,,6,8.0,False,Singer/Rapper,Entertainment,29,26-35,Julianne Hough,4,United States,Delaware,1,5.0,0.5555555555555556,11.0,9.999999999999989e-09,909818.6898795908,0.009098186898795897
Lil' Kim,8,6,28.0,9.333333333333334,3,10.0,8.0,10.0,,5,9.0,False,Singer/Rapper,Entertainment,34,26-35,Derek Hough,3,United States,New York,1,1.0,0.125,11.0,0.6068630441590709,962308.2296803364,583989.3016831353
Melissa Rycroft,8,6,27.0,9.0,3,9.0,9.0,9.0,,3,,False,TV Personality,Media,26,26-35,Tony Dovolani,6,United States,Texas,1,2.0,0.25,11.0,0.22325243755283933,962308.2296803364,214837.65795329268
Gilles Marini,8,6,26.0,8.666666666666666,3,9.0,8.0,9.0,,2,,False,Actor/Actress,Entertainment,33,26-35,Cheryl Burke,6,France,Unknown,0,3.0,0.4375,11.0,0.08212998196710086,962308.2296803364,79034.35755043878
Shawn Johnson,8,6,26.0,8.666666666666666,3,8.0,9.0,9.0,,1,,False,Athlete,Sports,17,≤25,Mark Ballas,3,United States,Iowa,1,3.0,0.4375,11.0,0.08212998196710086,962308.2296803364,79034.35755043878
Chuck Wicks,8,6,23.0,7.666666666666667,3,8.0,7.0,8.0,,6,8.0,False,Singer/Rapper,Entertainment,29,26-35,Julianne Hough,4,United States,Delaware,1,5.0,0.625,11.0,0.004089011027247483,962308.2296803364,3934.888962773899
Lawrence Taylor,8,6,22.0,7.333333333333333,3,7.0,7.0,8.0,,7,7.0,False,Athlete,Sports,50,46-55,Edyta Sliwinska,7,United States,Virginia,1,6.0,0.75,11.0,0.0015042630916476695,962308.2296803364,1447.5647526969385
Ty Murray,8,6,18.0,6.0,3,6.0,6.0,6.0,,4,10.0,False,Athlete,Sports,39,36-45,Chelsie Hightower,0,United States,Arizona,1,7.0,0.875,11.0,2.7551539580269565e-05,962308.2296803364,26.513073278456925
Steve-O,8,6,16.0,5.333333333333333,3,7.0,4.0,5.0,,8,6.0,True,TV Personality,Media,34,26-35,Lacey Schwimmer,1,England,Unknown,0,8.0,1.0,11.0,3.7286954127005266e-06,962308.2296803364,3.588154281613035
Melissa Rycroft,8,7,29.0,9.666666666666666,3,10.0,9.0,10.0,,3,,False,TV Personality,Media,26,26-35,Tony Dovolani,6,United States,Texas,1,1.0,0.1428571428571428,11.0,0.5898276603042205,1014797.7694810822,598555.7940549684
Shawn Johnson,8,7,28.0,9.333333333333334,3,9.0,9.0,10.0,,1,,False,Athlete,Sports,17,≤25,Mark Ballas,3,United States,Iowa,1,2.0,0.2857142857142857,11.0,0.21698547006017593,1014797.7694810822,220196.37102687068
Gilles Marini,8,7,27.0,9.0,3,9.0,9.0,9.0,,2,,False,Actor/Actress,Entertainment,33,26-35,Cheryl Burke,6,France,Unknown,0,3.0,0.5,11.0,0.07982449346806025,1014797.7694810822,81005.71792134477
Chuck Wicks,8,7,27.0,9.0,3,9.0,9.0,9.0,,6,8.0,False,Singer/Rapper,Entertainment,29,26-35,Julianne Hough,4,United States,Delaware,1,3.0,0.5,11.0,0.07982449346806025,1014797.7694810822,81005.71792134477
Lil' Kim,8,7,26.0,8.666666666666666,3,9.0,8.0,9.0,,5,9.0,False,Singer/Rapper,Entertainment,34,26-35,Derek Hough,3,United States,New York,1,5.0,0.7142857142857143,11.0,0.029365790048823455,1014797.7694810822,29800.338240595804
Ty Murray,8,7,24.0,8.0,3,8.0,8.0,8.0,,4,10.0,False,Athlete,Sports,39,36-45,Chelsie Hightower,0,United States,Arizona,1,6.0,0.8571428571428571,11.0,0.003974227513724424,1014797.7694810822,4033.037216337893
Lawrence Taylor,8,7,21.0,7.0,3,7.0,7.0,7.0,,7,7.0,True,Athlete,Sports,50,46-55,Edyta Sliwinska,7,United States,Virginia,1,7.0,1.0,11.0,0.00019786513693524388,1014797.7694810822,200.79309961995438
Melissa Rycroft,8,8,23.0,7.666666666666667,3,7.5,7.5,8.0,,3,,False,TV Personality,Media,26,26-35,Tony Dovolani,6,United States,Texas,1,6.0,1.0,11.0,0.50020001,1067287.3092818279,533857.1227756435
Lil' Kim,8,8,28.0,9.333333333333334,3,9.0,9.0,10.0,,5,9.0,False,Singer/Rapper,Entertainment,34,26-35,Derek Hough,3,United States,New York,1,1.0,0.1666666666666666,11.0,0.3499672492455643,1067287.3092818279,373515.60378406115
Gilles Marini,8,8,27.5,9.166666666666666,3,9.0,9.0,9.5,,2,,False,Actor/Actress,Entertainment,33,26-35,Cheryl Burke,6,France,Unknown,0,2.0,0.3333333333333333,11.0,0.14983271075443572,1067287.3092818279,159914.5507035041
Chuck Wicks,8,8,25.5,8.5,3,8.5,8.5,8.5,,6,8.0,True,Singer/Rapper,Entertainment,29,26-35,Julianne Hough,4,United States,Delaware,1,5.0,0.8333333333333334,11.0,1.0000000050247593e-08,1067287.3092818279,0.010672873146446897
Ty Murray,8,8,26.0,8.666666666666666,3,9.0,8.0,9.0,,4,10.0,False,Athlete,Sports,39,36-45,Chelsie Hightower,0,United States,Arizona,1,3.0,0.5833333333333334,11.0,1e-08,1067287.3092818279,0.010672873092818278
Shawn Johnson,8,8,26.0,8.666666666666666,3,9.0,8.0,9.0,,1,,False,Athlete,Sports,17,≤25,Mark Ballas,3,United States,Iowa,1,3.0,0.5833333333333334,11.0,1e-08,1067287.3092818279,0.010672873092818278
Ty Murray,8,9,23.0,7.666666666666667,3,7.5,8.0,7.5,,4,10.0,False,Athlete,Sports,39,36-45,Chelsie Hightower,0,United States,Arizona,1,5.0,1.0,11.0,0.5456545554545454,1119776.8490825733,611011.3387944432
Melissa Rycroft,8,9,28.5,9.5,3,9.5,9.5,9.5,,3,,False,TV Personality,Media,26,26-35,Tony Dovolani,6,United States,Texas,1,1.0,0.2,11.0,0.26553560346034566,1119776.8490825733,297340.6213620655
Shawn Johnson,8,9,28.0,9.333333333333334,3,9.5,9.0,9.5,,1,,False,Athlete,Sports,17,≤25,Mark Ballas,3,United States,Iowa,1,2.0,0.5,11.0,0.09440491554255451,1119776.8490825733,105712.43886414813
Gilles Marini,8,9,28.0,9.333333333333334,3,9.5,9.0,9.5,,2,,False,Actor/Actress,Entertainment,33,26-35,Cheryl Burke,6,France,Unknown,0,2.0,0.5,11.0,0.0944049155425544,1119776.8490825733,105712.43886414802
Lil' Kim,8,9,26.0,8.666666666666666,3,8.5,9.0,8.5,,5,9.0,True,Singer/Rapper,Entertainment,34,26-35,Derek Hough,3,United States,New York,1,4.0,0.8,11.0,1.0000000001675335e-08,1119776.8490825733,0.011197768492701736
Gilles Marini,8,10,30.0,10.0,3,10.0,10.0,10.0,,2,,False,Actor/Actress,Entertainment,33,26-35,Cheryl Burke,6,France,Unknown,0,1.0,0.25,11.0,0.8197399719963413,1172266.3888833188,960953.6167954638
Shawn Johnson,8,10,28.0,9.333333333333334,3,9.5,9.0,9.5,,1,,False,Athlete,Sports,17,≤25,Mark Ballas,3,United States,Iowa,1,2.0,0.5,11.0,0.11093974129049781,1172266.3888833188,130050.92990626149
Melissa Rycroft,8,10,27.5,9.166666666666666,3,9.0,9.5,9.0,,3,,False,TV Personality,Media,26,26-35,Tony Dovolani,6,United States,Texas,1,3.0,0.75,11.0,0.06728835447327453,1172266.3888833188,78879.87631228623
Ty Murray,8,10,24.0,8.0,3,8.0,8.0,8.0,,4,10.0,True,Athlete,Sports,39,36-45,Chelsie Hightower,0,United States,Arizona,1,4.0,1.0,11.0,0.002031932239886351,1172266.3888833188,2381.965869307166
Shawn Johnson,8,11,30.0,10.0,3,10.0,10.0,10.0,,1,,False,Athlete,Sports,17,≤25,Mark Ballas,3,United States,Iowa,1,1.0,0.3333333333333333,11.0,0.6285317192117624,1224755.9286840647,769797.9494705938
Gilles Marini,8,11,29.0,9.666666666666666,3,9.5,10.0,9.5,,2,,False,Actor/Actress,Entertainment,33,26-35,Cheryl Burke,6,France,Unknown,0,2.0,0.6666666666666666,11.0,0.23122389762214907,1224755.9286840647,283192.8394661643
Melissa Rycroft,8,11,28.5,9.5,3,9.5,9.5,9.5,,3,,False,TV Personality,Media,26,26-35,Tony Dovolani,6,United States,Texas,1,3.0,1.0,11.0,0.14024438316608848,1224755.9286840647,171765.1397473065
Joanna Krupa,9,1,33.9999,11.3333,3,11.3333,11.3333,11.3333,,4,9.0,False,Model,Model,30,26-35,Derek Hough,4,Poland,Unknown,0,1.0,0.0625,10.0,0.7924725616951138,735498.352572458,582862.2635856317
Aaron Carter,9,1,31.9999,10.666633333333332,3,10.3333,11.3333,10.3333,,5,8.0,False,Singer/Rapper,Entertainment,21,≤25,Karina Smirnoff,6,United States,Florida,1,2.0,0.125,10.0,0.1072320497937387,735498.352572458,78868.99596626259
Mya,9,1,30.9999,10.3333,3,11.3333,8.3333,11.3333,,2,,False,Singer/Rapper,Entertainment,29,26-35,Dmitry Chaplin,1,United States,Washington D.C.,1,3.0,0.1875,10.0,0.03943571045848634,735498.352572458,29004.900074741152
Kelly Osbourne,9,1,30.9998,10.333266666666669,3,9.6666,10.6666,10.6666,,3,,False,TV Personality,Media,24,≤25,Louis van Amstel,4,England,Unknown,0,4.0,0.25,10.0,0.03943176506672881,735498.352572458,29001.998245603238
Donny Osmond,9,1,29.9999,9.999966666666666,3,10.3333,9.3333,10.3333,,1,,False,Singer/Rapper,Entertainment,51,46-55,Kym Johnson,6,United States,Utah,1,5.0,0.3125,10.0,0.014494831030364237,735498.352572458,10660.92434364904
Mark Dacascos,9,1,28.9998,9.6666,3,9.6666,9.6666,9.6666,,6,7.0,False,Actor/Actress,Entertainment,45,36-45,Lacey Schwimmer,2,United States,Hawaii,1,6.0,0.375,10.0,0.005319060293311369,735498.352572458,3912.160082964087
Natalie Coughlin,9,1,26.9998,8.999933333333333,3,9.6666,8.6666,8.6666,,10,5.0,False,Athlete,Sports,27,26-35,Alec Mazo,4,United States,California,1,7.0,0.46875,10.0,0.0007024077308339691,735498.352572458,516.6197288625428
Louie Vito,9,1,26.9998,8.999933333333333,3,8.6666,9.6666,8.6666,,8,6.0,False,Athlete,Sports,21,≤25,Chelsie Hightower,1,United States,Ohio,1,7.0,0.46875,10.0,0.0007024077308339691,735498.352572458,516.6197288625428
Michael Irvin,9,1,19.0,6.333333333333333,3,7.0,6.0,6.0,,7,7.0,False,Athlete,Sports,43,36-45,Anna Demidova,0,United States,Florida,1,14.0,0.875,10.0,0.00019334333333334883,735498.352572458,142.20370314754567
Melissa Joan Hart,9,1,24.0,8.0,3,8.0,8.0,8.0,,9,6.0,False,Actor/Actress,Entertainment,33,26-35,Mark Ballas,4,United States,New York,1,9.0,0.5625,10.0,1.5802867255414265e-05,735498.352572458,11.622982832278431
Tom DeLay,9,1,19.9999,6.666633333333333,3,7.3333,6.3333,6.3333,,13,-1.0,False,Politician,Other,62,>55,Cheryl Burke,7,United States,Texas,1,12.0,0.78125,10.0,1.0000000000020868e-08,735498.352572458,0.007354983525739929
Kathy Ireland,9,1,19.9999,6.666633333333333,3,7.3333,6.3333,6.3333,,14,2.0,False,Model,Model,46,46-55,Tony Dovolani,7,United States,California,1,12.0,0.78125,10.0,1.000000000001875e-08,735498.352572458,0.007354983525738371
Chuck Liddell,9,1,22.0,7.333333333333333,3,8.0,7.0,7.0,,11,4.0,False,Athlete,Sports,39,36-45,Anna Trebunskaya,3,United States,California,1,10.0,0.65625,10.0,1.0000000000015998e-08,735498.352572458,0.007354983525736347
Macy Gray,9,1,18.9999,6.3333,3,7.3333,5.3333,6.3333,,15,1.0,True,Singer/Rapper,Entertainment,42,36-45,Jonathan Roberts,6,United States,Ohio,1,15.0,0.96875,10.0,1.000000000000774e-08,735498.352572458,0.007354983525730272
Ashley Hamiliton,9,1,18.9999,6.3333,3,6.3333,7.3333,5.3333,,16,1.0,True,Actor/Actress,Entertainment,34,26-35,Edyta Sliwinska,8,United States,California,1,15.0,0.96875,10.0,1.000000000000001e-08,735498.352572458,0.007354983525724587
Debi Mazar,9,1,22.0,7.333333333333333,3,8.0,7.0,7.0,,12,3.0,False,Actor/Actress,Entertainment,45,36-45,Maksim Chmerkoskiy,6,United States,New York,1,10.0,0.65625,10.0,1e-08,735498.352572458,0.00735498352572458
Mya,9,2,27.0,9.0,3,9.0,9.0,9.0,,2,,False,Singer/Rapper,Entertainment,29,26-35,Dmitry Chaplin,1,United States,Washington D.C.,1,1.0,0.1071428571428571,10.0,0.46593619521447527,796789.8819534961,371253.2459828029
Aaron Carter,9,2,27.0,9.0,3,9.0,9.0,9.0,,5,8.0,False,Singer/Rapper,Entertainment,21,≤25,Karina Smirnoff,6,United States,Florida,1,1.0,0.1071428571428571,10.0,0.46593619521447527,796789.8819534961,371253.2459828029
Donny Osmond,9,2,25.0,8.333333333333334,3,8.0,9.0,8.0,,1,,False,Singer/Rapper,Entertainment,51,46-55,Kym Johnson,6,United States,Utah,1,3.0,0.2142857142857142,10.0,0.06305148108376016,796789.8819534961,50238.78216972235
Natalie Coughlin,9,2,21.0,7.0,3,7.0,7.0,7.0,,10,5.0,False,Athlete,Sports,27,26-35,Alec Mazo,4,United States,California,1,4.0,0.3571428571428571,10.0,0.0011478732473690096,796789.8819534961,914.6137892687294
Mark Dacascos,9,2,21.0,7.0,3,7.0,7.0,7.0,,6,7.0,False,Actor/Actress,Entertainment,45,36-45,Lacey Schwimmer,2,United States,Hawaii,1,4.0,0.3571428571428571,10.0,0.0011478732473690096,796789.8819534961,914.6137892687294
Debi Mazar,9,2,21.0,7.0,3,7.0,7.0,7.0,,12,3.0,False,Actor/Actress,Entertainment,45,36-45,Maksim Chmerkoskiy,6,United States,New York,1,4.0,0.3571428571428571,10.0,0.0011478732473690096,796789.8819534961,914.6137892687294
Michael Irvin,9,2,20.0,6.666666666666667,3,7.0,7.0,6.0,,7,7.0,False,Athlete,Sports,43,36-45,Anna Demidova,0,United States,Florida,1,7.0,0.5357142857142857,10.0,0.0004178006020473752,796789.8819534961,332.8992923854277
Joanna Krupa,9,2,20.0,6.666666666666667,3,6.0,7.0,7.0,,4,9.0,False,Model,Model,30,26-35,Derek Hough,4,Poland,Unknown,0,7.0,0.5357142857142857,10.0,0.0004178006020473752,796789.8819534961,332.8992923854277
Tom DeLay,9,2,18.0,6.0,3,6.0,6.0,6.0,,13,-1.0,False,Politician,Other,62,>55,Cheryl Burke,7,United States,Texas,1,13.0,0.9642857142857144,10.0,0.00020000999999999995,796789.8819534961,159.36594428951872
Chuck Liddell,9,2,19.0,6.333333333333333,3,6.0,7.0,6.0,,11,4.0,False,Athlete,Sports,39,36-45,Anna Trebunskaya,3,United States,California,1,9.0,0.75,10.0,0.0001492218852718958,796789.8819534961,118.898488350672
Louie Vito,9,2,19.0,6.333333333333333,3,6.0,7.0,6.0,,8,6.0,False,Athlete,Sports,21,≤25,Chelsie Hightower,1,United States,Ohio,1,9.0,0.75,10.0,0.0001492218852718958,796789.8819534961,118.898488350672
Kelly Osbourne,9,2,19.0,6.333333333333333,3,6.0,7.0,6.0,,3,,False,TV Personality,Media,24,≤25,Louis van Amstel,4,England,Unknown,0,9.0,0.75,10.0,0.0001492218852718958,796789.8819534961,118.898488350672
Melissa Joan Hart,9,2,19.0,6.333333333333333,3,7.0,6.0,6.0,,9,6.0,False,Actor/Actress,Entertainment,33,26-35,Mark Ballas,4,United States,New York,1,9.0,0.75,10.0,0.0001492218852718958,796789.8819534961,118.898488350672
Kathy Ireland,9,2,18.0,6.0,3,6.0,6.0,6.0,,14,2.0,True,Model,Model,46,46-55,Tony Dovolani,7,United States,California,1,13.0,0.9642857142857144,10.0,1.0000000000062585e-08,796789.8819534961,0.007967898819584828
Mya,9,3,27.0,9.0,3,10.0,7.0,10.0,,2,,False,Singer/Rapper,Entertainment,29,26-35,Dmitry Chaplin,1,United States,Washington D.C.,1,1.0,0.0769230769230769,10.0,0.5341970403630049,858081.4113345343,458384.5503254184
Michael Irvin,9,3,14.0,4.666666666666667,3,5.0,4.0,5.0,,7,7.0,False,Athlete,Sports,43,36-45,Anna Demidova,0,United States,Florida,1,13.0,1.0,10.0,0.23096924076923106,858081.4113345343,198190.41209412765
Tom DeLay,9,3,15.0,5.0,3,6.0,4.0,5.0,,13,-1.0,False,Politician,Other,62,>55,Cheryl Burke,7,United States,Texas,1,12.0,0.9230769230769232,10.0,0.15404616384615374,858081.4113345343,132184.14968377852
Natalie Coughlin,9,3,26.0,8.666666666666666,3,9.0,8.0,9.0,,10,5.0,False,Athlete,Sports,27,26-35,Alec Mazo,4,United States,California,1,2.0,0.1538461538461538,10.0,0.08058746502161049,858081.4113345343,69150.60572161594
Chuck Liddell,9,3,17.0,5.666666666666667,3,6.0,5.0,6.0,,11,4.0,False,Athlete,Sports,39,36-45,Anna Trebunskaya,3,United States,California,1,10.0,0.8076923076923077,10.0,0.00020000999999966715,858081.4113345343,171.6248630807346
Mark Dacascos,9,3,18.0,6.0,3,6.0,6.0,6.0,,6,7.0,False,Actor/Actress,Entertainment,45,36-45,Lacey Schwimmer,2,United States,Hawaii,1,9.0,0.6923076923076923,10.0,1.000000008294984e-08,858081.4113345343,0.00858081418452306
Donny Osmond,9,3,21.0,7.0,3,7.0,7.0,7.0,,1,,False,Singer/Rapper,Entertainment,51,46-55,Kym Johnson,6,United States,Utah,1,4.0,0.3461538461538461,10.0,1.0000000032900358e-08,858081.4113345343,0.008580814141576529
Louie Vito,9,3,20.0,6.666666666666667,3,8.0,5.0,7.0,,8,6.0,False,Athlete,Sports,21,≤25,Chelsie Hightower,1,United States,Ohio,1,6.0,0.5,10.0,1.000000002357622e-08,858081.4113345343,0.008580814133575658
Debi Mazar,9,3,17.0,5.666666666666667,3,6.0,5.0,6.0,,12,3.0,True,Actor/Actress,Entertainment,45,36-45,Maksim Chmerkoskiy,6,United States,New York,1,10.0,0.8076923076923077,10.0,1.0000000008363508e-08,858081.4113345343,0.008580814120521913
Kelly Osbourne,9,3,20.0,6.666666666666667,3,7.0,6.0,7.0,,3,,False,TV Personality,Media,24,≤25,Louis van Amstel,4,England,Unknown,0,6.0,0.5,10.0,1.0000000000049032e-08,858081.4113345343,0.008580814113387417
Joanna Krupa,9,3,23.0,7.666666666666667,3,7.0,8.0,8.0,,4,9.0,False,Model,Model,30,26-35,Derek Hough,4,Poland,Unknown,0,3.0,0.2307692307692307,10.0,1e-08,858081.4113345343,0.008580814113345343
Aaron Carter,9,3,21.0,7.0,3,8.0,6.0,7.0,,5,8.0,False,Singer/Rapper,Entertainment,21,≤25,Karina Smirnoff,6,United States,Florida,1,4.0,0.3461538461538461,10.0,1e-08,858081.4113345343,0.008580814113345343
Melissa Joan Hart,9,3,19.0,6.333333333333333,3,6.0,6.0,7.0,,9,6.0,False,Actor/Actress,Entertainment,33,26-35,Mark Ballas,4,United States,New York,1,8.0,0.6153846153846154,10.0,1e-08,858081.4113345343,0.008580814113345343
Mya,9,4,28.0,9.333333333333334,3,10.0,8.0,10.0,,2,,False,Singer/Rapper,Entertainment,29,26-35,Dmitry Chaplin,1,United States,Washington D.C.,1,1.0,0.1363636363636363,10.0,0.40977991869949454,919372.9407155724,376740.5689009425
Melissa Joan Hart,9,4,28.0,9.333333333333334,3,9.0,9.0,10.0,,9,6.0,False,Actor/Actress,Entertainment,33,26-35,Mark Ballas,4,United States,New York,1,1.0,0.1363636363636363,10.0,0.40977991869949454,919372.9407155724,376740.5689009425
Michael Irvin,9,4,16.0,5.333333333333333,3,5.0,6.0,5.0,,7,7.0,False,Athlete,Sports,43,36-45,Anna Demidova,0,United States,Florida,1,10.0,0.9545454545454546,10.0,0.08353334333333336,919372.9407155724,76798.29550817025
Louie Vito,9,4,16.0,5.333333333333333,3,5.0,5.0,6.0,,8,6.0,False,Athlete,Sports,21,≤25,Chelsie Hightower,1,United States,Ohio,1,10.0,0.9545454545454546,10.0,0.08353334333333333,919372.9407155724,76798.29550817022
Joanna Krupa,9,4,26.0,8.666666666666666,3,9.0,8.0,9.0,,4,9.0,False,Model,Model,30,26-35,Derek Hough,4,Poland,Unknown,0,3.0,0.2727272727272727,10.0,0.013373415934343965,919372.9407155724,12295.156734970305
Chuck Liddell,9,4,17.0,5.666666666666667,3,6.0,5.0,6.0,,11,4.0,True,Athlete,Sports,39,36-45,Anna Trebunskaya,3,United States,California,1,9.0,0.8181818181818182,10.0,1.0000000068889089e-08,919372.9407155724,0.009193729470490488
Aaron Carter,9,4,18.0,6.0,3,6.0,6.0,6.0,,5,8.0,False,Singer/Rapper,Entertainment,21,≤25,Karina Smirnoff,6,United States,Florida,1,8.0,0.7272727272727273,10.0,1.0000000000001593e-08,919372.9407155724,0.00919372940715719
Natalie Coughlin,9,4,24.0,8.0,3,8.0,8.0,8.0,,10,5.0,False,Athlete,Sports,27,26-35,Alec Mazo,4,United States,California,1,4.0,0.4090909090909091,10.0,9.999999999999995e-09,919372.9407155724,0.00919372940715572
Donny Osmond,9,4,24.0,8.0,3,8.0,8.0,8.0,,1,,False,Singer/Rapper,Entertainment,51,46-55,Kym Johnson,6,United States,Utah,1,4.0,0.4090909090909091,10.0,9.999999999999995e-09,919372.9407155724,0.00919372940715572
Mark Dacascos,9,4,22.0,7.333333333333333,3,8.0,7.0,7.0,,6,7.0,False,Actor/Actress,Entertainment,45,36-45,Lacey Schwimmer,2,United States,Hawaii,1,7.0,0.6363636363636364,10.0,9.999999999999995e-09,919372.9407155724,0.00919372940715572
Kelly Osbourne,9,4,23.0,7.666666666666667,3,8.0,7.0,8.0,,3,,False,TV Personality,Media,24,≤25,Louis van Amstel,4,England,Unknown,0,6.0,0.5454545454545454,10.0,9.999999999999995e-09,919372.9407155724,0.00919372940715572
Donny Osmond,9,5,29.0,9.666666666666666,3,10.0,9.0,10.0,,1,,False,Singer/Rapper,Entertainment,51,46-55,Kym Johnson,6,United States,Utah,1,1.0,0.1,10.0,0.7915102768332394,980664.4700966106,776206.0062066902
Michael Irvin,9,5,21.0,7.0,3,7.0,7.0,7.0,,7,7.0,False,Athlete,Sports,43,36-45,Anna Demidova,0,United States,Florida,1,10.0,1.0,10.0,0.12520000999999986,980664.4700966106,122779.20146274021
Mya,9,5,27.0,9.0,3,9.0,9.0,9.0,,2,,False,Singer/Rapper,Entertainment,29,26-35,Dmitry Chaplin,1,United States,Washington D.C.,1,2.0,0.2,10.0,0.07689608320325943,980664.4700966106,75409.25668702928
Mark Dacascos,9,5,26.0,8.666666666666666,3,9.0,9.0,8.0,,6,7.0,False,Actor/Actress,Entertainment,45,36-45,Lacey Schwimmer,2,United States,Hawaii,1,3.0,0.3,10.0,0.006193569963501204,980664.4700966106,6073.814006263192
Louie Vito,9,5,22.0,7.333333333333333,3,7.0,8.0,7.0,,8,6.0,False,Athlete,Sports,21,≤25,Chelsie Hightower,1,United States,Ohio,1,8.0,0.85,10.0,0.0002000099999999604,980664.4700966106,196.14270066398424
Natalie Coughlin,9,5,22.0,7.333333333333333,3,7.0,8.0,7.0,,10,5.0,True,Athlete,Sports,27,26-35,Alec Mazo,4,United States,California,1,8.0,0.85,10.0,1.0000000010565792e-08,980664.4700966106,0.009806644711327603
Joanna Krupa,9,5,24.0,8.0,3,8.0,8.0,8.0,,4,9.0,False,Model,Model,30,26-35,Derek Hough,4,Poland,Unknown,0,4.0,0.5,10.0,1.0000000006879504e-08,980664.4700966106,0.009806644707712591
Aaron Carter,9,5,24.0,8.0,3,8.0,8.0,8.0,,5,8.0,False,Singer/Rapper,Entertainment,21,≤25,Karina Smirnoff,6,United States,Florida,1,4.0,0.5,10.0,1.0000000001675334e-08,980664.4700966106,0.009806644702609047
Kelly Osbourne,9,5,24.0,8.0,3,8.0,8.0,8.0,,3,,False,TV Personality,Media,24,≤25,Louis van Amstel,4,England,Unknown,0,4.0,0.5,10.0,1.0000000000807972e-08,980664.4700966106,0.009806644701758455
Melissa Joan Hart,9,5,23.0,7.666666666666667,3,8.0,8.0,7.0,,9,6.0,False,Actor/Actress,Entertainment,33,26-35,Mark Ballas,4,United States,New York,1,7.0,0.7,10.0,9.999999999999999e-09,980664.4700966106,0.009806644700966104
Joanna Krupa,9,6,35.9999,11.999966666666666,3,11.3333,12.3333,12.3333,,4,9.0,False,Model,Model,30,26-35,Derek Hough,4,Poland,Unknown,0,1.0,0.1111111111111111,10.0,0.8489028642038248,1041955.9994776486,884519.4323309349
Michael Irvin,9,6,21.9998,7.333266666666667,3,6.6666,8.6666,6.6666,,7,7.0,False,Athlete,Sports,43,36-45,Anna Demidova,0,United States,Florida,1,9.0,1.0,10.0,0.14307041806851375,1041955.9994776486,149073.08045426328
Mya,9,6,33.0,11.0,3,11.0,10.0,12.0,,2,,False,Singer/Rapper,Entertainment,29,26-35,Dmitry Chaplin,1,United States,Washington D.C.,1,2.0,0.2222222222222222,10.0,0.004017760721379222,1041955.9994776486,4186.329888106727
Aaron Carter,9,6,32.9998,10.999933333333331,3,10.6666,11.6666,10.6666,,5,8.0,False,Singer/Rapper,Entertainment,21,≤25,Karina Smirnoff,6,United States,Florida,1,3.0,0.3333333333333333,10.0,0.0040089070062821475,1041955.9994776486,4177.104706543663
Louie Vito,9,6,24.0,8.0,3,8.0,8.0,8.0,,8,6.0,True,Athlete,Sports,21,≤25,Chelsie Hightower,1,United States,Ohio,1,7.0,0.7777777777777778,10.0,1.0000000050454269e-08,1041955.9994776486,0.010419560047347615
Mark Dacascos,9,6,32.0,10.666666666666666,3,11.0,11.0,10.0,,6,7.0,False,Actor/Actress,Entertainment,45,36-45,Lacey Schwimmer,2,United States,Hawaii,1,4.0,0.4444444444444444,10.0,1.0000000015553123e-08,1041955.9994776486,0.010419560010982156
Kelly Osbourne,9,6,24.9998,8.333266666666667,3,8.6666,7.6666,8.6666,,3,,False,TV Personality,Media,24,≤25,Louis van Amstel,4,England,Unknown,0,6.0,0.6666666666666666,10.0,1.0000000010392999e-08,1041955.9994776486,0.010419560005605533
Donny Osmond,9,6,30.9999,10.3333,3,10.3333,10.3333,10.3333,,1,,False,Singer/Rapper,Entertainment,51,46-55,Kym Johnson,6,United States,Utah,1,5.0,0.5555555555555556,10.0,1e-08,1041955.9994776486,0.010419559994776487
Melissa Joan Hart,9,6,23.9999,7.999966666666666,3,8.3333,8.3333,7.3333,,9,6.0,True,Actor/Actress,Entertainment,33,26-35,Mark Ballas,4,United States,New York,1,8.0,0.8888888888888888,10.0,1e-08,1041955.9994776486,0.010419559994776487
Joanna Krupa,9,7,27.5,9.166666666666666,3,9.0,9.0,9.5,,4,9.0,False,Model,Model,30,26-35,Derek Hough,4,Poland,Unknown,0,1.0,0.1428571428571428,10.0,0.5305824484332196,1103247.5288586868,585363.7750897411
Aaron Carter,9,7,26.5,8.833333333333334,3,8.5,9.0,9.0,,5,8.0,False,Singer/Rapper,Entertainment,21,≤25,Karina Smirnoff,6,United States,Florida,1,2.0,0.2857142857142857,10.0,0.19519037462498842,1103247.5288586868,215343.2984620198
Donny Osmond,9,7,26.0,8.666666666666666,3,8.5,8.5,9.0,,1,,False,Singer/Rapper,Entertainment,51,46-55,Kym Johnson,6,United States,Utah,1,3.0,0.5,10.0,0.11838894669085029,1103247.5288586868,130612.31288086339
Kelly Osbourne,9,7,26.0,8.666666666666666,3,8.5,8.5,9.0,,3,,False,TV Personality,Media,24,≤25,Louis van Amstel,4,England,Unknown,0,3.0,0.5,10.0,0.11838894669085029,1103247.5288586868,130612.31288086339
Mya,9,7,24.5,8.166666666666666,3,8.5,7.5,8.5,,2,,False,Singer/Rapper,Entertainment,29,26-35,Dmitry Chaplin,1,United States,Washington D.C.,1,5.0,0.7142857142857143,10.0,0.026416144634933348,1103247.5288586868,29143.546290463873
Michael Irvin,9,7,23.5,7.833333333333333,3,8.0,8.0,7.5,,7,7.0,True,Athlete,Sports,43,36-45,Anna Demidova,0,United States,Florida,1,6.0,0.8571428571428571,10.0,0.009717956526203273,1103247.5288586868,10721.31152308991
Mark Dacascos,9,7,21.5,7.166666666666667,3,7.0,7.5,7.0,,6,7.0,True,Actor/Actress,Entertainment,45,36-45,Lacey Schwimmer,2,United States,Hawaii,1,7.0,1.0,10.0,0.0013151823989548089,1103247.5288586868,1450.9717316453325
Mya,9,8,29.5,9.833333333333334,3,9.5,10.0,10.0,,2,,False,Singer/Rapper,Entertainment,29,26-35,Dmitry Chaplin,1,United States,Washington D.C.,1,1.0,0.2,10.0,0.9339413780201957,1164539.058239725,1087611.2128107497
Joanna Krupa,9,8,26.0,8.666666666666666,3,8.5,8.5,9.0,,4,9.0,False,Model,Model,30,26-35,Derek Hough,4,Poland,Unknown,0,2.0,0.4,10.0,0.028202585886044355,1164539.058239725,32843.01280765905
Kelly Osbourne,9,8,25.5,8.5,3,8.0,8.5,9.0,,3,,False,TV Personality,Media,24,≤25,Louis van Amstel,4,England,Unknown,0,3.0,0.6,10.0,0.017105733023064684,1164539.058239725,19920.29422517991
Donny Osmond,9,8,25.0,8.333333333333334,3,8.5,8.0,8.5,,1,,False,Singer/Rapper,Entertainment,51,46-55,Kym Johnson,6,United States,Utah,1,4.0,0.9,10.0,0.010475151535347603,1164539.058239725,12198.723103892107
Aaron Carter,9,8,25.0,8.333333333333334,3,8.0,8.5,8.5,,5,8.0,True,Singer/Rapper,Entertainment,21,≤25,Karina Smirnoff,6,United States,Florida,1,4.0,0.9,10.0,0.010275151535347605,1164539.058239725,11965.815292244164
Donny Osmond,9,9,24.666600000000003,8.2222,3,8.0,8.3333,8.3333,,1,,False,Singer/Rapper,Entertainment,51,46-55,Kym Johnson,6,United States,Utah,1,4.0,1.0,10.0,0.5386810752389631,1225830.5876207633,660331.7390003628
Kelly Osbourne,9,9,25.9998,8.6666,3,8.6666,8.6666,8.6666,,3,,False,TV Personality,Media,24,≤25,Louis van Amstel,4,England,Unknown,0,3.0,0.75,10.0,0.23101717013200074,1225830.5876207633,283187.91341339634
Mya,9,9,28.9999,9.666633333333332,3,9.3333,9.6666,10.0,,2,,False,Singer/Rapper,Entertainment,29,26-35,Dmitry Chaplin,1,United States,Washington D.C.,1,1.0,0.25,10.0,0.23030174462903602,1225830.5876207633,282310.9229486982
Joanna Krupa,9,9,27.0,9.0,3,9.0,9.0,9.0,,4,9.0,True,Model,Model,30,26-35,Derek Hough,4,Poland,Unknown,0,2.0,0.5,10.0,9.999999999999994e-09,1225830.5876207633,0.012258305876207626
Donny Osmond,9,10,28.9998,9.6666,3,9.6666,9.6666,9.6666,,1,,False,Singer/Rapper,Entertainment,51,46-55,Kym Johnson,6,United States,Utah,1,1.0,0.3333333333333333,10.0,0.6509022991412774,1287122.1170018013,837790.7452320607
Mya,9,10,28.3332,9.4444,3,9.4444,9.4444,9.4444,,2,,False,Singer/Rapper,Entertainment,29,26-35,Dmitry Chaplin,1,United States,Washington D.C.,1,2.0,0.6666666666666666,10.0,0.3342066628983337,1287122.1170018013,430164.7874658106
Kelly Osbourne,9,10,25.2222,8.4074,3,8.5,8.5,8.2222,,3,,False,TV Personality,Media,24,≤25,Louis van Amstel,4,England,Unknown,0,3.0,1.0,10.0,0.014891037960388924,1287122.1170018013,19166.584303929976
Nicole Scherzinger,10,1,25.0,8.333333333333334,3,9.0,7.0,9.0,,1,,False,Singer/Rapper,Entertainment,31,26-35,Derek Hough,5,United States,Hawaii,1,1.0,0.0909090909090909,10.0,0.8462917058495665,697817.0384237659,590556.7718185413
Evan Lysacek,10,1,23.0,7.666666666666667,3,8.0,7.0,8.0,,2,,False,Athlete,Sports,24,≤25,Anna Trebunskaya,4,United States,Illinois,1,2.0,0.1818181818181818,10.0,0.11453312771194721,697817.0384237659,79923.16798136196
Pamela Anderson,10,1,21.0,7.0,3,7.0,6.0,8.0,,6,7.0,False,Model,Model,42,36-45,Damian Whitewood,0,Canada,Unknown,0,3.0,0.3181818181818182,10.0,0.015500373278871507,697817.0384237659,10816.424575924993
Erin Andrews,10,1,21.0,7.0,3,7.0,7.0,7.0,,3,,False,Sports Broadcaster,Media,32,26-35,Maksim Chmerkoskiy,7,United States,Maine,1,3.0,0.3181818181818182,10.0,0.015500373278871507,697817.0384237659,10816.424575924993
Jake Pavelka,10,1,20.0,6.666666666666667,3,7.0,6.0,7.0,,7,6.0,False,TV Personality,Media,32,26-35,Chelsie Hightower,2,United States,Texas,1,5.0,0.4545454545454545,10.0,0.005702268659780007,697817.0384237659,3979.140228464341
Chad Ochocinco,10,1,18.0,6.0,3,6.0,6.0,6.0,,4,9.0,False,Athlete,Sports,32,26-35,Cheryl Burke,8,United States,Florida,1,6.0,0.6363636363636364,10.0,0.0007717181441625873,697817.0384237659,538.5180698574214
Niecy Nash,10,1,18.0,6.0,3,7.0,5.0,6.0,,5,8.0,False,Actor/Actress,Entertainment,40,36-45,Louis van Amstel,5,United States,California,1,6.0,0.6363636363636364,10.0,0.0007717181441625873,697817.0384237659,538.5180698574214
Shannen Doherty,10,1,18.0,6.0,3,6.0,6.0,6.0,,11,2.0,False,Actor/Actress,Entertainment,38,36-45,Mark Ballas,5,United States,Tennessee,1,6.0,0.6363636363636364,10.0,0.0007717181441625873,697817.0384237659,538.5180698574214
Kate Gosselin,10,1,16.0,5.333333333333333,3,6.0,5.0,5.0,,8,5.0,False,TV Personality,Media,35,26-35,Tony Dovolani,8,United States,Pennsylvania,1,9.0,0.8181818181818182,10.0,0.00010444069361907686,697817.0384237659,72.88049551218812
Aiden Turner,10,1,15.0,5.0,3,5.0,5.0,5.0,,9,4.0,False,Actor/Actress,Entertainment,32,26-35,Edyta Sliwinska,9,England,Unknown,0,10.0,0.9090909090909092,10.0,3.842158400414381e-05,697817.0384237659,26.811235961321568
Buzz Aldrin,10,1,14.0,4.666666666666667,3,5.0,4.0,5.0,,10,3.0,False,Astronaut,Other,80,>55,Ashly DelGrosso,3,United States,New Jersey,1,11.0,1.0,10.0,1.4134510852366052e-05,697817.0384237659,9.863302502566658
Nicole Scherzinger,10,2,28.0,9.333333333333334,3,10.0,8.0,10.0,,1,,False,Singer/Rapper,Entertainment,31,26-35,Derek Hough,5,United States,Hawaii,1,1.0,0.0909090909090909,10.0,0.9715840122767668,755968.4582924132,734486.8678624245
Evan Lysacek,10,2,24.0,8.0,3,8.0,8.0,8.0,,2,,False,Athlete,Sports,24,≤25,Anna Trebunskaya,4,United States,Illinois,1,2.0,0.1818181818181818,10.0,0.017795181918928735,755968.4582924132,13452.596240285582
Erin Andrews,10,2,23.0,7.666666666666667,3,8.0,7.0,8.0,,3,,False,Sports Broadcaster,Media,32,26-35,Maksim Chmerkoskiy,7,United States,Maine,1,3.0,0.2727272727272727,10.0,0.006546481579879659,755968.4582924132,4948.933587181307
Pamela Anderson,10,2,22.0,7.333333333333333,3,7.0,7.0,8.0,,6,7.0,False,Model,Model,42,36-45,Damian Whitewood,0,Canada,Unknown,0,4.0,0.3636363636363636,10.0,0.0024083159852452698,755968.4582924132,1820.6109224468405
Niecy Nash,10,2,21.0,7.0,3,7.0,7.0,7.0,,5,8.0,False,Actor/Actress,Entertainment,40,36-45,Louis van Amstel,5,United States,California,1,5.0,0.4545454545454545,10.0,0.0008859699388162813,755968.4582924132,669.7653287403679
Jake Pavelka,10,2,20.0,6.666666666666667,3,6.0,7.0,7.0,,7,6.0,False,TV Personality,Media,32,26-35,Chelsie Hightower,2,United States,Texas,1,6.0,0.5909090909090909,10.0,0.00032593012598643054,755968.4582924132,246.39289485301387
Shannen Doherty,10,2,20.0,6.666666666666667,3,7.0,6.0,7.0,,11,2.0,True,Actor/Actress,Entertainment,38,36-45,Mark Ballas,5,United States,Tennessee,1,6.0,0.5909090909090909,10.0,0.00032593012598643054,755968.4582924132,246.39289485301387
Aiden Turner,10,2,19.0,6.333333333333333,3,7.0,6.0,6.0,,9,4.0,False,Actor/Actress,Entertainment,32,26-35,Edyta Sliwinska,9,England,Unknown,0,8.0,0.7272727272727273,10.0,0.00011990299260882585,755968.4582924132,90.64288046714069
Chad Ochocinco,10,2,16.0,5.333333333333333,3,6.0,5.0,5.0,,4,9.0,False,Athlete,Sports,32,26-35,Cheryl Burke,8,United States,Florida,1,9.0,0.8181818181818182,10.0,5.969618490527098e-06,755968.4582924132,4.5128432868776525
Kate Gosselin,10,2,15.0,5.0,3,5.0,5.0,5.0,,8,5.0,False,TV Personality,Media,35,26-35,Tony Dovolani,8,United States,Pennsylvania,1,10.0,0.9090909090909092,10.0,2.1960999143018177e-06,755968.4582924132,1.6601822664708457
Buzz Aldrin,10,2,12.0,4.0,3,4.0,4.0,4.0,,10,3.0,False,Astronaut,Other,80,>55,Ashly DelGrosso,3,United States,New Jersey,1,11.0,1.0,10.0,1.0933737657600474e-07,755968.4582924132,0.08265560800389932
Evan Lysacek,10,3,26.0,8.666666666666666,3,9.0,8.0,9.0,,2,,False,Athlete,Sports,24,≤25,Anna Trebunskaya,4,United States,Illinois,1,1.0,0.1,10.0,0.8890750460959719,814119.8781610603,723813.6682036917
Nicole Scherzinger,10,3,23.0,7.666666666666667,3,8.0,6.0,9.0,,1,,False,Singer/Rapper,Entertainment,31,26-35,Derek Hough,5,United States,Hawaii,1,2.0,0.25,10.0,0.04426444010414194,814119.8781610603,36036.56058445159
Erin Andrews,10,3,23.0,7.666666666666667,3,8.0,7.0,8.0,,3,,False,Sports Broadcaster,Media,32,26-35,Maksim Chmerkoskiy,7,United States,Maine,1,2.0,0.25,10.0,0.04426444010414194,814119.8781610603,36036.56058445159
Jake Pavelka,10,3,21.0,7.0,3,7.0,7.0,7.0,,7,6.0,False,TV Personality,Media,32,26-35,Chelsie Hightower,2,United States,Texas,1,4.0,0.5,10.0,0.005990540538804127,814119.8781610603,4877.018133570108
Pamela Anderson,10,3,21.0,7.0,3,7.0,7.0,7.0,,6,7.0,False,Model,Model,42,36-45,Damian Whitewood,0,Canada,Unknown,0,4.0,0.5,10.0,0.005990540538804127,814119.8781610603,4877.018133570108
Niecy Nash,10,3,21.0,7.0,3,7.0,7.0,7.0,,5,8.0,False,Actor/Actress,Entertainment,40,36-45,Louis van Amstel,5,United States,California,1,4.0,0.5,10.0,0.005990540538804127,814119.8781610603,4877.018133570108
Chad Ochocinco,10,3,20.0,6.666666666666667,3,7.0,6.0,7.0,,4,9.0,False,Athlete,Sports,32,26-35,Cheryl Burke,8,United States,Florida,1,7.0,0.75,10.0,0.0022037967057301332,814119.8781610603,1794.154705560762
Aiden Turner,10,3,20.0,6.666666666666667,3,7.0,6.0,7.0,,9,4.0,False,Actor/Actress,Entertainment,32,26-35,Edyta Sliwinska,9,England,Unknown,0,7.0,0.75,10.0,0.0022037967057301332,814119.8781610603,1794.154705560762
Kate Gosselin,10,3,15.0,5.0,3,5.0,5.0,5.0,,8,5.0,False,TV Personality,Media,35,26-35,Tony Dovolani,8,United States,Pennsylvania,1,9.0,0.9,10.0,1.484906539996879e-05,814119.8781610603,12.088919314228209
Buzz Aldrin,10,3,13.0,4.333333333333333,3,5.0,4.0,4.0,,10,3.0,True,Astronaut,Other,80,>55,Ashly DelGrosso,3,United States,New Jersey,1,10.0,1.0,10.0,2.0096024717037615e-06,814119.8781610603,1.6360573194156318
Evan Lysacek,10,4,26.0,8.666666666666666,3,9.0,8.0,9.0,,2,,False,Athlete,Sports,24,≤25,Anna Trebunskaya,4,United States,Illinois,1,1.0,0.1111111111111111,10.0,0.6676777011636555,872271.2980297074,582396.0950595129
Nicole Scherzinger,10,4,25.0,8.333333333333334,3,8.5,8.0,8.5,,1,,False,Singer/Rapper,Entertainment,31,26-35,Derek Hough,5,United States,Hawaii,1,2.0,0.2222222222222222,10.0,0.23800018352853447,872271.2980297074,207600.72901774335
Kate Gosselin,10,4,16.0,5.333333333333333,3,5.0,5.5,5.5,,8,5.0,False,TV Personality,Media,35,26-35,Tony Dovolani,8,United States,Pennsylvania,1,9.0,1.0,10.0,0.05020000999999997,872271.2980297074,43788.027883804265
Pamela Anderson,10,4,23.5,7.833333333333333,3,7.5,7.5,8.5,,6,7.0,False,Model,Model,42,36-45,Damian Whitewood,0,Canada,Unknown,0,3.0,0.3333333333333333,10.0,0.043734319347003996,872271.2980297074,38148.191505256924
Chad Ochocinco,10,4,22.0,7.333333333333333,3,7.5,6.5,8.0,,4,9.0,False,Athlete,Sports,32,26-35,Cheryl Burke,8,United States,Florida,1,4.0,0.4444444444444444,10.0,0.00038774596080597644,872271.2980297074,338.2196725380051
Erin Andrews,10,4,19.5,6.5,3,6.5,6.5,6.5,,3,,False,Sports Broadcaster,Media,32,26-35,Maksim Chmerkoskiy,7,United States,Maine,1,5.0,0.5555555555555556,10.0,1.0000000005578462e-08,872271.2980297074,0.008722712985163006
Niecy Nash,10,4,18.0,6.0,3,6.0,6.0,6.0,,5,8.0,False,Actor/Actress,Entertainment,40,36-45,Louis van Amstel,5,United States,California,1,7.0,0.7777777777777778,10.0,1.000000000492794e-08,872271.2980297074,0.008722712984595574
Jake Pavelka,10,4,19.0,6.333333333333333,3,6.5,6.5,6.0,,7,6.0,False,TV Personality,Media,32,26-35,Chelsie Hightower,2,United States,Texas,1,6.0,0.6666666666666666,10.0,1.0000000001350073e-08,872271.2980297074,0.008722712981474704
Aiden Turner,10,4,16.5,5.5,3,5.5,5.5,5.5,,9,4.0,True,Actor/Actress,Entertainment,32,26-35,Edyta Sliwinska,9,England,Unknown,0,8.0,0.8888888888888888,10.0,1.0000000000001597e-08,872271.2980297074,0.008722712980298466
Nicole Scherzinger,10,5,29.0,9.666666666666666,3,10.0,9.0,10.0,,1,,False,Singer/Rapper,Entertainment,31,26-35,Derek Hough,5,United States,Hawaii,1,1.0,0.125,10.0,0.8778894299011728,930422.7178983546,816808.2693828862
Evan Lysacek,10,5,27.0,9.0,3,9.0,9.0,9.0,,2,,False,Athlete,Sports,24,≤25,Anna Trebunskaya,4,United States,Illinois,1,2.0,0.25,10.0,0.11880941464610367,930422.7178983546,110542.97848694037
Jake Pavelka,10,5,23.0,7.666666666666667,3,8.0,7.0,8.0,,7,6.0,False,TV Personality,Media,32,26-35,Chelsie Hightower,2,United States,Texas,1,3.0,0.375,10.0,0.002176070335239921,930422.7178983546,2024.6652756519109
Erin Andrews,10,5,22.0,7.333333333333333,3,7.0,7.0,8.0,,3,,False,Sports Broadcaster,Media,32,26-35,Maksim Chmerkoskiy,7,United States,Maine,1,4.0,0.5,10.0,0.0008005315388778151,930422.7178983546,744.8327301660491
Pamela Anderson,10,5,21.0,7.0,3,7.0,6.0,8.0,,6,7.0,False,Model,Model,42,36-45,Damian Whitewood,0,Canada,Unknown,0,5.0,0.625,10.0,0.0002944990951624854,930422.7178983546,274.00864853968585
Chad Ochocinco,10,5,18.0,6.0,3,6.0,6.0,6.0,,4,9.0,False,Athlete,Sports,32,26-35,Cheryl Burke,8,United States,Florida,1,6.0,0.8125,10.0,1.466224658512873e-05,930422.7178983546,13.642087318231342
Niecy Nash,10,5,18.0,6.0,3,6.0,6.0,6.0,,5,8.0,False,Actor/Actress,Entertainment,40,36-45,Louis van Amstel,5,United States,California,1,6.0,0.8125,10.0,1.466224658512873e-05,930422.7178983546,13.642087318231342
Kate Gosselin,10,5,15.0,5.0,3,5.0,5.0,5.0,,8,5.0,True,TV Personality,Media,35,26-35,Tony Dovolani,8,United States,Pennsylvania,1,8.0,1.0,10.0,7.299902731602837e-07,930422.7178983546,0.6791995339931535
Nicole Scherzinger,10,6,35.9999,11.999966666666666,3,12.3333,10.3333,13.3333,,1,,False,Singer/Rapper,Entertainment,31,26-35,Derek Hough,5,United States,Hawaii,1,1.0,0.1428571428571428,10.0,0.8735525762379576,988574.1377670016,863571.4848485818
Erin Andrews,10,6,34.0,11.333333333333334,3,12.0,10.0,12.0,,3,,False,Sports Broadcaster,Media,32,26-35,Maksim Chmerkoskiy,7,United States,Maine,1,2.0,0.2857142857142857,10.0,0.11823430816690192,988574.1377670016,116883.37925057302
Chad Ochocinco,10,6,30.9999,10.3333,3,10.3333,10.3333,10.3333,,4,9.0,False,Athlete,Sports,32,26-35,Cheryl Burke,8,United States,Florida,1,3.0,0.4285714285714285,10.0,0.005885950959605946,988574.1377670016,5818.698894831304
Pamela Anderson,10,6,29.9998,9.999933333333331,3,9.6666,9.6666,10.6666,,6,7.0,False,Model,Model,42,36-45,Damian Whitewood,0,Canada,Unknown,0,4.0,0.5714285714285714,10.0,0.002165103828573613,988574.1377670016,2140.365650508194
Evan Lysacek,10,6,27.0,9.0,3,9.0,9.0,9.0,,2,,False,Athlete,Sports,24,≤25,Anna Trebunskaya,4,United States,Illinois,1,5.0,0.7142857142857143,10.0,0.00010781573332721292,988574.1377670016,106.58384561166649
Niecy Nash,10,6,25.9998,8.6666,3,8.6666,8.6666,8.6666,,5,8.0,False,Actor/Actress,Entertainment,40,36-45,Louis van Amstel,5,United States,California,1,6.0,0.8571428571428571,10.0,3.965525988077013e-05,988574.1377670016,39.2021643445587
Jake Pavelka,10,6,24.9999,8.3333,3,8.3333,8.3333,8.3333,,7,6.0,True,TV Personality,Media,32,26-35,Chelsie Hightower,2,United States,Texas,1,7.0,1.0,10.0,1.458981375287468e-05,988574.1377670016,14.423112550929229
Niecy Nash,10,7,24.5,8.166666666666666,3,8.5,8.0,8.0,,5,8.0,False,Actor/Actress,Entertainment,40,36-45,Louis van Amstel,5,United States,California,1,6.0,1.0,10.0,0.40020001000000016,1046725.5576356489,418899.5786330424
Evan Lysacek,10,7,27.0,9.0,3,9.0,9.0,9.0,,2,,False,Athlete,Sports,24,≤25,Anna Trebunskaya,4,United States,Illinois,1,1.0,0.25,10.0,0.27157301422272706,1046725.5576356489,284262.414751078
Nicole Scherzinger,10,7,27.0,9.0,3,9.0,9.0,9.0,,1,,False,Singer/Rapper,Entertainment,31,26-35,Derek Hough,5,United States,Hawaii,1,1.0,0.25,10.0,0.27157301422272706,1046725.5576356489,284262.414751078
Chad Ochocinco,10,7,26.0,8.666666666666666,3,8.5,9.0,8.5,,4,9.0,False,Athlete,Sports,32,26-35,Cheryl Burke,8,United States,Florida,1,3.0,0.5,10.0,0.053316279614728554,1046725.5576356489,55807.51251078492
Erin Andrews,10,7,25.5,8.5,3,8.5,8.5,8.5,,3,,False,Sports Broadcaster,Media,32,26-35,Maksim Chmerkoskiy,7,United States,Maine,1,4.0,0.75,10.0,0.0033376719398171134,1046725.5576356489,3493.626522409926
Pamela Anderson,10,7,25.5,8.5,3,8.5,8.5,8.5,,6,7.0,True,Model,Model,42,36-45,Damian Whitewood,0,Canada,Unknown,0,4.0,0.75,10.0,1e-08,1046725.5576356489,0.010467255576356489
Nicole Scherzinger,10,8,29.5,9.833333333333334,3,10.0,9.5,10.0,,1,,False,Singer/Rapper,Entertainment,31,26-35,Derek Hough,5,United States,Hawaii,1,1.0,0.2,10.0,0.9084125055340961,1104876.9775042958,1003684.0634416165
Evan Lysacek,10,8,26.5,8.833333333333334,3,9.0,8.5,9.0,,2,,False,Athlete,Sports,24,≤25,Anna Trebunskaya,4,United States,Illinois,1,2.0,0.5,10.0,0.04522719551924863,1104876.9775042958,49970.487086303256
Erin Andrews,10,8,26.5,8.833333333333334,3,8.5,9.0,9.0,,3,,False,Sports Broadcaster,Media,32,26-35,Maksim Chmerkoskiy,7,United States,Maine,1,2.0,0.5,10.0,0.04522719551924863,1104876.9775042958,49970.487086303256
Chad Ochocinco,10,8,22.5,7.5,3,7.5,7.5,7.5,,4,9.0,False,Athlete,Sports,32,26-35,Cheryl Burke,8,United States,Florida,1,4.0,0.8,10.0,0.0008283649810807345,1104876.9775042958,915.2413965668851
Niecy Nash,10,8,21.5,7.166666666666667,3,7.0,7.0,7.5,,5,8.0,True,Actor/Actress,Entertainment,40,36-45,Louis van Amstel,5,United States,California,1,5.0,1.0,10.0,0.000304738446325973,1104876.9775042958,336.6984935059961
Evan Lysacek,10,9,29.5,9.833333333333334,3,10.0,9.5,10.0,,2,,False,Athlete,Sports,24,≤25,Anna Trebunskaya,4,United States,Illinois,1,1.0,0.375,10.0,0.44378812252716016,1163028.3973729433,516138.1889159105
Nicole Scherzinger,10,9,29.5,9.833333333333334,3,10.0,9.5,10.0,,1,,False,Singer/Rapper,Entertainment,31,26-35,Derek Hough,5,United States,Hawaii,1,1.0,0.375,10.0,0.44378812252716016,1163028.3973729433,516138.1889159105
Erin Andrews,10,9,28.0,9.333333333333334,3,9.5,9.0,9.5,,3,,False,Sports Broadcaster,Media,32,26-35,Maksim Chmerkoskiy,7,United States,Maine,1,3.0,0.75,10.0,0.09902251485145624,1163028.3973729433,115165.99675152764
Chad Ochocinco,10,9,26.0,8.666666666666666,3,8.5,8.5,9.0,,4,9.0,True,Athlete,Sports,32,26-35,Cheryl Burke,8,United States,Florida,1,4.0,1.0,10.0,0.013401240094223518,1163028.3973729433,15586.02278959481
Nicole Scherzinger,10,10,28.7777,9.592566666666666,3,9.5,9.5,9.7777,,1,,False,Singer/Rapper,Entertainment,31,26-35,Derek Hough,5,United States,Hawaii,1,1.0,0.3333333333333333,10.0,0.7574520314063017,1221179.8172415902,924985.1332820187
Erin Andrews,10,10,26.9998,8.999933333333333,3,9.2222,8.8888,8.8888,,3,,False,Sports Broadcaster,Media,32,26-35,Maksim Chmerkoskiy,7,United States,Maine,1,2.0,0.6666666666666666,10.0,0.1280038332199728,1221179.8172415902,156315.6976577894
Evan Lysacek,10,10,26.8887,8.9629,3,9.3333,8.7777,8.7777,,2,,False,Athlete,Sports,24,≤25,Anna Trebunskaya,4,United States,Illinois,1,3.0,1.0,10.0,0.11454413537372561,1221179.8172415902,139878.98630178222
Jennifer Grey,11,1,24.0,8.0,3,8.0,8.0,8.0,,1,,False,Actor/Actress,Entertainment,50,46-55,Derek Hough,6,United States,New York,1,1.0,0.0833333333333333,10.0,0.5290125526967807,728675.6258091158,385478.5528972045
Kyle Massey,11,1,23.0,7.666666666666667,3,8.0,7.0,8.0,,2,,False,Actor/Actress,Entertainment,19,≤25,Lacey Schwimmer,3,United States,Georgia,1,2.0,0.2083333333333333,10.0,0.1945985025621126,728675.6258091158,141799.18563596424
Brandy,11,1,23.0,7.666666666666667,3,7.0,8.0,8.0,,4,9.0,False,Singer/Rapper,Entertainment,31,26-35,Maksim Chmerkoskiy,8,United States,Mississippi,1,2.0,0.2083333333333333,10.0,0.1945985025621126,728675.6258091158,141799.18563596424
Rick Fox,11,1,22.0,7.333333333333333,3,8.0,7.0,7.0,,6,7.0,False,Athlete,Sports,41,36-45,Cheryl Burke,9,Canada,Unknown,0,4.0,0.3333333333333333,10.0,0.07157444867869223,728675.6258091158,52154.556182888504
Kurt Warner,11,1,19.0,6.333333333333333,3,7.0,5.0,7.0,,5,8.0,False,Athlete,Sports,39,36-45,Anna Trebunskaya,5,United States,Iowa,1,5.0,0.4583333333333333,10.0,0.0035419263265994818,728675.6258091158,2580.91538260466
Audrina Patridge,11,1,19.0,6.333333333333333,3,6.0,7.0,6.0,,7,6.0,False,TV Personality,Media,25,≤25,Tony Dovolani,9,United States,California,1,5.0,0.4583333333333333,10.0,0.0035419263265994818,728675.6258091158,2580.91538260466
Florence Henderson,11,1,18.0,6.0,3,6.0,6.0,6.0,,8,5.0,False,Actor/Actress,Entertainment,76,>55,Corky Ballas,1,United States,Indiana,1,7.0,0.625,10.0,0.001288662181042578,728675.6258091158,939.0167212277406
Bristol Palin,11,1,18.0,6.0,3,6.0,6.0,6.0,,3,,False,TV Personality,Media,19,≤25,Mark Ballas,6,United States,Alaska,1,7.0,0.625,10.0,0.001288662181042578,728675.6258091158,939.0167212277406
The Situation,11,1,15.0,5.0,3,5.0,5.0,5.0,,9,4.0,False,TV Personality,Media,28,26-35,Karina Smirnoff,7,United States,New York,1,10.0,0.9166666666666666,10.0,0.00020001,728675.6258091158,145.74241191808125
Margaret Cho,11,1,15.0,5.0,3,5.0,5.0,5.0,,10,3.0,False,Comedian,Entertainment,41,36-45,Louis van Amstel,6,United States,California,1,10.0,0.9166666666666666,10.0,0.00020001,728675.6258091158,145.74241191808125
Michael Bolton,11,1,16.0,5.333333333333333,3,6.0,5.0,5.0,,11,2.0,False,Singer/Rapper,Entertainment,57,>55,Chelsie Hightower,3,United States,Connecticut,1,9.0,0.75,10.0,0.000154786485017609,728675.6258091158,112.78913883699957
David Hasselhoff,11,1,15.0,5.0,3,5.0,5.0,5.0,,12,1.0,True,Actor/Actress,Entertainment,58,>55,Kym Johnson,7,United States,Maryland,1,10.0,0.9166666666666666,10.0,1.0000000000008373e-08,728675.6258091158,0.007286756258097259
Jennifer Grey,11,2,24.0,8.0,3,8.0,8.0,8.0,,1,,False,Actor/Actress,Entertainment,50,46-55,Derek Hough,6,United States,New York,1,1.0,0.0909090909090909,10.0,0.5556750848741773,789398.5946265423,438649.1310686601
Audrina Patridge,11,2,23.0,7.666666666666667,3,8.0,8.0,7.0,,7,6.0,False,TV Personality,Media,25,≤25,Tony Dovolani,9,United States,California,1,2.0,0.1818181818181818,10.0,0.20442143969640614,789398.5946265423,161369.99720787746
Kyle Massey,11,2,22.0,7.333333333333333,3,8.0,7.0,7.0,,2,,False,Actor/Actress,Entertainment,19,≤25,Lacey Schwimmer,3,United States,Georgia,1,3.0,0.3181818181818182,10.0,0.07520244499897559,789398.5946265423,59364.70439467118
Bristol Palin,11,2,22.0,7.333333333333333,3,7.0,8.0,7.0,,3,,False,TV Personality,Media,19,≤25,Mark Ballas,6,United States,Alaska,1,3.0,0.3181818181818182,10.0,0.07520244499897559,789398.5946265423,59364.70439467118
Kurt Warner,11,2,21.0,7.0,3,7.0,7.0,7.0,,5,8.0,False,Athlete,Sports,39,36-45,Anna Trebunskaya,5,United States,Iowa,1,5.0,0.5454545454545454,10.0,0.027665433440949263,789398.5946265423,21839.054278019496
Rick Fox,11,2,21.0,7.0,3,7.0,7.0,7.0,,6,7.0,False,Athlete,Sports,41,36-45,Cheryl Burke,9,Canada,Unknown,0,5.0,0.5454545454545454,10.0,0.027665433440949263,789398.5946265423,21839.054278019496
Brandy,11,2,21.0,7.0,3,7.0,7.0,7.0,,4,9.0,False,Singer/Rapper,Entertainment,31,26-35,Maksim Chmerkoskiy,8,United States,Mississippi,1,5.0,0.5454545454545454,10.0,0.027665433440949263,789398.5946265423,21839.054278019496
Florence Henderson,11,2,19.0,6.333333333333333,3,7.0,6.0,6.0,,8,5.0,False,Actor/Actress,Entertainment,76,>55,Corky Ballas,1,United States,Indiana,1,8.0,0.7272727272727273,10.0,0.003744109270594525,789398.5946265423,2955.594596335526
The Situation,11,2,18.0,6.0,3,6.0,6.0,6.0,,9,4.0,False,TV Personality,Media,28,26-35,Karina Smirnoff,7,United States,New York,1,9.0,0.8636363636363636,10.0,0.0013773808261511305,789398.5946265423,1087.3024884292481
Margaret Cho,11,2,18.0,6.0,3,6.0,6.0,6.0,,10,3.0,False,Comedian,Entertainment,41,36-45,Louis van Amstel,6,United States,California,1,9.0,0.8636363636363636,10.0,0.0013773808261511305,789398.5946265423,1087.3024884292481
Michael Bolton,11,2,12.0,4.0,3,4.0,5.0,3.0,,11,2.0,True,Singer/Rapper,Entertainment,57,>55,Chelsie Hightower,3,United States,Connecticut,1,11.0,1.0,10.0,3.4141857209206216e-06,789398.5946265423,2.695153409888747
Audrina Patridge,11,3,26.0,8.666666666666666,3,8.0,9.0,9.0,,7,6.0,False,TV Personality,Media,25,≤25,Tony Dovolani,9,United States,California,1,1.0,0.1,10.0,0.6614697915927094,850121.5634439685,562329.7333997501
Rick Fox,11,3,24.0,8.0,3,8.0,8.0,8.0,,6,7.0,False,Athlete,Sports,41,36-45,Cheryl Burke,9,Canada,Unknown,0,2.0,0.3,10.0,0.0895202015976625,850121.5634439685,76103.05374202409
Jennifer Grey,11,3,24.0,8.0,3,8.0,8.0,8.0,,1,,False,Actor/Actress,Entertainment,50,46-55,Derek Hough,6,United States,New York,1,2.0,0.3,10.0,0.0895202015976625,850121.5634439685,76103.05374202409
Brandy,11,3,24.0,8.0,3,8.0,8.0,8.0,,4,9.0,False,Singer/Rapper,Entertainment,31,26-35,Maksim Chmerkoskiy,8,United States,Mississippi,1,2.0,0.3,10.0,0.0895202015976625,850121.5634439685,76103.05374202409
Kurt Warner,11,3,23.0,7.666666666666667,3,8.0,8.0,7.0,,5,8.0,False,Athlete,Sports,39,36-45,Anna Trebunskaya,5,United States,Iowa,1,5.0,0.55,10.0,0.03293264173730294,850121.5634439685,27996.74888205607
Kyle Massey,11,3,23.0,7.666666666666667,3,8.0,7.0,8.0,,2,,False,Actor/Actress,Entertainment,19,≤25,Lacey Schwimmer,3,United States,Georgia,1,5.0,0.55,10.0,0.03293264173730294,850121.5634439685,27996.74888205607
Florence Henderson,11,3,20.0,6.666666666666667,3,7.0,6.0,7.0,,8,5.0,False,Actor/Actress,Entertainment,76,>55,Corky Ballas,1,United States,Indiana,1,7.0,0.75,10.0,0.001639619685709471,850121.5634439685,1393.8760506688436
The Situation,11,3,20.0,6.666666666666667,3,7.0,6.0,7.0,,9,4.0,False,TV Personality,Media,28,26-35,Karina Smirnoff,7,United States,New York,1,7.0,0.75,10.0,0.001639619685709471,850121.5634439685,1393.8760506688436
Bristol Palin,11,3,19.0,6.333333333333333,3,6.0,6.0,7.0,,3,,False,TV Personality,Media,19,≤25,Mark Ballas,6,United States,Alaska,1,9.0,0.9,10.0,0.000603182373712496,850121.5634439685,512.7783425823112
Margaret Cho,11,3,18.0,6.0,3,6.0,6.0,6.0,,10,3.0,True,Comedian,Entertainment,41,36-45,Louis van Amstel,6,United States,California,1,10.0,1.0,10.0,0.00022189839456581713,850121.5634439685,188.6406101139991
Jennifer Grey,11,4,28.0,9.333333333333334,3,9.5,9.0,9.5,,1,,False,Actor/Actress,Entertainment,50,46-55,Derek Hough,6,United States,New York,1,1.0,0.1111111111111111,10.0,0.9749974284378996,910844.5322613948,888071.0766615814
Brandy,11,4,24.0,8.0,3,8.0,8.0,8.0,,4,9.0,False,Singer/Rapper,Entertainment,31,26-35,Maksim Chmerkoskiy,8,United States,Mississippi,1,2.0,0.2222222222222222,10.0,0.017857700816713014,910844.5322613948,16265.589147662893
Audrina Patridge,11,4,23.0,7.666666666666667,3,8.0,7.5,7.5,,7,6.0,False,TV Personality,Media,25,≤25,Tony Dovolani,9,United States,California,1,3.0,0.3333333333333333,10.0,0.006569480997059193,910844.5322613948,5983.775845966502
Kyle Massey,11,4,20.0,6.666666666666667,3,7.0,6.5,6.5,,2,,False,Actor/Actress,Entertainment,19,≤25,Lacey Schwimmer,3,United States,Georgia,1,4.0,0.4444444444444444,10.0,0.00032707519954196907,910844.5322613948,297.91465714110717
Rick Fox,11,4,19.5,6.5,3,6.0,7.0,6.5,,6,7.0,False,Athlete,Sports,41,36-45,Cheryl Burke,9,Canada,Unknown,0,5.0,0.5555555555555556,10.0,0.0001983811365538317,910844.5322613948,180.6943735338587
Florence Henderson,11,4,17.5,5.833333333333333,3,6.0,6.0,5.5,,8,5.0,False,Actor/Actress,Entertainment,76,>55,Corky Ballas,1,United States,Indiana,1,6.0,0.6666666666666666,10.0,2.684796730431395e-05,910844.5322613948,24.45432422146706
Kurt Warner,11,4,17.0,5.666666666666667,3,6.0,5.5,5.5,,5,8.0,False,Athlete,Sports,39,36-45,Anna Trebunskaya,5,United States,Iowa,1,7.0,0.7777777777777778,10.0,1.6284115321028753e-05,910844.5322613948,14.832297402873047
Bristol Palin,11,4,16.0,5.333333333333333,3,5.0,5.5,5.5,,3,,False,TV Personality,Media,19,≤25,Mark Ballas,6,United States,Alaska,1,8.0,0.8888888888888888,10.0,5.99059124427138e-06,910844.5322613948,5.456497279857572
The Situation,11,4,14.0,4.666666666666667,3,5.0,4.5,4.5,,9,4.0,True,TV Personality,Media,28,26-35,Karina Smirnoff,7,United States,New York,1,9.0,1.0,10.0,8.107383627982393e-07,910844.5322613948,0.7384566048493312
Brandy,11,5,27.0,9.0,3,9.0,9.0,9.0,,4,9.0,False,Singer/Rapper,Entertainment,31,26-35,Maksim Chmerkoskiy,8,United States,Mississippi,1,1.0,0.125,10.0,0.5551554855555554,971567.5010788213,539371.0278114106
Bristol Palin,11,5,18.0,6.0,3,6.0,6.0,6.0,,3,,False,TV Personality,Media,19,≤25,Mark Ballas,6,United States,Alaska,1,8.0,1.0,10.0,0.33353334333333334,971567.5010788213,324050.1569088312
Kyle Massey,11,5,20.0,6.666666666666667,3,8.0,5.0,7.0,,2,,False,Actor/Actress,Entertainment,19,≤25,Lacey Schwimmer,3,United States,Georgia,1,7.0,0.875,10.0,0.11131112111111106,971567.5010788213,108146.2677802042
Audrina Patridge,11,5,23.0,7.666666666666667,3,7.0,8.0,8.0,,7,6.0,False,TV Personality,Media,25,≤25,Tony Dovolani,9,United States,California,1,5.0,0.625,10.0,1.0000000100554567e-08,971567.5010788213,0.009715675108483762
Kurt Warner,11,5,24.0,8.0,3,8.0,8.0,8.0,,5,8.0,False,Athlete,Sports,39,36-45,Anna Trebunskaya,5,United States,Iowa,1,3.0,0.4375,10.0,1.0000000036369798e-08,971567.5010788213,0.009715675046123926
Rick Fox,11,5,24.0,8.0,3,8.0,8.0,8.0,,6,7.0,False,Athlete,Sports,41,36-45,Cheryl Burke,9,Canada,Unknown,0,3.0,0.4375,10.0,1.0000000001675329e-08,971567.5010788213,0.009715675012415907
Florence Henderson,11,5,21.0,7.0,3,7.0,7.0,7.0,,8,5.0,True,Actor/Actress,Entertainment,76,>55,Corky Ballas,1,United States,Indiana,1,6.0,0.75,10.0,9.999999999999994e-09,971567.5010788213,0.009715675010788207
Jennifer Grey,11,5,25.0,8.333333333333334,3,8.0,8.0,9.0,,1,,False,Actor/Actress,Entertainment,50,46-55,Derek Hough,6,United States,New York,1,2.0,0.25,10.0,9.999999999999994e-09,971567.5010788213,0.009715675010788207
Brandy,11,6,35.9999,11.999966666666666,3,11.3333,12.3333,12.3333,,4,9.0,False,Singer/Rapper,Entertainment,31,26-35,Maksim Chmerkoskiy,8,United States,Mississippi,1,1.0,0.1428571428571428,10.0,0.9760670378600725,1032290.4698962474,1007584.7011628125
Audrina Patridge,11,6,31.9998,10.6666,3,10.6666,10.6666,10.6666,,7,6.0,True,TV Personality,Media,25,≤25,Tony Dovolani,9,United States,California,1,2.0,0.2857142857142857,10.0,0.017875503756885402,1032290.4698962474,18452.712172827367
Rick Fox,11,6,30.0,10.0,3,10.0,10.0,10.0,,6,7.0,False,Athlete,Sports,41,36-45,Cheryl Burke,9,Canada,Unknown,0,3.0,0.4285714285714285,10.0,0.0024196702495949594,1032290.4698962474,2497.802538948351
Kyle Massey,11,6,29.9999,9.999966666666666,3,10.3333,9.3333,10.3333,,2,,False,Actor/Actress,Entertainment,19,≤25,Lacey Schwimmer,3,United States,Georgia,1,4.0,0.5714285714285714,10.0,0.0024194282946679484,1032290.4698962474,2497.5527711830528
Jennifer Grey,11,6,29.0,9.666666666666666,3,9.0,10.0,10.0,,1,,False,Actor/Actress,Entertainment,50,46-55,Derek Hough,6,United States,New York,1,5.0,0.7142857142857143,10.0,0.000890146939240158,1032290.4698962474,918.890202184929
Bristol Palin,11,6,27.9998,9.333266666666669,3,9.6666,8.6666,9.6666,,3,,False,TV Personality,Media,19,≤25,Mark Ballas,6,United States,Alaska,1,6.0,0.8571428571428571,10.0,0.0003274012717653242,1032290.4698962474,337.9732126752555
Kurt Warner,11,6,21.9999,7.3333,3,7.3333,7.3333,7.3333,,5,8.0,False,Athlete,Sports,39,36-45,Anna Trebunskaya,5,United States,Iowa,1,7.0,1.0,10.0,8.116277737510027e-07,1032290.4698962474,0.8378356159462678
Bristol Palin,11,7,32.5,8.125,4,8.5,8.0,8.0,8.0,3,,False,TV Personality,Media,19,≤25,Mark Ballas,6,United States,Alaska,1,6.0,1.0,10.0,0.5002000099999997,1093013.4387136737,546725.3329747136
Kyle Massey,11,7,33.5,8.375,4,9.0,8.5,8.0,8.0,2,,False,Actor/Actress,Entertainment,19,≤25,Lacey Schwimmer,3,United States,Georgia,1,5.0,0.8333333333333334,10.0,0.25020000999999986,1093013.4387136737,273471.9732962954
Jennifer Grey,11,7,36.5,9.125,4,9.5,9.0,9.0,9.0,1,,False,Actor/Actress,Entertainment,50,46-55,Derek Hough,6,United States,New York,1,1.0,0.25,10.0,0.12479998000000009,1093013.4387136737,136408.05529119782
Brandy,11,7,36.5,9.125,4,9.0,9.0,9.5,9.0,4,9.0,False,Singer/Rapper,Entertainment,31,26-35,Maksim Chmerkoskiy,8,United States,Mississippi,1,1.0,0.25,10.0,0.12479998000000009,1093013.4387136737,136408.05529119782
Rick Fox,11,7,34.5,8.625,4,9.0,8.5,8.5,8.5,6,7.0,True,Athlete,Sports,41,36-45,Cheryl Burke,9,Canada,Unknown,0,4.0,0.6666666666666666,10.0,1.000000025841441e-08,1093013.4387136737,0.01093013466958716
Kurt Warner,11,7,35.0,8.75,4,9.5,8.5,8.5,8.5,5,8.0,False,Athlete,Sports,39,36-45,Anna Trebunskaya,5,United States,Iowa,1,3.0,0.5,10.0,1.000000000861423e-08,1093013.4387136737,0.010930134396552205
Jennifer Grey,11,8,28.5,9.5,3,9.5,9.5,9.5,,1,,False,Actor/Actress,Entertainment,50,46-55,Derek Hough,6,United States,New York,1,1.0,0.3,10.0,0.34990953687362575,1153736.4075311,403703.37203344796
Brandy,11,8,28.5,9.5,3,9.0,9.5,10.0,,4,9.0,False,Singer/Rapper,Entertainment,31,26-35,Maksim Chmerkoskiy,8,United States,Mississippi,1,1.0,0.3,10.0,0.34990953687362575,1153736.4075311,403703.37203344796
Kyle Massey,11,8,28.0,9.333333333333334,3,9.5,9.0,9.5,,2,,False,Actor/Actress,Entertainment,19,≤25,Lacey Schwimmer,3,United States,Georgia,1,3.0,0.6,10.0,0.19998090625274845,1153736.4075311,230725.2523548597
Bristol Palin,11,8,23.5,7.833333333333333,3,7.5,8.0,8.0,,3,,False,TV Personality,Media,19,≤25,Mark Ballas,6,United States,Alaska,1,5.0,1.0,10.0,0.10020000999999992,1153736.4075311,115604.39957198022
Kurt Warner,11,8,24.0,8.0,3,8.0,8.0,8.0,,5,8.0,True,Athlete,Sports,39,36-45,Anna Trebunskaya,5,United States,Iowa,1,4.0,0.8,10.0,1.0000000057186485e-08,1153736.4075311,0.011537364141289131
Bristol Palin,11,9,26.5,8.833333333333334,3,8.5,9.0,9.0,,3,,False,TV Personality,Media,19,≤25,Mark Ballas,6,United States,Alaska,1,4.0,1.0,10.0,0.571628581428571,1214459.3763485267,694219.6905047353
Jennifer Grey,11,9,30.0,10.0,3,10.0,10.0,10.0,,1,,False,Actor/Actress,Entertainment,50,46-55,Derek Hough,6,United States,New York,1,1.0,0.25,10.0,0.4091393915007616,1214459.3763485267,496883.17024163064
Kyle Massey,11,9,29.0,9.666666666666666,3,10.0,9.0,10.0,,2,,False,Actor/Actress,Entertainment,19,≤25,Lacey Schwimmer,3,United States,Georgia,1,2.0,0.5,10.0,0.019232017070667403,1214459.3763485267,23356.503457566952
Brandy,11,9,28.5,9.5,3,9.5,9.5,9.5,,4,9.0,True,Singer/Rapper,Entertainment,31,26-35,Maksim Chmerkoskiy,8,United States,Mississippi,1,3.0,0.75,10.0,9.999999999999999e-09,1214459.3763485267,0.012144593763485265
Jennifer Grey,11,10,30.0,10.0,3,10.0,10.0,10.0,,1,,False,Actor/Actress,Entertainment,50,46-55,Derek Hough,6,United States,New York,1,1.0,0.3333333333333333,10.0,0.9237047229159523,1275182.3451659528,1177891.9548088307
Kyle Massey,11,10,27.3332,9.111066666666666,3,9.3333,8.6666,9.3333,,2,,False,Actor/Actress,Entertainment,19,≤25,Lacey Schwimmer,3,United States,Georgia,1,2.0,0.6666666666666666,10.0,0.06417363500387722,1275182.3451659528,81833.08638206804
Bristol Palin,11,10,25.666600000000003,8.555533333333335,3,8.3333,9.0,8.3333,,3,,False,TV Personality,Media,19,≤25,Mark Ballas,6,United States,Alaska,1,3.0,1.0,10.0,0.01212164208017061,1275182.3451659528,15457.303975054258
Ralph Macchio,12,1,24.0,8.0,3,8.0,8.0,8.0,,4,9.0,False,Actor/Actress,Entertainment,49,46-55,Karina Smirnoff,8,United States,New York,1,1.0,0.0909090909090909,10.0,0.6725578429994343,724099.136139428,486998.5531196874
Kirstie Alley,12,1,23.0,7.666666666666667,3,8.0,7.0,8.0,,2,,False,Actor/Actress,Entertainment,60,>55,Maksim Chmerkoskiy,9,United States,Kansas,1,2.0,0.1818181818181818,10.0,0.2474202034381025,724099.136139428,179156.75557297157
Hines Ward,12,1,21.0,7.0,3,7.0,7.0,7.0,,1,,False,Athlete,Sports,35,26-35,Kym Johnson,8,South Korea,Unknown,0,3.0,0.3181818181818182,10.0,0.03348468331075594,724099.136139428,24246.2302592207
Chelsea Kane,12,1,21.0,7.0,3,7.0,7.0,7.0,,3,,False,Actor/Actress,Entertainment,22,≤25,Mark Ballas,7,United States,Arizona,1,3.0,0.3181818181818182,10.0,0.03348468331075594,724099.136139428,24246.2302592207
Romeo,12,1,19.0,6.333333333333333,3,7.0,6.0,6.0,,5,8.0,False,Singer/Rapper,Entertainment,21,≤25,Chelsie Hightower,4,United States,Louisiana,1,5.0,0.5,10.0,0.004531659099949433,724099.136139428,3281.370439551762
Chris Jericho,12,1,19.0,6.333333333333333,3,7.0,6.0,6.0,,7,6.0,False,Athlete,Sports,40,36-45,Cheryl Burke,10,United States,New York,1,5.0,0.5,10.0,0.004531659099949433,724099.136139428,3281.370439551762
Petra Nemcova,12,1,18.0,6.0,3,6.0,6.0,6.0,,8,5.0,False,Model,Model,31,26-35,Dmitry Chaplin,2,Czechoslovakia,Unknown,0,7.0,0.6818181818181818,10.0,0.0016671042172688784,724099.136139428,1207.1487235787922
Kendra Wilkinson,12,1,18.0,6.0,3,6.0,6.0,6.0,,6,7.0,False,TV Personality,Media,25,≤25,Louis van Amstel,7,United States,California,1,7.0,0.6818181818181818,10.0,0.0016671042172688784,724099.136139428,1207.1487235787922
Sugar Ray Leonard,12,1,17.0,5.666666666666667,3,6.0,5.0,6.0,,9,4.0,False,Athlete,Sports,54,46-55,Anna Trebunskaya,6,United States,North Carolina,1,9.0,0.8181818181818182,10.0,0.0006132933678234299,724099.136139428,444.0851978409861
Wendy Williams,12,1,14.0,4.666666666666667,3,5.0,4.0,5.0,,10,3.0,False,TV Personality,Media,46,46-55,Tony Dovolani,10,United States,New Jersey,1,10.0,0.9090909090909092,10.0,3.0534078833382635e-05,724099.136139428,22.10970010606556
Mike Catherwood,12,1,13.0,4.333333333333333,3,5.0,4.0,4.0,,11,2.0,False,Radio Personality,Media,32,26-35,Lacey Schwimmer,4,United States,California,1,11.0,1.0,10.0,1.1232859857909567e-05,724099.136139428,8.133704119487575
Romeo,12,2,23.0,7.666666666666667,3,7.0,8.0,8.0,,5,8.0,False,Singer/Rapper,Entertainment,21,≤25,Chelsie Hightower,4,United States,Louisiana,1,1.0,0.1818181818181818,10.0,0.31014001465834257,784440.7308177138,243286.4597544067
Chris Jericho,12,2,23.0,7.666666666666667,3,8.0,7.0,8.0,,7,6.0,False,Athlete,Sports,40,36-45,Cheryl Burke,10,United States,New York,1,1.0,0.1818181818181818,10.0,0.31014001465834257,784440.7308177138,243286.4597544067
Hines Ward,12,2,23.0,7.666666666666667,3,8.0,7.0,8.0,,1,,False,Athlete,Sports,35,26-35,Kym Johnson,8,South Korea,Unknown,0,1.0,0.1818181818181818,10.0,0.31014001465834257,784440.7308177138,243286.4597544067
Ralph Macchio,12,2,21.0,7.0,3,7.0,7.0,7.0,,4,9.0,False,Actor/Actress,Entertainment,49,46-55,Karina Smirnoff,8,United States,New York,1,4.0,0.3636363636363636,10.0,0.041972886726794,784440.7308177138,32925.241938495405
Kirstie Alley,12,2,20.0,6.666666666666667,3,7.0,6.0,7.0,,2,,False,Actor/Actress,Entertainment,60,>55,Maksim Chmerkoskiy,9,United States,Kansas,1,5.0,0.4545454545454545,10.0,0.015440962113405225,784440.7308177138,12112.519604768226
Kendra Wilkinson,12,2,19.0,6.333333333333333,3,7.0,6.0,6.0,,6,7.0,False,TV Personality,Media,25,≤25,Louis van Amstel,7,United States,California,1,6.0,0.5454545454545454,10.0,0.005680412513428927,784440.7308177138,4455.946943380274
Petra Nemcova,12,2,18.0,6.0,3,6.0,6.0,6.0,,8,5.0,False,Model,Model,31,26-35,Dmitry Chaplin,2,Czechoslovakia,Unknown,0,7.0,0.6818181818181818,10.0,0.002089706981063502,784440.7308177138,1639.2512714203317
Chelsea Kane,12,2,18.0,6.0,3,6.0,5.0,7.0,,3,,False,Actor/Actress,Entertainment,22,≤25,Mark Ballas,7,United States,Arizona,1,7.0,0.6818181818181818,10.0,0.002089706981063502,784440.7308177138,1639.2512714203317
Sugar Ray Leonard,12,2,17.0,5.666666666666667,3,6.0,5.0,6.0,,9,4.0,False,Athlete,Sports,54,46-55,Anna Trebunskaya,6,United States,North Carolina,1,9.0,0.9090909090909092,10.0,0.0008354269030723695,784440.7308177138,655.3428903908689
Wendy Williams,12,2,17.0,5.666666666666667,3,6.0,5.0,6.0,,10,3.0,False,TV Personality,Media,46,46-55,Tony Dovolani,10,United States,New Jersey,1,9.0,0.9090909090909092,10.0,0.0008354269030723695,784440.7308177138,655.3428903908689
Mike Catherwood,12,2,17.0,5.666666666666667,3,6.0,5.0,6.0,,11,2.0,True,Radio Personality,Media,32,26-35,Lacey Schwimmer,4,United States,California,1,9.0,0.9090909090909092,10.0,0.0006354269030723696,784440.7308177138,498.4547442273262
Petra Nemcova,12,3,25.0,8.333333333333334,3,8.0,9.0,8.0,,8,5.0,False,Model,Model,31,26-35,Dmitry Chaplin,2,Czechoslovakia,Unknown,0,1.0,0.15,10.0,0.4275077690147678,844782.3254959994,361151.0072759021
Hines Ward,12,3,25.0,8.333333333333334,3,9.0,8.0,8.0,,1,,False,Athlete,Sports,35,26-35,Kym Johnson,8,South Korea,Unknown,0,1.0,0.15,10.0,0.4275077690147678,844782.3254959994,361151.0072759021
Kendra Wilkinson,12,3,23.0,7.666666666666667,3,8.0,7.0,8.0,,6,7.0,False,TV Personality,Media,25,≤25,Louis van Amstel,7,United States,California,1,3.0,0.35,10.0,0.057856885005466,844782.3254959994,48876.47386087219
Chelsea Kane,12,3,23.0,7.666666666666667,3,7.0,8.0,8.0,,3,,False,Actor/Actress,Entertainment,22,≤25,Mark Ballas,7,United States,Arizona,1,3.0,0.35,10.0,0.057856885005466,844782.3254959994,48876.47386087219
Chris Jericho,12,3,21.0,7.0,3,7.0,7.0,7.0,,7,6.0,False,Athlete,Sports,40,36-45,Cheryl Burke,10,United States,New York,1,5.0,0.6,10.0,0.007830077919402871,844782.3254959994,6614.711433568034
Ralph Macchio,12,3,21.0,7.0,3,7.0,7.0,7.0,,4,9.0,False,Actor/Actress,Entertainment,49,46-55,Karina Smirnoff,8,United States,New York,1,5.0,0.6,10.0,0.007830077919402871,844782.3254959994,6614.711433568034
Kirstie Alley,12,3,21.0,7.0,3,7.0,7.0,7.0,,2,,False,Actor/Actress,Entertainment,60,>55,Maksim Chmerkoskiy,9,United States,Kansas,1,5.0,0.6,10.0,0.007830077919402871,844782.3254959994,6614.711433568034
Sugar Ray Leonard,12,3,20.0,6.666666666666667,3,7.0,6.0,7.0,,9,4.0,False,Athlete,Sports,54,46-55,Anna Trebunskaya,6,United States,North Carolina,1,8.0,0.85,10.0,0.002880524689318778,844782.3254959994,2433.4163456913584
Romeo,12,3,20.0,6.666666666666667,3,7.0,6.0,7.0,,5,8.0,False,Singer/Rapper,Entertainment,21,≤25,Chelsie Hightower,4,United States,Louisiana,1,8.0,0.85,10.0,0.002880524689318778,844782.3254959994,2433.4163456913584
Wendy Williams,12,3,15.0,5.0,3,5.0,5.0,5.0,,10,3.0,True,TV Personality,Media,46,46-55,Tony Dovolani,10,United States,New Jersey,1,10.0,1.0,10.0,1.940882268618706e-05,844782.3254959994,16.396230363976613
Chelsea Kane,12,4,26.0,8.666666666666666,3,9.0,8.0,9.0,,3,,False,Actor/Actress,Entertainment,22,≤25,Mark Ballas,7,United States,Arizona,1,1.0,0.1111111111111111,10.0,0.42884329712767916,905123.920174285,388156.32623667066
Kendra Wilkinson,12,4,18.0,6.0,3,6.0,6.0,6.0,,6,7.0,False,TV Personality,Media,25,≤25,Louis van Amstel,7,United States,California,1,9.0,1.0,10.0,0.37520000999999986,905123.920174285,339602.5039006308
Ralph Macchio,12,4,25.0,8.333333333333334,3,8.0,8.0,9.0,,4,9.0,False,Actor/Actress,Entertainment,49,46-55,Karina Smirnoff,8,United States,New York,1,2.0,0.2777777777777778,10.0,0.09797832143616038,905123.920174285,88682.52239039366
Hines Ward,12,4,25.0,8.333333333333334,3,9.0,8.0,8.0,,1,,False,Athlete,Sports,35,26-35,Kym Johnson,8,South Korea,Unknown,0,2.0,0.2777777777777778,10.0,0.09797832143616034,905123.920174285,88682.52239039363
Romeo,12,4,23.0,7.666666666666667,3,7.0,8.0,8.0,,5,8.0,False,Singer/Rapper,Entertainment,21,≤25,Chelsie Hightower,4,United States,Louisiana,1,4.0,0.5555555555555556,10.0,1.0000000178617125e-08,905123.920174285,0.009051239363413482
Chris Jericho,12,4,23.0,7.666666666666667,3,8.0,7.0,8.0,,7,6.0,False,Athlete,Sports,40,36-45,Cheryl Burke,10,United States,New York,1,4.0,0.5555555555555556,10.0,1.0000000029430906e-08,905123.920174285,0.009051239228381467
Petra Nemcova,12,4,23.0,7.666666666666667,3,8.0,7.0,8.0,,8,5.0,False,Model,Model,31,26-35,Dmitry Chaplin,2,Czechoslovakia,Unknown,0,4.0,0.5555555555555556,10.0,1.0000000005144777e-08,905123.920174285,0.009051239206399511
Sugar Ray Leonard,12,4,21.0,7.0,3,7.0,7.0,7.0,,9,4.0,True,Athlete,Sports,54,46-55,Anna Trebunskaya,6,United States,North Carolina,1,8.0,0.8888888888888888,10.0,9.999999999999995e-09,905123.920174285,0.009051239201742846
Kirstie Alley,12,4,22.0,7.333333333333333,3,7.0,7.0,8.0,,2,,False,Actor/Actress,Entertainment,60,>55,Maksim Chmerkoskiy,9,United States,Kansas,1,7.0,0.7777777777777778,10.0,9.999999999999995e-09,905123.920174285,0.009051239201742846
Hines Ward,12,5,27.0,9.0,3,9.0,9.0,9.0,,1,,False,Athlete,Sports,35,26-35,Kym Johnson,8,South Korea,Unknown,0,1.0,0.125,10.0,0.46681683779051975,965465.5148525707,450695.55863927316
Romeo,12,5,26.0,8.666666666666666,3,9.0,8.0,9.0,,5,8.0,False,Singer/Rapper,Entertainment,21,≤25,Chelsie Hightower,4,United States,Louisiana,1,2.0,0.375,10.0,0.17173231741579625,965465.5148525707,165801.6302506668
Chris Jericho,12,5,26.0,8.666666666666666,3,9.0,8.0,9.0,,7,6.0,False,Athlete,Sports,40,36-45,Cheryl Burke,10,United States,New York,1,2.0,0.375,10.0,0.17173231741579625,965465.5148525707,165801.6302506668
Chelsea Kane,12,5,26.0,8.666666666666666,3,9.0,8.0,9.0,,3,,False,Actor/Actress,Entertainment,22,≤25,Mark Ballas,7,United States,Arizona,1,2.0,0.375,10.0,0.17173231741579625,965465.5148525707,165801.6302506668
Kirstie Alley,12,5,23.0,7.666666666666667,3,8.0,7.0,8.0,,2,,False,Actor/Actress,Entertainment,60,>55,Maksim Chmerkoskiy,9,United States,Kansas,1,5.0,0.625,10.0,0.008550048628151959,965465.5148525707,8254.777100793246
Ralph Macchio,12,5,22.0,7.333333333333333,3,8.0,7.0,7.0,,4,9.0,False,Actor/Actress,Entertainment,49,46-55,Karina Smirnoff,8,United States,New York,1,6.0,0.875,10.0,0.003212053777979866,965465.5148525707,3101.127154491476
Kendra Wilkinson,12,5,22.0,7.333333333333333,3,8.0,7.0,7.0,,6,7.0,False,TV Personality,Media,25,≤25,Louis van Amstel,7,United States,California,1,6.0,0.875,10.0,0.003212053777979866,965465.5148525707,3101.127154491476
Petra Nemcova,12,5,22.0,7.333333333333333,3,7.0,7.0,8.0,,8,5.0,True,Model,Model,31,26-35,Dmitry Chaplin,2,Czechoslovakia,Unknown,0,6.0,0.875,10.0,0.003012053777979866,965465.5148525707,2908.0340515209623
Romeo,12,6,28.0,9.333333333333334,3,10.0,9.0,9.0,,5,8.0,False,Singer/Rapper,Entertainment,21,≤25,Chelsie Hightower,4,United States,Louisiana,1,1.0,0.2142857142857142,10.0,0.38853115342937833,1025807.1095308563,398558.0194620802
Chelsea Kane,12,6,28.0,9.333333333333334,3,10.0,9.0,9.0,,3,,False,Actor/Actress,Entertainment,22,≤25,Mark Ballas,7,United States,Arizona,1,1.0,0.2142857142857142,10.0,0.38853115342937833,1025807.1095308563,398558.0194620802
Hines Ward,12,6,27.0,9.0,3,9.0,9.0,9.0,,1,,False,Athlete,Sports,35,26-35,Kym Johnson,8,South Korea,Unknown,0,3.0,0.4285714285714285,10.0,0.1429326236012956,1025807.1095308563,146621.30147410688
Kirstie Alley,12,6,26.0,8.666666666666666,3,8.0,9.0,9.0,,2,,False,Actor/Actress,Entertainment,60,>55,Maksim Chmerkoskiy,9,United States,Kansas,1,4.0,0.5714285714285714,10.0,0.05258197369561274,1025807.1095308563,53938.96245012402
Kendra Wilkinson,12,6,25.0,8.333333333333334,3,8.0,8.0,9.0,,6,7.0,False,TV Personality,Media,25,≤25,Louis van Amstel,7,United States,California,1,5.0,0.7142857142857143,10.0,0.019343827098833494,1025807.1095308563,19843.035363519037
Ralph Macchio,12,6,24.0,8.0,3,8.0,8.0,8.0,,4,9.0,False,Actor/Actress,Entertainment,49,46-55,Karina Smirnoff,8,United States,New York,1,6.0,0.8571428571428571,10.0,0.007116196303235867,1025807.1095308563,7299.844760676549
Chris Jericho,12,6,22.0,7.333333333333333,3,7.0,8.0,7.0,,7,6.0,True,Athlete,Sports,40,36-45,Cheryl Burke,10,United States,New York,1,7.0,1.0,10.0,0.0009630724422657624,1025807.1095308563,987.9265582694641
Ralph Macchio,12,7,33.0,8.25,4,9.0,8.5,7.5,8.0,4,9.0,False,Actor/Actress,Entertainment,49,46-55,Karina Smirnoff,8,United States,New York,1,1.0,0.25,10.0,0.30473397195884466,1086148.704209142,330986.4087716041
Hines Ward,12,7,33.0,8.25,4,8.0,8.0,8.0,9.0,1,,False,Athlete,Sports,35,26-35,Kym Johnson,8,South Korea,Unknown,0,1.0,0.25,10.0,0.30473397195884455,1086148.704209142,330986.408771604
Kirstie Alley,12,7,30.0,7.5,4,8.0,7.0,7.0,8.0,2,,False,Actor/Actress,Entertainment,60,>55,Maksim Chmerkoskiy,9,United States,Kansas,1,5.0,0.9166666666666666,10.0,0.16686667666666666,1086148.704209142,181242.02463718585
Romeo,12,7,30.0,7.5,4,7.5,8.0,7.0,7.5,5,8.0,False,Singer/Rapper,Entertainment,21,≤25,Chelsie Hightower,4,United States,Louisiana,1,5.0,0.9166666666666666,10.0,0.16686667666666663,1086148.704209142,181242.02463718582
Chelsea Kane,12,7,32.0,8.0,4,8.0,8.5,7.5,8.0,3,,False,Actor/Actress,Entertainment,22,≤25,Mark Ballas,7,United States,Arizona,1,3.0,0.5,10.0,0.056798692748977544,1086148.704209142,61691.826530075145
Kendra Wilkinson,12,7,30.5,7.625,4,7.5,7.5,7.5,8.0,6,7.0,True,TV Personality,Media,25,≤25,Louis van Amstel,7,United States,California,1,4.0,0.6666666666666666,10.0,1.0000000001675334e-08,1086148.704209142,0.010861487043911081
Ralph Macchio,12,8,23.0,7.666666666666667,3,7.5,7.5,8.0,,4,9.0,False,Actor/Actress,Entertainment,49,46-55,Karina Smirnoff,8,United States,New York,1,5.0,1.0,10.0,0.6668666766666665,1146490.2988874274,764556.175449632
Chelsea Kane,12,8,27.5,9.166666666666666,3,9.0,9.0,9.5,,3,,False,Actor/Actress,Entertainment,22,≤25,Mark Ballas,7,United States,Arizona,1,1.0,0.2,10.0,0.25564130644461375,1146490.2988874274,293090.27783365763
Hines Ward,12,8,27.0,9.0,3,9.0,9.0,9.0,,1,,False,Athlete,Sports,35,26-35,Kym Johnson,8,South Korea,Unknown,0,2.0,0.4,10.0,0.07749199688871973,1146490.2988874274,88843.82267433188
Romeo,12,8,26.0,8.666666666666666,3,8.5,9.0,8.5,,5,8.0,True,Singer/Rapper,Entertainment,21,≤25,Chelsie Hightower,4,United States,Louisiana,1,4.0,0.8,10.0,1.0000000091880958e-08,1146490.2988874274,0.011464903094214902
Kirstie Alley,12,8,26.5,8.833333333333334,3,8.5,9.0,9.0,,2,,False,Actor/Actress,Entertainment,60,>55,Maksim Chmerkoskiy,9,United States,Kansas,1,3.0,0.6,10.0,1.0000000000000002e-08,1146490.2988874274,0.011464902988874277
Chelsea Kane,12,9,36.5,12.166666666666666,3,12.0,12.0,12.5,,3,,False,Actor/Actress,Entertainment,22,≤25,Mark Ballas,7,United States,Arizona,1,1.0,0.25,10.0,0.9984204811507019,1206831.8935657134,1204925.6798418923
Hines Ward,12,9,30.0,10.0,3,10.0,10.0,10.0,,1,,False,Athlete,Sports,35,26-35,Kym Johnson,8,South Korea,Unknown,0,2.0,0.5,10.0,0.0015010644824334908,1206831.8935657134,1811.5324916994473
Kirstie Alley,12,9,27.0,9.0,3,9.0,9.0,9.0,,2,,False,Actor/Actress,Entertainment,60,>55,Maksim Chmerkoskiy,9,United States,Kansas,1,3.0,0.75,10.0,7.473360001148852e-05,1206831.8935657134,90.19089201484732
Ralph Macchio,12,9,24.0,8.0,3,8.0,8.0,8.0,,4,9.0,True,Actor/Actress,Entertainment,49,46-55,Karina Smirnoff,8,United States,New York,1,4.0,1.0,10.0,3.7207668531485763e-06,1206831.8935657134,4.490340106901837
Hines Ward,12,10,29.666600000000003,9.888866666666669,3,10.0,9.6666,10.0,,1,,False,Athlete,Sports,35,26-35,Kym Johnson,8,South Korea,Unknown,0,1.0,0.5,10.0,0.45685687891977506,1267173.488243999,578916.9248890376
Chelsea Kane,12,10,29.666600000000003,9.888866666666669,3,10.0,9.6666,10.0,,3,,False,Actor/Actress,Entertainment,22,≤25,Mark Ballas,7,United States,Arizona,1,1.0,0.5,10.0,0.45685687891977506,1267173.488243999,578916.9248890376
Kirstie Alley,12,10,27.9999,9.3333,3,9.3333,9.3333,9.3333,,2,,False,Actor/Actress,Entertainment,60,>55,Maksim Chmerkoskiy,9,United States,Kansas,1,3.0,1.0,10.0,0.08628624216044997,1267173.488243999,109339.6384659238
J.R. Martinez,13,1,22.0,7.333333333333333,3,8.0,7.0,7.0,,1,,False,Actor/Actress,Entertainment,28,26-35,Karina Smirnoff,9,United States,Louisiana,1,1.0,0.125,10.0,0.38595164203489657,705686.4113101843,272360.829206879
Chynna Phillips,13,1,22.0,7.333333333333333,3,8.0,7.0,7.0,,9,4.0,False,Singer/Rapper,Entertainment,43,36-45,Tony Dovolani,11,United States,California,1,1.0,0.125,10.0,0.38595164203489657,705686.4113101843,272360.829206879
Hope Solo,13,1,21.0,7.0,3,7.0,7.0,7.0,,4,9.0,False,Athlete,Sports,30,26-35,Maksim Chmerkoskiy,10,United States,Washington,1,3.0,0.25,10.0,0.14198367439099832,705686.4113101843,100195.94964561732
Ricki Lake,13,1,20.0,6.666666666666667,3,7.0,6.0,7.0,,3,,False,Actor/Actress,Entertainment,42,36-45,Derek Hough,7,United States,New York,1,4.0,0.3333333333333333,10.0,0.052232874790428485,705686.4113101843,36860.02996327167
Kristin Cavallari,13,1,19.0,6.333333333333333,3,7.0,6.0,6.0,,10,3.0,False,TV Personality,Media,24,≤25,Mark Ballas,8,United States,Colorado,1,5.0,0.4166666666666667,10.0,0.01921540078868075,705686.4113101843,13560.047224451004
David Arquette,13,1,18.0,6.0,3,6.0,6.0,6.0,,6,7.0,False,Actor/Actress,Entertainment,40,36-45,Kym Johnson,9,United States,Virginia,1,6.0,0.5,10.0,0.007068950904025165,705686.4113101843,4988.462595189401
Carson Kressley,13,1,17.0,5.666666666666667,3,6.0,5.0,6.0,,8,5.0,False,TV Personality,Media,41,36-45,Anna Trebunskaya,7,United States,Pennsylvania,1,7.0,0.625,10.0,0.00260052170824114,705686.4113101843,1835.1528318229202
Chaz Bono,13,1,17.0,5.666666666666667,3,6.0,5.0,6.0,,7,6.0,False,TV Personality,Media,42,36-45,Lacey Schwimmer,5,United States,California,1,7.0,0.625,10.0,0.00260052170824114,705686.4113101843,1835.1528318229202
Rob Kardashian,13,1,16.0,5.333333333333333,3,6.0,5.0,5.0,,2,,False,TV Personality,Media,24,≤25,Cheryl Burke,11,United States,California,1,9.0,0.7916666666666666,10.0,0.0009566784727819551,705686.4113101843,675.1149982352057
Nancy Grace,13,1,16.0,5.333333333333333,3,5.0,5.0,6.0,,5,8.0,False,TV Personality,Media,51,46-55,Tristan MacManus,0,United States,Georgia,1,9.0,0.7916666666666666,10.0,0.0009566784727819551,705686.4113101843,675.1149982352057
Elisabetta Canalis,13,1,15.0,5.0,3,5.0,5.0,5.0,,11,2.0,False,Actor/Actress,Entertainment,33,26-35,Valentin Chmerkovskiy,0,Italy,Unknown,0,11.0,0.9166666666666666,10.0,0.00035194234194777457,705686.4113101843,248.36092827722678
Metta World Peace (Ron),13,1,14.0,4.666666666666667,3,5.0,4.0,5.0,,12,1.0,True,Athlete,Sports,31,26-35,Peta Murgatroyd,0,United States,New York,1,12.0,1.0,10.0,0.00012947235208031596,705686.4113101843,91.36687950344684
Ricki Lake,13,2,23.0,7.666666666666667,3,8.0,7.0,8.0,,3,,False,Actor/Actress,Entertainment,42,36-45,Derek Hough,7,United States,New York,1,1.0,0.0909090909090909,10.0,0.43264378704152984,764493.6122526997,330753.4115740669
J.R. Martinez,13,2,22.0,7.333333333333333,3,7.0,7.0,8.0,,1,,False,Actor/Actress,Entertainment,28,26-35,Karina Smirnoff,9,United States,Louisiana,1,2.0,0.2272727272727272,10.0,0.1591607546031345,764493.6122526997,121677.38021541579
Kristin Cavallari,13,2,22.0,7.333333333333333,3,8.0,7.0,7.0,,10,3.0,False,TV Personality,Media,24,≤25,Mark Ballas,8,United States,Colorado,1,2.0,0.2272727272727272,10.0,0.1591607546031345,764493.6122526997,121677.38021541579
Rob Kardashian,13,2,21.0,7.0,3,7.0,7.0,7.0,,2,,False,TV Personality,Media,24,≤25,Cheryl Burke,11,United States,California,1,4.0,0.5,10.0,0.058551969459826186,764493.6122526997,44762.60663685227
Chynna Phillips,13,2,21.0,7.0,3,7.0,7.0,7.0,,9,4.0,False,Singer/Rapper,Entertainment,43,36-45,Tony Dovolani,11,United States,California,1,4.0,0.5,10.0,0.058551969459826186,764493.6122526997,44762.60663685227
Nancy Grace,13,2,21.0,7.0,3,6.0,8.0,7.0,,5,8.0,False,TV Personality,Media,51,46-55,Tristan MacManus,0,United States,Georgia,1,4.0,0.5,10.0,0.058551969459826186,764493.6122526997,44762.60663685227
Elisabetta Canalis,13,2,21.0,7.0,3,7.0,7.0,7.0,,11,2.0,True,Actor/Actress,Entertainment,33,26-35,Valentin Chmerkovskiy,0,Italy,Unknown,0,4.0,0.5,10.0,0.058551969459826186,764493.6122526997,44762.60663685227
Hope Solo,13,2,19.0,6.333333333333333,3,6.0,7.0,6.0,,4,9.0,False,Athlete,Sports,30,26-35,Maksim Chmerkoskiy,10,United States,Washington,1,8.0,0.7272727272727273,10.0,0.007924147370907072,764493.6122526997,6057.96004760748
Carson Kressley,13,2,18.0,6.0,3,6.0,6.0,6.0,,8,5.0,False,TV Personality,Media,41,36-45,Anna Trebunskaya,7,United States,Pennsylvania,1,9.0,0.8636363636363636,10.0,0.0029151309065694477,764493.6122526997,2228.598956952764
David Arquette,13,2,18.0,6.0,3,6.0,6.0,6.0,,6,7.0,False,Actor/Actress,Entertainment,40,36-45,Kym Johnson,9,United States,Virginia,1,9.0,0.8636363636363636,10.0,0.0029151309065694477,764493.6122526997,2228.598956952764
Chaz Bono,13,2,17.0,5.666666666666667,3,6.0,5.0,6.0,,7,6.0,False,TV Personality,Media,42,36-45,Lacey Schwimmer,5,United States,California,1,11.0,1.0,10.0,0.0010724167288503686,764493.6122526997,819.8557388790423
Ricki Lake,13,3,27.0,9.0,3,9.0,9.0,9.0,,3,,False,Actor/Actress,Entertainment,42,36-45,Derek Hough,7,United States,New York,1,1.0,0.1,10.0,0.5112931996202443,823300.813195215,420948.1070285305
J.R. Martinez,13,3,26.0,8.666666666666666,3,9.0,8.0,9.0,,1,,False,Actor/Actress,Entertainment,28,26-35,Karina Smirnoff,9,United States,Louisiana,1,2.0,0.25,10.0,0.18809425655105422,823300.813195215,154858.15437583232
Chynna Phillips,13,3,26.0,8.666666666666666,3,8.0,9.0,9.0,,9,4.0,False,Singer/Rapper,Entertainment,43,36-45,Tony Dovolani,11,United States,California,1,2.0,0.25,10.0,0.18809425655105422,823300.813195215,154858.15437583232
Rob Kardashian,13,3,24.0,8.0,3,8.0,8.0,8.0,,2,,False,TV Personality,Media,24,≤25,Cheryl Burke,11,United States,California,1,4.0,0.55,10.0,0.025455789485517015,823300.813195215,20957.772183952362
David Arquette,13,3,24.0,8.0,3,8.0,8.0,8.0,,6,7.0,False,Actor/Actress,Entertainment,40,36-45,Kym Johnson,9,United States,Virginia,1,4.0,0.55,10.0,0.025455789485517015,823300.813195215,20957.772183952362
Hope Solo,13,3,24.0,8.0,3,8.0,8.0,8.0,,4,9.0,False,Athlete,Sports,30,26-35,Maksim Chmerkoskiy,10,United States,Washington,1,4.0,0.55,10.0,0.025455789485517015,823300.813195215,20957.772183952362
Kristin Cavallari,13,3,24.0,8.0,3,8.0,8.0,8.0,,10,3.0,True,TV Personality,Media,24,≤25,Mark Ballas,8,United States,Colorado,1,4.0,0.55,10.0,0.025455789485517015,823300.813195215,20957.772183952362
Carson Kressley,13,3,23.0,7.666666666666667,3,8.0,7.0,8.0,,8,5.0,False,TV Personality,Media,41,36-45,Anna Trebunskaya,7,United States,Pennsylvania,1,8.0,0.8,10.0,0.009364661610509875,823300.813195215,7709.933519230792
Nancy Grace,13,3,21.0,7.0,3,7.0,7.0,7.0,,5,8.0,False,TV Personality,Media,51,46-55,Tristan MacManus,0,United States,Georgia,1,9.0,0.9,10.0,0.0012673691314733877,823300.813195215,1043.4260365605535
Chaz Bono,13,3,18.0,6.0,3,6.0,6.0,6.0,,7,6.0,False,TV Personality,Media,42,36-45,Lacey Schwimmer,5,United States,California,1,10.0,1.0,10.0,6.309859359598591e-05,823300.813195215,51.94912341904958
Ricki Lake,13,4,29.0,9.666666666666666,3,10.0,9.0,10.0,,3,,False,Actor/Actress,Entertainment,42,36-45,Derek Hough,7,United States,New York,1,1.0,0.1111111111111111,10.0,0.8882888088888887,882108.0141377304,783566.6771897475
Carson Kressley,13,4,20.0,6.666666666666667,3,7.0,6.0,7.0,,8,5.0,False,TV Personality,Media,41,36-45,Anna Trebunskaya,7,United States,Pennsylvania,1,9.0,1.0,10.0,0.11131112111111109,882108.0141377304,98188.4319947666
Chaz Bono,13,4,21.0,7.0,3,7.0,7.0,7.0,,7,6.0,False,TV Personality,Media,42,36-45,Lacey Schwimmer,5,United States,California,1,6.0,0.7777777777777778,10.0,0.00020001000000001754,882108.0141377304,176.43042390770293
Nancy Grace,13,4,21.0,7.0,3,7.0,7.0,7.0,,5,8.0,False,TV Personality,Media,51,46-55,Tristan MacManus,0,United States,Georgia,1,6.0,0.7777777777777778,10.0,0.00020001000000000713,882108.0141377304,176.43042390769375
J.R. Martinez,13,4,26.0,8.666666666666666,3,8.0,9.0,9.0,,1,,False,Actor/Actress,Entertainment,28,26-35,Karina Smirnoff,9,United States,Louisiana,1,2.0,0.2222222222222222,10.0,1.0000000022492015e-08,882108.0141377304,0.00882108016121769
David Arquette,13,4,23.0,7.666666666666667,3,8.0,7.0,8.0,,6,7.0,False,Actor/Actress,Entertainment,40,36-45,Kym Johnson,9,United States,Virginia,1,5.0,0.5555555555555556,10.0,1.0000000013384717e-08,882108.0141377304,0.00882108015318407
Rob Kardashian,13,4,24.0,8.0,3,8.0,8.0,8.0,,2,,False,TV Personality,Media,24,≤25,Cheryl Burke,11,United States,California,1,3.0,0.3888888888888889,10.0,9.999999999999999e-09,882108.0141377304,0.008821080141377302
Hope Solo,13,4,24.0,8.0,3,8.0,8.0,8.0,,4,9.0,False,Athlete,Sports,30,26-35,Maksim Chmerkoskiy,10,United States,Washington,1,3.0,0.3888888888888889,10.0,9.999999999999999e-09,882108.0141377304,0.008821080141377302
Chynna Phillips,13,4,21.0,7.0,3,7.0,7.0,7.0,,9,4.0,True,Singer/Rapper,Entertainment,43,36-45,Tony Dovolani,11,United States,California,1,6.0,0.7777777777777778,10.0,9.999999999999999e-09,882108.0141377304,0.008821080141377302
J.R. Martinez,13,5,28.0,9.333333333333334,3,9.0,9.0,10.0,,1,,False,Actor/Actress,Entertainment,28,26-35,Karina Smirnoff,9,United States,Louisiana,1,1.0,0.125,10.0,0.8774089031976738,940915.2150802457,825567.3868655618
Rob Kardashian,13,5,25.0,8.333333333333334,3,9.0,8.0,8.0,,2,,False,TV Personality,Media,24,≤25,Cheryl Burke,11,United States,California,1,2.0,0.3125,10.0,0.043683617050075105,940915.2150802457,41102.579932154506
David Arquette,13,5,25.0,8.333333333333334,3,8.0,9.0,8.0,,6,7.0,False,Actor/Actress,Entertainment,40,36-45,Kym Johnson,9,United States,Virginia,1,2.0,0.3125,10.0,0.043683617050075105,940915.2150802457,41102.579932154506
Ricki Lake,13,5,24.0,8.0,3,8.0,8.0,8.0,,3,,False,Actor/Actress,Entertainment,42,36-45,Derek Hough,7,United States,New York,1,4.0,0.5625,10.0,0.016070304628728917,940915.2150802457,15120.794136145538
Hope Solo,13,5,24.0,8.0,3,8.0,8.0,8.0,,4,9.0,False,Athlete,Sports,30,26-35,Maksim Chmerkoskiy,10,United States,Washington,1,4.0,0.5625,10.0,0.016070304628728917,940915.2150802457,15120.794136145538
Nancy Grace,13,5,22.0,7.333333333333333,3,7.0,7.0,8.0,,5,8.0,False,TV Personality,Media,51,46-55,Tristan MacManus,0,United States,Georgia,1,6.0,0.75,10.0,0.002174879228627676,940915.2150802457,2046.3769571777689
Chaz Bono,13,5,21.0,7.0,3,7.0,7.0,7.0,,7,6.0,False,TV Personality,Media,42,36-45,Lacey Schwimmer,5,United States,California,1,7.0,0.875,10.0,0.0008000933552429271,940915.2150802457,752.8200114326742
Carson Kressley,13,5,19.0,6.333333333333333,3,6.0,6.0,7.0,,8,5.0,True,TV Personality,Media,41,36-45,Anna Trebunskaya,7,United States,Pennsylvania,1,8.0,1.0,10.0,0.00010828086084753331,940915.2150802457,101.88310947343096
Ricki Lake,13,6,29.0,9.666666666666666,3,10.0,9.0,10.0,,3,,False,Actor/Actress,Entertainment,42,36-45,Derek Hough,7,United States,New York,1,1.0,0.2142857142857142,10.0,0.4974388389195808,999722.4160227609,497300.7578682403
J.R. Martinez,13,6,29.0,9.666666666666666,3,10.0,9.0,10.0,,1,,False,Actor/Actress,Entertainment,28,26-35,Karina Smirnoff,9,United States,Louisiana,1,1.0,0.2142857142857142,10.0,0.4974388389195808,999722.4160227609,497300.7578682403
Nancy Grace,13,6,24.0,8.0,3,9.0,7.0,8.0,,5,8.0,False,TV Personality,Media,51,46-55,Tristan MacManus,0,United States,Georgia,1,3.0,0.4285714285714285,10.0,0.0033517165319267486,999722.4160227609,3350.7861491212384
David Arquette,13,6,23.0,7.666666666666667,3,8.0,7.0,8.0,,6,7.0,False,Actor/Actress,Entertainment,40,36-45,Kym Johnson,9,United States,Virginia,1,4.0,0.5714285714285714,10.0,0.0012330276047302971,999722.4160227609,1232.6853360237305
Rob Kardashian,13,6,22.0,7.333333333333333,3,8.0,7.0,7.0,,2,,False,TV Personality,Media,24,≤25,Cheryl Burke,11,United States,California,1,5.0,0.7142857142857143,10.0,0.00045360550617714376,999722.4160227609,453.47959255664153
Hope Solo,13,6,20.0,6.666666666666667,3,7.0,6.0,7.0,,4,9.0,False,Athlete,Sports,30,26-35,Maksim Chmerkoskiy,10,United States,Washington,1,6.0,0.8571428571428571,10.0,6.138882965617082e-05,999722.4160227609,61.37178910067681
Chaz Bono,13,6,19.0,6.333333333333333,3,7.0,6.0,6.0,,7,6.0,True,TV Personality,Media,42,36-45,Lacey Schwimmer,5,United States,California,1,7.0,1.0,10.0,2.258368834808099e-05,999722.4160227609,22.5774194780486
Ricki Lake,13,7,26.5,8.833333333333334,3,9.0,8.5,9.0,,3,,False,Actor/Actress,Entertainment,42,36-45,Derek Hough,7,United States,New York,1,1.0,0.1666666666666666,10.0,0.4930125205943289,1058529.6169652764,521868.3545838004
Nancy Grace,13,7,22.0,7.333333333333333,3,7.5,7.0,7.5,,5,8.0,False,TV Personality,Media,51,46-55,Tristan MacManus,0,United States,Georgia,1,6.0,1.0,10.0,0.3335333433333332,1058529.6169652764,353054.9221637812
Rob Kardashian,13,7,25.5,8.5,3,9.0,8.0,8.5,,2,,False,TV Personality,Media,24,≤25,Cheryl Burke,11,United States,California,1,2.0,0.3333333333333333,10.0,0.12846582974851387,1058529.6169652764,135984.8855568208
Hope Solo,13,7,25.0,8.333333333333334,3,8.5,8.0,8.5,,4,9.0,False,Athlete,Sports,30,26-35,Maksim Chmerkoskiy,10,United States,Washington,1,3.0,0.5,10.0,0.04498828632382391,1058529.6169652764,47621.4334902815
David Arquette,13,7,23.5,7.833333333333333,3,8.0,7.5,8.0,,6,7.0,True,Actor/Actress,Entertainment,40,36-45,Kym Johnson,9,United States,Virginia,1,5.0,0.8333333333333334,10.0,1.0000000025961462e-08,1058529.6169652764,0.010585296197133741
J.R. Martinez,13,7,24.0,8.0,3,8.5,7.5,8.0,,1,,False,Actor/Actress,Entertainment,28,26-35,Karina Smirnoff,9,United States,Louisiana,1,4.0,0.6666666666666666,10.0,1.0000000001675334e-08,1058529.6169652764,0.010585296171426154
J.R. Martinez,13,8,30.0,10.0,3,10.0,10.0,10.0,,1,,False,Actor/Actress,Entertainment,28,26-35,Karina Smirnoff,9,United States,Louisiana,1,1.0,0.2,10.0,0.9541295201777965,1117336.8179077916,1066084.041947347
Ricki Lake,13,8,26.0,8.666666666666666,3,8.5,8.5,9.0,,3,,False,Actor/Actress,Entertainment,42,36-45,Derek Hough,7,United States,New York,1,2.0,0.5,10.0,0.01747549174465773,1117336.8179077916,19526.01033734975
Hope Solo,13,8,26.0,8.666666666666666,3,8.5,9.0,8.5,,4,9.0,False,Athlete,Sports,30,26-35,Maksim Chmerkoskiy,10,United States,Washington,1,2.0,0.5,10.0,0.01747549174465773,1117336.8179077916,19526.01033734975
Rob Kardashian,13,8,25.5,8.5,3,8.5,8.5,8.5,,2,,False,TV Personality,Media,24,≤25,Cheryl Burke,11,United States,California,1,4.0,0.8,10.0,0.010599421536689933,1117336.8179077916,11843.123931468444
Nancy Grace,13,8,22.0,7.333333333333333,3,7.5,7.0,7.5,,5,8.0,True,TV Personality,Media,51,46-55,Tristan MacManus,0,United States,Georgia,1,5.0,1.0,10.0,0.0003200747961982063,1117336.8179077916,357.63135427658875
Ricki Lake,13,9,33.4999,11.166633333333332,3,10.8333,11.3333,11.3333,,3,,False,Actor/Actress,Entertainment,42,36-45,Derek Hough,7,United States,New York,1,1.0,0.25,10.0,0.7288346954706812,1176144.0188503072,857214.5678084268
Rob Kardashian,13,9,32.4998,10.833266666666669,3,11.1666,10.6666,10.6666,,2,,False,TV Personality,Media,24,≤25,Cheryl Burke,11,United States,California,1,2.0,0.5,10.0,0.2680964894866378,1176144.0188503072,315320.0825844733
J.R. Martinez,13,9,28.0,9.333333333333334,3,9.5,9.0,9.5,,1,,False,Actor/Actress,Entertainment,28,26-35,Karina Smirnoff,9,United States,Louisiana,1,3.0,0.75,10.0,0.002978878689786328,1176144.0188503072,3503.5903538728294
Hope Solo,13,9,24.4998,8.1666,3,8.1666,8.1666,8.1666,,4,9.0,True,Athlete,Sports,30,26-35,Maksim Chmerkoskiy,10,United States,Washington,1,4.0,1.0,10.0,8.993635289462565e-05,1176144.0188503072,105.77810353422447
Rob Kardashian,13,10,28.3332,9.4444,3,9.4444,9.4444,9.4444,,2,,False,TV Personality,Media,24,≤25,Cheryl Burke,11,United States,California,1,1.0,0.3333333333333333,10.0,0.39016644702955666,1234951.2197928224,481836.52968138264
J.R. Martinez,13,10,28.1665,9.388833333333332,3,9.3333,9.1666,9.6666,,1,,False,Actor/Actress,Entertainment,28,26-35,Karina Smirnoff,9,United States,Louisiana,1,2.0,0.6666666666666666,10.0,0.3302577583005989,1234951.2197928224,407852.2214593677
Ricki Lake,13,10,27.9999,9.3333,3,9.3333,9.3333,9.3333,,3,,False,Actor/Actress,Entertainment,42,36-45,Derek Hough,7,United States,New York,1,3.0,1.0,10.0,0.27957579466984434,1234951.2197928224,345262.4686520719
Jaleel White,14,1,26.0,8.666666666666666,3,9.0,8.0,9.0,,7,7.0,False,Actor/Actress,Entertainment,35,26-35,Kym Johnson,10,United States,California,1,1.0,0.125,10.0,0.42455711238999183,782994.7105415923,332425.9733241759
Katherine Jenkins,14,1,26.0,8.666666666666666,3,9.0,8.0,9.0,,2,,False,Singer/Rapper,Entertainment,31,26-35,Mark Ballas,9,Wales,Unknown,0,1.0,0.125,10.0,0.42455711238999183,782994.7105415923,332425.9733241759
William Levy,14,1,24.0,8.0,3,8.0,8.0,8.0,,3,,False,Actor/Actress,Entertainment,31,26-35,Cheryl Burke,12,Cuba,Unknown,0,3.0,0.25,10.0,0.057457557055417954,782994.7105415923,44988.96325503401
Jack Wagner,14,1,23.0,7.666666666666667,3,8.0,7.0,8.0,,11,3.0,False,Actor/Actress,Entertainment,52,46-55,Anna Trebunskaya,8,United States,Missouri,1,4.0,0.4583333333333333,10.0,0.02113745398062342,782994.7105415923,16550.51466114446
Roshon Fegan,14,1,23.0,7.666666666666667,3,8.0,7.0,8.0,,6,8.0,False,Actor/Actress,Entertainment,20,≤25,Chelsie Hightower,5,United States,California,1,4.0,0.4583333333333333,10.0,0.02113745398062342,782994.7105415923,16550.51466114446
Gladys Knight,14,1,23.0,7.666666666666667,3,8.0,7.0,8.0,,8,6.0,False,Singer/Rapper,Entertainment,67,>55,Tristan MacManus,1,United States,Georgia,1,4.0,0.4583333333333333,10.0,0.02113745398062342,782994.7105415923,16550.51466114446
Sherri Sheperd,14,1,23.0,7.666666666666667,3,8.0,7.0,8.0,,10,4.0,False,Actor/Actress,Entertainment,44,36-45,Valentin Chmerkovskiy,1,United States,Illinois,1,4.0,0.4583333333333333,10.0,0.02113745398062342,782994.7105415923,16550.51466114446
Maria Menounos,14,1,21.0,7.0,3,7.0,7.0,7.0,,4,9.0,False,TV Personality,Media,33,26-35,Derek Hough,8,United States,Massachusetts,1,8.0,0.7083333333333334,10.0,0.0028606433213685368,782994.7105415923,2239.868589377697
Donald Driver,14,1,21.0,7.0,3,7.0,7.0,7.0,,1,,False,Athlete,Sports,37,36-45,Peta Murgatroyd,1,United States,Texas,1,8.0,0.7083333333333334,10.0,0.0028606433213685368,782994.7105415923,2239.868589377697
Gavin DeGraw,14,1,20.0,6.666666666666667,3,7.0,6.0,7.0,,9,5.0,False,Singer/Rapper,Entertainment,35,26-35,Karina Smirnoff,10,United States,New York,1,10.0,0.9166666666666666,10.0,0.001052371866455876,782994.7105415923,824.001604957734
Melissa Gilbert,14,1,20.0,6.666666666666667,3,7.0,6.0,7.0,,5,8.0,False,Actor/Actress,Entertainment,47,46-55,Maksim Chmerkoskiy,11,United States,California,1,10.0,0.9166666666666666,10.0,0.001052371866455876,782994.7105415923,824.001604957734
Martina Navratilova,14,1,20.0,6.666666666666667,3,7.0,6.0,7.0,,12,2.0,False,Athlete,Sports,55,46-55,Tony Dovolani,12,Czechoslovakia,Unknown,0,10.0,0.9166666666666666,10.0,0.001052371866455876,782994.7105415923,824.001604957734
Roshon Fegan,14,2,26.0,8.666666666666666,3,9.0,8.0,9.0,,6,8.0,False,Actor/Actress,Entertainment,20,≤25,Chelsie Hightower,5,United States,California,1,1.0,0.125,10.0,0.3382736153051006,848244.2697533919,286938.65579131484
Katherine Jenkins,14,2,26.0,8.666666666666666,3,9.0,8.0,9.0,,2,,False,Singer/Rapper,Entertainment,31,26-35,Mark Ballas,9,Wales,Unknown,0,1.0,0.125,10.0,0.3382736153051006,848244.2697533919,286938.65579131484
William Levy,14,2,25.0,8.333333333333334,3,9.0,7.0,9.0,,3,,False,Actor/Actress,Entertainment,31,26-35,Cheryl Burke,12,Cuba,Unknown,0,3.0,0.2916666666666667,10.0,0.12444390856148385,848244.2697533919,105558.83234299374
Maria Menounos,14,2,25.0,8.333333333333334,3,8.0,8.0,9.0,,4,9.0,False,TV Personality,Media,33,26-35,Derek Hough,8,United States,Massachusetts,1,3.0,0.2916666666666667,10.0,0.12444390856148385,848244.2697533919,105558.83234299374
Donald Driver,14,2,24.0,8.0,3,8.0,8.0,8.0,,1,,False,Athlete,Sports,37,36-45,Peta Murgatroyd,1,United States,Texas,1,5.0,0.4166666666666667,10.0,0.04578035553878875,848244.2697533919,38832.924253050514
Sherri Sheperd,14,2,23.0,7.666666666666667,3,8.0,7.0,8.0,,10,4.0,False,Actor/Actress,Entertainment,44,36-45,Valentin Chmerkovskiy,1,United States,Illinois,1,6.0,0.5,10.0,0.01684165161223955,848244.2697533919,14285.834473265171
Jaleel White,14,2,22.0,7.333333333333333,3,7.0,7.0,8.0,,7,7.0,False,Actor/Actress,Entertainment,35,26-35,Kym Johnson,10,United States,California,1,7.0,0.5833333333333334,10.0,0.006195697383514805,848244.2697533919,5255.464802692516
Jack Wagner,14,2,21.0,7.0,3,7.0,7.0,7.0,,11,3.0,False,Actor/Actress,Entertainment,52,46-55,Anna Trebunskaya,8,United States,Missouri,1,8.0,0.7083333333333334,10.0,0.002279269691114794,848244.2697533919,1933.3774547107073
Gavin DeGraw,14,2,21.0,7.0,3,7.0,7.0,7.0,,9,5.0,False,Singer/Rapper,Entertainment,35,26-35,Karina Smirnoff,10,United States,New York,1,8.0,0.7083333333333334,10.0,0.002279269691114794,848244.2697533919,1933.3774547107073
Melissa Gilbert,14,2,20.0,6.666666666666667,3,7.0,6.0,7.0,,5,8.0,False,Actor/Actress,Entertainment,47,46-55,Maksim Chmerkoskiy,11,United States,California,1,10.0,0.8333333333333334,10.0,0.0008384964602463164,848244.2697533919,711.2498176124407
Gladys Knight,14,2,19.0,6.333333333333333,3,7.0,5.0,7.0,,8,6.0,False,Singer/Rapper,Entertainment,67,>55,Tristan MacManus,1,United States,Georgia,1,11.0,0.9166666666666666,10.0,0.0003084656092196474,848244.2697533919,261.65418543655494
Martina Navratilova,14,2,17.0,5.666666666666667,3,6.0,5.0,6.0,,12,2.0,True,Athlete,Sports,55,46-55,Tony Dovolani,12,Czechoslovakia,Unknown,0,12.0,1.0,10.0,4.1746280592495266e-05,848244.2697533919,35.41104329610134
Katherine Jenkins,14,3,29.0,9.666666666666666,3,10.0,9.0,10.0,,2,,False,Singer/Rapper,Entertainment,31,26-35,Mark Ballas,9,Wales,Unknown,0,1.0,0.0909090909090909,10.0,0.6160204221747004,913493.8289651911,562730.8541731207
William Levy,14,3,28.0,9.333333333333334,3,9.0,9.0,10.0,,3,,False,Actor/Actress,Entertainment,31,26-35,Cheryl Burke,12,Cuba,Unknown,0,2.0,0.1818181818181818,10.0,0.22662124865982475,913493.8289651911,207017.11216313601
Maria Menounos,14,3,27.0,9.0,3,9.0,9.0,9.0,,4,9.0,False,TV Personality,Media,33,26-35,Derek Hough,8,United States,Massachusetts,1,3.0,0.2727272727272727,10.0,0.08336929831455081,913493.8289651911,76157.33953550027
Donald Driver,14,3,26.0,8.666666666666666,3,9.0,8.0,9.0,,1,,False,Athlete,Sports,37,36-45,Peta Murgatroyd,1,United States,Texas,1,4.0,0.3636363636363636,10.0,0.030669850874812218,913493.8289651911,28016.71950942363
Roshon Fegan,14,3,25.0,8.333333333333334,3,8.0,8.0,9.0,,6,8.0,False,Actor/Actress,Entertainment,20,≤25,Chelsie Hightower,5,United States,California,1,5.0,0.5,10.0,0.01128280760063739,913493.8289651911,10306.77511658381
Jaleel White,14,3,25.0,8.333333333333334,3,9.0,8.0,8.0,,7,7.0,False,Actor/Actress,Entertainment,35,26-35,Kym Johnson,10,United States,California,1,5.0,0.5,10.0,0.01128280760063739,913493.8289651911,10306.77511658381
Gavin DeGraw,14,3,24.0,8.0,3,8.0,8.0,8.0,,9,5.0,False,Singer/Rapper,Entertainment,35,26-35,Karina Smirnoff,10,United States,New York,1,7.0,0.8181818181818182,10.0,0.004190712954967385,913493.8289651911,3828.190423327187
Melissa Gilbert,14,3,24.0,8.0,3,8.0,8.0,8.0,,5,8.0,False,Actor/Actress,Entertainment,47,46-55,Maksim Chmerkoskiy,11,United States,California,1,7.0,0.8181818181818182,10.0,0.004190712954967385,913493.8289651911,3828.190423327187
Gladys Knight,14,3,24.0,8.0,3,8.0,8.0,8.0,,8,6.0,False,Singer/Rapper,Entertainment,67,>55,Tristan MacManus,1,United States,Georgia,1,7.0,0.8181818181818182,10.0,0.004190712954967385,913493.8289651911,3828.190423327187
Sherri Sheperd,14,3,24.0,8.0,3,8.0,8.0,8.0,,10,4.0,False,Actor/Actress,Entertainment,44,36-45,Valentin Chmerkovskiy,1,United States,Illinois,1,7.0,0.8181818181818182,10.0,0.004190712954967385,913493.8289651911,3828.190423327187
Jack Wagner,14,3,24.0,8.0,3,8.0,8.0,8.0,,11,3.0,True,Actor/Actress,Entertainment,52,46-55,Anna Trebunskaya,8,United States,Missouri,1,7.0,0.8181818181818182,10.0,0.003990712954967384,913493.8289651911,3645.491657534148
Donald Driver,14,4,27.0,9.0,3,9.0,9.0,9.0,,1,,False,Athlete,Sports,37,36-45,Peta Murgatroyd,1,United States,Texas,1,1.0,0.1,10.0,0.5162476128729632,978743.3881769904,505273.9377615673
Roshon Fegan,14,4,26.0,8.666666666666666,3,9.0,8.0,9.0,,6,8.0,False,Actor/Actress,Entertainment,20,≤25,Chelsie Hightower,5,United States,California,1,2.0,0.25,10.0,0.17034758713494694,978743.3881769904,166726.57460023309
Maria Menounos,14,4,26.0,8.666666666666666,3,9.0,8.0,9.0,,4,9.0,False,TV Personality,Media,33,26-35,Derek Hough,8,United States,Massachusetts,1,2.0,0.25,10.0,0.1703475871349469,978743.3881769904,166726.57460023306
Gladys Knight,14,4,20.0,6.666666666666667,3,7.0,6.0,7.0,,8,6.0,False,Singer/Rapper,Entertainment,67,>55,Tristan MacManus,1,United States,Georgia,1,10.0,1.0,10.0,0.14305715285714288,978743.3881769904,140016.24249035364
Gavin DeGraw,14,4,23.0,7.666666666666667,3,8.0,8.0,7.0,,9,5.0,False,Singer/Rapper,Entertainment,35,26-35,Karina Smirnoff,10,United States,New York,1,5.0,0.5,10.0,1.000000002943091e-08,978743.3881769904,0.009787433910575212
Jaleel White,14,4,22.0,7.333333333333333,3,8.0,7.0,7.0,,7,7.0,False,Actor/Actress,Entertainment,35,26-35,Kym Johnson,10,United States,California,1,6.0,0.7,10.0,1.0000000014252079e-08,978743.3881769904,0.009787433895719032
Melissa Gilbert,14,4,22.0,7.333333333333333,3,7.0,8.0,7.0,,5,8.0,False,Actor/Actress,Entertainment,47,46-55,Maksim Chmerkoskiy,11,United States,California,1,6.0,0.7,10.0,1.0000000012517355e-08,978743.3881769904,0.009787433894021183
Katherine Jenkins,14,4,24.0,8.0,3,8.0,8.0,8.0,,2,,False,Singer/Rapper,Entertainment,31,26-35,Mark Ballas,9,Wales,Unknown,0,4.0,0.4,10.0,1.0000000001675334e-08,978743.3881769904,0.009787433883409627
William Levy,14,4,22.0,7.333333333333333,3,7.0,7.0,8.0,,3,,False,Actor/Actress,Entertainment,31,26-35,Cheryl Burke,12,Cuba,Unknown,0,6.0,0.7,10.0,9.999999999999999e-09,978743.3881769904,0.009787433881769904
Sherri Sheperd,14,4,21.0,7.0,3,7.0,7.0,7.0,,10,4.0,True,Actor/Actress,Entertainment,44,36-45,Valentin Chmerkovskiy,1,United States,Illinois,1,9.0,0.9,10.0,9.999999999999999e-09,978743.3881769904,0.009787433881769904
William Levy,14,5,29.0,9.666666666666666,3,10.0,9.0,10.0,,3,,False,Actor/Actress,Entertainment,31,26-35,Cheryl Burke,12,Cuba,Unknown,0,1.0,0.1666666666666666,10.0,0.4294631794705143,1043992.94738879,448356.5305303831
Katherine Jenkins,14,5,29.0,9.666666666666666,3,10.0,9.0,10.0,,2,,False,Singer/Rapper,Entertainment,31,26-35,Mark Ballas,9,Wales,Unknown,0,1.0,0.1666666666666666,10.0,0.4294631794705143,1043992.94738879,448356.5305303831
Maria Menounos,14,5,27.0,9.0,3,9.0,9.0,9.0,,4,9.0,False,TV Personality,Media,33,26-35,Derek Hough,8,United States,Massachusetts,1,3.0,0.3888888888888889,10.0,0.05812152103333829,1043992.94738879,60678.458050314395
Donald Driver,14,5,27.0,9.0,3,10.0,8.0,9.0,,1,,False,Athlete,Sports,37,36-45,Peta Murgatroyd,1,United States,Texas,1,3.0,0.3888888888888889,10.0,0.05812152103333829,1043992.94738879,60678.458050314395
Roshon Fegan,14,5,26.0,8.666666666666666,3,9.0,8.0,9.0,,6,8.0,False,Actor/Actress,Entertainment,20,≤25,Chelsie Hightower,5,United States,California,1,5.0,0.5555555555555556,10.0,0.021381712677778723,1043992.94738879,22322.357238694465
Jaleel White,14,5,24.0,8.0,3,8.0,8.0,8.0,,7,7.0,False,Actor/Actress,Entertainment,35,26-35,Kym Johnson,10,United States,California,1,6.0,0.6666666666666666,10.0,0.0028937001413310557,1043992.94738879,3021.002539407567
Gladys Knight,14,5,22.0,7.333333333333333,3,7.0,7.0,8.0,,8,6.0,False,Singer/Rapper,Entertainment,67,>55,Tristan MacManus,1,United States,Georgia,1,7.0,0.7777777777777778,10.0,0.0003916197282288646,1043992.94738879,408.84823432924924
Melissa Gilbert,14,5,21.0,7.0,3,7.0,7.0,7.0,,5,8.0,False,Actor/Actress,Entertainment,47,46-55,Maksim Chmerkoskiy,11,United States,California,1,8.0,0.8888888888888888,10.0,0.00014406884677254682,1043992.94738879,150.4068599689751
Gavin DeGraw,14,5,19.0,6.333333333333333,3,6.0,6.0,7.0,,9,5.0,True,Singer/Rapper,Entertainment,35,26-35,Karina Smirnoff,10,United States,New York,1,9.0,1.0,10.0,1.949759818353478e-05,1043992.94738879,20.35535499463079
Katherine Jenkins,14,6,38.9999,12.999966666666666,3,13.3333,12.3333,13.3333,,2,,False,Singer/Rapper,Entertainment,31,26-35,Mark Ballas,9,Wales,Unknown,0,1.0,0.125,10.0,0.83884483566714,1109242.506600589,930482.3481643775
Jaleel White,14,6,36.9998,12.333266666666669,3,12.6666,11.6666,12.6666,,7,7.0,False,Actor/Actress,Entertainment,35,26-35,Kym Johnson,10,United States,California,1,2.0,0.25,10.0,0.11351395146384759,1109242.506600589,125914.5000558959
William Levy,14,6,36.0,12.0,3,12.0,11.0,13.0,,3,,False,Actor/Actress,Entertainment,31,26-35,Cheryl Burke,12,Cuba,Unknown,0,3.0,0.375,10.0,0.041767801754733054,1109242.506600589,46330.62111361657
Donald Driver,14,6,33.9999,11.3333,3,11.3333,11.3333,11.3333,,1,,False,Athlete,Sports,37,36-45,Peta Murgatroyd,1,United States,Texas,1,4.0,0.5,10.0,0.005652092043181747,1109242.506600589,6269.540745516166
Melissa Gilbert,14,6,30.0,10.0,3,10.0,10.0,10.0,,5,8.0,False,Actor/Actress,Entertainment,47,46-55,Maksim Chmerkoskiy,11,United States,California,1,5.0,0.625,10.0,0.00010353202951411351,1109242.506600589,114.84212793168143
Maria Menounos,14,6,29.9999,9.999966666666666,3,9.3333,10.3333,10.3333,,4,9.0,False,TV Personality,Media,33,26-35,Derek Hough,8,United States,Massachusetts,1,6.0,0.75,10.0,0.00010352167682880502,1109242.506600589,114.8306442930798
Roshon Fegan,14,6,27.9998,9.333266666666669,3,8.6666,9.6666,9.6666,,6,8.0,False,Actor/Actress,Entertainment,20,≤25,Chelsie Hightower,5,United States,California,1,7.0,0.875,10.0,1.4008734511258282e-05,1109242.506600589,15.539083783570314
Gladys Knight,14,6,24.0,8.0,3,8.0,8.0,8.0,,8,6.0,True,Singer/Rapper,Entertainment,67,>55,Tristan MacManus,1,United States,Georgia,1,8.0,1.0,10.0,2.5663024351279456e-07,1109242.506600589,0.2846651745836518
Maria Menounos,14,7,28.5,9.5,3,10.0,9.0,9.5,,4,9.0,False,TV Personality,Media,33,26-35,Derek Hough,8,United States,Massachusetts,1,1.0,0.1428571428571428,10.0,0.5337687231397505,1174492.0658123887,626907.1303064466
Melissa Gilbert,14,7,23.5,7.833333333333333,3,8.0,7.5,8.0,,5,8.0,False,Actor/Actress,Entertainment,47,46-55,Maksim Chmerkoskiy,11,United States,California,1,7.0,1.0,10.0,0.40020001,1174492.0658123887,470031.7364830386
Katherine Jenkins,14,7,27.0,9.0,3,9.5,8.5,9.0,,2,,False,Singer/Rapper,Entertainment,31,26-35,Mark Ballas,9,Wales,Unknown,0,2.0,0.2857142857142857,10.0,0.05786531199208947,1174492.0658123887,67962.34982046754
William Levy,14,7,26.5,8.833333333333334,3,9.0,8.5,9.0,,3,,False,Actor/Actress,Entertainment,31,26-35,Cheryl Burke,12,Cuba,Unknown,0,3.0,0.5,10.0,0.004082967434079973,1174492.0658123887,4795.412856297296
Donald Driver,14,7,26.5,8.833333333333334,3,9.0,8.5,9.0,,1,,False,Athlete,Sports,37,36-45,Peta Murgatroyd,1,United States,Texas,1,3.0,0.5,10.0,0.004082967434079959,1174492.0658123887,4795.412856297279
Roshon Fegan,14,7,26.0,8.666666666666666,3,9.5,8.0,8.5,,6,8.0,False,Actor/Actress,Entertainment,20,≤25,Chelsie Hightower,5,United States,California,1,5.0,0.7142857142857143,10.0,1.0000000022492017e-08,1174492.0658123887,0.011744920684540583
Jaleel White,14,7,25.5,8.5,3,9.0,8.0,8.5,,7,7.0,True,Actor/Actress,Entertainment,35,26-35,Kym Johnson,10,United States,California,1,6.0,0.8571428571428571,10.0,1.000000000861423e-08,1174492.0658123887,0.01174492066824123
Maria Menounos,14,8,26.5,8.833333333333334,3,9.5,7.5,9.5,,4,9.0,False,TV Personality,Media,33,26-35,Derek Hough,8,United States,Massachusetts,1,5.0,0.8333333333333334,10.0,0.5002000099999997,1239741.6250241878,620118.7732345146
Katherine Jenkins,14,8,27.5,9.166666666666666,3,9.0,9.0,9.5,,2,,False,Singer/Rapper,Entertainment,31,26-35,Mark Ballas,9,Wales,Unknown,0,3.0,0.5833333333333334,10.0,0.1668666766666667,1239741.6250241878,206871.56489311912
Donald Driver,14,8,27.5,9.166666666666666,3,9.5,9.0,9.0,,1,,False,Athlete,Sports,37,36-45,Peta Murgatroyd,1,United States,Texas,1,3.0,0.5833333333333334,10.0,0.16686667666666666,1239741.6250241878,206871.56489311904
William Levy,14,8,28.5,9.5,3,9.5,9.5,9.5,,3,,False,Actor/Actress,Entertainment,31,26-35,Cheryl Burke,12,Cuba,Unknown,0,1.0,0.1666666666666666,10.0,0.16606661666666656,1239741.6250241878,205879.69720860207
Roshon Fegan,14,8,28.0,9.333333333333334,3,9.5,9.0,9.5,,6,8.0,True,Actor/Actress,Entertainment,20,≤25,Chelsie Hightower,5,United States,California,1,2.0,0.3333333333333333,10.0,1.0000000300047773e-08,1239741.6250241878,0.012397416622223592
Melissa Gilbert,14,8,25.5,8.5,3,8.5,8.5,8.5,,5,8.0,True,Actor/Actress,Entertainment,47,46-55,Maksim Chmerkoskiy,11,United States,California,1,6.0,1.0,10.0,1.0000000022492017e-08,1239741.6250241878,0.012397416278126168
Maria Menounos,14,9,29.5,9.833333333333334,3,10.0,9.5,10.0,,4,9.0,True,TV Personality,Media,33,26-35,Derek Hough,8,United States,Massachusetts,1,1.0,0.25,10.0,0.4550542339234112,1304991.1842359875,593841.7636193124
William Levy,14,9,29.0,9.666666666666666,3,9.5,9.5,10.0,,3,,False,Actor/Actress,Entertainment,31,26-35,Cheryl Burke,12,Cuba,Unknown,0,2.0,0.5,10.0,0.27600434470659363,1304991.1842359875,360183.23665293533
Donald Driver,14,9,28.5,9.5,3,9.5,9.0,10.0,,1,,False,Athlete,Sports,37,36-45,Peta Murgatroyd,1,United States,Texas,1,3.0,0.75,10.0,0.16740509727844333,1304991.1842359875,218462.17614453644
Katherine Jenkins,14,9,28.0,9.333333333333334,3,9.5,9.0,9.5,,2,,False,Singer/Rapper,Entertainment,31,26-35,Mark Ballas,9,Wales,Unknown,0,4.0,1.0,10.0,0.10153632409155179,1304991.1842359875,132504.0078192032
Katherine Jenkins,14,10,30.0,10.0,3,10.0,10.0,10.0,,2,,False,Singer/Rapper,Entertainment,31,26-35,Mark Ballas,9,Wales,Unknown,0,1.0,0.3333333333333333,10.0,0.4110207677759399,1370240.7434477867,563197.4024097839
William Levy,14,10,29.666600000000003,9.888866666666669,3,10.0,9.6666,10.0,,3,,False,Actor/Actress,Entertainment,31,26-35,Cheryl Burke,12,Cuba,Unknown,0,2.0,0.8333333333333334,10.0,0.29448961611203,1370240.7434477867,403521.6705190013
Donald Driver,14,10,29.666600000000003,9.888866666666669,3,10.0,9.6666,10.0,,1,,False,Athlete,Sports,37,36-45,Peta Murgatroyd,1,United States,Texas,1,2.0,0.8333333333333334,10.0,0.29448961611203,1370240.7434477867,403521.6705190013
Emmitt Smith,15,1,24.5,8.166666666666666,3,8.0,8.5,8.0,,4,9.0,False,Athlete,Sports,43,36-45,Cheryl Burke,13,United States,Florida,1,1.0,0.0769230769230769,10.0,0.4727488710682432,842032.4214594108,398069.8766477956
Gilles Marini,15,1,24.0,8.0,3,8.0,8.0,8.0,,6,8.0,False,Actor/Actress,Entertainment,36,36-45,Peta Murgatroyd,2,France,Unknown,0,2.0,0.1538461538461538,10.0,0.28673668464742424,842032.4214594108,241441.5848949141
Sabrina Bryan,15,1,22.5,7.5,3,7.5,7.5,7.5,,8,6.0,False,Actor/Actress,Entertainment,28,26-35,Louis van Amstel,8,United States,California,1,3.0,0.2307692307692307,10.0,0.0639796023658096,842032.4214594108,53872.89950409291
Shawn Johnson,15,1,22.0,7.333333333333333,3,8.0,6.5,7.5,,2,,False,Athlete,Sports,20,≤25,Derek Hough,9,United States,Iowa,1,4.0,0.3461538461538461,10.0,0.03880559043108645,842032.4214594108,32675.565276849866
Apolo Anton Ohno,15,1,22.0,7.333333333333333,3,7.5,7.0,7.5,,5,9.0,False,Athlete,Sports,30,26-35,Karina Smirnoff,11,United States,Washington,1,4.0,0.3461538461538461,10.0,0.03880559043108645,842032.4214594108,32675.565276849866
Drew Lachey,15,1,21.5,7.166666666666667,3,7.0,7.0,7.5,,11,3.0,False,Singer/Rapper,Entertainment,36,36-45,Anna Trebunskaya,9,United States,Ohio,1,6.0,0.5384615384615384,10.0,0.02353678036470512,842032.4214594108,19818.732163850967
Helio Castroneves,15,1,21.5,7.166666666666667,3,7.0,7.5,7.0,,10,3.0,False,Racing Driver,Sports,37,36-45,Chelsie Hightower,6,Brazil,Unknown,0,6.0,0.5384615384615384,10.0,0.02353678036470512,842032.4214594108,19818.732163850967
Kelly Monaco,15,1,21.5,7.166666666666667,3,7.0,7.0,7.5,,3,,False,Actor/Actress,Entertainment,36,36-45,Valentin Chmerkovskiy,2,United States,Pennsylvania,1,6.0,0.5384615384615384,10.0,0.02353678036470512,842032.4214594108,19818.732163850967
Melissa Rycroft,15,1,21.0,7.0,3,7.0,7.0,7.0,,1,,False,TV Personality,Media,29,26-35,Tony Dovolani,13,United States,Texas,1,9.0,0.6923076923076923,10.0,0.014275778922115954,842032.4214594108,12020.668694008515
Joey Fatone,15,1,20.5,6.833333333333333,3,6.5,7.0,7.0,,12,2.0,False,Singer/Rapper,Entertainment,35,26-35,Kym Johnson,11,United States,New York,1,10.0,0.7692307692307693,10.0,0.008658697607542695,842032.4214594108,7290.904113163982
Bristol Palin,15,1,19.5,6.5,3,6.5,6.5,6.5,,9,4.0,False,TV Personality,Media,21,≤25,Mark Ballas,10,United States,Alaska,1,11.0,0.8461538461538461,10.0,0.0031853568371353115,842032.4214594108,2682.1737307853364
Kirstie Alley,15,1,19.0,6.333333333333333,3,6.5,6.0,6.5,,7,8.0,False,Actor/Actress,Entertainment,61,>55,Maksim Chmerkoskiy,12,United States,Kansas,1,12.0,0.9230769230769232,10.0,0.0019320165838478279,842032.4214594108,1626.8206023971254
Pamela Anderson,15,1,17.0,5.666666666666667,3,5.5,5.5,6.0,,13,1.0,True,Model,Model,45,36-45,Tristan MacManus,2,Canada,Unknown,0,13.0,1.0,10.0,0.0002614700115928787,842032.4214594108,220.16622700057187
Bristol Palin,15,2,18.0,6.0,3,6.0,6.0,6.0,,9,4.0,False,TV Personality,Media,21,≤25,Mark Ballas,10,United States,Alaska,1,12.0,1.0,10.0,0.5627000099999994,912201.7899143619,513295.95630682877
Kirstie Alley,15,2,21.0,7.0,3,7.0,7.0,7.0,,7,8.0,False,Actor/Actress,Entertainment,61,>55,Maksim Chmerkoskiy,12,United States,Kansas,1,11.0,0.9166666666666666,10.0,0.18770000999999983,912201.7899143619,171220.28508894346
Sabrina Bryan,15,2,26.0,8.666666666666666,3,9.0,8.5,8.5,,8,6.0,False,Actor/Actress,Entertainment,28,26-35,Louis van Amstel,8,United States,California,1,1.0,0.0833333333333333,10.0,0.1737010790256699,912201.7899143619,158450.4351972721
Kelly Monaco,15,2,22.0,7.333333333333333,3,7.5,7.0,7.5,,3,,False,Actor/Actress,Entertainment,36,36-45,Valentin Chmerkovskiy,2,United States,Pennsylvania,1,10.0,0.8333333333333334,10.0,0.06270000999999988,912201.7899143619,57195.06134964828
Gilles Marini,15,2,25.5,8.5,3,8.5,8.5,8.5,,6,8.0,False,Actor/Actress,Entertainment,36,36-45,Peta Murgatroyd,2,France,Unknown,0,2.0,0.1666666666666666,10.0,0.012798820974330462,912201.7899143619,11675.107401577725
Drew Lachey,15,2,22.5,7.5,3,7.5,7.5,7.5,,11,3.0,False,Singer/Rapper,Entertainment,36,36-45,Anna Trebunskaya,9,United States,Ohio,1,7.0,0.6666666666666666,10.0,0.00020000999999979745,912201.7899143619,182.44948000058676
Emmitt Smith,15,2,22.5,7.5,3,7.5,7.5,7.5,,4,9.0,False,Athlete,Sports,43,36-45,Cheryl Burke,13,United States,Florida,1,7.0,0.6666666666666666,10.0,0.00020000999999978357,912201.7899143619,182.44948000057408
Helio Castroneves,15,2,23.0,7.666666666666667,3,8.0,7.5,7.5,,10,3.0,False,Racing Driver,Sports,37,36-45,Chelsie Hightower,6,Brazil,Unknown,0,6.0,0.5,10.0,1.000000052903127e-08,912201.7899143619,0.00912201838172689
Joey Fatone,15,2,22.5,7.5,3,7.5,7.5,7.5,,12,2.0,True,Singer/Rapper,Entertainment,35,26-35,Kym Johnson,11,United States,New York,1,7.0,0.6666666666666666,10.0,1.0000000230658833e-08,912201.7899143619,0.009122018109551018
Apolo Anton Ohno,15,2,24.5,8.166666666666666,3,8.5,8.0,8.0,,5,9.0,False,Athlete,Sports,30,26-35,Karina Smirnoff,11,United States,Washington,1,4.0,0.3333333333333333,10.0,1.0000000078003167e-08,912201.7899143619,0.009122017970298248
Melissa Rycroft,15,2,23.5,7.833333333333333,3,8.0,8.0,7.5,,1,,False,TV Personality,Media,29,26-35,Tony Dovolani,13,United States,Texas,1,5.0,0.4166666666666667,10.0,1.0000000057186485e-08,912201.7899143619,0.009122017951309232
Shawn Johnson,15,2,25.0,8.333333333333334,3,8.5,8.0,8.5,,2,,False,Athlete,Sports,20,≤25,Derek Hough,9,United States,Iowa,1,3.0,0.25,10.0,9.999999999999999e-09,912201.7899143619,0.009122017899143617
Melissa Rycroft,15,3,27.0,9.0,3,9.0,9.0,9.0,,1,,False,TV Personality,Media,29,26-35,Tony Dovolani,13,United States,Texas,1,1.0,0.1363636363636363,10.0,0.2670177261345978,982371.1583693128,262310.51292798476
Kelly Monaco,15,3,27.0,9.0,3,9.0,9.0,9.0,,3,,False,Actor/Actress,Entertainment,36,36-45,Valentin Chmerkovskiy,2,United States,Pennsylvania,1,1.0,0.1363636363636363,10.0,0.2670177261345978,982371.1583693128,262310.51292798476
Shawn Johnson,15,3,26.5,8.833333333333334,3,9.0,8.0,9.5,,2,,False,Athlete,Sports,20,≤25,Derek Hough,9,United States,Iowa,1,3.0,0.2727272727272727,10.0,0.16195443758738487,982371.1583693128,159099.36845576984
Helio Castroneves,15,3,25.5,8.5,3,8.5,8.5,8.5,,10,3.0,True,Racing Driver,Sports,37,36-45,Chelsie Hightower,6,Brazil,Unknown,0,4.0,0.5,10.0,0.059579707994882374,982371.1583693128,58529.386758238004
Apolo Anton Ohno,15,3,25.5,8.5,3,9.0,8.0,8.5,,5,9.0,False,Athlete,Sports,30,26-35,Karina Smirnoff,11,United States,Washington,1,4.0,0.5,10.0,0.059579707994882374,982371.1583693128,58529.386758238004
Sabrina Bryan,15,3,25.5,8.5,3,8.5,8.5,8.5,,8,6.0,False,Actor/Actress,Entertainment,28,26-35,Louis van Amstel,8,United States,California,1,4.0,0.5,10.0,0.059579707994882374,982371.1583693128,58529.386758238004
Gilles Marini,15,3,25.5,8.5,3,8.5,8.5,8.5,,6,8.0,False,Actor/Actress,Entertainment,36,36-45,Peta Murgatroyd,2,France,Unknown,0,4.0,0.5,10.0,0.059579707994882374,982371.1583693128,58529.386758238004
Emmitt Smith,15,3,25.0,8.333333333333334,3,8.5,8.0,8.5,,4,9.0,False,Athlete,Sports,43,36-45,Cheryl Burke,13,United States,Florida,1,8.0,0.7272727272727273,10.0,0.036136919595622076,982371.1583693128,35499.86756304998
Drew Lachey,15,3,24.0,8.0,3,8.0,8.0,8.0,,11,3.0,True,Singer/Rapper,Entertainment,36,36-45,Anna Trebunskaya,9,United States,Ohio,1,9.0,0.8636363636363636,10.0,0.01329402978649479,982371.1583693128,13059.671440755035
Kirstie Alley,15,3,24.0,8.0,3,8.0,8.0,8.0,,7,8.0,False,Actor/Actress,Entertainment,61,>55,Maksim Chmerkoskiy,12,United States,Kansas,1,9.0,0.8636363636363636,10.0,0.01329402978649479,982371.1583693128,13059.671440755035
Bristol Palin,15,3,22.5,7.5,3,7.5,7.5,7.5,,9,4.0,False,TV Personality,Media,21,≤25,Mark Ballas,10,United States,Alaska,1,11.0,1.0,10.0,0.0029662989952785788,982371.1583693128,2914.006580061546
Shawn Johnson,15,4,39.5,9.875,4,10.0,9.5,10.0,10.0,2,,False,Athlete,Sports,20,≤25,Derek Hough,9,United States,Iowa,1,1.0,0.1666666666666666,10.0,0.38987679522723667,1052540.5268242636,410361.12744503125
Gilles Marini,15,4,39.5,9.875,4,10.0,9.5,10.0,10.0,6,8.0,False,Actor/Actress,Entertainment,36,36-45,Peta Murgatroyd,2,France,Unknown,0,1.0,0.1666666666666666,10.0,0.38987679522723667,1052540.5268242636,410361.12744503125
Kirstie Alley,15,4,30.0,7.5,4,7.5,7.5,7.5,7.5,7,8.0,False,Actor/Actress,Entertainment,61,>55,Maksim Chmerkoskiy,12,United States,Kansas,1,9.0,1.0,10.0,0.21072632578947365,1052540.5268242636,221797.997962194
Kelly Monaco,15,4,37.5,9.375,4,9.0,9.5,9.5,9.5,3,,False,Actor/Actress,Entertainment,36,36-45,Valentin Chmerkovskiy,2,United States,Pennsylvania,1,3.0,0.3333333333333333,10.0,0.00952003375605303,1052540.5268242636,10020.22134498083
Sabrina Bryan,15,4,35.5,8.875,4,9.0,9.0,8.5,9.0,8,6.0,False,Actor/Actress,Entertainment,28,26-35,Louis van Amstel,8,United States,California,1,6.0,0.6666666666666666,10.0,1.0000000095350403e-08,1052540.5268242636,0.0105254053686028
Melissa Rycroft,15,4,37.0,9.25,4,9.0,9.0,9.5,9.5,1,,False,TV Personality,Media,29,26-35,Tony Dovolani,13,United States,Texas,1,4.0,0.4444444444444444,10.0,1.0000000001675335e-08,1052540.5268242636,0.010525405270005995
Emmitt Smith,15,4,36.0,9.0,4,9.0,9.0,9.0,9.0,4,9.0,False,Athlete,Sports,43,36-45,Cheryl Burke,13,United States,Florida,1,5.0,0.5555555555555556,10.0,1e-08,1052540.5268242636,0.010525405268242636
Apolo Anton Ohno,15,4,34.5,8.625,4,8.5,9.0,8.5,8.5,5,9.0,False,Athlete,Sports,30,26-35,Karina Smirnoff,11,United States,Washington,1,7.0,0.7777777777777778,10.0,1e-08,1052540.5268242636,0.010525405268242636
Bristol Palin,15,4,32.0,8.0,4,8.0,8.0,8.0,8.0,9,4.0,True,TV Personality,Media,21,≤25,Mark Ballas,10,United States,Alaska,1,8.0,0.8888888888888888,10.0,1e-08,1052540.5268242636,0.010525405268242636
Sabrina Bryan,15,5,29.25,9.75,3,9.75,9.75,9.75,,8,6.0,False,Actor/Actress,Entertainment,28,26-35,Louis van Amstel,8,United States,California,1,1.0,0.125,10.0,0.35235994671643794,1122709.8952792145,395597.99887860165
Shawn Johnson,15,5,28.25,9.416666666666666,3,9.25,9.0,10.0,,2,,False,Athlete,Sports,20,≤25,Derek Hough,9,United States,Iowa,1,2.0,0.4375,10.0,0.12962598028924238,1122709.8952792145,145532.37075600083
Apolo Anton Ohno,15,5,28.25,9.416666666666666,3,9.0,9.75,9.5,,5,9.0,False,Athlete,Sports,30,26-35,Karina Smirnoff,11,United States,Washington,1,2.0,0.4375,10.0,0.12962598028924238,1122709.8952792145,145532.37075600083
Gilles Marini,15,5,28.25,9.416666666666666,3,9.5,9.25,9.5,,6,8.0,False,Actor/Actress,Entertainment,36,36-45,Peta Murgatroyd,2,France,Unknown,0,2.0,0.4375,10.0,0.12962598028924238,1122709.8952792145,145532.37075600083
Melissa Rycroft,15,5,28.25,9.416666666666666,3,9.25,9.5,9.5,,1,,False,TV Personality,Media,29,26-35,Tony Dovolani,13,United States,Texas,1,2.0,0.4375,10.0,0.12962598028924238,1122709.8952792145,145532.37075600083
Emmitt Smith,15,5,28.0,9.333333333333334,3,9.25,9.25,9.5,,4,9.0,False,Athlete,Sports,43,36-45,Cheryl Burke,13,United States,Florida,1,6.0,0.75,10.0,0.10095281495566044,1122709.8952792145,113340.72430701145
Kirstie Alley,15,5,26.25,8.75,3,8.75,8.75,8.75,,7,8.0,False,Actor/Actress,Entertainment,61,>55,Maksim Chmerkoskiy,12,United States,Kansas,1,7.0,0.875,10.0,0.01754296875726819,1122709.8952792145,19695.664616359103
Kelly Monaco,15,5,25.75,8.583333333333334,3,8.5,8.5,8.75,,3,,False,Actor/Actress,Entertainment,36,36-45,Valentin Chmerkovskiy,2,United States,Pennsylvania,1,8.0,1.0,10.0,0.010640348413663993,1122709.8952792145,11946.024453239057
Apolo Anton Ohno,15,6,30.0,10.0,3,10.0,10.0,10.0,,5,9.0,False,Athlete,Sports,30,26-35,Karina Smirnoff,11,United States,Washington,1,1.0,0.1875,10.0,0.3348938951265802,1192879.2637341653,399487.9830476618
Sabrina Bryan,15,6,30.0,10.0,3,10.0,10.0,10.0,,8,6.0,True,Actor/Actress,Entertainment,28,26-35,Louis van Amstel,8,United States,California,1,1.0,0.1875,10.0,0.3348938951265802,1192879.2637341653,399487.9830476618
Melissa Rycroft,15,6,29.5,9.833333333333334,3,9.5,10.0,10.0,,1,,False,TV Personality,Media,29,26-35,Tony Dovolani,13,United States,Texas,1,3.0,0.375,10.0,0.20312341514485818,1192879.2637341653,242301.70990516763
Shawn Johnson,15,6,28.0,9.333333333333334,3,9.5,8.5,10.0,,2,,False,Athlete,Sports,20,≤25,Derek Hough,9,United States,Iowa,1,4.0,0.5,10.0,0.0453229601511682,1192879.2637341653,54064.81933537844
Kirstie Alley,15,6,27.5,9.166666666666666,3,9.5,8.5,9.5,,7,8.0,False,Actor/Actress,Entertainment,61,>55,Maksim Chmerkoskiy,12,United States,Kansas,1,5.0,0.6875,10.0,0.027489764920617447,1192879.2637341653,32791.970538731424
Gilles Marini,15,6,27.5,9.166666666666666,3,9.0,9.0,9.5,,6,8.0,False,Actor/Actress,Entertainment,36,36-45,Peta Murgatroyd,2,France,Unknown,0,5.0,0.6875,10.0,0.027489764920617447,1192879.2637341653,32791.970538731424
Kelly Monaco,15,6,27.0,9.0,3,9.0,9.0,9.0,,3,,False,Actor/Actress,Entertainment,36,36-45,Valentin Chmerkovskiy,2,United States,Pennsylvania,1,7.0,0.875,10.0,0.016673385252647308,1192879.2637341653,19889.33552413401
Emmitt Smith,15,6,26.5,8.833333333333334,3,8.5,8.5,9.5,,4,9.0,False,Athlete,Sports,43,36-45,Cheryl Burke,13,United States,Florida,1,8.0,1.0,10.0,0.010112919356931064,1192879.2637341653,12063.491796698916
Melissa Rycroft,15,7,38.9999,12.999966666666666,3,13.3333,12.8333,12.8333,,1,,False,TV Personality,Media,29,26-35,Tony Dovolani,13,United States,Texas,1,1.0,0.1428571428571428,10.0,0.696705950277579,1263048.6321891162,879973.4975361145
Shawn Johnson,15,7,37.9998,12.6666,3,12.6666,12.6666,12.6666,,2,,False,Athlete,Sports,20,≤25,Derek Hough,9,United States,Iowa,1,2.0,0.2857142857142857,10.0,0.2562781665508468,1263048.6321891162,323691.7877219815
Kelly Monaco,15,7,36.0,12.0,3,12.0,12.0,12.0,,3,,False,Actor/Actress,Entertainment,36,36-45,Valentin Chmerkovskiy,2,United States,Pennsylvania,1,3.0,0.4285714285714285,10.0,0.03469041564688595,1263048.6321891162,43815.68203287121
Emmitt Smith,15,7,34.4999,11.499966666666666,3,10.8333,11.8333,11.8333,,4,9.0,False,Athlete,Sports,43,36-45,Cheryl Burke,13,United States,Florida,1,4.0,0.5714285714285714,10.0,0.007739703989806441,1263048.6321891162,9775.62253787367
Gilles Marini,15,7,33.4998,11.1666,3,11.1666,11.1666,11.1666,,6,8.0,False,Actor/Actress,Entertainment,36,36-45,Peta Murgatroyd,2,France,Unknown,0,5.0,0.7142857142857143,10.0,0.002846993265040442,1263048.6321891162,3595.8909492609564
Apolo Anton Ohno,15,7,33.0,11.0,3,11.0,11.0,11.0,,5,9.0,False,Athlete,Sports,30,26-35,Karina Smirnoff,11,United States,Washington,1,6.0,0.8571428571428571,10.0,0.0017271340955211279,1263048.6321891162,2181.454356955147
Kirstie Alley,15,7,27.9999,9.3333,3,9.3333,9.3333,9.3333,,7,8.0,False,Actor/Actress,Entertainment,61,>55,Maksim Chmerkoskiy,12,United States,Kansas,1,7.0,1.0,10.0,1.1636174320319938e-05,1263048.6321891162,14.697054059194217
Shawn Johnson,15,8,27.8333,9.277766666666666,3,10.0,8.3333,9.5,,2,,False,Athlete,Sports,20,≤25,Derek Hough,9,United States,Iowa,1,6.0,0.8571428571428571,10.0,0.3211777877777774,1333218.000644067,428200.0080723729
Melissa Rycroft,15,8,30.0,10.0,3,10.0,10.0,10.0,,1,,False,TV Personality,Media,29,26-35,Tony Dovolani,13,United States,Texas,1,1.0,0.1428571428571428,10.0,0.29652397699284505,1333218.000644067,395331.10374942824
Kelly Monaco,15,8,28.3333,9.444433333333334,3,9.5,9.3333,9.5,,3,,False,Actor/Actress,Entertainment,36,36-45,Valentin Chmerkovskiy,2,United States,Pennsylvania,1,5.0,0.7142857142857143,10.0,0.2100666766666662,1333218.000644067,280064.6746674764
Apolo Anton Ohno,15,8,29.2777,9.759233333333333,3,9.7777,9.5,10.0,,5,9.0,False,Athlete,Sports,30,26-35,Karina Smirnoff,11,United States,Washington,1,2.0,0.3571428571428571,10.0,0.10421148827800075,1333218.000644067,138936.63204613878
Emmitt Smith,15,8,29.0554,9.685133333333331,3,9.5,9.7777,9.7777,,4,9.0,False,Athlete,Sports,43,36-45,Cheryl Burke,13,United States,Florida,1,4.0,0.5714285714285714,10.0,0.06802005028471046,1333218.000644067,90685.55544429059
Gilles Marini,15,8,29.2777,9.759233333333333,3,9.5,10.0,9.7777,,6,8.0,True,Actor/Actress,Entertainment,36,36-45,Peta Murgatroyd,2,France,Unknown,0,2.0,0.3571428571428571,10.0,1.0000000105758742e-08,1333218.000644067,0.01333218014744013
Kirstie Alley,15,8,25.5,8.5,3,8.5,8.5,8.5,,7,8.0,True,Actor/Actress,Entertainment,61,>55,Maksim Chmerkoskiy,12,United States,Kansas,1,7.0,1.0,10.0,9.999999999999999e-09,1333218.000644067,0.013332180006440668
Kelly Monaco,15,9,27.111,9.037,3,8.7777,9.3333,9.0,,3,,False,Actor/Actress,Entertainment,36,36-45,Valentin Chmerkovskiy,2,United States,Pennsylvania,1,4.0,0.8,10.0,0.60020001,1403387.3690990182,842313.1129671044
Shawn Johnson,15,9,29.5,9.833333333333334,3,9.5,10.0,10.0,,2,,False,Athlete,Sports,20,≤25,Derek Hough,9,United States,Iowa,1,1.0,0.2,10.0,0.32411255508313164,1403387.3690990182,454855.46597007674
Melissa Rycroft,15,9,28.7777,9.592566666666666,3,9.5,9.7777,9.5,,1,,False,TV Personality,Media,29,26-35,Tony Dovolani,13,United States,Texas,1,2.0,0.4,10.0,0.0756874149168685,1403387.3690990182,106218.76209408988
Emmitt Smith,15,9,27.0,9.0,3,9.0,9.0,9.0,,4,9.0,True,Athlete,Sports,43,36-45,Cheryl Burke,13,United States,Florida,1,5.0,1.0,10.0,1.0000000001675335e-08,1403387.3690990182,0.014033873693341326
Apolo Anton Ohno,15,9,28.611,9.537,3,9.3333,9.5,9.7777,,5,9.0,True,Athlete,Sports,30,26-35,Karina Smirnoff,11,United States,Washington,1,3.0,0.6,10.0,1e-08,1403387.3690990182,0.014033873690990182
Melissa Rycroft,15,10,29.3331,9.7777,3,9.7777,9.7777,9.7777,,1,,False,TV Personality,Media,29,26-35,Tony Dovolani,13,United States,Texas,1,1.0,0.3333333333333333,10.0,0.403449488657382,1473556.737553969,594505.7122737889
Kelly Monaco,15,10,29.1109,9.703633333333334,3,9.6666,9.6666,9.7777,,3,,False,Actor/Actress,Entertainment,36,36-45,Valentin Chmerkovskiy,2,United States,Pennsylvania,1,2.0,0.6666666666666666,10.0,0.3230642748819661,1473556.737553969,476053.5389153086
Shawn Johnson,15,10,28.9443,9.6481,3,9.6666,9.5,9.7777,,2,,False,Athlete,Sports,20,≤25,Derek Hough,9,United States,Iowa,1,3.0,1.0,10.0,0.27348623646065184,1473556.737553969,402997.48636487144
Zendaya,16,1,24.0,8.0,3,8.0,8.0,8.0,,2,,False,Actor/Actress,Entertainment,16,≤25,Valentin Chmerkovskiy,3,United States,California,1,1.0,0.0833333333333333,10.0,0.8325807409913971,706317.0415311524,588065.9658128583
Kellie Pickler,16,1,21.0,7.0,3,7.0,7.0,7.0,,1,,False,Singer/Rapper,Entertainment,26,26-35,Derek Hough,10,United States,North Carolina,1,2.0,0.25,10.0,0.04145175427350552,706317.0415311524,29278.080444738724
Alexandra Raisman,16,1,21.0,7.0,3,7.0,7.0,7.0,,4,10.0,False,Athlete,Sports,18,≤25,Mark Ballas,11,United States,Massachusetts,1,2.0,0.25,10.0,0.04145175427350552,706317.0415311524,29278.080444738724
Dorothy Hamill,16,1,21.0,7.0,3,7.0,7.0,7.0,,12,-1.0,False,Athlete,Sports,56,>55,Tristan MacManus,3,United States,Illinois,1,2.0,0.25,10.0,0.04145175427350552,706317.0415311524,29278.080444738724
Jacoby Jones,16,1,20.0,6.666666666666667,3,7.0,6.0,7.0,,3,,False,Athlete,Sports,28,26-35,Karina Smirnoff,12,United States,Louisiana,1,5.0,0.4583333333333333,10.0,0.015249248197713153,706317.0415311524,10770.803872583012
Ingo Rademacher,16,1,20.0,6.666666666666667,3,7.0,6.0,7.0,,5,9.0,False,Actor/Actress,Entertainment,41,36-45,Kym Johnson,12,Germany,Unknown,0,5.0,0.4583333333333333,10.0,0.015249248197713153,706317.0415311524,10770.803872583012
Sean Lowe,16,1,19.0,6.333333333333333,3,7.0,6.0,6.0,,6,8.0,False,TV Personality,Media,29,26-35,Peta Murgatroyd,3,United States,Texas,1,7.0,0.5833333333333334,10.0,0.005609884905259339,706317.0415311524,3962.3573096130453
Lisa Vanderpump,16,1,18.0,6.0,3,6.0,6.0,6.0,,10,4.0,False,TV Personality,Media,52,46-55,Gleb Savchenko,0,England,Unknown,0,8.0,0.75,10.0,0.0020637613239829155,706317.0415311524,1457.6697927820271
Victor Ortiz,16,1,18.0,6.0,3,6.0,6.0,6.0,,8,6.0,False,Athlete,Sports,26,26-35,Lindsay Arnold,0,United States,Kansas,1,8.0,0.75,10.0,0.0020637613239829155,706317.0415311524,1457.6697927820271
Wynonna Judd,16,1,18.0,6.0,3,6.0,6.0,6.0,,11,3.0,False,Singer/Rapper,Entertainment,48,46-55,Tony Dovolani,14,United States,Kentucky,1,8.0,0.75,10.0,0.0020637613239829155,706317.0415311524,1457.6697927820271
Andy Dick,16,1,17.0,5.666666666666667,3,6.0,5.0,6.0,,7,7.0,False,Comedian,Entertainment,47,46-55,Sharna Burgess,0,United States,South Carolina,1,11.0,0.9166666666666666,10.0,0.0007592153625780708,706317.0415311524,536.2467487811442
D. L. Hughley,16,1,12.0,4.0,3,4.0,4.0,4.0,,9,5.0,False,Comedian,Entertainment,50,46-55,Cheryl Burke,14,United States,Virginia,1,12.0,1.0,10.0,5.115552873942497e-06,706317.0415311524,3.613202171719249
Kellie Pickler,16,2,26.0,8.666666666666666,3,9.0,8.0,9.0,,1,,False,Singer/Rapper,Entertainment,26,26-35,Derek Hough,10,United States,North Carolina,1,1.0,0.125,10.0,0.45586599521489385,765176.7949920818,348818.0811644082
Zendaya,16,2,26.0,8.666666666666666,3,9.0,8.0,9.0,,2,,False,Actor/Actress,Entertainment,16,≤25,Valentin Chmerkovskiy,3,United States,California,1,1.0,0.125,10.0,0.45586599521489385,765176.7949920818,348818.0811644082
Alexandra Raisman,16,2,24.0,8.0,3,8.0,8.0,8.0,,4,10.0,False,Athlete,Sports,18,≤25,Mark Ballas,11,United States,Massachusetts,1,3.0,0.25,10.0,0.06169475358034799,765176.7949920818,47207.39381243694
Jacoby Jones,16,2,23.0,7.666666666666667,3,8.0,7.0,8.0,,3,,False,Athlete,Sports,28,26-35,Karina Smirnoff,12,United States,Louisiana,1,4.0,0.3333333333333333,10.0,0.022696231470348258,765176.7949920818,17366.629654879504
Ingo Rademacher,16,2,20.0,6.666666666666667,3,6.0,7.0,7.0,,5,9.0,False,Actor/Actress,Entertainment,41,36-45,Kym Johnson,12,Germany,Unknown,0,5.0,0.5,10.0,0.001129978827907094,765176.7949920818,864.6335779468594
Sean Lowe,16,2,20.0,6.666666666666667,3,7.0,6.0,7.0,,6,8.0,False,TV Personality,Media,29,26-35,Peta Murgatroyd,3,United States,Texas,1,5.0,0.5,10.0,0.001129978827907094,765176.7949920818,864.6335779468594
Andy Dick,16,2,20.0,6.666666666666667,3,7.0,6.0,7.0,,7,7.0,False,Comedian,Entertainment,47,46-55,Sharna Burgess,0,United States,South Carolina,1,5.0,0.5,10.0,0.001129978827907094,765176.7949920818,864.6335779468594
Lisa Vanderpump,16,2,18.0,6.0,3,6.0,6.0,6.0,,10,4.0,False,TV Personality,Media,52,46-55,Gleb Savchenko,0,England,Unknown,0,8.0,0.75,10.0,0.00015292600472618218,765176.7949920818,117.01543016732404
Victor Ortiz,16,2,18.0,6.0,3,6.0,6.0,6.0,,8,6.0,False,Athlete,Sports,26,26-35,Lindsay Arnold,0,United States,Kansas,1,8.0,0.75,10.0,0.00015292600472618218,765176.7949920818,117.01543016732404
Wynonna Judd,16,2,18.0,6.0,3,6.0,6.0,6.0,,11,3.0,False,Singer/Rapper,Entertainment,48,46-55,Tony Dovolani,14,United States,Kentucky,1,8.0,0.75,10.0,0.00015292600472618218,765176.7949920818,117.01543016732404
D. L. Hughley,16,2,16.0,5.333333333333333,3,5.0,5.0,6.0,,9,5.0,False,Comedian,Entertainment,50,46-55,Cheryl Burke,14,United States,Virginia,1,11.0,0.9166666666666666,10.0,2.0696284163861437e-05,765176.7949920818,15.836316384748873
Dorothy Hamill,16,2,15.0,5.0,3,5.0,5.0,5.0,,12,-1.0,False,Athlete,Sports,56,>55,Tristan MacManus,3,United States,Illinois,1,12.0,1.0,10.0,7.613737452526717e-06,765176.7949920818,5.825855221835571
Jacoby Jones,16,3,25.9998,8.6666,3,8.6666,8.6666,8.6666,,3,,False,Athlete,Sports,28,26-35,Karina Smirnoff,12,United States,Louisiana,1,1.0,0.1363636363636363,10.0,0.4019029936468564,824036.5484530112,331182.75569768803
Zendaya,16,3,25.9998,8.6666,3,8.6666,8.6666,8.6666,,2,,False,Actor/Actress,Entertainment,16,≤25,Valentin Chmerkovskiy,3,United States,California,1,1.0,0.1363636363636363,10.0,0.4019029936468564,824036.5484530112,331182.75569768803
Kellie Pickler,16,3,25.0,8.333333333333334,3,8.0,9.0,8.0,,1,,False,Singer/Rapper,Entertainment,26,26-35,Derek Hough,10,United States,North Carolina,1,3.0,0.2727272727272727,10.0,0.1478814220349109,824036.5484530112,121859.69659397105
Victor Ortiz,16,3,23.0,7.666666666666667,3,8.0,7.0,8.0,,8,6.0,False,Athlete,Sports,26,26-35,Lindsay Arnold,0,United States,Kansas,1,4.0,0.4090909090909091,10.0,0.020013574136527722,824036.5484530112,16491.91655367276
Alexandra Raisman,16,3,23.0,7.666666666666667,3,7.0,8.0,8.0,,4,10.0,False,Athlete,Sports,18,≤25,Mark Ballas,11,United States,Massachusetts,1,4.0,0.4090909090909091,10.0,0.020013574136527722,824036.5484530112,16491.91655367276
Lisa Vanderpump,16,3,21.0,7.0,3,7.0,7.0,7.0,,10,4.0,False,TV Personality,Media,52,46-55,Gleb Savchenko,0,England,Unknown,0,6.0,0.6363636363636364,10.0,0.002708542724343926,824036.5484530112,2231.9381979058844
Ingo Rademacher,16,3,21.0,7.0,3,7.0,7.0,7.0,,5,9.0,False,Actor/Actress,Entertainment,41,36-45,Kym Johnson,12,Germany,Unknown,0,6.0,0.6363636363636364,10.0,0.002708542724343926,824036.5484530112,2231.9381979058844
Sean Lowe,16,3,21.0,7.0,3,7.0,7.0,7.0,,6,8.0,False,TV Personality,Media,29,26-35,Peta Murgatroyd,3,United States,Texas,1,6.0,0.6363636363636364,10.0,0.002708542724343926,824036.5484530112,2231.9381979058844
Andy Dick,16,3,18.0,6.0,3,6.0,6.0,6.0,,7,7.0,False,Comedian,Entertainment,47,46-55,Sharna Burgess,0,United States,South Carolina,1,9.0,0.8181818181818182,10.0,0.00013485040179419148,824036.5484530112,111.12165965198729
D. L. Hughley,16,3,16.0,5.333333333333333,3,6.0,5.0,5.0,,9,5.0,False,Comedian,Entertainment,50,46-55,Cheryl Burke,14,United States,Virginia,1,10.0,0.9090909090909092,10.0,1.825001732138793e-05,824036.5484530112,15.038681282724177
Wynonna Judd,16,3,15.0,5.0,3,5.0,5.0,5.0,,11,3.0,True,Singer/Rapper,Entertainment,48,46-55,Tony Dovolani,14,United States,Kentucky,1,11.0,1.0,10.0,6.713806173561334e-06,824036.5484530112,5.532421666244
Alexandra Raisman,16,4,27.0,9.0,3,9.0,9.0,9.0,,4,10.0,False,Athlete,Sports,18,≤25,Mark Ballas,11,United States,Massachusetts,1,1.0,0.1,10.0,0.5524850089060246,882896.3019139406,487786.9712260196
Kellie Pickler,16,4,26.0,8.666666666666666,3,9.0,8.0,9.0,,1,,False,Singer/Rapper,Entertainment,26,26-35,Derek Hough,10,United States,North Carolina,1,2.0,0.25,10.0,0.20324284671437923,882896.3019139406,179442.3577545873
Zendaya,16,4,26.0,8.666666666666666,3,9.0,8.0,9.0,,2,,False,Actor/Actress,Entertainment,16,≤25,Valentin Chmerkovskiy,3,United States,California,1,2.0,0.25,10.0,0.20324284671437923,882896.3019139406,179442.3577545873
Jacoby Jones,16,4,24.0,8.0,3,8.0,8.0,8.0,,3,,False,Athlete,Sports,28,26-35,Karina Smirnoff,12,United States,Louisiana,1,4.0,0.4,10.0,0.027499048315437227,882896.3019139406,24278.808063852306
Ingo Rademacher,16,4,23.0,7.666666666666667,3,8.0,7.0,8.0,,5,9.0,False,Actor/Actress,Entertainment,41,36-45,Kym Johnson,12,Germany,Unknown,0,5.0,0.5,10.0,0.010111304909461157,882896.3019139406,8927.233712087527
Andy Dick,16,4,21.0,7.0,3,7.0,7.0,7.0,,7,7.0,False,Comedian,Entertainment,47,46-55,Sharna Burgess,0,United States,South Carolina,1,6.0,0.65,10.0,0.0013615364033449334,882896.3019139406,1202.0954554344491
D. L. Hughley,16,4,21.0,7.0,3,7.0,7.0,7.0,,9,5.0,False,Comedian,Entertainment,50,46-55,Cheryl Burke,14,United States,Virginia,1,6.0,0.65,10.0,0.0013615364033449332,882896.3019139406,1202.095455434449
Sean Lowe,16,4,20.0,6.666666666666667,3,6.0,7.0,7.0,,6,8.0,False,TV Personality,Media,29,26-35,Peta Murgatroyd,3,United States,Texas,1,8.0,0.8,10.0,0.0004958516336287271,882896.3019139406,437.78557362878934
Victor Ortiz,16,4,18.0,6.0,3,6.0,6.0,6.0,,8,6.0,False,Athlete,Sports,26,26-35,Lindsay Arnold,0,United States,Kansas,1,9.0,0.95,10.0,0.00020000999999999992,882896.3019139406,176.5880893458072
Lisa Vanderpump,16,4,18.0,6.0,3,6.0,6.0,6.0,,10,4.0,True,TV Personality,Media,52,46-55,Gleb Savchenko,0,England,Unknown,0,9.0,0.95,10.0,1.0000000000021927e-08,882896.3019139406,0.008828963019158765
Zendaya,16,5,29.0,9.666666666666666,3,10.0,9.0,10.0,,2,,False,Actor/Actress,Entertainment,16,≤25,Valentin Chmerkovskiy,3,United States,California,1,1.0,0.1111111111111111,10.0,0.825820851020633,941756.05537487,777721.7871035094
Kellie Pickler,16,5,27.0,9.0,3,9.0,9.0,9.0,,1,,False,Singer/Rapper,Entertainment,26,26-35,Derek Hough,10,United States,North Carolina,1,2.0,0.2222222222222222,10.0,0.1117413991250129,941756.05537487,105233.13926204109
Jacoby Jones,16,5,26.0,8.666666666666666,3,9.0,8.0,9.0,,3,,False,Athlete,Sports,28,26-35,Karina Smirnoff,12,United States,Louisiana,1,3.0,0.3333333333333333,10.0,0.04109179217355748,941756.05537487,38698.44410565345
Alexandra Raisman,16,5,25.0,8.333333333333334,3,8.0,8.0,9.0,,4,10.0,False,Athlete,Sports,18,≤25,Mark Ballas,11,United States,Massachusetts,1,4.0,0.4444444444444444,10.0,0.01510125424927401,941756.05537487,14221.697633009284
Sean Lowe,16,5,24.0,8.0,3,8.0,8.0,8.0,,6,8.0,False,TV Personality,Media,29,26-35,Peta Murgatroyd,3,United States,Texas,1,5.0,0.5555555555555556,10.0,0.005539869681943431,941756.05537487,5217.205818957881
Ingo Rademacher,16,5,21.0,7.0,3,7.0,7.0,7.0,,5,9.0,False,Actor/Actress,Entertainment,41,36-45,Kym Johnson,12,Germany,Unknown,0,6.0,0.7222222222222222,10.0,0.0002524068747896157,941756.05537487,237.70570275136717
Victor Ortiz,16,5,21.0,7.0,3,7.0,7.0,7.0,,8,6.0,False,Athlete,Sports,26,26-35,Lindsay Arnold,0,United States,Kansas,1,6.0,0.7222222222222222,10.0,0.0002524068747896157,941756.05537487,237.70570275136717
Andy Dick,16,5,18.0,6.0,3,6.0,6.0,6.0,,7,7.0,False,Comedian,Entertainment,47,46-55,Sharna Burgess,0,United States,South Carolina,1,8.0,0.9444444444444444,10.0,0.00020001,941756.05537487,188.36062863552775
D. L. Hughley,16,5,18.0,6.0,3,6.0,6.0,6.0,,9,5.0,True,Comedian,Entertainment,50,46-55,Cheryl Burke,14,United States,Virginia,1,8.0,0.9444444444444444,10.0,1.0000000000016845e-08,941756.05537487,0.009417560553764564
Kellie Pickler,16,6,27.0,9.0,3,8.5,9.5,9.0,,1,,False,Singer/Rapper,Entertainment,26,26-35,Derek Hough,10,United States,North Carolina,1,1.0,0.125,10.0,0.6083655634260998,1000615.8088357992,608740.2003154536
Alexandra Raisman,16,6,26.0,8.666666666666666,3,8.5,9.0,8.5,,4,10.0,False,Athlete,Sports,18,≤25,Mark Ballas,11,United States,Massachusetts,1,2.0,0.25,10.0,0.22380518350114328,1000615.8088357992,223943.00471064096
Zendaya,16,6,25.5,8.5,3,8.5,8.5,8.5,,2,,False,Actor/Actress,Entertainment,16,≤25,Valentin Chmerkovskiy,3,United States,California,1,3.0,0.375,10.0,0.1357447055960554,1000615.8088357992,135828.29838517442
Ingo Rademacher,16,6,23.0,7.666666666666667,3,7.5,8.0,7.5,,5,9.0,False,Actor/Actress,Entertainment,41,36-45,Kym Johnson,12,Germany,Unknown,0,4.0,0.5625,10.0,0.011142603972053754,1000615.8088357992,11149.465686033556
Sean Lowe,16,6,23.0,7.666666666666667,3,7.5,8.0,7.5,,6,8.0,False,TV Personality,Media,29,26-35,Peta Murgatroyd,3,United States,Texas,1,4.0,0.5625,10.0,0.011142603972053754,1000615.8088357992,11149.465686033556
Jacoby Jones,16,6,22.5,7.5,3,7.5,7.5,7.5,,3,,False,Athlete,Sports,28,26-35,Karina Smirnoff,12,United States,Louisiana,1,6.0,0.75,10.0,0.006758330938086373,1000615.8088357992,6762.492777993302
Andy Dick,16,6,21.5,7.166666666666667,3,7.0,7.5,7.0,,7,7.0,False,Comedian,Entertainment,47,46-55,Sharna Burgess,0,United States,South Carolina,1,7.0,0.875,10.0,0.0024862510087548845,1000615.8088357992,2487.7820640940904
Victor Ortiz,16,6,20.0,6.666666666666667,3,6.5,7.0,6.5,,8,6.0,True,Athlete,Sports,26,26-35,Lindsay Arnold,0,United States,Kansas,1,8.0,1.0,10.0,0.0005547575857526726,1000615.8088357992,555.0992103757058
Alexandra Raisman,16,7,32.0,10.666666666666666,3,11.0,10.0,11.0,,4,10.0,False,Athlete,Sports,18,≤25,Mark Ballas,11,United States,Massachusetts,1,1.0,0.1428571428571428,10.0,0.8381471272191976,1059475.5622967286,887996.398897947
Zendaya,16,7,30.0,10.0,3,10.0,10.0,10.0,,2,,False,Actor/Actress,Entertainment,16,≤25,Valentin Chmerkovskiy,3,United States,California,1,2.0,0.2857142857142857,10.0,0.11343087885616336,1059475.5622967286,120177.24415794578
Kellie Pickler,16,7,29.0,9.666666666666666,3,9.0,10.0,10.0,,1,,False,Singer/Rapper,Entertainment,26,26-35,Derek Hough,10,United States,North Carolina,1,3.0,0.4285714285714285,10.0,0.04172888832519095,1059475.5622967286,44210.73742234908
Jacoby Jones,16,7,27.0,9.0,3,9.0,9.0,9.0,,3,,False,Athlete,Sports,28,26-35,Karina Smirnoff,12,United States,Louisiana,1,4.0,0.5714285714285714,10.0,0.005647390920638698,1059475.5622967286,5983.272671153124
Ingo Rademacher,16,7,25.0,8.333333333333334,3,8.0,9.0,8.0,,5,9.0,False,Actor/Actress,Entertainment,41,36-45,Kym Johnson,12,Germany,Unknown,0,5.0,0.7142857142857143,10.0,0.0007642912497925131,1059475.5622967286,809.7479016323923
Sean Lowe,16,7,24.0,8.0,3,8.0,8.0,8.0,,6,8.0,False,TV Personality,Media,29,26-35,Peta Murgatroyd,3,United States,Texas,1,6.0,0.8571428571428571,10.0,0.00028116703786589296,1059475.5622967286,297.88960554227253
Andy Dick,16,7,17.0,5.666666666666667,3,5.0,6.0,6.0,,7,7.0,True,Comedian,Entertainment,47,46-55,Sharna Burgess,0,United States,South Carolina,1,7.0,1.0,10.0,2.5639115113829155e-07,1059475.5622967286,0.271640159020147
Zendaya,16,8,29.0,9.666666666666666,3,9.5,10.0,9.5,,2,,False,Actor/Actress,Entertainment,16,≤25,Valentin Chmerkovskiy,3,United States,California,1,1.0,0.1666666666666666,10.0,0.606843957271107,1118335.3157576579,678655.0285704101
Alexandra Raisman,16,8,28.0,9.333333333333334,3,9.0,9.5,9.5,,4,10.0,False,Athlete,Sports,18,≤25,Mark Ballas,11,United States,Massachusetts,1,2.0,0.3333333333333333,10.0,0.22324541587916144,1118335.3157576579,249663.23265867165
Kellie Pickler,16,8,27.5,9.166666666666666,3,9.5,8.0,10.0,,1,,False,Singer/Rapper,Entertainment,26,26-35,Derek Hough,10,United States,North Carolina,1,3.0,0.5,10.0,0.13540518937100898,1118335.3157576579,151428.4052104528
Jacoby Jones,16,8,26.0,8.666666666666666,3,8.5,9.0,8.5,,3,,False,Athlete,Sports,28,26-35,Karina Smirnoff,12,United States,Louisiana,1,4.0,0.6666666666666666,10.0,0.030212981589281707,1118335.3157576579,33788.24430562966
Ingo Rademacher,16,8,24.0,8.0,3,8.0,8.0,8.0,,5,9.0,False,Actor/Actress,Entertainment,41,36-45,Kym Johnson,12,Germany,Unknown,0,5.0,0.8333333333333334,10.0,0.004088882420808004,1118335.3157576579,4572.741613170256
Sean Lowe,16,8,21.0,7.0,3,7.0,7.0,7.0,,6,8.0,True,TV Personality,Media,29,26-35,Peta Murgatroyd,3,United States,Texas,1,6.0,1.0,10.0,0.00020357346863292513,1118335.3157576579,227.663399323484
Jacoby Jones,16,9,29.5,9.833333333333334,3,10.0,9.5,10.0,,3,,False,Athlete,Sports,28,26-35,Karina Smirnoff,12,United States,Louisiana,1,1.0,0.3,10.0,0.36229500500257267,1177195.0692185876,426491.8934915521
Alexandra Raisman,16,9,29.5,9.833333333333334,3,10.0,9.5,10.0,,4,10.0,False,Athlete,Sports,18,≤25,Mark Ballas,11,United States,Massachusetts,1,1.0,0.3,10.0,0.36229500500257267,1177195.0692185876,426491.8934915521
Kellie Pickler,16,9,29.0,9.666666666666666,3,9.5,10.0,9.5,,1,,False,Singer/Rapper,Entertainment,26,26-35,Derek Hough,10,United States,North Carolina,1,3.0,0.6,10.0,0.21974302839480223,1177195.0692185876,258680.40952152127
Zendaya,16,9,27.5,9.166666666666666,3,9.0,9.0,9.5,,2,,False,Actor/Actress,Entertainment,16,≤25,Valentin Chmerkovskiy,3,United States,California,1,4.0,0.8,10.0,0.04903129711723319,1177195.0692185876,57719.40120379846
Ingo Rademacher,16,9,25.5,8.5,3,8.5,8.5,8.5,,5,9.0,True,Actor/Actress,Entertainment,41,36-45,Kym Johnson,12,Germany,Unknown,0,5.0,1.0,10.0,0.006635664482819264,1177195.0692185876,7811.471510163747
Jacoby Jones,16,10,27.9999,9.3333,3,9.3333,9.3333,9.3333,,3,,False,Athlete,Sports,28,26-35,Karina Smirnoff,12,United States,Louisiana,1,4.0,1.0,10.0,0.5002250087500626,1236054.8226795166,618305.5344904183
Kellie Pickler,16,10,30.0,10.0,3,10.0,10.0,10.0,,1,,False,Singer/Rapper,Entertainment,26,26-35,Derek Hough,10,United States,North Carolina,1,1.0,0.375,10.0,0.24988749062496868,1236054.8226795166,308874.63791427505
Zendaya,16,10,30.0,10.0,3,10.0,10.0,10.0,,2,,False,Actor/Actress,Entertainment,16,≤25,Valentin Chmerkovskiy,3,United States,California,1,1.0,0.375,10.0,0.2498874906249687,1236054.8226795166,308874.63791427505
Alexandra Raisman,16,10,29.0,9.666666666666666,3,9.5,9.5,10.0,,4,10.0,True,Athlete,Sports,18,≤25,Mark Ballas,11,United States,Massachusetts,1,3.0,0.75,10.0,9.999999999999999e-09,1236054.8226795166,0.012360548226795165
Amber Riley,17,1,27.0,9.0,3,9.0,9.0,9.0,,1,,False,Actor/Actress,Entertainment,27,26-35,Derek Hough,11,United States,California,1,1.0,0.0833333333333333,11.0,0.8659434031379742,783281.6044717932,678277.5381916773
Corbin Bleu,17,1,24.0,8.0,3,8.0,8.0,8.0,,2,,False,Actor/Actress,Entertainment,24,≤25,Karina Smirnoff,13,United States,New York,1,2.0,0.2083333333333333,11.0,0.0431127834147311,783281.6044717932,33769.45016633549
Elizabeth Berkley Lauren,17,1,24.0,8.0,3,8.0,8.0,8.0,,6,9.0,False,Actor/Actress,Entertainment,39,36-45,Valentin Chmerkovskiy,4,United States,Michigan,1,2.0,0.2083333333333333,11.0,0.0431127834147311,783281.6044717932,33769.45016633549
Jack Osbourne,17,1,23.0,7.666666666666667,3,8.0,8.0,7.0,,3,,False,TV Personality,Media,27,26-35,Cheryl Burke,15,England,Unknown,0,4.0,0.375,11.0,0.015860306669956702,783281.6044717932,12423.086455858369
"Nicole ""Snooki"" Polizzi",17,1,23.0,7.666666666666667,3,8.0,8.0,7.0,,8,7.0,False,TV Personality,Media,25,≤25,Sasha Farber,0,Chile,Unknown,0,4.0,0.375,11.0,0.015860306669956702,783281.6044717932,12423.086455858369
Christina Milian,17,1,22.0,7.333333333333333,3,7.0,7.0,8.0,,9,5.0,False,Singer/Rapper,Entertainment,31,26-35,Mark Ballas,12,United States,New Jersey,1,6.0,0.5416666666666666,11.0,0.005834680754551371,783281.6044717932,4570.19810300569
Brant Daugherty,17,1,22.0,7.333333333333333,3,7.0,8.0,7.0,,7,8.0,False,Actor/Actress,Entertainment,28,26-35,Peta Murgatroyd,4,United States,Ohio,1,6.0,0.5416666666666666,11.0,0.005834680754551371,783281.6044717932,4570.19810300569
Leah Remini,17,1,21.0,7.0,3,7.0,7.0,7.0,,5,10.0,False,Actor/Actress,Entertainment,43,36-45,Tony Dovolani,15,United States,New York,1,8.0,0.7083333333333334,11.0,0.0021464590953981276,783281.6044717932,1681.2819241765192
Valerie Harper,17,1,21.0,7.0,3,7.0,7.0,7.0,,10,4.0,False,Actor/Actress,Entertainment,74,>55,Tristan MacManus,4,United States,New York,1,8.0,0.7083333333333334,11.0,0.0021464590953981276,783281.6044717932,1681.2819241765192
Bill Engvall,17,1,18.0,6.0,3,6.0,6.0,6.0,,4,11.0,False,Comedian,Entertainment,56,>55,Emma Slater,0,United States,Texas,1,10.0,0.8333333333333334,11.0,0.00010686590573140999,783281.6044717932,83.70609810463021
Keyshawn Johnson,17,1,17.0,5.666666666666667,3,6.0,5.0,6.0,,12,2.0,False,Athlete,Sports,41,36-45,Sharna Burgess,1,United States,California,1,11.0,0.9166666666666666,11.0,3.931376968075114e-05,783281.6044717932,30.79375259337329
Bill Nye,17,1,14.0,4.666666666666667,3,5.0,4.0,5.0,,11,3.0,False,TV Personality,Media,57,>55,Tyne Stecklein,0,United States,Washington D.C.,1,12.0,1.0,11.0,1.9573173388940135e-06,783281.6044717932,1.5331306656693635
Corbin Bleu,17,2,26.0,8.666666666666666,3,9.0,8.0,9.0,,2,,False,Actor/Actress,Entertainment,24,≤25,Karina Smirnoff,13,United States,New York,1,1.0,0.0833333333333333,11.0,0.43888912396776897,842027.7248071778,369556.8104971959
Christina Milian,17,2,25.0,8.333333333333334,3,9.0,8.0,8.0,,9,5.0,False,Singer/Rapper,Entertainment,31,26-35,Mark Ballas,12,United States,New Jersey,1,2.0,0.2083333333333333,11.0,0.15184071970263452,842027.7248071778,127854.09574429375
Elizabeth Berkley Lauren,17,2,25.0,8.333333333333334,3,8.0,9.0,8.0,,6,9.0,False,Actor/Actress,Entertainment,39,36-45,Valentin Chmerkovskiy,4,United States,Michigan,1,2.0,0.2083333333333333,11.0,0.15184071970263452,842027.7248071778,127854.09574429375
Bill Nye,17,2,17.0,5.666666666666667,3,6.0,5.0,6.0,,11,3.0,False,TV Personality,Media,57,>55,Tyne Stecklein,0,United States,Washington D.C.,1,12.0,1.0,11.0,0.11131112111111104,842027.7248071778,93727.05005492504
Jack Osbourne,17,2,24.0,8.0,3,8.0,8.0,8.0,,3,,False,TV Personality,Media,27,26-35,Cheryl Burke,15,England,Unknown,0,4.0,0.4166666666666667,11.0,0.04624151315242263,842027.7248071778,38936.636111375614
Amber Riley,17,2,24.0,8.0,3,8.0,8.0,8.0,,1,,False,Actor/Actress,Entertainment,27,26-35,Derek Hough,11,United States,California,1,4.0,0.4166666666666667,11.0,0.046241513152422614,842027.7248071778,38936.6361113756
Leah Remini,17,2,24.0,8.0,3,8.0,8.0,8.0,,5,10.0,False,Actor/Actress,Entertainment,43,36-45,Tony Dovolani,15,United States,New York,1,4.0,0.4166666666666667,11.0,0.046241513152422586,842027.7248071778,38936.63611137558
Brant Daugherty,17,2,23.0,7.666666666666667,3,8.0,7.0,8.0,,7,8.0,False,Actor/Actress,Entertainment,28,26-35,Peta Murgatroyd,4,United States,Ohio,1,7.0,0.5833333333333334,11.0,0.007393736058582902,842027.7248071778,6225.730751233351
Keyshawn Johnson,17,2,18.0,6.0,3,6.0,6.0,6.0,,12,2.0,True,Athlete,Sports,41,36-45,Sharna Burgess,1,United States,California,1,11.0,0.9166666666666666,11.0,1.000000006445064e-08,842027.7248071778,0.008420277302341003
"Nicole ""Snooki"" Polizzi",17,2,20.0,6.666666666666667,3,6.0,7.0,7.0,,8,7.0,False,TV Personality,Media,25,≤25,Sasha Farber,0,Chile,Unknown,0,9.0,0.75,11.0,1.0000000006445823e-08,842027.7248071778,0.00842027725349934
Bill Engvall,17,2,21.0,7.0,3,7.0,7.0,7.0,,4,11.0,False,Comedian,Entertainment,56,>55,Emma Slater,0,United States,Texas,1,8.0,0.6666666666666666,11.0,9.999999999999999e-09,842027.7248071778,0.008420277248071777
Valerie Harper,17,2,19.0,6.333333333333333,3,6.0,6.0,7.0,,10,4.0,False,Actor/Actress,Entertainment,74,>55,Tristan MacManus,4,United States,New York,1,10.0,0.8333333333333334,11.0,9.999999999999999e-09,842027.7248071778,0.008420277248071777
Brant Daugherty,17,3,27.0,9.0,3,9.0,9.0,9.0,,7,8.0,False,Actor/Actress,Entertainment,28,26-35,Peta Murgatroyd,4,United States,Ohio,1,1.0,0.0909090909090909,11.0,0.46239397887886213,900773.8451425622,416512.40232548135
Corbin Bleu,17,3,26.0,8.666666666666666,3,9.0,8.0,9.0,,2,,False,Actor/Actress,Entertainment,24,≤25,Karina Smirnoff,13,United States,New York,1,2.0,0.2272727272727272,11.0,0.17009227489733147,900773.8451425622,153214.67248831497
Christina Milian,17,3,26.0,8.666666666666666,3,9.0,8.0,9.0,,9,5.0,False,Singer/Rapper,Entertainment,31,26-35,Mark Ballas,12,United States,New Jersey,1,2.0,0.2272727272727272,11.0,0.17009227489733147,900773.8451425622,153214.67248831497
"Nicole ""Snooki"" Polizzi",17,3,25.0,8.333333333333334,3,9.0,8.0,8.0,,8,7.0,False,TV Personality,Media,25,≤25,Sasha Farber,0,Chile,Unknown,0,4.0,0.4090909090909091,11.0,0.06256048738314565,900773.8451425622,56352.850774108854
Elizabeth Berkley Lauren,17,3,25.0,8.333333333333334,3,8.0,9.0,8.0,,6,9.0,False,Actor/Actress,Entertainment,39,36-45,Valentin Chmerkovskiy,4,United States,Michigan,1,4.0,0.4090909090909091,11.0,0.06256048738314565,900773.8451425622,56352.850774108854
Amber Riley,17,3,24.0,8.0,3,8.0,8.0,8.0,,1,,False,Actor/Actress,Entertainment,27,26-35,Derek Hough,11,United States,California,1,6.0,0.6363636363636364,11.0,0.023001753484260673,900773.8451425622,20719.377931038813
Bill Engvall,17,3,24.0,8.0,3,8.0,8.0,8.0,,4,11.0,False,Comedian,Entertainment,56,>55,Emma Slater,0,United States,Texas,1,6.0,0.6363636363636364,11.0,0.023001753484260673,900773.8451425622,20719.377931038813
Leah Remini,17,3,24.0,8.0,3,8.0,8.0,8.0,,5,10.0,False,Actor/Actress,Entertainment,43,36-45,Tony Dovolani,15,United States,New York,1,6.0,0.6363636363636364,11.0,0.023001753484260673,900773.8451425622,20719.377931038813
Jack Osbourne,17,3,22.0,7.333333333333333,3,7.0,7.0,8.0,,3,,False,TV Personality,Media,27,26-35,Cheryl Burke,15,England,Unknown,0,9.0,0.8181818181818182,11.0,0.0030952161074016883,900773.8451425622,2788.0897146114125
Valerie Harper,17,3,16.0,5.333333333333333,3,6.0,5.0,5.0,,10,4.0,False,Actor/Actress,Entertainment,74,>55,Tristan MacManus,4,United States,New York,1,10.0,0.9545454545454546,11.0,0.00020001,900773.8451425622,180.16377676696388
Bill Nye,17,3,16.0,5.333333333333333,3,6.0,5.0,5.0,,11,3.0,True,TV Personality,Media,57,>55,Tyne Stecklein,0,United States,Washington D.C.,1,10.0,0.9545454545454546,11.0,1.000000000002701e-08,900773.8451425622,0.009007738451449952
Amber Riley,17,4,27.0,9.0,3,9.0,9.0,9.0,,1,,False,Actor/Actress,Entertainment,27,26-35,Derek Hough,11,United States,California,1,1.0,0.2,11.0,0.3120875385134353,959519.9654779467,299454.2241805088
Corbin Bleu,17,4,27.0,9.0,3,9.0,9.0,9.0,,2,,False,Actor/Actress,Entertainment,24,≤25,Karina Smirnoff,13,United States,New York,1,1.0,0.2,11.0,0.3120875385134353,959519.9654779467,299454.2241805088
Elizabeth Berkley Lauren,17,4,27.0,9.0,3,9.0,9.0,9.0,,6,9.0,False,Actor/Actress,Entertainment,39,36-45,Valentin Chmerkovskiy,4,United States,Michigan,1,1.0,0.2,11.0,0.3120875385134353,959519.9654779467,299454.2241805088
Jack Osbourne,17,4,24.0,8.0,3,8.0,8.0,8.0,,3,,False,TV Personality,Media,27,26-35,Cheryl Burke,15,England,Unknown,0,4.0,0.55,11.0,0.015537923616726776,959519.9654779467,14908.947932320649
Christina Milian,17,4,24.0,8.0,3,8.0,8.0,8.0,,9,5.0,False,Singer/Rapper,Entertainment,31,26-35,Mark Ballas,12,United States,New Jersey,1,4.0,0.55,11.0,0.015537923616726776,959519.9654779467,14908.947932320649
"Nicole ""Snooki"" Polizzi",17,4,24.0,8.0,3,8.0,8.0,8.0,,8,7.0,False,TV Personality,Media,25,≤25,Sasha Farber,0,Chile,Unknown,0,4.0,0.55,11.0,0.015537923616726776,959519.9654779467,14908.947932320649
Leah Remini,17,4,24.0,8.0,3,8.0,8.0,8.0,,5,10.0,False,Actor/Actress,Entertainment,43,36-45,Tony Dovolani,15,United States,New York,1,4.0,0.55,11.0,0.015537923616726776,959519.9654779467,14908.947932320649
Bill Engvall,17,4,21.0,7.0,3,7.0,7.0,7.0,,4,11.0,False,Comedian,Entertainment,56,>55,Emma Slater,0,United States,Texas,1,8.0,0.85,11.0,0.0007735876654006238,959519.9654779467,742.2728099993719
Brant Daugherty,17,4,21.0,7.0,3,7.0,7.0,7.0,,7,8.0,False,Actor/Actress,Entertainment,28,26-35,Peta Murgatroyd,4,United States,Ohio,1,8.0,0.85,11.0,0.0007735876654006238,959519.9654779467,742.2728099993719
Valerie Harper,17,4,18.0,6.0,3,6.0,6.0,6.0,,10,4.0,True,Actor/Actress,Entertainment,74,>55,Tristan MacManus,4,United States,New York,1,10.0,1.0,11.0,3.8514661985837116e-05,959519.9654779467,36.955587139045214
Corbin Bleu,17,5,28.0,9.333333333333334,3,9.0,9.0,10.0,,2,,False,Actor/Actress,Entertainment,24,≤25,Karina Smirnoff,13,United States,New York,1,1.0,0.1666666666666666,11.0,0.29454184960460505,1018266.0858133312,299921.9763051001
Christina Milian,17,5,28.0,9.333333333333334,3,9.0,10.0,9.0,,9,5.0,True,Singer/Rapper,Entertainment,31,26-35,Mark Ballas,12,United States,New Jersey,1,1.0,0.1666666666666666,11.0,0.29454184960460505,1018266.0858133312,299921.9763051001
Jack Osbourne,17,5,27.0,9.0,3,9.0,9.0,9.0,,3,,False,TV Personality,Media,27,26-35,Cheryl Burke,15,England,Unknown,0,3.0,0.4444444444444444,11.0,0.10835589103414511,1018266.0858133312,110335.12903815477
Brant Daugherty,17,5,27.0,9.0,3,9.0,9.0,9.0,,7,8.0,False,Actor/Actress,Entertainment,28,26-35,Peta Murgatroyd,4,United States,Ohio,1,3.0,0.4444444444444444,11.0,0.10835589103414511,1018266.0858133312,110335.12903815477
"Nicole ""Snooki"" Polizzi",17,5,27.0,9.0,3,9.0,9.0,9.0,,8,7.0,False,TV Personality,Media,25,≤25,Sasha Farber,0,Chile,Unknown,0,3.0,0.4444444444444444,11.0,0.10835589103414511,1018266.0858133312,110335.12903815477
Amber Riley,17,5,26.0,8.666666666666666,3,9.0,7.0,10.0,,1,,False,Actor/Actress,Entertainment,27,26-35,Derek Hough,11,United States,California,1,6.0,0.7222222222222222,11.0,0.039861904641275,1018266.0858133312,40590.02561213535
Elizabeth Berkley Lauren,17,5,26.0,8.666666666666666,3,8.0,9.0,9.0,,6,9.0,False,Actor/Actress,Entertainment,39,36-45,Valentin Chmerkovskiy,4,United States,Michigan,1,6.0,0.7222222222222222,11.0,0.039861904641275,1018266.0858133312,40590.02561213535
Bill Engvall,17,5,24.0,8.0,3,8.0,8.0,8.0,,4,11.0,False,Comedian,Entertainment,56,>55,Emma Slater,0,United States,Texas,1,8.0,0.8888888888888888,11.0,0.005394722154977797,1018266.0858133312,5493.262612799701
Leah Remini,17,5,22.0,7.333333333333333,3,7.0,7.0,8.0,,5,10.0,False,Actor/Actress,Entertainment,43,36-45,Tony Dovolani,15,United States,New York,1,9.0,1.0,11.0,0.00073009625082675,1018266.0858133312,743.4322515963428
Amber Riley,17,6,31.9999,10.666633333333332,3,11.3333,9.3333,11.3333,,1,,False,Actor/Actress,Entertainment,27,26-35,Derek Hough,11,United States,California,1,1.0,0.125,11.0,0.39443198119219075,1077012.2061487157,424808.0582394101
Elizabeth Berkley Lauren,17,6,31.9998,10.6666,3,10.6666,10.6666,10.6666,,6,9.0,False,Actor/Actress,Entertainment,39,36-45,Valentin Chmerkovskiy,4,United States,Michigan,1,2.0,0.25,11.0,0.3943925399661658,1077012.2061487157,424765.5795575557
Brant Daugherty,17,6,31.0,10.333333333333334,3,10.0,11.0,10.0,,7,8.0,False,Actor/Actress,Entertainment,28,26-35,Peta Murgatroyd,4,United States,Ohio,1,3.0,0.375,11.0,0.14511792788835134,1077012.2061487157,156293.77966676353
"Nicole ""Snooki"" Polizzi",17,6,30.0,10.0,3,10.0,10.0,10.0,,8,7.0,False,TV Personality,Media,25,≤25,Sasha Farber,0,Chile,Unknown,0,4.0,0.5,11.0,0.053385902215524354,1077012.2061487157,57497.2683223815
Leah Remini,17,6,27.9999,9.3333,3,9.3333,9.3333,9.3333,,5,10.0,False,Actor/Actress,Entertainment,43,36-45,Tony Dovolani,15,United States,New York,1,5.0,0.625,11.0,0.0072242737336841575,1077012.2061487157,7780.630991737394
Corbin Bleu,17,6,26.9999,8.999966666666666,3,9.3333,8.3333,9.3333,,2,,False,Actor/Actress,Entertainment,24,≤25,Karina Smirnoff,13,United States,New York,1,6.0,0.75,11.0,0.0026576617840172573,1077012.2061487157,2862.334181201558
Jack Osbourne,17,6,26.9998,8.999933333333333,3,8.6666,9.6666,8.6666,,3,,False,TV Personality,Media,27,26-35,Cheryl Burke,15,England,Unknown,0,7.0,0.875,11.0,0.002657396031126722,1077012.2061487157,2862.047962094632
Bill Engvall,17,6,23.9999,7.999966666666666,3,8.3333,8.3333,7.3333,,4,11.0,False,Comedian,Entertainment,56,>55,Emma Slater,0,United States,Texas,1,8.0,1.0,11.0,0.00013231718893952645,1077012.2061487157,142.50722757115582
Bill Engvall,17,7,25.0,8.333333333333334,3,8.5,8.0,8.5,,4,11.0,False,Comedian,Entertainment,56,>55,Emma Slater,0,United States,Texas,1,8.0,1.0,11.0,0.44464445444444434,1135758.3264841004,505008.64146025793
Amber Riley,17,7,29.5,9.833333333333334,3,10.0,10.0,9.5,,1,,False,Actor/Actress,Entertainment,27,26-35,Derek Hough,11,United States,California,1,1.0,0.1875,11.0,0.2177084723130906,1135758.3264841004,247264.2101757259
Corbin Bleu,17,7,29.5,9.833333333333334,3,10.0,9.5,10.0,,2,,False,Actor/Actress,Entertainment,24,≤25,Karina Smirnoff,13,United States,New York,1,1.0,0.1875,11.0,0.2177084723130906,1135758.3264841004,247264.2101757259
Leah Remini,17,7,26.5,8.833333333333334,3,9.0,8.5,9.0,,5,10.0,False,Actor/Actress,Entertainment,43,36-45,Tony Dovolani,15,United States,New York,1,7.0,0.875,11.0,0.11131112111111106,1135758.3264841004,126422.53263222452
Brant Daugherty,17,7,28.5,9.5,3,9.5,9.5,9.5,,7,8.0,False,Actor/Actress,Entertainment,28,26-35,Peta Murgatroyd,4,United States,Ohio,1,3.0,0.4375,11.0,0.004213729909131824,1135758.3264841004,4785.778829851561
Jack Osbourne,17,7,28.5,9.5,3,10.0,9.0,9.5,,3,,False,TV Personality,Media,27,26-35,Cheryl Burke,15,England,Unknown,0,3.0,0.4375,11.0,0.00421372990913156,1135758.3264841004,4785.778829851261
Elizabeth Berkley Lauren,17,7,27.0,9.0,3,9.0,9.0,9.0,,6,9.0,False,Actor/Actress,Entertainment,39,36-45,Valentin Chmerkovskiy,4,United States,Michigan,1,5.0,0.6875,11.0,0.00020000999999997266,1135758.3264841004,227.16302288005386
"Nicole ""Snooki"" Polizzi",17,7,27.0,9.0,3,9.0,9.0,9.0,,8,7.0,True,TV Personality,Media,25,≤25,Sasha Farber,0,Chile,Unknown,0,5.0,0.6875,11.0,1.0000000001675334e-08,1135758.3264841004,0.011357583266743779
Bill Engvall,17,8,24.0,8.0,3,8.0,8.0,8.0,,4,11.0,False,Comedian,Entertainment,56,>55,Emma Slater,0,United States,Texas,1,7.0,1.0,11.0,0.5002000099999996,1194504.446819485,597491.1362441503
Elizabeth Berkley Lauren,17,8,25.0,8.333333333333334,3,8.0,9.0,8.0,,6,9.0,False,Actor/Actress,Entertainment,39,36-45,Valentin Chmerkovskiy,4,United States,Michigan,1,6.0,0.8571428571428571,11.0,0.3335333433333333,1194504.446819485,398407.0617742366
Corbin Bleu,17,8,30.0,10.0,3,10.0,10.0,10.0,,2,,False,Actor/Actress,Entertainment,24,≤25,Karina Smirnoff,13,United States,New York,1,1.0,0.2142857142857142,11.0,0.08313330833333359,1194504.446819485,99303.10648298232
Jack Osbourne,17,8,30.0,10.0,3,10.0,10.0,10.0,,3,,False,TV Personality,Media,27,26-35,Cheryl Burke,15,England,Unknown,0,1.0,0.2142857142857142,11.0,0.08313330833333331,1194504.446819485,99303.10648298198
Brant Daugherty,17,8,27.0,9.0,3,9.0,9.0,9.0,,7,8.0,True,Actor/Actress,Entertainment,28,26-35,Peta Murgatroyd,4,United States,Ohio,1,5.0,0.7142857142857143,11.0,1.0000000123105977e-08,1194504.446819485,0.011945044615245487
Amber Riley,17,8,28.0,9.333333333333334,3,9.0,9.0,10.0,,1,,False,Actor/Actress,Entertainment,27,26-35,Derek Hough,11,United States,California,1,3.0,0.5,11.0,1.0000000098819848e-08,1194504.446819485,0.011945044586235598
Leah Remini,17,8,28.0,9.333333333333334,3,9.0,10.0,9.0,,5,10.0,False,Actor/Actress,Entertainment,43,36-45,Tony Dovolani,15,United States,New York,1,3.0,0.5,11.0,1.0000000001675334e-08,1194504.446819485,0.011945044470196044
Corbin Bleu,17,9,29.0,9.666666666666666,3,9.5,9.5,10.0,,2,,False,Actor/Actress,Entertainment,24,≤25,Karina Smirnoff,13,United States,New York,1,1.0,0.1666666666666666,11.0,0.5991314318437075,1253250.5671548692,750861.8067584353
Elizabeth Berkley Lauren,17,9,28.0,9.333333333333334,3,9.5,9.0,9.5,,6,9.0,True,Actor/Actress,Entertainment,39,36-45,Valentin Chmerkovskiy,4,United States,Michigan,1,2.0,0.3333333333333333,11.0,0.2204081363349092,1253250.5671548692,276226.62186727265
Jack Osbourne,17,9,27.0,9.0,3,9.0,9.0,9.0,,3,,False,TV Personality,Media,27,26-35,Cheryl Burke,15,England,Unknown,0,3.0,0.5833333333333334,11.0,0.08108362202452547,1253250.5671548692,101618.09528920759
Leah Remini,17,9,27.0,9.0,3,9.0,9.0,9.0,,5,10.0,False,Actor/Actress,Entertainment,43,36-45,Tony Dovolani,15,United States,New York,1,3.0,0.5833333333333334,11.0,0.08108362202452547,1253250.5671548692,101618.09528920759
Amber Riley,17,9,25.5,8.5,3,8.5,8.5,8.5,,1,,False,Actor/Actress,Entertainment,27,26-35,Derek Hough,11,United States,California,1,5.0,0.8333333333333334,11.0,0.01809220156774712,1253250.5671548692,22674.06187585929
Bill Engvall,17,9,21.0,7.0,3,7.0,7.0,7.0,,4,11.0,False,Comedian,Entertainment,56,>55,Emma Slater,0,United States,Texas,1,6.0,1.0,11.0,0.00020098620458528478,1253250.5671548692,251.88607488681274
Amber Riley,17,10,39.5,9.875,4,10.0,10.0,9.5,10.0,1,,False,Actor/Actress,Entertainment,27,26-35,Derek Hough,11,United States,California,1,1.0,0.2,11.0,0.7366420652631579,1311996.6874902532,966471.9494912421
Bill Engvall,17,10,30.0,7.5,4,7.5,7.5,7.5,7.5,4,11.0,False,Comedian,Entertainment,56,>55,Emma Slater,0,United States,Texas,1,5.0,1.0,11.0,0.263357904736842,1311996.6874902532,345524.6986391104
Leah Remini,17,10,32.5,8.125,4,8.0,8.0,8.0,8.5,5,10.0,True,Actor/Actress,Entertainment,43,36-45,Tony Dovolani,15,United States,New York,1,4.0,0.8,11.0,1.0000000038321369e-08,1311996.6874902532,0.013119966925180042
Jack Osbourne,17,10,35.5,8.875,4,9.0,8.5,9.0,9.0,3,,False,TV Personality,Media,27,26-35,Cheryl Burke,15,England,Unknown,0,3.0,0.6,11.0,1.0000000001675335e-08,1311996.6874902532,0.013119966877100568
Corbin Bleu,17,10,37.5,9.375,4,9.5,9.0,9.5,9.5,2,,False,Actor/Actress,Entertainment,24,≤25,Karina Smirnoff,13,United States,New York,1,2.0,0.4,11.0,1e-08,1311996.6874902532,0.013119966874902533
Amber Riley,17,11,31.3332,10.4444,3,10.4444,10.4444,10.4444,,1,,False,Actor/Actress,Entertainment,27,26-35,Derek Hough,11,United States,California,1,1.0,0.25,11.0,0.8146944808190032,1370742.807825638,1116736.6001578907
Corbin Bleu,17,11,29.6664,9.8888,3,9.8888,9.8888,9.8888,,2,,False,Actor/Actress,Entertainment,24,≤25,Karina Smirnoff,13,United States,New York,1,2.0,0.5,11.0,0.1538553957726894,1370742.807825638,210896.17720058103
Jack Osbourne,17,11,27.9999,9.3333,3,9.3333,9.3333,9.3333,,3,,False,TV Personality,Media,27,26-35,Cheryl Burke,15,England,Unknown,0,3.0,0.75,11.0,0.029064374285109804,1370742.807825638,39839.78201526668
Bill Engvall,17,11,25.4999,8.499966666666666,3,8.3333,8.8333,8.3333,,4,11.0,True,Comedian,Entertainment,56,>55,Emma Slater,0,United States,Texas,1,4.0,1.0,11.0,0.002385749123197718,1370742.807825638,3270.248451899594
Charlie White,18,1,27.0,9.0,3,9.0,9.0,9.0,,5,9.0,False,Athlete,Sports,26,26-35,Sharna Burgess,2,United States,Michigan,1,1.0,0.0833333333333333,10.0,0.7692827680998487,963186.4066216886,740962.7050820792
Candace Cameron Bure,18,1,25.0,8.333333333333334,3,9.0,8.0,8.0,,3,,False,Actor/Actress,Entertainment,37,36-45,Mark Ballas,13,United States,California,1,2.0,0.1666666666666666,10.0,0.10411110130983849,963186.4066216886,100278.39756004991
Amy Purdy,18,1,24.0,8.0,3,8.0,8.0,8.0,,2,,False,Athlete,Sports,34,26-35,Derek Hough,12,United States,Nevada,1,3.0,0.3333333333333333,10.0,0.0383003337696068,963186.4066216886,36890.36085595889
Meryl Davis,18,1,24.0,8.0,3,8.0,8.0,8.0,,1,,False,Athlete,Sports,27,26-35,Maksim Chmerkoskiy,13,United States,Michigan,1,3.0,0.3333333333333333,10.0,0.0383003337696068,963186.4066216886,36890.36085595889
Danica McKellar,18,1,24.0,8.0,3,8.0,8.0,8.0,,6,8.0,False,Actor/Actress,Entertainment,39,36-45,Valentin Chmerkovskiy,5,United States,California,1,3.0,0.3333333333333333,10.0,0.0383003337696068,963186.4066216886,36890.36085595889
Cody Simpson,18,1,22.0,7.333333333333333,3,7.0,7.0,8.0,,9,5.0,False,Singer/Rapper,Entertainment,17,≤25,Witney Carson,0,Australia,Unknown,0,6.0,0.5,10.0,0.0051833865187665374,963186.4066216886,4992.567435142045
Drew Carey,18,1,21.0,7.0,3,7.0,7.0,7.0,,8,6.0,False,Comedian,Entertainment,55,46-55,Cheryl Burke,16,United States,Ohio,1,7.0,0.6666666666666666,10.0,0.0019068613358994217,963186.4066216886,1836.6629180507969
James Maslow,18,1,21.0,7.0,3,7.0,7.0,7.0,,4,10.0,False,Actor/Actress,Entertainment,23,≤25,Peta Murgatroyd,5,United States,New York,1,7.0,0.6666666666666666,10.0,0.0019068613358994217,963186.4066216886,1836.6629180507969
NeNe Leakes,18,1,21.0,7.0,3,7.0,7.0,7.0,,7,7.0,False,TV Personality,Media,46,46-55,Tony Dovolani,16,United States,New York,1,7.0,0.6666666666666666,10.0,0.0019068613358994217,963186.4066216886,1836.6629180507969
Sean Avery,18,1,20.0,6.666666666666667,3,7.0,6.0,7.0,,11,2.0,False,Athlete,Sports,33,26-35,Karina Smirnoff,14,Canada,Unknown,0,10.0,0.8333333333333334,10.0,0.0007014950826421093,963186.4066216886,675.6705279128378
Diana Nyad,18,1,18.0,6.0,3,6.0,6.0,6.0,,12,2.0,False,Athlete,Sports,64,>55,Henry Byalikov,0,United States,New York,1,11.0,0.9166666666666666,10.0,9.493703569846089e-05,963186.4066216886,91.44206226971552
Billy Dee Williams,18,1,15.0,5.0,3,5.0,5.0,5.0,,10,-1.0,False,Actor/Actress,Entertainment,76,>55,Emma Slater,1,United States,New York,1,12.0,1.0,10.0,4.726636686961612e-06,963186.4066216886,4.552632205920799
Billy Dee Williams,18,2,15.0,5.0,3,5.0,5.0,5.0,,10,-1.0,False,Actor/Actress,Entertainment,76,>55,Emma Slater,1,United States,New York,1,11.0,1.0,10.0,0.6002000100000003,1043451.9405068294,626279.8651267188
Meryl Davis,18,2,25.0,8.333333333333334,3,8.0,9.0,8.0,,1,,False,Athlete,Sports,27,26-35,Maksim Chmerkoskiy,13,United States,Michigan,1,1.0,0.1818181818181818,10.0,0.13306663999999974,1043451.9405068294,138848.6437247234
James Maslow,18,2,25.0,8.333333333333334,3,9.0,8.0,8.0,,4,10.0,False,Actor/Actress,Entertainment,23,≤25,Peta Murgatroyd,5,United States,New York,1,1.0,0.1818181818181818,10.0,0.13306663999999974,1043451.9405068294,138848.6437247234
Charlie White,18,2,25.0,8.333333333333334,3,9.0,7.0,9.0,,5,9.0,False,Athlete,Sports,26,26-35,Sharna Burgess,2,United States,Michigan,1,1.0,0.1818181818181818,10.0,0.13306663999999968,1043451.9405068294,138848.64372472334
Drew Carey,18,2,21.0,7.0,3,7.0,7.0,7.0,,8,6.0,False,Comedian,Entertainment,55,46-55,Cheryl Burke,16,United States,Ohio,1,7.0,0.7727272727272727,10.0,0.0002000100000001843,1043451.9405068294,208.70082262096324
Candace Cameron Bure,18,2,21.0,7.0,3,7.0,7.0,7.0,,3,,False,Actor/Actress,Entertainment,37,36-45,Mark Ballas,13,United States,California,1,7.0,0.7727272727272727,10.0,0.0002000100000001097,1043451.9405068294,208.70082262088542
NeNe Leakes,18,2,21.0,7.0,3,7.0,7.0,7.0,,7,7.0,False,TV Personality,Media,46,46-55,Tony Dovolani,16,United States,New York,1,7.0,0.7727272727272727,10.0,0.00020000999999999434,1043451.9405068294,208.70082262076505
Sean Avery,18,2,21.0,7.0,3,7.0,7.0,7.0,,11,2.0,True,Athlete,Sports,33,26-35,Karina Smirnoff,14,Canada,Unknown,0,7.0,0.7727272727272727,10.0,1.0000000189892831e-08,1043451.9405068294,0.010434519603212337
Amy Purdy,18,2,24.0,8.0,3,8.0,8.0,8.0,,2,,False,Athlete,Sports,34,26-35,Derek Hough,12,United States,Nevada,1,4.0,0.4090909090909091,10.0,9.999999999999999e-09,1043451.9405068294,0.010434519405068293
Danica McKellar,18,2,24.0,8.0,3,8.0,8.0,8.0,,6,8.0,False,Actor/Actress,Entertainment,39,36-45,Valentin Chmerkovskiy,5,United States,California,1,4.0,0.4090909090909091,10.0,9.999999999999999e-09,1043451.9405068294,0.010434519405068293
Cody Simpson,18,2,22.0,7.333333333333333,3,7.0,7.0,8.0,,9,5.0,False,Singer/Rapper,Entertainment,17,≤25,Witney Carson,0,Australia,Unknown,0,6.0,0.5454545454545454,10.0,9.999999999999999e-09,1043451.9405068294,0.010434519405068293
Meryl Davis,18,3,39.0,9.75,4,10.0,9.0,10.0,10.0,1,,False,Athlete,Sports,27,26-35,Maksim Chmerkoskiy,13,United States,Michigan,1,1.0,0.1111111111111111,10.0,0.8204558233153446,1123717.47439197,921960.5456261035
Amy Purdy,18,3,36.0,9.0,4,9.0,9.0,9.0,9.0,2,,False,Athlete,Sports,34,26-35,Derek Hough,12,United States,Nevada,1,2.0,0.3888888888888889,10.0,0.04084809016821316,1123717.47439197,45901.71271755996
James Maslow,18,3,36.0,9.0,4,9.0,9.0,9.0,9.0,4,10.0,False,Actor/Actress,Entertainment,23,≤25,Peta Murgatroyd,5,United States,New York,1,2.0,0.3888888888888889,10.0,0.04084809016821316,1123717.47439197,45901.71271755996
Charlie White,18,3,36.0,9.0,4,9.0,9.0,9.0,9.0,5,9.0,False,Athlete,Sports,26,26-35,Sharna Burgess,2,United States,Michigan,1,2.0,0.3888888888888889,10.0,0.04084809016821316,1123717.47439197,45901.71271755996
Danica McKellar,18,3,36.0,9.0,4,9.0,9.0,9.0,9.0,6,8.0,False,Actor/Actress,Entertainment,39,36-45,Valentin Chmerkovskiy,5,United States,California,1,2.0,0.3888888888888889,10.0,0.04084809016821316,1123717.47439197,45901.71271755996
Cody Simpson,18,3,35.0,8.75,4,9.0,8.0,9.0,9.0,9,5.0,False,Singer/Rapper,Entertainment,17,≤25,Witney Carson,0,Australia,Unknown,0,6.0,0.6666666666666666,10.0,0.015027172584002943,1123717.47439197,16886.29642334804
Candace Cameron Bure,18,3,32.0,8.0,4,8.0,8.0,8.0,8.0,3,,False,Actor/Actress,Entertainment,37,36-45,Mark Ballas,13,United States,California,1,7.0,0.7777777777777778,10.0,0.0007481588688154453,1123717.47439197,840.7191945092455
NeNe Leakes,18,3,31.0,7.75,4,8.0,7.0,8.0,8.0,7,7.0,False,TV Personality,Media,46,46-55,Tony Dovolani,16,United States,New York,1,8.0,0.8888888888888888,10.0,0.00027523226656728445,1123717.47439197,309.28330745816635
Drew Carey,18,3,30.0,7.5,4,7.0,7.0,8.0,8.0,8,6.0,False,Comedian,Entertainment,55,46-55,Cheryl Burke,16,United States,Ohio,1,9.0,1.0,10.0,0.00010125229241712205,1123717.47439197,113.77897031136561
Meryl Davis,18,4,39.0,9.75,4,10.0,9.0,10.0,10.0,1,,False,Athlete,Sports,27,26-35,Maksim Chmerkoskiy,13,United States,Michigan,1,1.0,0.1111111111111111,10.0,0.96881667960938,1203983.0082771108,1166438.8203851432
James Maslow,18,4,35.0,8.75,4,9.0,8.0,9.0,9.0,4,10.0,False,Actor/Actress,Entertainment,23,≤25,Peta Murgatroyd,5,United States,New York,1,2.0,0.2222222222222222,10.0,0.017744496453107883,1203983.0082771108,21364.07221997535
Amy Purdy,18,4,34.0,8.5,4,9.0,8.0,8.0,9.0,2,,False,Athlete,Sports,34,26-35,Derek Hough,12,United States,Nevada,1,3.0,0.3333333333333333,10.0,0.006527835439037968,1203983.0082771108,7859.402949430867
Drew Carey,18,4,33.0,8.25,4,8.0,8.0,9.0,8.0,8,6.0,False,Comedian,Entertainment,55,46-55,Cheryl Burke,16,United States,Ohio,1,4.0,0.5,10.0,0.002401456453372425,1203983.0082771108,2891.312764977813
Charlie White,18,4,33.0,8.25,4,7.0,8.0,9.0,9.0,5,9.0,False,Athlete,Sports,26,26-35,Sharna Burgess,2,United States,Michigan,1,4.0,0.5,10.0,0.002401456453372425,1203983.0082771108,2891.312764977813
NeNe Leakes,18,4,32.0,8.0,4,8.0,8.0,8.0,8.0,7,7.0,False,TV Personality,Media,46,46-55,Tony Dovolani,16,United States,New York,1,6.0,0.7222222222222222,10.0,0.0008834464580642014,1203983.0082771108,1063.6545242318957
Danica McKellar,18,4,32.0,8.0,4,8.0,8.0,8.0,8.0,6,8.0,False,Actor/Actress,Entertainment,39,36-45,Valentin Chmerkovskiy,5,United States,California,1,6.0,0.7222222222222222,10.0,0.0008834464580642014,1203983.0082771108,1063.6545242318957
Cody Simpson,18,4,31.0,7.75,4,8.0,7.0,8.0,8.0,9,5.0,False,Singer/Rapper,Entertainment,17,≤25,Witney Carson,0,Australia,Unknown,0,8.0,0.8888888888888888,10.0,0.0003250017892975485,1203983.0082771108,391.29663197390613
Candace Cameron Bure,18,4,28.0,7.0,4,7.0,7.0,7.0,7.0,3,,False,Actor/Actress,Entertainment,37,36-45,Mark Ballas,13,United States,California,1,9.0,1.0,10.0,1.618088630343516e-05,1203983.0082771108,19.48151216819976
Drew Carey,18,5,28.0,7.0,4,7.0,7.0,7.0,7.0,8,6.0,False,Comedian,Entertainment,55,46-55,Cheryl Burke,16,United States,Ohio,1,9.0,1.0,10.0,0.5002000100000001,1284248.5421622517,642381.1336320438
James Maslow,18,5,40.0,10.0,4,10.0,10.0,10.0,10.0,4,10.0,False,Actor/Actress,Entertainment,23,≤25,Peta Murgatroyd,5,United States,New York,1,1.0,0.1111111111111111,10.0,0.45875390766343815,1284248.5421622517,589154.0371280067
Danica McKellar,18,5,39.0,9.75,4,10.0,9.0,10.0,10.0,6,8.0,False,Actor/Actress,Entertainment,39,36-45,Valentin Chmerkovskiy,5,United States,California,1,2.0,0.2222222222222222,10.0,0.041046022336561544,1284248.5421622517,52713.29434728838
NeNe Leakes,18,5,36.0,9.0,4,9.0,9.0,9.0,9.0,7,7.0,False,TV Personality,Media,46,46-55,Tony Dovolani,16,United States,New York,1,5.0,0.6111111111111112,10.0,1.0000000064125374e-08,1284248.5421622517,0.012842485503975435
Meryl Davis,18,5,36.0,9.0,4,9.0,9.0,9.0,9.0,1,,False,Athlete,Sports,27,26-35,Maksim Chmerkoskiy,13,United States,Michigan,1,5.0,0.6111111111111112,10.0,1.0000000036369798e-08,1284248.5421622517,0.012842485468330377
Candace Cameron Bure,18,5,35.0,8.75,4,8.0,9.0,9.0,9.0,3,,False,Actor/Actress,Entertainment,37,36-45,Mark Ballas,13,United States,California,1,7.0,0.7777777777777778,10.0,1.0000000021624649e-08,1284248.5421622517,0.01284248544939394
Amy Purdy,18,5,37.0,9.25,4,9.0,9.0,10.0,9.0,2,,False,Athlete,Sports,34,26-35,Derek Hough,12,United States,Nevada,1,3.0,0.3888888888888889,10.0,1.0000000001675329e-08,1284248.5421622517,0.012842485423774055
Charlie White,18,5,37.0,9.25,4,9.0,10.0,9.0,9.0,5,9.0,False,Athlete,Sports,26,26-35,Sharna Burgess,2,United States,Michigan,1,3.0,0.3888888888888889,10.0,1.0000000001675329e-08,1284248.5421622517,0.012842485423774055
Cody Simpson,18,5,34.0,8.5,4,9.0,8.0,8.0,9.0,9,5.0,True,Singer/Rapper,Entertainment,17,≤25,Witney Carson,0,Australia,Unknown,0,8.0,0.8888888888888888,10.0,9.999999999999994e-09,1284248.5421622517,0.012842485421622508
Meryl Davis,18,6,40.0,10.0,4,10.0,10.0,10.0,10.0,1,,False,Athlete,Sports,27,26-35,Maksim Chmerkoskiy,13,United States,Michigan,1,1.0,0.125,10.0,0.847251332021049,1364514.076047392,1156086.3684926238
Amy Purdy,18,6,38.0,9.5,4,9.0,10.0,9.0,10.0,2,,False,Athlete,Sports,34,26-35,Derek Hough,12,United States,Nevada,1,2.0,0.25,10.0,0.11466299899166606,1364514.076047392,156459.27612593627
Charlie White,18,6,36.0,9.0,4,9.0,9.0,9.0,9.0,5,9.0,False,Athlete,Sports,26,26-35,Sharna Burgess,2,United States,Michigan,1,3.0,0.4375,10.0,0.015517949445296572,1364514.076047392,21174.46044949899
Danica McKellar,18,6,36.0,9.0,4,9.0,9.0,9.0,9.0,6,8.0,False,Actor/Actress,Entertainment,39,36-45,Valentin Chmerkovskiy,5,United States,California,1,3.0,0.4375,10.0,0.015517949445296572,1364514.076047392,21174.46044949899
James Maslow,18,6,35.0,8.75,4,9.0,9.0,8.0,9.0,4,10.0,False,Actor/Actress,Entertainment,23,≤25,Peta Murgatroyd,5,United States,New York,1,5.0,0.625,10.0,0.005708734570062405,1364514.076047392,7789.648677268509
NeNe Leakes,18,6,33.0,8.25,4,8.0,9.0,8.0,8.0,7,7.0,False,TV Personality,Media,46,46-55,Tony Dovolani,16,United States,New York,1,6.0,0.75,10.0,0.00077259320996205,1364514.076047392,1054.2143100518556
Candace Cameron Bure,18,6,32.0,8.0,4,8.0,8.0,8.0,8.0,3,,False,Actor/Actress,Entertainment,37,36-45,Mark Ballas,13,United States,California,1,7.0,0.9375,10.0,0.00038422115833369855,1364514.076047392,524.2751788615655
Drew Carey,18,6,32.0,8.0,4,8.0,9.0,7.0,8.0,8,6.0,True,Comedian,Entertainment,55,46-55,Cheryl Burke,16,United States,Ohio,1,7.0,0.9375,10.0,0.00018422115833369857,1364514.076047392,251.37236365208702
Meryl Davis,18,7,39.0,9.75,4,10.0,10.0,9.0,10.0,1,,False,Athlete,Sports,27,26-35,Maksim Chmerkoskiy,13,United States,Michigan,1,1.0,0.1428571428571428,10.0,0.6852862193322322,1444779.609932533,990087.5566589627
Amy Purdy,18,7,37.5,9.375,4,9.5,9.5,9.0,9.5,2,,False,Athlete,Sports,34,26-35,Derek Hough,12,United States,Nevada,1,2.0,0.2857142857142857,10.0,0.15290802386711297,1444779.609932533,220918.39507828193
Candace Cameron Bure,18,7,37.0,9.25,4,9.0,9.5,9.0,9.5,3,,False,Actor/Actress,Entertainment,37,36-45,Mark Ballas,13,United States,California,1,3.0,0.4285714285714285,10.0,0.09274340459147513,1444779.609932533,133993.77990948653
Danica McKellar,18,7,36.0,9.0,4,9.0,9.5,8.5,9.0,6,8.0,False,Actor/Actress,Entertainment,39,36-45,Valentin Chmerkovskiy,5,United States,California,1,4.0,0.5714285714285714,10.0,0.03411839185344885,1444779.609932533,49293.55687355114
Charlie White,18,7,35.5,8.875,4,8.5,10.0,8.0,9.0,5,9.0,False,Athlete,Sports,26,26-35,Sharna Burgess,2,United States,Michigan,1,5.0,0.7142857142857143,10.0,0.02069385071920647,1444779.609932533,29898.05357009719
James Maslow,18,7,35.0,8.75,4,8.5,9.5,8.0,9.0,4,10.0,False,Actor/Actress,Entertainment,23,≤25,Peta Murgatroyd,5,United States,New York,1,6.0,0.8571428571428571,10.0,0.012551454928715051,1444779.609932533,18134.0861559947
NeNe Leakes,18,7,33.0,8.25,4,8.0,9.0,7.5,8.5,7,7.0,True,TV Personality,Media,46,46-55,Tony Dovolani,16,United States,New York,1,7.0,1.0,10.0,0.00169865470780923,1444779.609932533,2454.1816861586803
Amy Purdy,18,8,40.0,10.0,4,10.0,10.0,10.0,10.0,2,,False,Athlete,Sports,34,26-35,Derek Hough,12,United States,Nevada,1,1.0,0.25,10.0,0.45656217269371535,1525045.1438176734,696277.9243173966
Charlie White,18,8,40.0,10.0,4,10.0,10.0,10.0,10.0,5,9.0,False,Athlete,Sports,26,26-35,Sharna Burgess,2,United States,Michigan,1,1.0,0.25,10.0,0.45656217269371535,1525045.1438176734,696277.9243173966
Danica McKellar,18,8,38.0,9.5,4,10.0,9.0,9.0,10.0,6,8.0,True,Actor/Actress,Entertainment,39,36-45,Valentin Chmerkovskiy,5,United States,California,1,3.0,0.5,10.0,0.06178897095662725,1525045.1438176734,94230.97009889565
Meryl Davis,18,8,36.0,9.0,4,9.0,9.0,8.0,10.0,1,,False,Athlete,Sports,27,26-35,Maksim Chmerkoskiy,13,United States,Michigan,1,4.0,0.8333333333333334,10.0,0.008362227885313983,1525045.1438176734,12752.775027994823
Candace Cameron Bure,18,8,36.0,9.0,4,9.0,9.0,9.0,9.0,3,,False,Actor/Actress,Entertainment,37,36-45,Mark Ballas,13,United States,California,1,4.0,0.8333333333333334,10.0,0.008362227885313983,1525045.1438176734,12752.775027994823
James Maslow,18,8,36.0,9.0,4,8.0,9.0,10.0,9.0,4,10.0,False,Actor/Actress,Entertainment,23,≤25,Peta Murgatroyd,5,United States,New York,1,4.0,0.8333333333333334,10.0,0.008362227885313983,1525045.1438176734,12752.775027994823
Candace Cameron Bure,18,9,36.0,9.0,4,8.5,9.5,9.5,8.5,3,,False,Actor/Actress,Entertainment,37,36-45,Mark Ballas,13,United States,California,1,5.0,1.0,10.0,0.5002000099999997,1605310.6777028146,802976.4170400541
Meryl Davis,18,9,40.0,10.0,4,10.0,10.0,10.0,10.0,1,,False,Athlete,Sports,27,26-35,Maksim Chmerkoskiy,13,United States,Michigan,1,1.0,0.2,10.0,0.44055792610135625,1605310.6777028146,707232.3429171147
Amy Purdy,18,9,39.0,9.75,4,9.5,9.5,10.0,10.0,2,,False,Athlete,Sports,34,26-35,Derek Hough,12,United States,Nevada,1,2.0,0.4,10.0,0.05904204389864423,1605310.6777028146,94780.8235038919
James Maslow,18,9,38.0,9.5,4,9.5,9.5,9.5,9.5,4,10.0,False,Actor/Actress,Entertainment,23,≤25,Peta Murgatroyd,5,United States,New York,1,3.0,0.7,10.0,0.0002000099999998478,1605310.6777028146,321.07818864709566
Charlie White,18,9,38.0,9.5,4,9.5,9.5,9.5,9.5,5,9.0,True,Athlete,Sports,26,26-35,Sharna Burgess,2,United States,Michigan,1,3.0,0.7,10.0,1.0000000022492017e-08,1605310.6777028146,0.01605310681313482
Candace Cameron Bure,18,10,25.9998,8.6666,3,8.6666,8.6666,8.6666,,3,,False,Actor/Actress,Entertainment,37,36-45,Mark Ballas,13,United States,California,1,4.0,1.0,10.0,0.7502125093750314,1685576.211587955,1264540.3594382585
Meryl Davis,18,10,30.0,10.0,3,10.0,10.0,10.0,,1,,False,Athlete,Sports,27,26-35,Maksim Chmerkoskiy,13,United States,Michigan,1,1.0,0.25,10.0,0.19231178206539595,1685576.211587955,324156.1650575185
Amy Purdy,18,10,29.666600000000003,9.888866666666669,3,10.0,9.6666,10.0,,2,,False,Athlete,Sports,34,26-35,Derek Hough,12,United States,Nevada,1,2.0,0.5,10.0,0.057475698559572796,1685576.211587955,96879.670236416
James Maslow,18,10,29.0,9.666666666666666,3,9.5,9.5,10.0,,4,10.0,True,Actor/Actress,Entertainment,23,≤25,Peta Murgatroyd,5,United States,New York,1,3.0,0.75,10.0,1e-08,1685576.211587955,0.01685576211587955
Alfonso Ribeiro,19,1,36.0,9.0,4,9.0,9.0,9.0,9.0,1,,False,Actor/Actress,Entertainment,42,36-45,Witney Carson,1,United States,New York,1,1.0,0.0769230769230769,11.0,0.8028032811892324,990274.2805665599,794995.4417161407
Betsey Johnson,19,1,20.0,5.0,4,5.0,5.0,5.0,5.0,10,4.0,False,Fashion Designer,Other,72,>55,Tony Dovolani,17,United States,Connecticut,1,13.0,1.0,11.0,0.12520000999999983,990274.2805665599,123982.34982967594
Sadie Robertson,19,1,34.0,8.5,4,8.0,8.0,9.0,9.0,2,,False,TV Personality,Media,17,≤25,Mark Ballas,14,United States,Louisiana,1,2.0,0.1538461538461538,11.0,0.07199660881076758,990274.2805665599,71296.38999331491
Randy Couture,19,1,31.0,7.75,4,8.0,7.0,8.0,8.0,11,3.0,False,Athlete,Sports,51,46-55,Karina Smirnoff,15,United States,Washington,1,5.0,0.3846153846153846,11.0,1.000000004938023e-08,990274.2805665599,0.00990274285456557
Lea Thompson,19,1,32.0,8.0,4,8.0,8.0,8.0,8.0,6,9.0,False,Actor/Actress,Entertainment,53,46-55,Artem Chigvintsev,0,United States,Minnesota,1,3.0,0.2692307692307692,11.0,1.000000003983925e-08,990274.2805665599,0.009902742845117383
Janel Parrish,19,1,29.0,7.25,4,7.0,7.0,7.0,8.0,3,,False,Actor/Actress,Entertainment,25,≤25,Valentin Chmerkovskiy,6,United States,Hawaii,1,7.0,0.5769230769230769,11.0,1.000000002476884e-08,990274.2805665599,0.009902742830193543
Tavis Smiley,19,1,29.0,7.25,4,7.0,7.0,8.0,7.0,12,2.0,False,Radio Personality,Media,50,46-55,Sharna Burgess,3,United States,Mississippi,1,7.0,0.5769230769230769,11.0,1.000000001945625e-08,990274.2805665599,0.009902742824932621
Antonio Sabato Jr.,19,1,25.0,6.25,4,6.0,6.0,6.0,7.0,8,7.0,False,Actor/Actress,Entertainment,42,36-45,Cheryl Burke,17,Italy,Unknown,0,10.0,0.8076923076923077,11.0,1.0000000017902791e-08,990274.2805665599,0.009902742823394272
Michael Waltrip,19,1,25.0,6.25,4,7.0,6.0,6.0,6.0,7,8.0,False,Racing Driver,Sports,51,46-55,Emma Slater,2,United States,Kentucky,1,10.0,0.8076923076923077,11.0,1.0000000005813937e-08,990274.2805665599,0.00990274281142299
Bethany Mota,19,1,32.0,8.0,4,8.0,8.0,8.0,8.0,4,11.0,False,Social Media Personality,Media,18,≤25,Derek Hough,13,United States,California,1,3.0,0.2692307692307692,11.0,1.000000000514478e-08,990274.2805665599,0.009902742810760343
Jonathan Bennett,19,1,30.0,7.5,4,8.0,7.0,7.0,8.0,9,6.0,False,Actor/Actress,Entertainment,33,26-35,Allison Holker,0,United States,Ohio,1,6.0,0.4615384615384615,11.0,1.0000000001675334e-08,990274.2805665599,0.009902742807324639
Lolo Jones,19,1,22.0,5.5,4,6.0,6.0,5.0,5.0,13,1.0,True,Athlete,Sports,32,26-35,Keo Motsepe,0,United States,Iowa,1,12.0,0.9230769230769232,11.0,1.0000000000000008e-08,990274.2805665599,0.009902742805665608
Tommy Chong,19,1,27.0,6.75,4,7.0,6.0,7.0,7.0,5,10.0,False,Comedian,Entertainment,76,>55,Peta Murgatroyd,6,Canada,Unknown,0,9.0,0.6923076923076923,11.0,9.999999999999999e-09,990274.2805665599,0.009902742805665598
Lea Thompson,19,2,35.0,8.75,4,9.0,8.0,9.0,9.0,6,9.0,False,Actor/Actress,Entertainment,53,46-55,Artem Chigvintsev,0,United States,Minnesota,1,1.0,0.0833333333333333,11.0,0.5153150912658361,1064544.851609052,548576.0273634945
Michael Waltrip,19,2,24.0,6.0,4,6.0,6.0,6.0,6.0,7,8.0,False,Racing Driver,Sports,51,46-55,Emma Slater,2,United States,Kentucky,1,12.0,1.0,11.0,0.36383637363636345,1064544.851609052,387320.1383826981
Janel Parrish,19,2,34.0,8.5,4,9.0,8.0,8.0,9.0,3,,False,Actor/Actress,Entertainment,25,≤25,Valentin Chmerkovskiy,6,United States,Hawaii,1,2.0,0.1666666666666666,11.0,0.12024844509780024,1064544.851609052,128009.86314285698
Randy Couture,19,2,28.0,7.0,4,7.0,7.0,7.0,7.0,11,3.0,False,Athlete,Sports,51,46-55,Karina Smirnoff,15,United States,Washington,1,8.0,0.7916666666666666,11.0,0.00020001000000004142,1064544.851609052,212.91961577037057
Tommy Chong,19,2,28.0,7.0,4,7.0,7.0,7.0,7.0,5,10.0,False,Comedian,Entertainment,76,>55,Peta Murgatroyd,6,Canada,Unknown,0,8.0,0.7916666666666666,11.0,0.00020000999999997854,1064544.851609052,212.91961577030364
Betsey Johnson,19,2,28.0,7.0,4,7.0,7.0,7.0,7.0,10,4.0,False,Fashion Designer,Other,72,>55,Tony Dovolani,17,United States,Connecticut,1,8.0,0.7916666666666666,11.0,0.00020000999999987142,1064544.851609052,212.9196157701896
Antonio Sabato Jr.,19,2,31.0,7.75,4,8.0,7.0,8.0,8.0,8,7.0,False,Actor/Actress,Entertainment,42,36-45,Cheryl Burke,17,Italy,Unknown,0,5.0,0.4583333333333333,11.0,1.0000000168208783e-08,1064544.851609052,0.010645448695156313
Sadie Robertson,19,2,31.0,7.75,4,8.0,7.0,8.0,8.0,2,,False,TV Personality,Media,17,≤25,Mark Ballas,14,United States,Louisiana,1,5.0,0.4583333333333333,11.0,1.000000001728784e-08,1064544.851609052,0.0106454485344942
Tavis Smiley,19,2,28.0,7.0,4,7.0,7.0,7.0,7.0,12,2.0,True,Radio Personality,Media,50,46-55,Sharna Burgess,3,United States,Mississippi,1,8.0,0.7916666666666666,11.0,1.0000000015336276e-08,1064544.851609052,0.010645448532416673
Alfonso Ribeiro,19,2,32.0,8.0,4,8.0,8.0,8.0,8.0,1,,False,Actor/Actress,Entertainment,42,36-45,Witney Carson,1,United States,New York,1,4.0,0.3333333333333333,11.0,1.0000000001675329e-08,1064544.851609052,0.010645448517873982
Jonathan Bennett,19,2,30.0,7.5,4,7.0,7.0,8.0,8.0,9,6.0,False,Actor/Actress,Entertainment,33,26-35,Allison Holker,0,United States,Ohio,1,7.0,0.5833333333333334,11.0,9.999999999999994e-09,1064544.851609052,0.010645448516090512
Bethany Mota,19,2,33.0,8.25,4,8.0,9.0,8.0,8.0,4,11.0,False,Social Media Personality,Media,18,≤25,Derek Hough,13,United States,California,1,3.0,0.25,11.0,9.999999999999994e-09,1064544.851609052,0.010645448516090512
Bethany Mota,19,3,40.0,10.0,4,10.0,10.0,10.0,10.0,4,11.0,False,Social Media Personality,Media,18,≤25,Derek Hough,13,United States,California,1,1.0,0.1363636363636363,11.0,0.4990894290525931,1138815.4226515437,568370.7390874465
Janel Parrish,19,3,40.0,10.0,4,10.0,10.0,10.0,10.0,3,,False,Actor/Actress,Entertainment,25,≤25,Valentin Chmerkovskiy,6,United States,Hawaii,1,1.0,0.1363636363636363,11.0,0.4990894290525931,1138815.4226515437,568370.7390874465
Tommy Chong,19,3,34.0,8.5,4,8.0,10.0,8.0,8.0,5,10.0,False,Comedian,Entertainment,76,>55,Peta Murgatroyd,6,Canada,Unknown,0,3.0,0.2727272727272727,11.0,0.0012371190086152854,1138815.4226515437,1408.850206666475
Jonathan Bennett,19,3,32.0,8.0,4,8.0,8.0,8.0,8.0,9,6.0,False,Actor/Actress,Entertainment,33,26-35,Allison Holker,0,United States,Ohio,1,4.0,0.4545454545454545,11.0,0.00016742585142834714,1138815.4226515437,190.6671417571677
Sadie Robertson,19,3,32.0,8.0,4,8.0,8.0,8.0,8.0,2,,False,TV Personality,Media,17,≤25,Mark Ballas,14,United States,Louisiana,1,4.0,0.4545454545454545,11.0,0.00016742585142834714,1138815.4226515437,190.6671417571677
Alfonso Ribeiro,19,3,32.0,8.0,4,8.0,8.0,8.0,8.0,1,,False,Actor/Actress,Entertainment,42,36-45,Witney Carson,1,United States,New York,1,4.0,0.4545454545454545,11.0,0.00016742585142834714,1138815.4226515437,190.6671417571677
Lea Thompson,19,3,31.0,7.75,4,7.0,8.0,8.0,8.0,6,9.0,False,Actor/Actress,Entertainment,53,46-55,Artem Chigvintsev,0,United States,Minnesota,1,7.0,0.6363636363636364,11.0,6.159252866111327e-05,1138815.4226515437,70.14252155938304
Antonio Sabato Jr.,19,3,29.0,7.25,4,7.0,7.0,7.0,8.0,8,7.0,False,Actor/Actress,Entertainment,42,36-45,Cheryl Burke,17,Italy,Unknown,0,8.0,0.7727272727272727,11.0,8.33564231161095e-06,1138815.4226515437,9.492758022169316
Betsey Johnson,19,3,29.0,7.25,4,7.0,9.0,6.0,7.0,10,4.0,False,Fashion Designer,Other,72,>55,Tony Dovolani,17,United States,Connecticut,1,8.0,0.7727272727272727,11.0,8.33564231161095e-06,1138815.4226515437,9.492758022169316
Michael Waltrip,19,3,28.0,7.0,4,7.0,7.0,7.0,7.0,7,8.0,False,Racing Driver,Sports,51,46-55,Emma Slater,2,United States,Kentucky,1,10.0,0.9090909090909092,11.0,3.0665114354004656e-06,1138815.4226515437,3.492190516371373
Randy Couture,19,3,26.0,6.5,4,7.0,7.0,6.0,6.0,11,3.0,True,Athlete,Sports,51,46-55,Karina Smirnoff,15,United States,Washington,1,11.0,1.0,11.0,4.1500719365823374e-07,1138815.4226515437,0.47261659264933253
Alfonso Ribeiro,19,4,40.0,10.0,4,10.0,10.0,10.0,10.0,1,,False,Actor/Actress,Entertainment,42,36-45,Witney Carson,1,United States,New York,1,1.0,0.1,11.0,0.3741999099999998,1213085.9936940358,453936.66966256854
Jonathan Bennett,19,4,24.0,6.0,4,6.0,6.0,6.0,6.0,9,6.0,False,Actor/Actress,Entertainment,33,26-35,Allison Holker,0,United States,Ohio,1,10.0,1.0,11.0,0.31270001000000003,1213085.9936940358,379332.00235898496
Michael Waltrip,19,4,25.0,6.25,4,6.0,6.0,6.0,7.0,7,8.0,False,Racing Driver,Sports,51,46-55,Emma Slater,2,United States,Kentucky,1,9.0,0.9,11.0,0.2502000099999998,1213085.9936940358,303514.12775310746
Tommy Chong,19,4,28.0,7.0,4,7.0,7.0,7.0,7.0,5,10.0,False,Comedian,Entertainment,76,>55,Peta Murgatroyd,6,Canada,Unknown,0,8.0,0.8,11.0,0.06270001000000014,1213085.9936940358,76060.50393547615
Antonio Sabato Jr.,19,4,29.0,7.25,4,7.0,7.0,7.0,8.0,8,7.0,False,Actor/Actress,Entertainment,42,36-45,Cheryl Burke,17,Italy,Unknown,0,6.0,0.65,11.0,0.0002000100000000016,1213085.9936940358,242.62932959874604
Janel Parrish,19,4,36.0,9.0,4,9.0,9.0,9.0,9.0,3,,False,Actor/Actress,Entertainment,25,≤25,Valentin Chmerkovskiy,6,United States,Hawaii,1,4.0,0.4,11.0,1.0000000102289292e-08,1213085.9936940358,0.012130860061026066
Sadie Robertson,19,4,37.0,9.25,4,9.0,10.0,9.0,9.0,2,,False,TV Personality,Media,17,≤25,Mark Ballas,14,United States,Louisiana,1,3.0,0.3,11.0,1.000000007106427e-08,1213085.9936940358,0.012130860023147429
Bethany Mota,19,4,33.0,8.25,4,8.0,8.0,8.0,9.0,4,11.0,False,Social Media Personality,Media,18,≤25,Derek Hough,13,United States,California,1,5.0,0.5,11.0,1.0000000000049027e-08,1213085.9936940358,0.012130859936999833
Lea Thompson,19,4,39.0,9.75,4,10.0,10.0,10.0,9.0,6,9.0,False,Actor/Actress,Entertainment,53,46-55,Artem Chigvintsev,0,United States,Minnesota,1,2.0,0.2,11.0,9.999999999999995e-09,1213085.9936940358,0.012130859936940352
Betsey Johnson,19,4,29.0,7.25,4,8.0,7.0,7.0,7.0,10,4.0,True,Fashion Designer,Other,72,>55,Tony Dovolani,17,United States,Connecticut,1,6.0,0.65,11.0,9.999999999999995e-09,1213085.9936940358,0.012130859936940352
Sadie Robertson,19,5,36.0,9.0,4,9.0,9.0,9.0,9.0,2,,False,TV Personality,Media,17,≤25,Mark Ballas,14,United States,Louisiana,1,1.0,0.1111111111111111,11.0,0.7467605972778937,1287356.5647365279,961347.1571922669
Lea Thompson,19,5,34.0,8.5,4,9.0,8.0,8.0,9.0,6,9.0,False,Actor/Actress,Entertainment,53,46-55,Artem Chigvintsev,0,United States,Minnesota,1,2.0,0.2777777777777778,11.0,0.10106305694254582,1287356.5647365279,130104.18980732789
Alfonso Ribeiro,19,5,34.0,8.5,4,8.0,9.0,9.0,8.0,1,,False,Actor/Actress,Entertainment,42,36-45,Witney Carson,1,United States,New York,1,2.0,0.2777777777777778,11.0,0.10106305694254582,1287356.5647365279,130104.18980732789
Janel Parrish,19,5,33.0,8.25,4,8.0,8.0,8.0,9.0,3,,False,Actor/Actress,Entertainment,25,≤25,Valentin Chmerkovskiy,6,United States,Hawaii,1,4.0,0.4444444444444444,11.0,0.03717902091110141,1287356.5647365279,47862.656640383044
Bethany Mota,19,5,32.0,8.0,4,8.0,8.0,8.0,8.0,4,11.0,False,Social Media Personality,Media,18,≤25,Derek Hough,13,United States,California,1,5.0,0.5555555555555556,11.0,0.013677397436077352,1287356.5647365279,17607.687377844733
Antonio Sabato Jr.,19,5,28.0,7.0,4,8.0,6.0,7.0,7.0,8,7.0,False,Actor/Actress,Entertainment,42,36-45,Cheryl Burke,17,Italy,Unknown,0,6.0,0.6666666666666666,11.0,0.00025051027237689156,1287356.5647365279,322.49604367832706
Jonathan Bennett,19,5,24.0,6.0,4,6.0,6.0,6.0,6.0,9,6.0,False,Actor/Actress,Entertainment,33,26-35,Allison Holker,0,United States,Ohio,1,7.0,0.7777777777777778,11.0,4.588255686773587e-06,1287356.5647365279,5.906721079057683
Tommy Chong,19,5,23.0,5.75,4,6.0,6.0,5.0,6.0,5,10.0,False,Comedian,Entertainment,76,>55,Peta Murgatroyd,6,Canada,Unknown,0,8.0,0.8888888888888888,11.0,1.6879249380019594e-06,1287356.5647365279,2.1729612497193194
Michael Waltrip,19,5,20.0,5.0,4,5.0,5.0,5.0,5.0,7,8.0,False,Racing Driver,Sports,51,46-55,Emma Slater,2,United States,Kentucky,1,9.0,1.0,11.0,8.403683428812606e-08,1287356.5647365279,0.10818537030049481
Antonio Sabato Jr.,19,6,28.0,7.0,4,7.0,7.0,7.0,7.0,8,7.0,False,Actor/Actress,Entertainment,42,36-45,Cheryl Burke,17,Italy,Unknown,0,8.0,0.9444444444444444,11.0,0.36383637363636323,1361627.1357790197,495409.4793267065
Tommy Chong,19,6,28.0,7.0,4,7.0,7.0,7.0,7.0,5,10.0,False,Comedian,Entertainment,76,>55,Peta Murgatroyd,6,Canada,Unknown,0,8.0,0.9444444444444444,11.0,0.36383637363636306,1361627.1357790197,495409.47932670626
Michael Waltrip,19,6,30.0,7.5,4,8.0,7.0,8.0,7.0,7,8.0,False,Racing Driver,Sports,51,46-55,Emma Slater,2,United States,Kentucky,1,7.0,0.7777777777777778,11.0,0.18201819181818144,1361627.1357790197,247840.9091850666
Alfonso Ribeiro,19,6,39.0,9.75,4,10.0,10.0,9.0,10.0,1,,False,Actor/Actress,Entertainment,42,36-45,Witney Carson,1,United States,New York,1,1.0,0.1111111111111111,11.0,0.09010901090909042,1361627.1357790197,122694.87443202523
Lea Thompson,19,6,32.0,8.0,4,8.0,8.0,8.0,8.0,6,9.0,False,Actor/Actress,Entertainment,53,46-55,Artem Chigvintsev,0,United States,Minnesota,1,5.0,0.6111111111111112,11.0,0.00020001000000048977,1361627.1357790197,272.3390434278286
Janel Parrish,19,6,33.0,8.25,4,8.0,7.0,9.0,9.0,3,,False,Actor/Actress,Entertainment,25,≤25,Valentin Chmerkovskiy,6,United States,Hawaii,1,4.0,0.4444444444444444,11.0,1.000000049346943e-08,1361627.1357790197,0.013616272029711562
Jonathan Bennett,19,6,32.0,8.0,4,8.0,8.0,8.0,8.0,9,6.0,True,Actor/Actress,Entertainment,33,26-35,Allison Holker,0,United States,Ohio,1,5.0,0.6111111111111112,11.0,1.000000044912556e-08,1361627.1357790197,0.013616271969331748
Sadie Robertson,19,6,35.0,8.75,4,9.0,10.0,8.0,8.0,2,,False,TV Personality,Media,17,≤25,Mark Ballas,14,United States,Louisiana,1,3.0,0.3333333333333333,11.0,1.0000000428417299e-08,1361627.1357790197,0.013616271941134817
Bethany Mota,19,6,36.0,9.0,4,9.0,9.0,9.0,9.0,4,11.0,False,Social Media Personality,Media,18,≤25,Derek Hough,13,United States,California,1,2.0,0.2222222222222222,11.0,1.0000000001675324e-08,1361627.1357790197,0.013616271360071363
Bethany Mota,19,7,37.5,9.375,4,9.5,9.0,9.5,9.5,4,11.0,False,Social Media Personality,Media,18,≤25,Derek Hough,13,United States,California,1,1.0,0.125,11.0,0.8260110561417211,1435897.706821512,1186067.3813231124
Michael Waltrip,19,7,28.0,7.0,4,7.0,7.0,7.0,7.0,7,8.0,False,Racing Driver,Sports,51,46-55,Emma Slater,2,United States,Kentucky,1,8.0,1.0,11.0,0.15809474684210514,1435897.706821512,227007.88445110625
Lea Thompson,19,7,35.0,8.75,4,8.5,8.5,9.0,9.0,6,9.0,False,Actor/Actress,Entertainment,53,46-55,Artem Chigvintsev,0,United States,Minnesota,1,2.0,0.25,11.0,0.015894147016173754,1435897.706821512,22822.36925240787
Antonio Sabato Jr.,19,7,29.5,7.375,4,7.0,7.5,7.5,7.5,8,7.0,True,Actor/Actress,Entertainment,42,36-45,Cheryl Burke,17,Italy,Unknown,0,7.0,0.875,11.0,1.0000000042549757e-08,1435897.706821512,0.014358977129312219
Tommy Chong,19,7,30.0,7.5,4,7.5,7.5,7.5,7.5,5,10.0,False,Comedian,Entertainment,76,>55,Peta Murgatroyd,6,Canada,Unknown,0,6.0,0.75,11.0,1.0000000022329387e-08,1435897.706821512,0.014358977100277835
Janel Parrish,19,7,33.5,8.375,4,8.5,8.0,8.5,8.5,3,,False,Actor/Actress,Entertainment,25,≤25,Valentin Chmerkovskiy,6,United States,Hawaii,1,4.0,0.5,11.0,1.0000000001675335e-08,1435897.706821512,0.01435897707062073
Alfonso Ribeiro,19,7,34.0,8.5,4,8.5,8.5,8.5,8.5,1,,False,Actor/Actress,Entertainment,42,36-45,Witney Carson,1,United States,New York,1,3.0,0.375,11.0,1.0000000001675335e-08,1435897.706821512,0.01435897707062073
Sadie Robertson,19,7,31.0,7.75,4,7.5,7.5,8.0,8.0,2,,False,TV Personality,Media,17,≤25,Mark Ballas,14,United States,Louisiana,1,5.0,0.625,11.0,1e-08,1435897.706821512,0.01435897706821512
Janel Parrish,19,8,43.0,10.75,4,10.75,10.75,10.75,10.75,3,,False,Actor/Actress,Entertainment,25,≤25,Valentin Chmerkovskiy,6,United States,Hawaii,1,1.0,0.1428571428571428,11.0,0.8390121541935994,1510168.277864004,1267049.5400055163
Alfonso Ribeiro,19,8,41.0,10.25,4,10.75,9.75,9.75,10.75,1,,False,Actor/Actress,Entertainment,42,36-45,Witney Carson,1,United States,New York,1,2.0,0.2857142857142857,11.0,0.11354794752675135,1510168.277864004,171476.50837146636
Bethany Mota,19,8,40.0,10.0,4,9.75,9.75,9.75,10.75,4,11.0,False,Social Media Personality,Media,18,≤25,Derek Hough,13,United States,California,1,3.0,0.4285714285714285,11.0,0.04177195548230554,1510168.277864004,63082.682073725206
Sadie Robertson,19,8,38.0,9.5,4,9.0,9.0,10.0,10.0,2,,False,TV Personality,Media,17,≤25,Mark Ballas,14,United States,Louisiana,1,4.0,0.5714285714285714,11.0,0.0056532194265449965,1510168.277864004,8537.31264577279
Lea Thompson,19,8,32.0,8.0,4,8.0,8.0,8.0,8.0,6,9.0,False,Actor/Actress,Entertainment,53,46-55,Artem Chigvintsev,0,United States,Minnesota,1,5.0,0.7142857142857143,11.0,1.4012929958720954e-05,1510168.277864004,21.16188230359053
Tommy Chong,19,8,29.0,7.25,4,6.75,7.75,7.75,6.75,5,10.0,False,Comedian,Entertainment,76,>55,Peta Murgatroyd,6,Canada,Unknown,0,6.0,0.8571428571428571,11.0,6.976627018889289e-07,1510168.277864004,1.0535880810415519
Michael Waltrip,19,8,25.0,6.25,4,6.0,7.0,6.0,6.0,7,8.0,True,Racing Driver,Sports,51,46-55,Emma Slater,2,United States,Kentucky,1,7.0,1.0,11.0,1.277813811393623e-08,1510168.277864004,0.01929713882983147
Tommy Chong,19,9,28.5,7.125,4,7.0,7.5,7.0,7.0,5,10.0,False,Comedian,Entertainment,76,>55,Peta Murgatroyd,6,Canada,Unknown,0,6.0,1.0,11.0,0.6502000099999996,1584438.8489064956,1030202.1554033913
Janel Parrish,19,9,38.5,9.625,4,9.5,9.5,10.0,9.5,3,,False,Actor/Actress,Entertainment,25,≤25,Valentin Chmerkovskiy,6,United States,Hawaii,1,1.0,0.25,11.0,0.17489998,1584438.8489064956,277118.3229849691
Alfonso Ribeiro,19,9,38.5,9.625,4,9.5,9.5,9.5,10.0,1,,False,Actor/Actress,Entertainment,42,36-45,Witney Carson,1,United States,New York,1,1.0,0.25,11.0,0.17489997999999998,1584438.8489064956,277118.32298496907
Bethany Mota,19,9,37.0,9.25,4,9.0,9.5,9.5,9.0,4,11.0,False,Social Media Personality,Media,18,≤25,Derek Hough,13,United States,California,1,3.0,0.5,11.0,1.0000000411070076e-08,1584438.8489064956,0.015844389140380354
Sadie Robertson,19,9,36.5,9.125,4,9.0,9.5,9.0,9.0,2,,False,TV Personality,Media,17,≤25,Mark Ballas,14,United States,Louisiana,1,4.0,0.6666666666666666,11.0,1.0000000001675335e-08,1584438.8489064956,0.015844388491719423
Lea Thompson,19,9,35.0,8.75,4,8.5,9.0,8.5,9.0,6,9.0,True,Actor/Actress,Entertainment,53,46-55,Artem Chigvintsev,0,United States,Minnesota,1,5.0,0.8333333333333334,11.0,1e-08,1584438.8489064956,0.015844388489064956
Janel Parrish,19,10,39.0,9.75,4,9.5,9.5,10.0,10.0,3,,False,Actor/Actress,Entertainment,25,≤25,Valentin Chmerkovskiy,6,United States,Hawaii,1,1.0,0.2,11.0,0.5791459905307029,1658709.4199489874,960634.910018964
Bethany Mota,19,10,38.0,9.5,4,9.5,9.5,9.5,9.5,4,11.0,False,Social Media Personality,Media,18,≤25,Derek Hough,13,United States,California,1,2.0,0.4,11.0,0.21305590335311644,1658709.4199489874,353397.8338675553
Alfonso Ribeiro,19,10,37.5,9.375,4,9.5,9.0,9.5,9.5,1,,False,Actor/Actress,Entertainment,42,36-45,Witney Carson,1,United States,New York,1,3.0,0.6,11.0,0.12922493761643677,1658709.4199489874,214346.62131670394
Sadie Robertson,19,10,37.0,9.25,4,9.0,9.5,9.5,9.0,2,,False,TV Personality,Media,17,≤25,Mark Ballas,14,United States,Louisiana,1,4.0,0.8,11.0,0.0783788866638213,1658709.4199489874,130007.79763439445
Tommy Chong,19,10,31.0,7.75,4,8.0,7.5,8.0,7.5,5,10.0,True,Comedian,Entertainment,76,>55,Peta Murgatroyd,6,Canada,Unknown,0,5.0,1.0,11.0,0.00019428183592263285,1658709.4199489874,322.25711136985467
Alfonso Ribeiro,19,11,40.0,10.0,4,10.0,10.0,10.0,10.0,1,,False,Actor/Actress,Entertainment,42,36-45,Witney Carson,1,United States,New York,1,1.0,0.25,11.0,0.4959112553750436,1732979.9909914797,859404.2828724164
Sadie Robertson,19,11,39.333200000000005,9.8333,4,10.0,9.6666,10.0,9.6666,2,,False,TV Personality,Media,17,≤25,Mark Ballas,14,United States,Louisiana,1,2.0,0.5,11.0,0.25457538238318156,1732979.9909914797,441174.0438690585
Janel Parrish,19,11,38.99980000000001,9.749950000000002,4,9.6666,10.0,9.6666,9.6666,3,,False,Actor/Actress,Entertainment,25,≤25,Valentin Chmerkovskiy,6,United States,Hawaii,1,3.0,0.75,11.0,0.18239907203536912,1732979.9909914797,316093.94221270824
Bethany Mota,19,11,38.0,9.5,4,9.5,9.5,9.5,9.5,4,11.0,True,Social Media Personality,Media,18,≤25,Derek Hough,13,United States,California,1,4.0,1.0,11.0,0.06711429020640569,1732979.9909914797,116307.7220372965
Rumer Willis,20,1,32.0,8.0,4,8.0,8.0,8.0,8.0,1,,False,Actor/Actress,Entertainment,26,26-35,Valentin Chmerkovskiy,7,United States,Kentucky,1,1.0,0.0833333333333333,10.0,0.652829695125572,979056.6769266778,639157.2719086987
Riker Lynch,20,1,31.0,7.75,4,8.0,7.0,8.0,8.0,2,,False,Actor/Actress,Entertainment,23,≤25,Allison Holker,1,United States,Colorado,1,2.0,0.1666666666666666,10.0,0.2401626234229185,979056.6769266778,235132.8200104357
Nastia Liukin,20,1,30.0,7.5,4,7.0,7.0,8.0,8.0,4,9.0,False,Athlete,Sports,25,≤25,Derek Hough,14,Russia,Unknown,0,3.0,0.25,10.0,0.0883508916950908,979056.6769266778,86500.53042650443
Robert Herjavec,20,1,28.0,7.0,4,7.0,7.0,7.0,7.0,6,8.0,False,Entrepreneur,Other,52,46-55,Kym Johnson,13,Croatia,Unknown,0,4.0,0.3333333333333333,10.0,0.011956992951762403,979056.6769266778,11706.573785388207
Michael Sam,20,1,26.0,6.5,4,6.0,6.0,7.0,7.0,10,4.0,False,Athlete,Sports,25,≤25,Peta Murgatroyd,7,United States,Texas,1,5.0,0.5,10.0,0.0016182030277849468,979056.6769266778,1584.3124789758185
Noah Galloway,20,1,26.0,6.5,4,7.0,6.0,6.0,7.0,3,,False,Motivational Speaker,Other,33,26-35,Sharna Burgess,4,United States,Alabama,1,5.0,0.5,10.0,0.0016182030277849468,979056.6769266778,1584.3124789758185
Chris Soules,20,1,26.0,6.5,4,7.0,6.0,6.0,7.0,5,8.0,False,TV Personality,Media,33,26-35,Witney Carson,2,United States,Iowa,1,5.0,0.5,10.0,0.0016182030277849468,979056.6769266778,1584.3124789758185
Patti LaBelle,20,1,25.0,6.25,4,7.0,6.0,6.0,6.0,8,6.0,False,Singer/Rapper,Entertainment,70,>55,Artem Chigvintsev,1,United States,Pennsylvania,1,8.0,0.75,10.0,0.0005953036255634622,979056.6769266778,582.8359894065666
Willow Shields,20,1,25.0,6.25,4,6.0,6.0,6.0,7.0,7,7.0,False,Actor/Actress,Entertainment,14,≤25,Mark Ballas,15,United States,New Mexico,1,8.0,0.75,10.0,0.0005953036255634622,979056.6769266778,582.8359894065666
Suzanne Somers,20,1,25.0,6.25,4,6.0,6.0,6.0,7.0,9,5.0,False,Actor/Actress,Entertainment,68,>55,Tony Dovolani,18,United States,California,1,8.0,0.75,10.0,0.0005953036255634622,979056.6769266778,582.8359894065666
Redfoo,20,1,22.0,5.5,4,6.0,5.0,5.0,6.0,12,2.0,False,Singer/Rapper,Entertainment,39,36-45,Emma Slater,3,United States,California,1,11.0,0.9583333333333334,10.0,2.9638422305565368e-05,979056.6769266778,29.017695251836354
Charlotte McKinney,20,1,22.0,5.5,4,6.0,5.0,5.0,6.0,11,3.0,False,Model,Model,21,≤25,Keo Motsepe,1,United States,Florida,1,11.0,0.9583333333333334,10.0,2.9638422305565368e-05,979056.6769266778,29.017695251836354
Nastia Liukin,20,2,34.0,8.5,4,9.0,8.0,8.0,9.0,4,9.0,False,Athlete,Sports,25,≤25,Derek Hough,14,Russia,Unknown,0,1.0,0.0833333333333333,10.0,0.6816829924423302,1060644.7333372345,723023.4757395233
Riker Lynch,20,2,32.0,8.0,4,8.0,8.0,8.0,8.0,2,,False,Actor/Actress,Entertainment,23,≤25,Allison Holker,1,United States,Colorado,1,2.0,0.25,10.0,0.09225576085976447,1060644.7333372345,97850.58687592857
Willow Shields,20,2,32.0,8.0,4,8.0,8.0,8.0,8.0,7,7.0,False,Actor/Actress,Entertainment,14,≤25,Mark Ballas,15,United States,New Mexico,1,2.0,0.25,10.0,0.09225576085976447,1060644.7333372345,97850.58687592857
Rumer Willis,20,2,32.0,8.0,4,8.0,8.0,8.0,8.0,1,,False,Actor/Actress,Entertainment,26,26-35,Valentin Chmerkovskiy,7,United States,Kentucky,1,2.0,0.25,10.0,0.09225576085976447,1060644.7333372345,97850.58687592857
Redfoo,20,2,31.0,7.75,4,8.0,7.0,8.0,8.0,12,2.0,True,Singer/Rapper,Entertainment,39,36-45,Emma Slater,3,United States,California,1,5.0,0.4166666666666667,10.0,0.033938997749936375,1060644.7333372345,35997.21921821427
Patti LaBelle,20,2,28.0,7.0,4,7.0,7.0,7.0,7.0,8,6.0,False,Singer/Rapper,Entertainment,70,>55,Artem Chigvintsev,1,United States,Pennsylvania,1,6.0,0.625,10.0,0.0016897232013128626,1060644.7333372345,1792.1960142702194
Robert Herjavec,20,2,28.0,7.0,4,7.0,7.0,7.0,7.0,6,8.0,False,Entrepreneur,Other,52,46-55,Kym Johnson,13,Croatia,Unknown,0,6.0,0.625,10.0,0.0016897232013128626,1060644.7333372345,1792.1960142702194
Michael Sam,20,2,28.0,7.0,4,7.0,7.0,7.0,7.0,10,4.0,False,Athlete,Sports,25,≤25,Peta Murgatroyd,7,United States,Texas,1,6.0,0.625,10.0,0.0016897232013128626,1060644.7333372345,1792.1960142702194
Suzanne Somers,20,2,28.0,7.0,4,7.0,7.0,7.0,7.0,9,5.0,False,Actor/Actress,Entertainment,68,>55,Tony Dovolani,18,United States,California,1,6.0,0.625,10.0,0.0016897232013128626,1060644.7333372345,1792.1960142702194
Noah Galloway,20,2,27.0,6.75,4,7.0,6.0,7.0,7.0,3,,False,Motivational Speaker,Other,33,26-35,Sharna Burgess,4,United States,Alabama,1,10.0,0.8333333333333334,10.0,0.0006216144270333965,1060644.7333372345,659.3120681994146
Charlotte McKinney,20,2,26.0,6.5,4,7.0,6.0,7.0,6.0,11,3.0,False,Model,Model,21,≤25,Keo Motsepe,1,United States,Florida,1,11.0,0.9166666666666666,10.0,0.0002286791680411522,1060644.7333372345,242.5473552067885
Chris Soules,20,2,21.0,5.25,4,5.0,6.0,5.0,5.0,5,8.0,False,TV Personality,Media,33,26-35,Witney Carson,2,United States,Iowa,1,12.0,1.0,10.0,1.5408281140562424e-06,1060644.7333372345,1.6342712241516972
Riker Lynch,20,3,34.0,8.5,4,9.0,7.0,9.0,9.0,2,,False,Actor/Actress,Entertainment,23,≤25,Allison Holker,1,United States,Colorado,1,1.0,0.1363636363636363,10.0,0.3950898108858105,1142232.789747791,451284.53688902647
Nastia Liukin,20,3,34.0,8.5,4,9.0,8.0,9.0,8.0,4,9.0,False,Athlete,Sports,25,≤25,Derek Hough,14,Russia,Unknown,0,1.0,0.1363636363636363,10.0,0.3950898108858105,1142232.789747791,451284.53688902647
Rumer Willis,20,3,33.0,8.25,4,8.0,9.0,8.0,8.0,1,,False,Actor/Actress,Entertainment,26,26-35,Valentin Chmerkovskiy,7,United States,Kentucky,1,3.0,0.2727272727272727,10.0,0.14533141447564296,1142232.789747791,166002.30699450613
Willow Shields,20,3,32.0,8.0,4,8.0,8.0,8.0,8.0,7,7.0,False,Actor/Actress,Entertainment,14,≤25,Mark Ballas,15,United States,New Mexico,1,4.0,0.3636363636363636,10.0,0.05345043517639496,1142232.789747791,61052.83968476707
Noah Galloway,20,3,30.0,7.5,4,7.0,7.0,8.0,8.0,3,,False,Motivational Speaker,Other,33,26-35,Sharna Burgess,4,United States,Alabama,1,5.0,0.4545454545454545,10.0,0.007214573499981662,1142232.789747791,8240.722415724538
Robert Herjavec,20,3,29.0,7.25,4,7.0,7.0,8.0,7.0,6,8.0,False,Entrepreneur,Other,52,46-55,Kym Johnson,13,Croatia,Unknown,0,6.0,0.5454545454545454,10.0,0.0026400889019037106,1142232.789747791,3015.5961116036574
Chris Soules,20,3,28.0,7.0,4,7.0,7.0,7.0,7.0,5,8.0,False,TV Personality,Media,33,26-35,Witney Carson,2,United States,Iowa,1,7.0,0.6363636363636364,10.0,0.0009572300643154236,1142232.789747791,1093.3795667934637
Patti LaBelle,20,3,22.0,5.5,4,6.0,5.0,5.0,6.0,8,6.0,False,Singer/Rapper,Entertainment,70,>55,Artem Chigvintsev,1,United States,Pennsylvania,1,10.0,0.9545454545454546,10.0,0.00020000999999999984,1142232.789747791,228.45798027745548
Suzanne Somers,20,3,25.0,6.25,4,6.0,6.0,6.0,7.0,9,5.0,False,Actor/Actress,Entertainment,68,>55,Tony Dovolani,18,United States,California,1,8.0,0.7272727272727273,10.0,2.660611014030186e-05,1142232.789747791,30.39037140989398
Michael Sam,20,3,24.0,6.0,4,6.0,6.0,6.0,6.0,10,4.0,False,Athlete,Sports,25,≤25,Peta Murgatroyd,7,United States,Texas,1,9.0,0.8181818181818182,10.0,1.0000000000001598e-08,1142232.789747791,0.011422327897479734
Charlotte McKinney,20,3,22.0,5.5,4,6.0,5.0,5.0,6.0,11,3.0,True,Model,Model,21,≤25,Keo Motsepe,1,United States,Florida,1,10.0,0.9545454545454546,10.0,1e-08,1142232.789747791,0.01142232789747791
Willow Shields,20,4,39.0,9.75,4,10.0,9.0,10.0,10.0,7,7.0,False,Actor/Actress,Entertainment,14,≤25,Mark Ballas,15,United States,New Mexico,1,1.0,0.1,10.0,0.5827332433333332,1223820.8461583473,713161.0909407979
Chris Soules,20,4,27.0,6.75,4,7.0,6.0,7.0,7.0,5,8.0,False,TV Personality,Media,33,26-35,Witney Carson,2,United States,Iowa,1,10.0,1.0,10.0,0.25020001000000003,1223820.8461583473,306199.987947027
Suzanne Somers,20,4,28.0,7.0,4,7.0,7.0,7.0,7.0,9,5.0,False,Actor/Actress,Entertainment,68,>55,Tony Dovolani,18,United States,California,1,9.0,0.9,10.0,0.16686667666666657,1223820.8461583473,204214.91743383123
Patti LaBelle,20,4,30.0,7.5,4,8.0,7.0,7.0,8.0,8,6.0,False,Singer/Rapper,Entertainment,70,>55,Artem Chigvintsev,1,United States,Pennsylvania,1,7.0,0.75,10.0,0.00020000999999979802,1223820.8461583473,244.77640743988385
Michael Sam,20,4,30.0,7.5,4,7.0,7.0,8.0,8.0,10,4.0,True,Athlete,Sports,25,≤25,Peta Murgatroyd,7,United States,Texas,1,7.0,0.75,10.0,1.0000000286183531e-08,1223820.8461583473,0.012238208811820845
Noah Galloway,20,4,32.0,8.0,4,8.0,8.0,8.0,8.0,3,,False,Motivational Speaker,Other,33,26-35,Sharna Burgess,4,United States,Alabama,1,6.0,0.6,10.0,1.0000000096434599e-08,1223820.8461583473,0.012238208579602146
Robert Herjavec,20,4,34.0,8.5,4,8.0,9.0,8.0,9.0,6,8.0,False,Entrepreneur,Other,52,46-55,Kym Johnson,13,Croatia,Unknown,0,4.0,0.45,10.0,1.0000000078003162e-08,1223820.8461583473,0.012238208557045369
Riker Lynch,20,4,34.0,8.5,4,8.0,8.0,9.0,9.0,2,,False,Actor/Actress,Entertainment,23,≤25,Allison Holker,1,United States,Colorado,1,4.0,0.45,10.0,1.0000000004277414e-08,1223820.8461583473,0.012238208466818262
Nastia Liukin,20,4,36.0,9.0,4,9.0,8.0,9.0,10.0,4,9.0,False,Athlete,Sports,25,≤25,Derek Hough,14,Russia,Unknown,0,2.0,0.2,10.0,1.0000000001675329e-08,1223820.8461583473,0.012238208463633776
Rumer Willis,20,4,35.0,8.75,4,9.0,8.0,9.0,9.0,1,,False,Actor/Actress,Entertainment,26,26-35,Valentin Chmerkovskiy,7,United States,Kentucky,1,3.0,0.3,10.0,1.0000000001675329e-08,1223820.8461583473,0.012238208463633776
Rumer Willis,20,5,39.0,9.75,4,10.0,9.0,10.0,10.0,1,,False,Actor/Actress,Entertainment,26,26-35,Valentin Chmerkovskiy,7,United States,Kentucky,1,1.0,0.1111111111111111,10.0,0.4415716769815611,1305408.902568904,576431.5982540102
Robert Herjavec,20,5,24.0,6.0,4,6.0,6.0,6.0,6.0,6,8.0,False,Entrepreneur,Other,52,46-55,Kym Johnson,13,Croatia,Unknown,0,9.0,1.0,10.0,0.2668666766666665,1305408.902568904,348370.13551964366
Nastia Liukin,20,5,38.0,9.5,4,9.0,9.0,10.0,10.0,4,9.0,False,Athlete,Sports,25,≤25,Derek Hough,14,Russia,Unknown,0,2.0,0.2777777777777778,10.0,0.0788141315092196,1305408.902568904,102884.66892037164
Riker Lynch,20,5,38.0,9.5,4,10.0,9.0,9.0,10.0,2,,False,Actor/Actress,Entertainment,23,≤25,Allison Holker,1,United States,Colorado,1,2.0,0.2777777777777778,10.0,0.07881413150921938,1305408.902568904,102884.66892037135
Chris Soules,20,5,27.0,6.75,4,7.0,6.0,7.0,7.0,5,8.0,False,TV Personality,Media,33,26-35,Witney Carson,2,United States,Iowa,1,7.0,0.8333333333333334,10.0,0.06686667666666676,1305408.902568904,87288.3550058632
Patti LaBelle,20,5,27.0,6.75,4,7.0,6.0,7.0,7.0,8,6.0,False,Singer/Rapper,Entertainment,70,>55,Artem Chigvintsev,1,United States,Pennsylvania,1,7.0,0.8333333333333334,10.0,0.06686667666666643,1305408.902568904,87288.35500586276
Noah Galloway,20,5,28.0,7.0,4,7.0,7.0,7.0,7.0,3,,False,Motivational Speaker,Other,33,26-35,Sharna Burgess,4,United States,Alabama,1,5.0,0.6111111111111112,10.0,0.00020001000000006243,1305408.902568904,261.094834602888
Willow Shields,20,5,34.0,8.5,4,8.0,8.0,9.0,9.0,7,7.0,False,Actor/Actress,Entertainment,14,≤25,Mark Ballas,15,United States,New Mexico,1,4.0,0.4444444444444444,10.0,1.0000000042441335e-08,1305408.902568904,0.013054089081092337
Suzanne Somers,20,5,28.0,7.0,4,7.0,7.0,7.0,7.0,9,5.0,True,Actor/Actress,Entertainment,68,>55,Tony Dovolani,18,United States,California,1,5.0,0.6111111111111112,10.0,1.0000000035944593e-08,1305408.902568904,0.01305408907261143
Riker Lynch,20,6,38.0,9.5,4,10.0,8.5,9.5,10.0,2,,False,Actor/Actress,Entertainment,23,≤25,Allison Holker,1,United States,Colorado,1,1.0,0.125,10.0,0.5986246615053955,1386996.9589794602,830290.5850780923
Nastia Liukin,20,6,36.5,9.125,4,9.5,8.5,9.0,9.5,4,9.0,False,Athlete,Sports,25,≤25,Derek Hough,14,Russia,Unknown,0,2.0,0.3125,10.0,0.12080751247664426,1386996.9589794602,167559.65242697878
Willow Shields,20,6,36.5,9.125,4,9.5,8.5,9.0,9.5,7,7.0,False,Actor/Actress,Entertainment,14,≤25,Mark Ballas,15,United States,New Mexico,1,2.0,0.3125,10.0,0.12080751247664426,1386996.9589794602,167559.65242697878
Robert Herjavec,20,6,33.5,8.375,4,8.5,8.0,8.5,8.5,6,8.0,False,Entrepreneur,Other,52,46-55,Kym Johnson,13,Croatia,Unknown,0,8.0,1.0,10.0,0.1113111211111111,1386996.9589794602,154388.1864817055
Rumer Willis,20,6,35.5,8.875,4,9.0,8.5,8.5,9.5,1,,False,Actor/Actress,Entertainment,26,26-35,Valentin Chmerkovskiy,7,United States,Kentucky,1,4.0,0.5,10.0,0.034057076938012076,1386996.9589794602,47237.06214475226
Chris Soules,20,6,35.0,8.75,4,9.0,8.0,9.0,9.0,5,8.0,False,TV Personality,Media,33,26-35,Witney Carson,2,United States,Iowa,1,5.0,0.625,10.0,0.014192095492192816,1386996.9589794602,19684.39328921754
Noah Galloway,20,6,34.0,8.5,4,8.5,8.0,8.5,9.0,3,,False,Motivational Speaker,Other,33,26-35,Sharna Burgess,4,United States,Alabama,1,6.0,0.8125,10.0,0.0002000099999999571,1386996.9589794602,277.4132617654223
Patti LaBelle,20,6,34.0,8.5,4,9.0,8.0,8.5,8.5,8,6.0,True,Singer/Rapper,Entertainment,70,>55,Artem Chigvintsev,1,United States,Pennsylvania,1,6.0,0.8125,10.0,1e-08,1386996.9589794602,0.013869969589794601
Nastia Liukin,20,7,41.0,10.25,4,10.75,9.75,9.75,10.75,4,9.0,False,Athlete,Sports,25,≤25,Derek Hough,14,Russia,Unknown,0,1.0,0.1428571428571428,10.0,0.8184347991182539,1468585.0153900168,1201941.0820588062
Willow Shields,20,7,39.0,9.75,4,9.5,9.5,9.5,10.5,7,7.0,True,Actor/Actress,Entertainment,14,≤25,Mark Ballas,15,United States,New Mexico,1,2.0,0.2857142857142857,10.0,0.11076310534936912,1468585.0153900168,162665.0367741493
Noah Galloway,20,7,38.0,9.5,4,10.5,8.5,9.5,9.5,3,,False,Motivational Speaker,Other,33,26-35,Sharna Burgess,4,United States,Alabama,1,3.0,0.4285714285714285,10.0,0.0407474692983395,1468585.0153900168,59841.12282660615
Riker Lynch,20,7,37.0,9.25,4,9.0,10.0,9.0,9.0,2,,False,Actor/Actress,Entertainment,23,≤25,Allison Holker,1,United States,Colorado,1,4.0,0.6428571428571429,10.0,0.014990156234623637,1468585.0153900168,22014.31882452351
Rumer Willis,20,7,37.0,9.25,4,8.5,9.5,9.5,9.5,1,,False,Actor/Actress,Entertainment,26,26-35,Valentin Chmerkovskiy,7,United States,Kentucky,1,4.0,0.6428571428571429,10.0,0.014990156234623637,1468585.0153900168,22014.31882452351
Robert Herjavec,20,7,31.0,7.75,4,7.0,8.0,8.0,8.0,6,8.0,False,Entrepreneur,Other,52,46-55,Kym Johnson,13,Croatia,Unknown,0,6.0,0.9285714285714286,10.0,3.715688239514213e-05,1468585.0153900168,54.56804070411485
Chris Soules,20,7,31.0,7.75,4,8.0,7.0,8.0,8.0,5,8.0,False,TV Personality,Media,33,26-35,Witney Carson,2,United States,Iowa,1,6.0,0.9285714285714286,10.0,3.715688239514213e-05,1468585.0153900168,54.56804070411485
Rumer Willis,20,8,40.0,10.0,4,10.0,10.0,10.0,10.0,1,,False,Actor/Actress,Entertainment,26,26-35,Valentin Chmerkovskiy,7,United States,Kentucky,1,1.0,0.1666666666666666,10.0,0.6465095811142051,1550173.071800573,1002201.7433043091
Riker Lynch,20,8,39.0,9.75,4,10.0,9.0,10.0,10.0,2,,False,Actor/Actress,Entertainment,23,≤25,Allison Holker,1,United States,Colorado,1,2.0,0.3333333333333333,10.0,0.2261822994153608,1550173.071800573,350621.7098716268
Nastia Liukin,20,8,38.0,9.5,4,9.5,9.5,9.5,9.5,4,9.0,False,Athlete,Sports,25,≤25,Derek Hough,14,Russia,Unknown,0,3.0,0.5,10.0,0.07155253391487856,1550173.071800573,110918.81129394198
Noah Galloway,20,8,31.5,7.875,4,8.0,7.5,8.0,8.0,3,,False,Motivational Speaker,Other,33,26-35,Sharna Burgess,4,United States,Alabama,1,5.0,0.8333333333333334,10.0,0.05575556555555557,1550173.071800573,86430.77632723379
Robert Herjavec,20,8,31.0,7.75,4,7.5,7.5,8.5,7.5,6,8.0,True,Entrepreneur,Other,52,46-55,Kym Johnson,13,Croatia,Unknown,0,6.0,1.0,10.0,1.0000000007015031e-08,1550173.071800573,0.015501730728880243
Chris Soules,20,8,32.0,8.0,4,8.0,7.5,8.5,8.0,5,8.0,True,TV Personality,Media,33,26-35,Witney Carson,2,United States,Iowa,1,4.0,0.6666666666666666,10.0,1e-08,1550173.071800573,0.015501730718005731
Riker Lynch,20,9,40.0,10.0,4,10.0,10.0,10.0,10.0,2,,False,Actor/Actress,Entertainment,23,≤25,Allison Holker,1,United States,Colorado,1,1.0,0.375,10.0,0.39948630465030277,1631761.12821113,651866.2231810732
Nastia Liukin,20,9,40.0,10.0,4,10.0,10.0,10.0,10.0,4,9.0,True,Athlete,Sports,25,≤25,Derek Hough,14,Russia,Unknown,0,1.0,0.375,10.0,0.39948630465030277,1631761.12821113,651866.2231810732
Rumer Willis,20,9,39.0,9.75,4,10.0,9.5,9.5,10.0,1,,False,Actor/Actress,Entertainment,26,26-35,Valentin Chmerkovskiy,7,United States,Kentucky,1,3.0,0.75,10.0,0.14696279851039795,1631761.12821113,239808.18190239192
Noah Galloway,20,9,38.0,9.5,4,9.5,9.5,9.5,9.5,3,,False,Motivational Speaker,Other,33,26-35,Sharna Burgess,4,United States,Alabama,1,4.0,1.0,10.0,0.05406459218899647,1631761.12821113,88220.49994659153
Riker Lynch,20,10,40.0,10.0,4,10.0,10.0,10.0,10.0,2,,False,Actor/Actress,Entertainment,23,≤25,Allison Holker,1,United States,Colorado,1,1.0,0.5,10.0,0.4954626425778431,1713349.184621686,848900.5146712534
Rumer Willis,20,10,40.0,10.0,4,10.0,10.0,10.0,10.0,1,,False,Actor/Actress,Entertainment,26,26-35,Valentin Chmerkovskiy,7,United States,Kentucky,1,1.0,0.5,10.0,0.4954626425778431,1713349.184621686,848900.5146712534
Noah Galloway,20,10,36.0,9.0,4,9.0,9.0,9.0,9.0,3,,False,Motivational Speaker,Other,33,26-35,Sharna Burgess,4,United States,Alabama,1,3.0,1.0,10.0,0.009074714844313747,1713349.184621686,15548.15527917927
Bindi Irwin,21,1,24.0,8.0,3,8.0,8.0,8.0,,1,,False,TV Personality,Media,17,≤25,Derek Hough,15,Australia,Unknown,0,1.0,0.1153846153846153,11.0,0.3219163903291094,824850.4008012363,265532.8635874531
Nick Carter,21,1,24.0,8.0,3,8.0,8.0,8.0,,2,,False,Singer/Rapper,Entertainment,35,26-35,Sharna Burgess,5,United States,New York,1,1.0,0.1153846153846153,11.0,0.3219163903291094,824850.4008012363,265532.8635874531
Tamar Braxton,21,1,23.0,7.666666666666667,3,8.0,7.0,8.0,,5,-1.0,False,Singer/Rapper,Entertainment,38,36-45,Valentin Chmerkovskiy,8,United States,Maryland,1,3.0,0.2692307692307692,11.0,0.11842642177820065,824850.4008012363,97684.08146920506
Carlos PenaVega,21,1,23.0,7.666666666666667,3,8.0,8.0,7.0,,4,11.0,False,Actor/Actress,Entertainment,26,26-35,Witney Carson,3,United States,Missouri,1,3.0,0.2692307692307692,11.0,0.11842642177820065,824850.4008012363,97684.08146920506
Alek Skarlatos,21,1,22.0,7.333333333333333,3,8.0,7.0,7.0,,3,,False,Military,Other,22,≤25,Lindsay Arnold,1,United States,California,1,5.0,0.4230769230769231,11.0,0.04356664586369799,824850.4008012363,35935.96530223681
Alexa PenaVega,21,1,22.0,7.333333333333333,3,7.0,7.0,8.0,,6,9.0,False,Actor/Actress,Entertainment,27,26-35,Mark Ballas,16,United States,Florida,1,5.0,0.4230769230769231,11.0,0.04356664586369799,824850.4008012363,35935.96530223681
Andy Grammer,21,1,21.0,7.0,3,7.0,7.0,7.0,,7,8.0,False,Singer/Rapper,Entertainment,31,26-35,Allison Holker,2,United States,California,1,7.0,0.5769230769230769,11.0,0.016027273334051344,824850.4008012363,13220.102833343217
Hayes Grier,21,1,21.0,7.0,3,7.0,7.0,7.0,,8,7.0,False,Social Media Personality,Media,15,≤25,Emma Slater,4,United States,North Carolina,1,7.0,0.5769230769230769,11.0,0.016027273334051344,824850.4008012363,13220.102833343217
Gary Busey,21,1,15.0,5.0,3,5.0,5.0,5.0,,10,4.0,False,Actor/Actress,Entertainment,71,>55,Anna Trebunskaya,10,United States,Texas,1,9.0,0.7692307692307693,11.0,3.972763866280646e-05,824850.4008012363,32.769358673902595
Victor Espinoza,21,1,15.0,5.0,3,5.0,5.0,5.0,,12,2.0,False,Athlete,Sports,43,36-45,Karina Smirnoff,16,Mexico,Unknown,0,9.0,0.7692307692307693,11.0,3.972763866280646e-05,824850.4008012363,32.769358673902595
Paula Deen,21,1,15.0,5.0,3,5.0,5.0,5.0,,9,6.0,False,TV Personality,Media,68,>55,Louis van Amstel,9,United States,Georgia,1,9.0,0.7692307692307693,11.0,3.972763866280646e-05,824850.4008012363,32.769358673902595
Chaka Khan,21,1,13.0,4.333333333333333,3,5.0,4.0,4.0,,13,2.0,False,Singer/Rapper,Entertainment,62,>55,Keo Motsepe,2,United States,Illinois,1,12.0,0.9230769230769232,11.0,5.3765512307527165e-06,824850.4008012363,4.434850437614759
Kim Zolciak-Biermann,21,1,12.0,4.0,3,4.0,4.0,4.0,,11,-1.0,False,TV Personality,Media,37,36-45,Tony Dovolani,19,United States,Florida,1,13.0,1.0,11.0,1.9779226621989397e-06,824850.4008012363,1.6314903006686436
Tamar Braxton,21,2,24.5,8.166666666666666,3,8.0,8.0,8.5,,5,-1.0,False,Singer/Rapper,Entertainment,38,36-45,Valentin Chmerkovskiy,8,United States,Maryland,1,1.0,0.0769230769230769,11.0,0.38035762403430545,886714.1808613291,337268.4990299405
Bindi Irwin,21,2,24.0,8.0,3,8.0,8.0,8.0,,1,,False,TV Personality,Media,17,≤25,Derek Hough,15,Australia,Unknown,0,2.0,0.1538461538461538,11.0,0.22047141146381324,886714.1808613291,195495.1270194762
Gary Busey,21,2,16.5,5.5,3,5.5,5.5,5.5,,10,4.0,False,Actor/Actress,Entertainment,71,>55,Anna Trebunskaya,10,United States,Texas,1,12.0,0.9230769230769232,11.0,0.21072632578947384,886714.1808613291,186854.02135833085
Alexa PenaVega,21,2,23.0,7.666666666666667,3,7.5,7.5,8.0,,6,9.0,False,Actor/Actress,Entertainment,27,26-35,Mark Ballas,16,United States,Florida,1,3.0,0.2307692307692307,11.0,0.0646766709430272,886714.1808613291,57349.72129608409
Alek Skarlatos,21,2,22.5,7.5,3,7.5,7.0,8.0,,3,,False,Military,Other,22,≤25,Lindsay Arnold,1,United States,California,1,4.0,0.4230769230769231,11.0,0.02900123472664741,886714.1808613291,25715.80609460629
Nick Carter,21,2,22.5,7.5,3,7.5,7.5,7.5,,2,,False,Singer/Rapper,Entertainment,35,26-35,Sharna Burgess,5,United States,New York,1,4.0,0.4230769230769231,11.0,0.029001234726647406,886714.1808613291,25715.806094606287
Hayes Grier,21,2,22.5,7.5,3,8.0,7.0,7.5,,8,7.0,False,Social Media Personality,Media,15,≤25,Emma Slater,4,United States,North Carolina,1,4.0,0.4230769230769231,11.0,0.0290012347266474,886714.1808613291,25715.80609460628
Carlos PenaVega,21,2,22.5,7.5,3,7.5,7.5,7.5,,4,11.0,False,Actor/Actress,Entertainment,26,26-35,Witney Carson,3,United States,Missouri,1,4.0,0.4230769230769231,11.0,0.02900123472664739,886714.1808613291,25715.80609460627
Andy Grammer,21,2,22.0,7.333333333333333,3,7.5,7.5,7.0,,7,8.0,False,Singer/Rapper,Entertainment,31,26-35,Allison Holker,2,United States,California,1,8.0,0.6153846153846154,11.0,0.007362988862790604,886714.1808613291,6528.866638160459
Paula Deen,21,2,18.5,6.166666666666667,3,6.5,6.0,6.0,,9,6.0,False,TV Personality,Media,68,>55,Louis van Amstel,9,United States,Georgia,1,9.0,0.7692307692307693,11.0,0.00020001000000003082,886714.1808613291,177.35170331410177
Kim Zolciak-Biermann,21,2,18.5,6.166666666666667,3,6.5,6.0,6.0,,11,-1.0,False,TV Personality,Media,37,36-45,Tony Dovolani,19,United States,Florida,1,9.0,0.7692307692307693,11.0,0.0002000100000000178,886714.1808613291,177.35170331409023
Victor Espinoza,21,2,18.5,6.166666666666667,3,6.5,5.5,6.5,,12,2.0,True,Athlete,Sports,43,36-45,Karina Smirnoff,16,Mexico,Unknown,0,9.0,0.7692307692307693,11.0,1.0000000103156659e-08,886714.1808613291,0.008867141900083763
Chaka Khan,21,2,15.0,5.0,3,5.0,5.0,5.0,,13,2.0,True,Singer/Rapper,Entertainment,62,>55,Keo Motsepe,2,United States,Illinois,1,13.0,1.0,11.0,1.0000000000001598e-08,886714.1808613291,0.008867141808614708
Alexa PenaVega,21,3,36.0,9.0,4,9.0,9.0,9.0,9.0,6,9.0,False,Actor/Actress,Entertainment,27,26-35,Mark Ballas,16,United States,Florida,1,1.0,0.15,11.0,0.4699170453697287,948577.9609214218,445752.9526990365
Nick Carter,21,3,36.0,9.0,4,9.0,9.0,9.0,9.0,2,,False,Singer/Rapper,Entertainment,35,26-35,Sharna Burgess,5,United States,New York,1,1.0,0.15,11.0,0.4699170453697287,948577.9609214218,445752.9526990365
Alek Skarlatos,21,3,33.0,8.25,4,8.0,8.0,9.0,8.0,3,,False,Military,Other,22,≤25,Lindsay Arnold,1,United States,California,1,3.0,0.35,11.0,0.02339579206504731,948577.9609214218,22192.732731204156
Tamar Braxton,21,3,33.0,8.25,4,8.0,9.0,8.0,8.0,5,-1.0,False,Singer/Rapper,Entertainment,38,36-45,Valentin Chmerkovskiy,8,United States,Maryland,1,3.0,0.35,11.0,0.02339579206504731,948577.9609214218,22192.732731204156
Bindi Irwin,21,3,32.0,8.0,4,8.0,8.0,8.0,8.0,1,,False,TV Personality,Media,17,≤25,Derek Hough,15,Australia,Unknown,0,5.0,0.5,11.0,0.008606830910652867,948577.9609214218,8164.2501152225595
Carlos PenaVega,21,3,31.0,7.75,4,7.0,8.0,8.0,8.0,4,11.0,False,Actor/Actress,Entertainment,26,26-35,Witney Carson,3,United States,Missouri,1,6.0,0.6,11.0,0.003166276145668073,948577.9609214218,3003.4597699719593
Hayes Grier,21,3,30.0,7.5,4,7.0,8.0,7.0,8.0,8,7.0,False,Social Media Personality,Media,15,≤25,Emma Slater,4,United States,North Carolina,1,7.0,0.7,11.0,0.001164807899062839,948577.9609214218,1104.9111017581931
Andy Grammer,21,3,29.0,7.25,4,7.0,7.0,8.0,7.0,7,8.0,False,Singer/Rapper,Entertainment,31,26-35,Allison Holker,2,United States,California,1,8.0,0.8,11.0,0.00042850887897931904,948577.9609214218,406.47407865892677
Gary Busey,21,3,25.0,6.25,4,6.0,7.0,6.0,6.0,10,4.0,False,Actor/Actress,Entertainment,71,>55,Anna Trebunskaya,10,United States,Texas,1,9.0,0.9,11.0,7.848413888001503e-06,948577.9609214218,7.444832442347834
Paula Deen,21,3,20.0,5.0,4,5.0,5.0,5.0,5.0,9,6.0,False,TV Personality,Media,68,>55,Louis van Amstel,9,United States,Georgia,1,10.0,1.0,11.0,5.288219680424044e-08,948577.9609214218,0.050162886413611725
Bindi Irwin,21,4,28.0,9.333333333333334,3,9.0,9.0,10.0,,1,,False,TV Personality,Media,17,≤25,Derek Hough,15,Australia,Unknown,0,1.0,0.1,11.0,0.45883295572335026,1010441.7409815144,463623.97060079616
Hayes Grier,21,4,27.0,9.0,3,9.0,9.0,9.0,,8,7.0,False,Social Media Personality,Media,15,≤25,Emma Slater,4,United States,North Carolina,1,2.0,0.3,11.0,0.16879521134254724,1010441.7409815144,170557.7272183061
Nick Carter,21,4,27.0,9.0,3,9.0,9.0,9.0,,2,,False,Singer/Rapper,Entertainment,35,26-35,Sharna Burgess,5,United States,New York,1,2.0,0.3,11.0,0.16879521134254724,1010441.7409815144,170557.7272183061
Tamar Braxton,21,4,27.0,9.0,3,9.0,9.0,9.0,,5,-1.0,False,Singer/Rapper,Entertainment,38,36-45,Valentin Chmerkovskiy,8,United States,Maryland,1,2.0,0.3,11.0,0.16879521134254724,1010441.7409815144,170557.7272183061
Carlos PenaVega,21,4,25.0,8.333333333333334,3,9.0,8.0,8.0,,4,11.0,False,Actor/Actress,Entertainment,26,26-35,Witney Carson,3,United States,Missouri,1,5.0,0.5,11.0,0.022843947736027527,1010441.7409815144,23082.47832128238
Alek Skarlatos,21,4,24.0,8.0,3,8.0,8.0,8.0,,3,,False,Military,Other,22,≤25,Lindsay Arnold,1,United States,California,1,6.0,0.6,11.0,0.008403818727279442,1010441.7409815144,8491.569225685294
Andy Grammer,21,4,23.0,7.666666666666667,3,7.0,8.0,8.0,,7,8.0,False,Singer/Rapper,Entertainment,31,26-35,Allison Holker,2,United States,California,1,7.0,0.7,11.0,0.003091592137097663,1010441.7409815144,3123.8737414137236
Alexa PenaVega,21,4,21.0,7.0,3,7.0,7.0,7.0,,6,9.0,False,Actor/Actress,Entertainment,27,26-35,Mark Ballas,16,United States,Florida,1,8.0,0.8,11.0,0.00041840149752619694,1010441.7409815144,422.77033758964325
Paula Deen,21,4,18.0,6.0,3,6.0,6.0,6.0,,9,6.0,False,TV Personality,Media,68,>55,Louis van Amstel,9,United States,Georgia,1,9.0,0.9,11.0,2.0830983962553423e-05,1010441.7409815144,21.048495701480487
Gary Busey,21,4,16.0,5.333333333333333,3,5.0,6.0,5.0,,10,4.0,True,Actor/Actress,Entertainment,71,>55,Anna Trebunskaya,10,United States,Texas,1,10.0,1.0,11.0,2.819167114669504e-06,1010441.7409815144,2.8486041274644864
Alexa PenaVega,21,5,40.0,10.0,4,10.0,10.0,10.0,10.0,6,9.0,False,Actor/Actress,Entertainment,27,26-35,Mark Ballas,16,United States,Florida,1,1.0,0.1111111111111111,11.0,0.6930968858726851,1072305.5210416073,743211.617338025
Carlos PenaVega,21,5,39.0,9.75,4,10.0,10.0,9.0,10.0,4,11.0,False,Actor/Actress,Entertainment,26,26-35,Witney Carson,3,United States,Missouri,1,2.0,0.2222222222222222,11.0,0.25497609505251034,1072305.5210416073,273412.27445843647
Bindi Irwin,21,5,37.0,9.25,4,9.0,9.0,10.0,9.0,1,,False,TV Personality,Media,17,≤25,Derek Hough,15,Australia,Unknown,0,3.0,0.3333333333333333,11.0,0.03450726204249697,1072305.5210416073,37002.32760419899
Andy Grammer,21,5,36.0,9.0,4,9.0,9.0,9.0,9.0,7,8.0,False,Singer/Rapper,Entertainment,31,26-35,Allison Holker,2,United States,California,1,4.0,0.4444444444444444,11.0,0.012694512276550307,1072305.5210416073,13612.395601075357
Nick Carter,21,5,35.0,8.75,4,9.0,9.0,8.0,9.0,2,,False,Singer/Rapper,Entertainment,35,26-35,Sharna Burgess,5,United States,New York,1,5.0,0.5555555555555556,11.0,0.004670050082241342,1072305.5210416073,5007.720486728203
Hayes Grier,21,5,30.0,7.5,4,8.0,8.0,7.0,7.0,8,7.0,False,Social Media Personality,Media,15,≤25,Emma Slater,4,United States,North Carolina,1,6.0,0.6666666666666666,11.0,3.1466549937216886e-05,1072305.5210416073,33.74175522580911
Alek Skarlatos,21,5,29.0,7.25,4,8.0,7.0,7.0,7.0,3,,False,Military,Other,22,≤25,Lindsay Arnold,1,United States,California,1,7.0,0.8333333333333334,11.0,1.157589680649663e-05,1072305.5210416073,12.412898056614246
Tamar Braxton,21,5,29.0,7.25,4,7.0,7.0,8.0,7.0,5,-1.0,False,Singer/Rapper,Entertainment,38,36-45,Valentin Chmerkovskiy,8,United States,Maryland,1,7.0,0.8333333333333334,11.0,1.157589680649663e-05,1072305.5210416073,12.412898056614246
Paula Deen,21,5,26.0,6.5,4,7.0,7.0,6.0,6.0,9,6.0,False,TV Personality,Media,68,>55,Louis van Amstel,9,United States,Georgia,1,9.0,1.0,11.0,5.763299657243856e-07,1072305.5210416073,0.6180018041879789
Andy Grammer,21,6,40.0,10.0,4,10.0,10.0,10.0,10.0,7,8.0,False,Singer/Rapper,Entertainment,31,26-35,Allison Holker,2,United States,California,1,1.0,0.2222222222222222,11.0,0.2854173620016332,1134169.3011017,323711.6099836832
Bindi Irwin,21,6,40.0,10.0,4,10.0,10.0,10.0,10.0,1,,False,TV Personality,Media,17,≤25,Derek Hough,15,Australia,Unknown,0,1.0,0.2222222222222222,11.0,0.2854173620016332,1134169.3011017,323711.6099836832
Tamar Braxton,21,6,40.0,10.0,4,10.0,10.0,10.0,10.0,5,-1.0,False,Singer/Rapper,Entertainment,38,36-45,Valentin Chmerkovskiy,8,United States,Maryland,1,1.0,0.2222222222222222,11.0,0.2854173620016332,1134169.3011017,323711.6099836832
Nick Carter,21,6,39.0,9.75,4,9.0,10.0,10.0,10.0,2,,False,Singer/Rapper,Entertainment,35,26-35,Sharna Burgess,5,United States,New York,1,4.0,0.4444444444444444,11.0,0.10499917963378809,1134169.3011017,119086.84618150529
Carlos PenaVega,21,6,38.0,9.5,4,10.0,9.0,9.0,10.0,4,11.0,False,Actor/Actress,Entertainment,26,26-35,Witney Carson,3,United States,Missouri,1,5.0,0.5555555555555556,11.0,0.03862703952713785,1134169.3011017,43809.60242412167
Hayes Grier,21,6,32.0,8.0,4,8.0,8.0,8.0,8.0,8,7.0,False,Social Media Personality,Media,15,≤25,Emma Slater,4,United States,North Carolina,1,6.0,0.6666666666666666,11.0,9.574685830607041e-05,1134169.3011017,108.59314736767936
Alek Skarlatos,21,6,30.0,7.5,4,8.0,8.0,7.0,7.0,3,,False,Military,Other,22,≤25,Lindsay Arnold,1,United States,California,1,7.0,0.8333333333333334,11.0,1.295792818786786e-05,1134169.3011017,14.69648435656011
Alexa PenaVega,21,6,30.0,7.5,4,8.0,7.0,7.0,8.0,6,9.0,False,Actor/Actress,Entertainment,27,26-35,Mark Ballas,16,United States,Florida,1,7.0,0.8333333333333334,11.0,1.295792818786786e-05,1134169.3011017,14.69648435656011
Paula Deen,21,6,24.0,6.0,4,6.0,6.0,6.0,6.0,9,6.0,True,TV Personality,Media,68,>55,Louis van Amstel,9,United States,Georgia,1,9.0,1.0,11.0,3.2119492700763826e-08,1134169.3011017,0.03642894258816646
Bindi Irwin,21,7,29.0,9.666666666666666,3,9.5,10.0,9.5,,1,,False,TV Personality,Media,17,≤25,Derek Hough,15,Australia,Unknown,0,1.0,0.125,11.0,0.3732006064520351,1196033.0811617929,446360.2712262772
Andy Grammer,21,7,28.0,9.333333333333334,3,9.5,9.5,9.0,,7,8.0,False,Singer/Rapper,Entertainment,31,26-35,Allison Holker,2,United States,California,1,2.0,0.375,11.0,0.13729283054641805,1196033.0811617929,164206.7671398563
Hayes Grier,21,7,28.0,9.333333333333334,3,9.0,9.5,9.5,,8,7.0,True,Social Media Personality,Media,15,≤25,Emma Slater,4,United States,North Carolina,1,2.0,0.375,11.0,0.13729283054641805,1196033.0811617929,164206.7671398563
Carlos PenaVega,21,7,28.0,9.333333333333334,3,9.0,10.0,9.0,,4,11.0,False,Actor/Actress,Entertainment,26,26-35,Witney Carson,3,United States,Missouri,1,2.0,0.375,11.0,0.13729283054641805,1196033.0811617929,164206.7671398563
Alexa PenaVega,21,7,27.5,9.166666666666666,3,9.0,9.5,9.0,,6,9.0,False,Actor/Actress,Entertainment,27,26-35,Mark Ballas,16,United States,Florida,1,5.0,0.625,11.0,0.08327231108513372,1196033.0811617929,99596.4388026158
Nick Carter,21,7,27.0,9.0,3,9.0,9.0,9.0,,2,,False,Singer/Rapper,Entertainment,35,26-35,Sharna Burgess,5,United States,New York,1,6.0,0.8125,11.0,0.0505072097782618,1196033.0811617929,60408.293731979495
Tamar Braxton,21,7,27.0,9.0,3,9.0,9.0,9.0,,5,-1.0,False,Singer/Rapper,Entertainment,38,36-45,Valentin Chmerkovskiy,8,United States,Maryland,1,6.0,0.8125,11.0,0.0505072097782618,1196033.0811617929,60408.293731979495
Alek Skarlatos,21,7,26.5,8.833333333333334,3,9.0,9.0,8.5,,3,,False,Military,Other,22,≤25,Lindsay Arnold,1,United States,California,1,8.0,1.0,11.0,0.0306341712670535,1196033.0811617929,36639.482249372064
Nick Carter,21,8,33.0,11.0,3,11.0,11.0,11.0,,2,,False,Singer/Rapper,Entertainment,35,26-35,Sharna Burgess,5,United States,New York,1,1.0,0.1428571428571428,11.0,0.9664403825031825,1257896.8612218855,1215682.3237088318
Carlos PenaVega,21,8,28.9998,9.6666,3,9.6666,9.6666,9.6666,,4,11.0,False,Actor/Actress,Entertainment,26,26-35,Witney Carson,3,United States,Missouri,1,2.0,0.2857142857142857,11.0,0.017697433212803614,1257896.8612218855,22261.545690069615
Bindi Irwin,21,8,28.0,9.333333333333334,3,10.0,9.0,9.0,,1,,False,TV Personality,Media,17,≤25,Derek Hough,15,Australia,Unknown,0,3.0,0.5,11.0,0.0065118240750823295,1257896.8612218855,8191.203064875171
Tamar Braxton,21,8,28.0,9.333333333333334,3,9.0,9.0,10.0,,5,-1.0,False,Singer/Rapper,Entertainment,38,36-45,Valentin Chmerkovskiy,8,United States,Maryland,1,3.0,0.5,11.0,0.0065118240750823295,1257896.8612218855,8191.203064875171
Alexa PenaVega,21,8,26.9998,8.999933333333333,3,9.6666,8.6666,8.6666,,6,9.0,False,Actor/Actress,Entertainment,27,26-35,Mark Ballas,16,United States,Florida,1,5.0,0.7142857142857143,11.0,0.0023950871364158137,1257896.8612218855,3012.772591250366
Alek Skarlatos,21,8,25.0,8.333333333333334,3,9.0,8.0,8.0,,3,,False,Military,Other,22,≤25,Lindsay Arnold,1,United States,California,1,6.0,0.8571428571428571,11.0,0.0003242046304256264,1257896.8612218855,407.8159870059969
Andy Grammer,21,8,23.9998,7.999933333333334,3,8.6666,7.6666,7.6666,,7,8.0,True,Singer/Rapper,Entertainment,31,26-35,Allison Holker,2,United States,California,1,7.0,1.0,11.0,0.00011924436700772559,1257896.8612218855,149.9971149774086
Bindi Irwin,21,9,30.0,10.0,3,10.0,10.0,10.0,,1,,False,TV Personality,Media,17,≤25,Derek Hough,15,Australia,Unknown,0,1.0,0.25,11.0,0.46575146984803373,1319760.641281978,614680.4585246649
Alexa PenaVega,21,9,30.0,10.0,3,10.0,10.0,10.0,,6,9.0,True,Actor/Actress,Entertainment,27,26-35,Mark Ballas,16,United States,Florida,1,1.0,0.25,11.0,0.46575146984803373,1319760.641281978,614680.4585246649
Nick Carter,21,9,27.5,9.166666666666666,3,9.0,9.0,9.5,,2,,False,Singer/Rapper,Entertainment,35,26-35,Sharna Burgess,5,United States,New York,1,3.0,0.5,11.0,0.0382312087615547,1319760.641281978,50456.0445921346
Carlos PenaVega,21,9,27.0,9.0,3,9.0,9.0,9.0,,4,11.0,False,Actor/Actress,Entertainment,26,26-35,Witney Carson,3,United States,Missouri,1,4.0,0.6666666666666666,11.0,0.02318840027175718,1319760.641281978,30603.13801295745
Alek Skarlatos,21,9,25.5,8.5,3,8.5,8.5,8.5,,3,,False,Military,Other,22,≤25,Lindsay Arnold,1,United States,California,1,5.0,0.8333333333333334,11.0,0.005174031466223073,1319760.641281978,6828.483085875696
Tamar Braxton,21,9,24.5,8.166666666666666,3,8.5,8.0,8.0,,5,-1.0,False,Singer/Rapper,Entertainment,38,36-45,Valentin Chmerkovskiy,8,United States,Maryland,1,6.0,1.0,11.0,0.001903419804397602,1319760.641281978,2512.0585416805966
Bindi Irwin,21,10,31.5,10.5,3,10.5,10.5,10.5,,1,,False,TV Personality,Media,17,≤25,Derek Hough,15,Australia,Unknown,0,1.0,0.375,11.0,0.48522582823484584,1381624.4213420704,670399.8541551958
Carlos PenaVega,21,10,31.5,10.5,3,10.0,10.5,11.0,,4,11.0,False,Actor/Actress,Entertainment,26,26-35,Witney Carson,3,United States,Missouri,1,1.0,0.375,11.0,0.48522582823484584,1381624.4213420704,670399.8541551958
Alek Skarlatos,21,10,28.5,9.5,3,9.5,9.5,9.5,,3,,False,Military,Other,22,≤25,Lindsay Arnold,1,United States,California,1,3.0,0.75,11.0,0.024157971484181674,1381624.4213420704,33377.24337263074
Nick Carter,21,10,27.0,9.0,3,9.0,9.0,9.0,,2,,False,Singer/Rapper,Entertainment,35,26-35,Sharna Burgess,5,United States,New York,1,4.0,1.0,11.0,0.005390372046126658,1381624.4213420704,7447.469659048216
Bindi Irwin,21,11,30.0,10.0,3,10.0,10.0,10.0,,1,,False,TV Personality,Media,17,≤25,Derek Hough,15,Australia,Unknown,0,1.0,0.5,11.0,0.31894653232231235,1443488.2014021636,460395.5562853917
Nick Carter,21,11,30.0,10.0,3,10.0,10.0,10.0,,2,,False,Singer/Rapper,Entertainment,35,26-35,Sharna Burgess,5,United States,New York,1,1.0,0.5,11.0,0.31894653232231235,1443488.2014021636,460395.5562853917
Carlos PenaVega,21,11,30.0,10.0,3,10.0,10.0,10.0,,4,11.0,True,Actor/Actress,Entertainment,26,26-35,Witney Carson,3,United States,Missouri,1,1.0,0.5,11.0,0.31894653232231235,1443488.2014021636,460395.5562853917
Alek Skarlatos,21,11,27.9999,9.3333,3,9.3333,9.3333,9.3333,,3,,False,Military,Other,22,≤25,Lindsay Arnold,1,United States,California,1,4.0,1.0,11.0,0.04316040303306309,1443488.2014021636,62301.532545988724
Wanya Morris,22,1,23.0,7.666666666666667,3,8.0,7.0,8.0,,4,9.0,False,Singer/Rapper,Entertainment,42,36-45,Lindsay Arnold,2,United States,Pennsylvania,1,1.0,0.1666666666666666,10.0,0.27455872813957466,777153.6320132124,213374.31277459863
Nyle DiMarco,22,1,23.0,7.666666666666667,3,8.0,7.0,8.0,,1,,False,Model,Model,26,26-35,Peta Murgatroyd,8,United States,New York,1,1.0,0.1666666666666666,10.0,0.27455872813957466,777153.6320132124,213374.31277459863
Ginger Zee,22,1,23.0,7.666666666666667,3,8.0,7.0,8.0,,3,,False,News Anchor,Media,35,26-35,Valentin Chmerkovskiy,9,United States,California,1,1.0,0.1666666666666666,10.0,0.27455872813957466,777153.6320132124,213374.31277459863
Paige VanZant,22,1,21.0,7.0,3,7.0,7.0,7.0,,2,,False,Athlete,Sports,22,≤25,Mark Ballas,17,United States,Oregon,1,4.0,0.4583333333333333,10.0,0.037157483237853485,777153.6320132124,28877.073054767898
Antonio Brown,22,1,21.0,7.0,3,8.0,6.0,7.0,,5,9.0,False,Athlete,Sports,27,26-35,Sharna Burgess,6,United States,Florida,1,4.0,0.4583333333333333,10.0,0.037157483237853485,777153.6320132124,28877.073054767898
Marla Maples,22,1,21.0,7.0,3,7.0,7.0,7.0,,10,4.0,False,TV Personality,Media,52,46-55,Tony Dovolani,20,United States,Georgia,1,4.0,0.4583333333333333,10.0,0.037157483237853485,777153.6320132124,28877.073054767898
Von Miller,22,1,21.0,7.0,3,8.0,6.0,7.0,,7,7.0,False,Athlete,Sports,27,26-35,Witney Carson,4,United States,Texas,1,4.0,0.4583333333333333,10.0,0.037157483237853485,777153.6320132124,28877.073054767898
Jodie Sweetin,22,1,20.0,6.666666666666667,3,7.0,6.0,7.0,,6,8.0,False,Actor/Actress,Entertainment,34,26-35,Keo Motsepe,3,United States,California,1,8.0,0.7083333333333334,10.0,0.013669474168878773,777153.6320132124,10623.281498054926
Kim Fields,22,1,20.0,6.666666666666667,3,7.0,6.0,7.0,,8,7.0,False,Actor/Actress,Entertainment,46,46-55,Sasha Farber,1,United States,New York,1,8.0,0.7083333333333334,10.0,0.013669474168878773,777153.6320132124,10623.281498054926
Mischa Barton,22,1,16.0,5.333333333333333,3,5.0,5.0,6.0,,11,3.0,False,Actor/Actress,Entertainment,30,26-35,Artem Chigvintsev,2,England,Unknown,0,10.0,0.8333333333333334,10.0,0.0002503651526760634,777153.6320132124,194.57218773174515
Doug Flutie,22,1,15.0,5.0,3,5.0,5.0,5.0,,9,6.0,False,Athlete,Sports,53,46-55,Karina Smirnoff,17,United States,Maryland,1,11.0,0.9166666666666666,10.0,9.210419245527304e-05,777153.6320132124,71.57910769025936
Geraldo Rivera,22,1,13.0,4.333333333333333,3,5.0,4.0,4.0,,12,2.0,False,Journalist,Media,72,>55,Edyta Sliwinska,10,United States,New York,1,12.0,1.0,10.0,1.2464946973213864e-05,777153.6320132124,9.687178813085254
Wanya Morris,22,2,24.0,8.0,3,8.0,8.0,8.0,,4,9.0,False,Singer/Rapper,Entertainment,42,36-45,Lindsay Arnold,2,United States,Pennsylvania,1,1.0,0.125,10.0,0.45736182676582565,841916.4346809802,385060.438549864
Paige VanZant,22,2,24.0,8.0,3,8.0,8.0,8.0,,2,,False,Athlete,Sports,22,≤25,Mark Ballas,17,United States,Oregon,1,1.0,0.125,10.0,0.45736182676582565,841916.4346809802,385060.438549864
Jodie Sweetin,22,2,21.0,7.0,3,7.0,7.0,7.0,,6,8.0,False,Actor/Actress,Entertainment,34,26-35,Keo Motsepe,3,United States,California,1,3.0,0.2916666666666667,10.0,0.022770704538041305,841916.4346809802,19171.03037984175
Ginger Zee,22,2,21.0,7.0,3,7.0,7.0,7.0,,3,,False,News Anchor,Media,35,26-35,Valentin Chmerkovskiy,9,United States,California,1,3.0,0.2916666666666667,10.0,0.022770704538041305,841916.4346809802,19171.03037984175
Doug Flutie,22,2,20.0,6.666666666666667,3,7.0,6.0,7.0,,9,6.0,False,Athlete,Sports,53,46-55,Karina Smirnoff,17,United States,Maryland,1,5.0,0.5416666666666666,10.0,0.008376874060534662,841916.4346809802,7052.627942816927
Nyle DiMarco,22,2,20.0,6.666666666666667,3,7.0,6.0,7.0,,1,,False,Model,Model,26,26-35,Peta Murgatroyd,8,United States,New York,1,5.0,0.5416666666666666,10.0,0.008376874060534662,841916.4346809802,7052.627942816927
Marla Maples,22,2,20.0,6.666666666666667,3,7.0,6.0,7.0,,10,4.0,False,TV Personality,Media,52,46-55,Tony Dovolani,20,United States,Georgia,1,5.0,0.5416666666666666,10.0,0.008376874060534662,841916.4346809802,7052.627942816927
Von Miller,22,2,20.0,6.666666666666667,3,7.0,6.0,7.0,,7,7.0,False,Athlete,Sports,27,26-35,Witney Carson,4,United States,Texas,1,5.0,0.5416666666666666,10.0,0.008376874060534662,841916.4346809802,7052.627942816927
Kim Fields,22,2,19.0,6.333333333333333,3,7.0,6.0,6.0,,8,7.0,False,Actor/Actress,Entertainment,46,46-55,Sasha Farber,1,United States,New York,1,9.0,0.7916666666666666,10.0,0.003081679748153042,841916.4346809802,2594.5168263935902
Antonio Brown,22,2,19.0,6.333333333333333,3,6.0,6.0,7.0,,5,9.0,False,Athlete,Sports,27,26-35,Sharna Burgess,6,United States,Florida,1,9.0,0.7916666666666666,10.0,0.003081679748153042,841916.4346809802,2594.5168263935902
Mischa Barton,22,2,15.0,5.0,3,5.0,5.0,5.0,,11,3.0,False,Actor/Actress,Entertainment,30,26-35,Artem Chigvintsev,2,England,Unknown,0,11.0,0.9166666666666666,10.0,5.644293343789642e-05,841916.4346809802,47.520233282969635
Geraldo Rivera,22,2,13.0,4.333333333333333,3,5.0,4.0,4.0,,12,2.0,True,Journalist,Media,72,>55,Edyta Sliwinska,10,United States,New York,1,12.0,1.0,10.0,7.63872038352299e-06,841916.4346809802,6.431164230820605
Nyle DiMarco,22,3,25.0,8.333333333333334,3,8.0,8.0,9.0,,1,,False,Model,Model,26,26-35,Peta Murgatroyd,8,United States,New York,1,1.0,0.0909090909090909,10.0,0.5727068279503515,906679.2373487478,519261.3899904453
Wanya Morris,22,3,24.0,8.0,3,8.0,8.0,8.0,,4,9.0,False,Singer/Rapper,Entertainment,42,36-45,Lindsay Arnold,2,United States,Pennsylvania,1,2.0,0.1818181818181818,10.0,0.2106870678214447,906679.2373487478,191025.58997159137
Jodie Sweetin,22,3,23.0,7.666666666666667,3,8.0,7.0,8.0,,6,8.0,False,Actor/Actress,Entertainment,34,26-35,Keo Motsepe,3,United States,California,1,3.0,0.3181818181818182,10.0,0.07750744077220284,906679.2373487478,70274.3872881941
Paige VanZant,22,3,23.0,7.666666666666667,3,8.0,7.0,8.0,,2,,False,Athlete,Sports,22,≤25,Mark Ballas,17,United States,Oregon,1,3.0,0.3181818181818182,10.0,0.07750744077220284,906679.2373487478,70274.3872881941
Kim Fields,22,3,22.0,7.333333333333333,3,8.0,7.0,7.0,,8,7.0,False,Actor/Actress,Entertainment,46,46-55,Sasha Farber,1,United States,New York,1,5.0,0.4545454545454545,10.0,0.028513393997906644,906679.2373487478,25852.502324246358
Marla Maples,22,3,21.0,7.0,3,7.0,7.0,7.0,,10,4.0,False,TV Personality,Media,52,46-55,Tony Dovolani,20,United States,Georgia,1,6.0,0.5909090909090909,10.0,0.010489491449851052,906679.2373487478,9510.604107927164
Ginger Zee,22,3,21.0,7.0,3,7.0,7.0,7.0,,3,,False,News Anchor,Media,35,26-35,Valentin Chmerkovskiy,9,United States,California,1,6.0,0.5909090909090909,10.0,0.010489491449851052,906679.2373487478,9510.604107927164
Doug Flutie,22,3,20.0,6.666666666666667,3,7.0,6.0,7.0,,9,6.0,False,Athlete,Sports,53,46-55,Karina Smirnoff,17,United States,Maryland,1,8.0,0.8181818181818182,10.0,0.0038588682527438277,906679.2373487478,3498.755724427069
Antonio Brown,22,3,20.0,6.666666666666667,3,7.0,6.0,7.0,,5,9.0,False,Athlete,Sports,27,26-35,Sharna Burgess,6,United States,Florida,1,8.0,0.8181818181818182,10.0,0.0038588682527438277,906679.2373487478,3498.755724427069
Von Miller,22,3,20.0,6.666666666666667,3,7.0,6.0,7.0,,7,7.0,False,Athlete,Sports,27,26-35,Witney Carson,4,United States,Texas,1,8.0,0.8181818181818182,10.0,0.0038588682527438277,906679.2373487478,3498.755724427069
Mischa Barton,22,3,18.0,6.0,3,6.0,6.0,6.0,,11,3.0,True,Actor/Actress,Entertainment,30,26-35,Artem Chigvintsev,2,England,Unknown,0,11.0,1.0,10.0,0.0005222410279578587,906679.2373487478,473.5050969410574
Doug Flutie,22,4,24.0,6.0,4,6.0,6.0,6.0,6.0,9,6.0,False,Athlete,Sports,53,46-55,Karina Smirnoff,17,United States,Maryland,1,10.0,1.0,10.0,0.3335333433333333,971442.0400165154,324008.3114612621
Paige VanZant,22,4,36.0,9.0,4,9.0,9.0,9.0,9.0,2,,False,Athlete,Sports,22,≤25,Mark Ballas,17,United States,Oregon,1,1.0,0.15,10.0,0.2544126788364747,971442.0400165154,247147.17173497158
Ginger Zee,22,4,36.0,9.0,4,9.0,9.0,9.0,9.0,3,,False,News Anchor,Media,35,26-35,Valentin Chmerkovskiy,9,United States,California,1,1.0,0.15,10.0,0.25441267883647456,971442.0400165154,247147.1717349714
Jodie Sweetin,22,4,27.0,6.75,4,7.0,6.0,7.0,7.0,6,8.0,False,Actor/Actress,Entertainment,34,26-35,Keo Motsepe,3,United States,California,1,9.0,0.9,10.0,0.08353334333333329,971442.0400165154,81147.80145713328
Wanya Morris,22,4,35.0,8.75,4,8.0,9.0,9.0,9.0,4,9.0,False,Singer/Rapper,Entertainment,42,36-45,Lindsay Arnold,2,United States,Pennsylvania,1,3.0,0.35,10.0,0.03705395783019193,971442.0400165154,35995.77238524758
Antonio Brown,22,4,35.0,8.75,4,9.0,8.0,9.0,9.0,5,9.0,False,Athlete,Sports,27,26-35,Sharna Burgess,6,United States,Florida,1,3.0,0.35,10.0,0.03705395783019187,971442.0400165154,35995.772385247525
Marla Maples,22,4,28.0,7.0,4,7.0,7.0,7.0,7.0,10,4.0,True,TV Personality,Media,52,46-55,Tony Dovolani,20,United States,Georgia,1,8.0,0.8,10.0,1.0000000211265168e-08,971442.0400165154,0.00971442060539702
Kim Fields,22,4,32.0,8.0,4,8.0,8.0,8.0,8.0,8,7.0,False,Actor/Actress,Entertainment,46,46-55,Sasha Farber,1,United States,New York,1,6.0,0.65,10.0,1.0000000037237167e-08,971442.0400165154,0.009714420436338904
Von Miller,22,4,32.0,8.0,4,8.0,8.0,8.0,8.0,7,7.0,False,Athlete,Sports,27,26-35,Witney Carson,4,United States,Texas,1,6.0,0.65,10.0,1.0000000023359379e-08,971442.0400165154,0.009714420422857436
Nyle DiMarco,22,4,34.0,8.5,4,8.0,8.0,9.0,9.0,1,,False,Model,Model,26,26-35,Peta Murgatroyd,8,United States,New York,1,5.0,0.5,10.0,1.0000000001675335e-08,971442.0400165154,0.009714420401792646
Nyle DiMarco,22,5,37.0,9.25,4,9.0,10.0,9.0,9.0,1,,False,Model,Model,26,26-35,Peta Murgatroyd,8,United States,New York,1,1.0,0.1111111111111111,10.0,0.8725524969860409,1036204.8426842833,904143.122873199
Jodie Sweetin,22,5,35.0,8.75,4,9.0,8.0,9.0,9.0,6,8.0,False,Actor/Actress,Entertainment,34,26-35,Keo Motsepe,3,United States,California,1,2.0,0.2222222222222222,10.0,0.11808713931841949,1036204.8426842833,122362.46562047991
Ginger Zee,22,5,32.0,8.0,4,8.0,8.0,8.0,8.0,3,,False,News Anchor,Media,35,26-35,Valentin Chmerkovskiy,9,United States,California,1,3.0,0.3333333333333333,10.0,0.005879212478611625,1036204.8426842833,6092.068441507234
Paige VanZant,22,5,31.0,7.75,4,8.0,8.0,7.0,8.0,2,,False,Athlete,Sports,22,≤25,Mark Ballas,17,United States,Oregon,1,4.0,0.4444444444444444,10.0,0.002162841401159815,1036204.8426842833,2241.146733839861
Wanya Morris,22,5,30.0,7.5,4,8.0,7.0,7.0,8.0,4,9.0,False,Singer/Rapper,Entertainment,42,36-45,Lindsay Arnold,2,United States,Pennsylvania,1,5.0,0.5555555555555556,10.0,0.000795664886001132,1036204.8426842833,824.4718080282112
Von Miller,22,5,29.0,7.25,4,8.0,7.0,7.0,7.0,7,7.0,False,Athlete,Sports,27,26-35,Witney Carson,4,United States,Texas,1,6.0,0.6666666666666666,10.0,0.0002927087536218358,1036204.8426842833,303.306227999027
Doug Flutie,22,5,28.0,7.0,4,7.0,7.0,7.0,7.0,9,6.0,False,Athlete,Sports,53,46-55,Karina Smirnoff,17,United States,Maryland,1,7.0,0.8333333333333334,10.0,0.00010768153270839035,1036204.8426842833,111.58012566010014
Kim Fields,22,5,28.0,7.0,4,8.0,6.0,6.0,8.0,8,7.0,False,Actor/Actress,Entertainment,46,46-55,Sasha Farber,1,United States,New York,1,7.0,0.8333333333333334,10.0,0.00010768153270839035,1036204.8426842833,111.58012566010014
Antonio Brown,22,5,26.0,6.5,4,7.0,6.0,6.0,7.0,5,9.0,False,Athlete,Sports,27,26-35,Sharna Burgess,6,United States,Florida,1,9.0,1.0,10.0,1.4573110728442582e-05,1036204.8426842833,15.100727909786487
Wanya Morris,22,6,29.0,9.666666666666666,3,10.0,9.0,10.0,,4,9.0,False,Singer/Rapper,Entertainment,42,36-45,Lindsay Arnold,2,United States,Pennsylvania,1,1.0,0.1111111111111111,10.0,0.6408632455353764,1100967.645352051,705569.6984297567
Paige VanZant,22,6,28.0,9.333333333333334,3,9.0,10.0,9.0,,2,,False,Athlete,Sports,22,≤25,Mark Ballas,17,United States,Oregon,1,2.0,0.2222222222222222,10.0,0.2357604126348711,1100967.645352051,259564.58636584194
Antonio Brown,22,6,27.0,9.0,3,9.0,9.0,9.0,,5,9.0,False,Athlete,Sports,27,26-35,Sharna Burgess,6,United States,Florida,1,3.0,0.3333333333333333,10.0,0.08673140885046504,1100967.645352051,95488.47498016253
Jodie Sweetin,22,6,25.0,8.333333333333334,3,9.0,8.0,8.0,,6,8.0,False,Actor/Actress,Entertainment,34,26-35,Keo Motsepe,3,United States,California,1,4.0,0.5,10.0,0.01173781978228814,1100967.645352051,12922.959807272497
Nyle DiMarco,22,6,25.0,8.333333333333334,3,8.0,8.0,9.0,,1,,False,Model,Model,26,26-35,Peta Murgatroyd,8,United States,New York,1,4.0,0.5,10.0,0.01173781978228814,1100967.645352051,12922.959807272497
Kim Fields,22,6,24.0,8.0,3,8.0,8.0,8.0,,8,7.0,False,Actor/Actress,Entertainment,46,46-55,Sasha Farber,1,United States,New York,1,6.0,0.7777777777777778,10.0,0.004318102582079262,1100967.645352051,4754.091232180416
Ginger Zee,22,6,24.0,8.0,3,8.0,8.0,8.0,,3,,False,News Anchor,Media,35,26-35,Valentin Chmerkovskiy,9,United States,California,1,6.0,0.7777777777777778,10.0,0.004318102582079262,1100967.645352051,4754.091232180416
Von Miller,22,6,24.0,8.0,3,8.0,8.0,8.0,,7,7.0,False,Athlete,Sports,27,26-35,Witney Carson,4,United States,Texas,1,6.0,0.7777777777777778,10.0,0.004318102582079262,1100967.645352051,4754.091232180416
Doug Flutie,22,6,21.0,7.0,3,7.0,7.0,7.0,,9,6.0,True,Athlete,Sports,53,46-55,Karina Smirnoff,17,United States,Maryland,1,9.0,1.0,10.0,0.00021498566847343007,1100967.645352051,236.69226520362895
Nyle DiMarco,22,7,28.0,9.333333333333334,3,9.5,9.0,9.5,,1,,False,Model,Model,26,26-35,Peta Murgatroyd,8,United States,New York,1,1.0,0.125,10.0,0.28361590929153485,1165730.4480198186,330619.7010039692
Jodie Sweetin,22,7,25.5,8.5,3,8.0,8.5,9.0,,6,8.0,False,Actor/Actress,Entertainment,34,26-35,Keo Motsepe,3,United States,California,1,8.0,1.0,10.0,0.20020001000000007,1165730.4480198186,233379.24735087226
Wanya Morris,22,7,27.5,9.166666666666666,3,9.0,9.0,9.5,,4,9.0,False,Singer/Rapper,Entertainment,42,36-45,Lindsay Arnold,2,United States,Pennsylvania,1,2.0,0.375,10.0,0.16465972128600873,1165730.4480198186,191948.85066555743
Ginger Zee,22,7,27.5,9.166666666666666,3,9.0,9.0,9.5,,3,,False,News Anchor,Media,35,26-35,Valentin Chmerkovskiy,9,United States,California,1,2.0,0.375,10.0,0.16465972128600867,1165730.4480198186,191948.85066555734
Paige VanZant,22,7,27.5,9.166666666666666,3,9.0,9.0,9.5,,2,,False,Athlete,Sports,22,≤25,Mark Ballas,17,United States,Oregon,1,2.0,0.375,10.0,0.16465972128600864,1165730.4480198186,191948.85066555731
Antonio Brown,22,7,26.0,8.666666666666666,3,8.5,8.5,9.0,,5,9.0,False,Athlete,Sports,27,26-35,Sharna Burgess,6,United States,Florida,1,5.0,0.75,10.0,0.022204896850439033,1165730.4480198186,25884.924353696155
Von Miller,22,7,26.0,8.666666666666666,3,8.5,8.5,9.0,,7,7.0,True,Athlete,Sports,27,26-35,Witney Carson,4,United States,Texas,1,5.0,0.75,10.0,1.0000000029430911e-08,1165730.4480198186,0.011657304514506696
Kim Fields,22,7,26.0,8.666666666666666,3,8.5,8.5,9.0,,8,7.0,True,Actor/Actress,Entertainment,46,46-55,Sasha Farber,1,United States,New York,1,5.0,0.75,10.0,1.0000000001675335e-08,1165730.4480198186,0.011657304482151175
Jodie Sweetin,22,8,30.0,10.0,3,10.0,10.0,10.0,,6,8.0,True,Actor/Actress,Entertainment,34,26-35,Keo Motsepe,3,United States,California,1,1.0,0.25,10.0,0.3906647165964997,1230493.2506875861,480710.2970537715
Ginger Zee,22,8,30.0,10.0,3,10.0,10.0,10.0,,3,,False,News Anchor,Media,35,26-35,Valentin Chmerkovskiy,9,United States,California,1,1.0,0.25,10.0,0.3906647165964997,1230493.2506875861,480710.2970537715
Nyle DiMarco,22,8,29.0,9.666666666666666,3,10.0,9.0,10.0,,1,,False,Model,Model,26,26-35,Peta Murgatroyd,8,United States,New York,1,3.0,0.5,10.0,0.1437175176269202,1230493.2506875861,176843.4354454995
Paige VanZant,22,8,28.0,9.333333333333334,3,10.0,9.0,9.0,,2,,False,Athlete,Sports,22,≤25,Mark Ballas,17,United States,Oregon,1,4.0,0.6666666666666666,10.0,0.05287072007113832,1230493.2506875861,65057.0642065284
Antonio Brown,22,8,27.0,9.0,3,9.0,9.0,9.0,,5,9.0,False,Athlete,Sports,27,26-35,Sharna Burgess,6,United States,Florida,1,5.0,0.8333333333333334,10.0,0.019450050954102124,1230493.2506875861,23933.156424552308
Wanya Morris,22,8,25.0,8.333333333333334,3,8.0,8.0,9.0,,4,9.0,False,Singer/Rapper,Entertainment,42,36-45,Lindsay Arnold,2,United States,Pennsylvania,1,6.0,1.0,10.0,0.0026322781548399595,1230493.2506875861,3239.000503462943
Wanya Morris,22,9,30.0,10.0,3,10.0,10.0,10.0,,4,9.0,True,Singer/Rapper,Entertainment,42,36-45,Lindsay Arnold,2,United States,Pennsylvania,1,1.0,0.2,10.0,0.4885004307640816,1295256.0533553541,632733.1400138747
Paige VanZant,22,9,29.5,9.833333333333334,3,10.0,9.5,10.0,,2,,False,Athlete,Sports,22,≤25,Mark Ballas,17,United States,Oregon,1,2.0,0.4,10.0,0.296290488541244,1295256.0533553541,383772.0488346615
Nyle DiMarco,22,9,28.5,9.5,3,9.5,9.5,9.5,,1,,False,Model,Model,26,26-35,Peta Murgatroyd,8,United States,New York,1,3.0,0.6,10.0,0.10899917934896648,1295256.0533553541,141181.84686251474
Ginger Zee,22,9,28.0,9.333333333333334,3,9.0,9.5,9.5,,3,,False,News Anchor,Media,35,26-35,Valentin Chmerkovskiy,9,United States,California,1,4.0,0.8,10.0,0.06611134415866429,1295256.0533553541,85631.11871696905
Antonio Brown,22,9,27.5,9.166666666666666,3,9.0,9.0,9.5,,5,9.0,True,Athlete,Sports,27,26-35,Sharna Burgess,6,United States,Florida,1,5.0,1.0,10.0,0.04009855718704361,1295256.0533553541,51937.89892733408
Paige VanZant,22,10,29.666600000000003,9.888866666666669,3,10.0,9.6666,10.0,,2,,False,Athlete,Sports,22,≤25,Mark Ballas,17,United States,Oregon,1,1.0,0.3333333333333333,10.0,0.5627689296197775,1360018.8560231216,765376.3558668465
Nyle DiMarco,22,10,28.9998,9.6666,3,9.6666,9.6666,9.6666,,1,,False,Model,Model,26,26-35,Peta Murgatroyd,8,United States,New York,1,2.0,0.6666666666666666,10.0,0.28889668040096966,1360018.8560231216,392904.93278780417
Ginger Zee,22,10,28.3332,9.4444,3,9.3333,9.6666,9.3333,,3,,False,News Anchor,Media,35,26-35,Valentin Chmerkovskiy,9,United States,California,1,3.0,1.0,10.0,0.1483343899792528,1360018.8560231216,201737.56736847098
James Hinchcliffe,23,1,31.0,7.75,4,8.0,8.0,7.0,8.0,2,,False,Racing Driver,Sports,29,26-35,Sharna Burgess,7,Canada,Unknown,0,1.0,0.1153846153846153,11.0,0.4861089597554548,890398.0197927341,432830.45516976283
Laurie Hernandez,23,1,31.0,7.75,4,8.0,8.0,7.0,8.0,1,,False,Athlete,Sports,16,≤25,Valentin Chmerkovskiy,10,United States,New Jersey,1,1.0,0.1153846153846153,11.0,0.4861089597554548,890398.0197927341,432830.45516976283
Marilu Henner,23,1,27.0,6.75,4,7.0,7.0,6.0,7.0,6,9.0,False,Actor/Actress,Entertainment,64,>55,Derek Hough,16,United States,Illinois,1,3.0,0.2692307692307692,11.0,0.008903396167459126,890398.0197927341,7927.566316935823
Jana Kramer,23,1,27.0,6.75,4,7.0,6.0,6.0,8.0,4,11.0,False,Singer/Rapper,Entertainment,32,26-35,Gleb Savchenko,1,United States,Michigan,1,3.0,0.2692307692307692,11.0,0.008903396167459126,890398.0197927341,7927.566316935823
Babyface,23,1,26.0,6.5,4,7.0,6.0,6.0,7.0,11,4.0,False,Singer/Rapper,Entertainment,57,>55,Allison Holker,3,United States,Indiana,1,5.0,0.4230769230769231,11.0,0.0032753764066128246,890398.0197927341,2916.3886665239
Calvin Johnson Jr.,23,1,26.0,6.5,4,7.0,6.0,6.0,7.0,3,,False,Athlete,Sports,30,26-35,Lindsay Arnold,3,United States,Georgia,1,5.0,0.4230769230769231,11.0,0.0032753764066128246,890398.0197927341,2916.3886665239
Terra Jole,23,1,25.0,6.25,4,7.0,6.0,6.0,6.0,5,10.0,False,TV Personality,Media,36,36-45,Sasha Farber,2,United States,Texas,1,7.0,0.5769230769230769,11.0,0.001204943642090853,890398.0197927341,1072.8794328795402
Vanilla Ice,23,1,25.0,6.25,4,7.0,5.0,6.0,7.0,10,4.0,False,Singer/Rapper,Entertainment,48,46-55,Witney Carson,5,United States,Texas,1,7.0,0.5769230769230769,11.0,0.001204943642090853,890398.0197927341,1072.8794328795402
Ryan Lochte,23,1,24.0,6.0,4,6.0,6.0,6.0,6.0,7,8.0,False,Athlete,Sports,32,26-35,Cheryl Burke,18,United States,New York,1,9.0,0.7307692307692307,11.0,0.0004432739936954653,890398.0197927341,394.6902862120592
Amber Rose,23,1,24.0,6.0,4,6.0,6.0,6.0,6.0,9,6.0,False,Model,Model,32,26-35,Maksim Chmerkoskiy,14,United States,Pennsylvania,1,9.0,0.7307692307692307,11.0,0.0004432739936954653,890398.0197927341,394.6902862120592
Maureen McCormick,23,1,22.0,5.5,4,6.0,5.0,5.0,6.0,8,7.0,False,Actor/Actress,Entertainment,60,>55,Artem Chigvintsev,3,United States,California,1,11.0,0.8846153846153846,11.0,5.999061148820028e-05,890398.0197927341,53.41552167524877
Jake T. Austin,23,1,22.0,5.5,4,5.0,6.0,5.0,6.0,13,2.0,False,Actor/Actress,Entertainment,21,≤25,Jenna Johnson,0,United States,New York,1,11.0,0.8846153846153846,11.0,5.999061148820028e-05,890398.0197927341,53.41552167524877
Rick Perry,23,1,20.0,5.0,4,5.0,5.0,5.0,5.0,12,3.0,False,Politician,Other,66,>55,Emma Slater,5,United States,Texas,1,13.0,1.0,11.0,8.118846397293176e-06,890398.0197927341,7.229004755151217
Laurie Hernandez,23,2,32.0,8.0,4,8.0,8.0,8.0,8.0,1,,False,Athlete,Sports,16,≤25,Valentin Chmerkovskiy,10,United States,New Jersey,1,1.0,0.0769230769230769,11.0,0.5718360944829096,957177.8712771892,547348.8556366131
Rick Perry,23,2,22.0,5.5,4,6.0,5.0,6.0,5.0,12,3.0,False,Politician,Other,66,>55,Emma Slater,5,United States,Texas,1,13.0,1.0,11.0,0.20020001000000004,957177.8712771892,191627.01940147203
Terra Jole,23,2,31.0,7.75,4,8.0,7.0,8.0,8.0,5,10.0,False,TV Personality,Media,36,36-45,Sasha Farber,2,United States,Texas,1,2.0,0.1538461538461538,11.0,0.18494630291670147,957177.8712771892,177026.50852639452
Babyface,23,2,30.0,7.5,4,8.0,7.0,7.0,8.0,11,4.0,False,Singer/Rapper,Entertainment,57,>55,Allison Holker,3,United States,Indiana,1,3.0,0.2307692307692307,11.0,0.04261750260038903,957177.8712771892,40792.53041819045
Amber Rose,23,2,24.0,6.0,4,6.0,6.0,6.0,6.0,9,6.0,False,Model,Model,32,26-35,Maksim Chmerkoskiy,14,United States,Pennsylvania,1,10.0,0.8461538461538461,11.0,0.00020000999999997978,957177.8712771892,191.44514603413126
Ryan Lochte,23,2,24.0,6.0,4,6.0,6.0,6.0,6.0,7,8.0,False,Athlete,Sports,32,26-35,Cheryl Burke,18,United States,New York,1,10.0,0.8461538461538461,11.0,0.00020000999999982192,957177.8712771892,191.44514603398017
Marilu Henner,23,2,27.0,6.75,4,7.0,6.0,7.0,7.0,6,9.0,False,Actor/Actress,Entertainment,64,>55,Derek Hough,16,United States,Illinois,1,7.0,0.5384615384615384,11.0,1.0000000039839252e-08,957177.8712771892,0.009571778750905143
Calvin Johnson Jr.,23,2,28.0,7.0,4,7.0,7.0,7.0,7.0,3,,False,Athlete,Sports,30,26-35,Lindsay Arnold,3,United States,Georgia,1,6.0,0.4615384615384615,11.0,1.0000000022492017e-08,957177.8712771892,0.009571778734300753
James Hinchcliffe,23,2,29.0,7.25,4,7.0,7.0,7.0,8.0,2,,False,Racing Driver,Sports,29,26-35,Sharna Burgess,7,Canada,Unknown,0,4.0,0.3461538461538461,11.0,1.0000000015553123e-08,957177.8712771892,0.009571778727658999
Jana Kramer,23,2,29.0,7.25,4,7.0,8.0,7.0,7.0,4,11.0,False,Singer/Rapper,Entertainment,32,26-35,Gleb Savchenko,1,United States,Michigan,1,4.0,0.3461538461538461,11.0,1.000000000861423e-08,957177.8712771892,0.009571778721017242
Maureen McCormick,23,2,26.0,6.5,4,7.0,6.0,6.0,7.0,8,7.0,False,Actor/Actress,Entertainment,60,>55,Artem Chigvintsev,3,United States,California,1,8.0,0.6538461538461539,11.0,1e-08,957177.8712771892,0.009571778712771893
Jake T. Austin,23,2,24.0,6.0,4,6.0,6.0,6.0,6.0,13,2.0,True,Actor/Actress,Entertainment,21,≤25,Jenna Johnson,0,United States,New York,1,10.0,0.8461538461538461,11.0,1e-08,957177.8712771892,0.009571778712771893
Vanilla Ice,23,2,26.0,6.5,4,6.0,7.0,6.0,7.0,10,4.0,False,Singer/Rapper,Entertainment,48,46-55,Witney Carson,5,United States,Texas,1,8.0,0.6538461538461539,11.0,1e-08,957177.8712771892,0.009571778712771893
Calvin Johnson Jr.,23,3,32.0,8.0,4,8.0,8.0,8.0,8.0,3,,False,Athlete,Sports,30,26-35,Lindsay Arnold,3,United States,Georgia,1,1.0,0.0833333333333333,11.0,0.6269176588873894,1023957.7227616442,641937.1783533924
Laurie Hernandez,23,3,31.0,7.75,4,7.0,8.0,8.0,8.0,1,,False,Athlete,Sports,16,≤25,Valentin Chmerkovskiy,10,United States,New Jersey,1,2.0,0.1666666666666666,11.0,0.23062725556079117,1023957.7227616442,236152.55941079545
Terra Jole,23,3,30.0,7.5,4,8.0,7.0,8.0,7.0,5,10.0,False,TV Personality,Media,36,36-45,Sasha Farber,2,United States,Texas,1,3.0,0.25,11.0,0.08484016344339679,1023957.7227616442,86872.74055822627
James Hinchcliffe,23,3,29.0,7.25,4,7.0,7.0,8.0,7.0,2,,False,Racing Driver,Sports,29,26-35,Sharna Burgess,7,Canada,Unknown,0,4.0,0.3333333333333333,11.0,0.031208089465240143,1023957.7227616442,31955.764220568955
Maureen McCormick,23,3,28.0,7.0,4,7.0,7.0,7.0,7.0,8,7.0,False,Actor/Actress,Entertainment,60,>55,Artem Chigvintsev,3,United States,California,1,5.0,0.4583333333333333,11.0,0.011477952061290424,1023957.7227616442,11752.937654646263
Marilu Henner,23,3,28.0,7.0,4,7.0,7.0,7.0,7.0,6,9.0,False,Actor/Actress,Entertainment,64,>55,Derek Hough,16,United States,Illinois,1,5.0,0.4583333333333333,11.0,0.011477952061290424,1023957.7227616442,11752.937654646263
Jana Kramer,23,3,26.0,6.5,4,6.0,7.0,6.0,7.0,4,11.0,False,Singer/Rapper,Entertainment,32,26-35,Gleb Savchenko,1,United States,Michigan,1,7.0,0.5833333333333334,11.0,0.0015494564050288092,1023957.7227616442,1586.5778520117433
Babyface,23,3,25.0,6.25,4,7.0,6.0,6.0,6.0,11,4.0,False,Singer/Rapper,Entertainment,57,>55,Allison Holker,3,United States,Indiana,1,8.0,0.75,11.0,0.0005671507051910147,1023957.7227616442,580.738344550052
Ryan Lochte,23,3,25.0,6.25,4,6.0,7.0,6.0,6.0,7,8.0,False,Athlete,Sports,32,26-35,Cheryl Burke,18,United States,New York,1,8.0,0.75,11.0,0.0005671507051910147,1023957.7227616442,580.738344550052
Amber Rose,23,3,25.0,6.25,4,7.0,6.0,6.0,6.0,9,6.0,False,Model,Model,32,26-35,Maksim Chmerkoskiy,14,United States,Pennsylvania,1,8.0,0.75,11.0,0.0005671507051910147,1023957.7227616442,580.738344550052
Vanilla Ice,23,3,23.0,5.75,4,6.0,6.0,5.0,6.0,10,4.0,False,Singer/Rapper,Entertainment,48,46-55,Witney Carson,5,United States,Texas,1,11.0,0.9583333333333334,11.0,0.00020001,1023957.7227616442,204.80178412955647
Rick Perry,23,3,23.0,5.75,4,6.0,5.0,6.0,6.0,12,3.0,True,Politician,Other,66,>55,Emma Slater,5,United States,Texas,1,11.0,0.9583333333333334,11.0,1.0000000000000002e-08,1023957.7227616442,0.010239577227616443
Laurie Hernandez,23,4,30.0,10.0,3,10.0,10.0,10.0,,1,,False,Athlete,Sports,16,≤25,Valentin Chmerkovskiy,10,United States,New Jersey,1,1.0,0.0909090909090909,11.0,0.7491998999999998,1090737.5742460992,817180.48155142
Marilu Henner,23,4,21.0,7.0,3,7.0,7.0,7.0,,6,9.0,False,Actor/Actress,Entertainment,64,>55,Derek Hough,16,United States,Illinois,1,10.0,0.9090909090909092,11.0,0.1668666766666667,1090737.5742460992,182007.75412990822
Ryan Lochte,23,4,22.0,7.333333333333333,3,7.0,7.0,8.0,,7,8.0,False,Athlete,Sports,32,26-35,Cheryl Burke,18,United States,New York,1,9.0,0.8181818181818182,11.0,0.08353334333333334,1090737.5742460992,91112.95627606657
Jana Kramer,23,4,23.0,7.666666666666667,3,8.0,7.0,8.0,,4,11.0,False,Singer/Rapper,Entertainment,32,26-35,Gleb Savchenko,1,United States,Michigan,1,6.0,0.6363636363636364,11.0,0.00020001000000000732,1090737.5742460992,218.15842222497028
Calvin Johnson Jr.,23,4,23.0,7.666666666666667,3,8.0,7.0,8.0,,3,,False,Athlete,Sports,30,26-35,Lindsay Arnold,3,United States,Georgia,1,6.0,0.6363636363636364,11.0,0.0002000100000000019,1090737.5742460992,218.15842222496437
Amber Rose,23,4,24.0,8.0,3,8.0,8.0,8.0,,9,6.0,False,Model,Model,32,26-35,Maksim Chmerkoskiy,14,United States,Pennsylvania,1,4.0,0.4090909090909091,11.0,1.0000000092314632e-08,1090737.5742460992,0.01090737584315203
Vanilla Ice,23,4,23.0,7.666666666666667,3,8.0,7.0,8.0,,10,4.0,True,Singer/Rapper,Entertainment,48,46-55,Witney Carson,5,United States,Texas,1,6.0,0.6363636363636364,11.0,1.0000000031924571e-08,1090737.5742460992,0.010907375777282322
Babyface,23,4,18.0,6.0,3,6.0,6.0,6.0,,11,4.0,True,Singer/Rapper,Entertainment,57,>55,Allison Holker,3,United States,Indiana,1,11.0,1.0,11.0,9.999999999999995e-09,1090737.5742460992,0.010907375742460987
Maureen McCormick,23,4,24.0,8.0,3,8.0,8.0,8.0,,8,7.0,False,Actor/Actress,Entertainment,60,>55,Artem Chigvintsev,3,United States,California,1,4.0,0.4090909090909091,11.0,9.999999999999995e-09,1090737.5742460992,0.010907375742460987
Terra Jole,23,4,25.0,8.333333333333334,3,9.0,8.0,8.0,,5,10.0,False,TV Personality,Media,36,36-45,Sasha Farber,2,United States,Texas,1,3.0,0.2727272727272727,11.0,9.999999999999995e-09,1090737.5742460992,0.010907375742460987
James Hinchcliffe,23,4,28.0,9.333333333333334,3,9.0,9.0,10.0,,2,,False,Racing Driver,Sports,29,26-35,Sharna Burgess,7,Canada,Unknown,0,2.0,0.1818181818181818,11.0,9.999999999999995e-09,1090737.5742460992,0.010907375742460987
James Hinchcliffe,23,5,29.0,9.666666666666666,3,10.0,9.0,10.0,,2,,False,Racing Driver,Sports,29,26-35,Sharna Burgess,7,Canada,Unknown,0,1.0,0.1111111111111111,11.0,0.732211795788591,1157517.4257305544,847547.9129507561
Marilu Henner,23,5,27.0,9.0,3,9.0,9.0,9.0,,6,9.0,False,Actor/Actress,Entertainment,64,>55,Derek Hough,16,United States,Illinois,1,2.0,0.2777777777777778,11.0,0.09909409077223777,1157517.4257305544,114703.13685579055
Terra Jole,23,5,27.0,9.0,3,9.0,9.0,9.0,,5,10.0,False,TV Personality,Media,36,36-45,Sasha Farber,2,United States,Texas,1,2.0,0.2777777777777778,11.0,0.09909409077223777,1157517.4257305544,114703.13685579055
Jana Kramer,23,5,26.0,8.666666666666666,3,9.0,8.0,9.0,,4,11.0,False,Singer/Rapper,Entertainment,32,26-35,Gleb Savchenko,1,United States,Michigan,1,4.0,0.4444444444444444,11.0,0.03645467873668301,1157517.4257305544,42196.925887119694
Laurie Hernandez,23,5,25.0,8.333333333333334,3,8.0,9.0,8.0,,1,,False,Athlete,Sports,16,≤25,Valentin Chmerkovskiy,10,United States,New Jersey,1,5.0,0.5555555555555556,11.0,0.013410926841735404,1157517.4257305544,15523.381514506358
Maureen McCormick,23,5,24.0,8.0,3,8.0,8.0,8.0,,8,7.0,False,Actor/Actress,Entertainment,60,>55,Artem Chigvintsev,3,United States,California,1,6.0,0.8333333333333334,11.0,0.004933604272128717,1157517.4257305544,5710.732916647698
Ryan Lochte,23,5,24.0,8.0,3,8.0,8.0,8.0,,7,8.0,False,Athlete,Sports,32,26-35,Cheryl Burke,18,United States,New York,1,6.0,0.8333333333333334,11.0,0.004933604272128717,1157517.4257305544,5710.732916647698
Calvin Johnson Jr.,23,5,24.0,8.0,3,8.0,8.0,8.0,,3,,False,Athlete,Sports,30,26-35,Lindsay Arnold,3,United States,Georgia,1,6.0,0.8333333333333334,11.0,0.004933604272128717,1157517.4257305544,5710.732916647698
Amber Rose,23,5,24.0,8.0,3,8.0,8.0,8.0,,9,6.0,False,Model,Model,32,26-35,Maksim Chmerkoskiy,14,United States,Pennsylvania,1,6.0,0.8333333333333334,11.0,0.004933604272128717,1157517.4257305544,5710.732916647698
Jana Kramer,23,6,40.0,10.0,4,10.0,10.0,10.0,10.0,4,11.0,False,Singer/Rapper,Entertainment,32,26-35,Gleb Savchenko,1,United States,Michigan,1,1.0,0.1111111111111111,11.0,0.8080099473876947,1224297.2772150093,989244.3785493976
James Hinchcliffe,23,6,38.0,9.5,4,10.0,9.0,9.0,10.0,2,,False,Racing Driver,Sports,29,26-35,Sharna Burgess,7,Canada,Unknown,0,2.0,0.2222222222222222,11.0,0.10935225508771419,1224297.2772150093,133879.66816120964
Calvin Johnson Jr.,23,6,37.0,9.25,4,9.0,10.0,9.0,9.0,3,,False,Athlete,Sports,30,26-35,Lindsay Arnold,3,United States,Georgia,1,3.0,0.3888888888888889,11.0,0.04022844649250531,1224297.2772150093,49251.57750736394
Laurie Hernandez,23,6,37.0,9.25,4,9.0,9.0,9.0,10.0,1,,False,Athlete,Sports,16,≤25,Valentin Chmerkovskiy,10,United States,New Jersey,1,3.0,0.3888888888888889,11.0,0.04022844649250531,1224297.2772150093,49251.57750736394
Marilu Henner,23,6,34.0,8.5,4,8.0,9.0,9.0,8.0,6,9.0,False,Actor/Actress,Entertainment,64,>55,Derek Hough,16,United States,Illinois,1,5.0,0.5555555555555556,11.0,0.0020028564158553184,1224297.2772150093,2452.0916565842786
Maureen McCormick,23,6,31.0,7.75,4,8.0,7.0,8.0,8.0,8,7.0,False,Actor/Actress,Entertainment,60,>55,Artem Chigvintsev,3,United States,California,1,6.0,0.6666666666666666,11.0,9.971634930720366e-05,1224297.2772150093,122.08245495063022
Ryan Lochte,23,6,30.0,7.5,4,7.0,8.0,8.0,7.0,7,8.0,False,Athlete,Sports,32,26-35,Cheryl Burke,18,United States,New York,1,7.0,0.8333333333333334,11.0,3.668359485879043e-05,1224297.2772150093,44.911625304075635
Terra Jole,23,6,30.0,7.5,4,7.0,8.0,8.0,7.0,5,10.0,False,TV Personality,Media,36,36-45,Sasha Farber,2,United States,Texas,1,7.0,0.8333333333333334,11.0,3.668359485879043e-05,1224297.2772150093,44.911625304075635
Amber Rose,23,6,28.0,7.0,4,7.0,7.0,7.0,7.0,9,6.0,True,Model,Model,32,26-35,Maksim Chmerkoskiy,14,United States,Pennsylvania,1,9.0,1.0,11.0,4.9645847003515516e-06,1224297.2772150093,6.078127531143697
Calvin Johnson Jr.,23,7,37.0,9.25,4,9.5,9.0,9.0,9.5,3,,False,Athlete,Sports,30,26-35,Lindsay Arnold,3,United States,Georgia,1,1.0,0.1875,11.0,0.39979997,1291077.1286994647,516172.59732173214
James Hinchcliffe,23,7,37.0,9.25,4,9.5,9.0,9.0,9.5,2,,False,Racing Driver,Sports,29,26-35,Sharna Burgess,7,Canada,Unknown,0,1.0,0.1875,11.0,0.39979997,1291077.1286994647,516172.59732173214
Marilu Henner,23,7,32.0,8.0,4,7.5,8.0,8.5,8.0,6,9.0,False,Actor/Actress,Entertainment,64,>55,Derek Hough,16,United States,Illinois,1,8.0,1.0,11.0,0.20020000999999998,1291077.1286994647,258473.6540764041
Ryan Lochte,23,7,33.0,8.25,4,8.5,8.0,8.0,8.5,7,8.0,False,Athlete,Sports,32,26-35,Cheryl Burke,18,United States,New York,1,6.0,0.8125,11.0,0.00020000999999999008,1291077.1286994647,258.22833651116713
Maureen McCormick,23,7,33.0,8.25,4,8.5,8.0,8.0,8.5,8,7.0,True,Actor/Actress,Entertainment,60,>55,Artem Chigvintsev,3,United States,California,1,6.0,0.8125,11.0,1.0000000065860106e-08,1291077.1286994647,0.012910771372025124
Terra Jole,23,7,34.5,8.625,4,8.5,8.5,9.0,8.5,5,10.0,False,TV Personality,Media,36,36-45,Sasha Farber,2,United States,Texas,1,3.0,0.5,11.0,1.0000000029430913e-08,1291077.1286994647,0.012910771324992226
Jana Kramer,23,7,34.5,8.625,4,8.0,8.5,9.0,9.0,4,11.0,False,Singer/Rapper,Entertainment,32,26-35,Gleb Savchenko,1,United States,Michigan,1,3.0,0.5,11.0,1.0000000022492019e-08,1291077.1286994647,0.012910771316033577
Laurie Hernandez,23,7,34.5,8.625,4,8.0,8.5,9.0,9.0,1,,False,Athlete,Sports,16,≤25,Valentin Chmerkovskiy,10,United States,New Jersey,1,3.0,0.5,11.0,1.0000000015553125e-08,1291077.1286994647,0.012910771307074931
James Hinchcliffe,23,8,34.9998,11.6666,3,11.6666,11.6666,11.6666,,2,,False,Racing Driver,Sports,29,26-35,Sharna Burgess,7,Canada,Unknown,0,1.0,0.1428571428571428,11.0,0.5829263287731462,1357856.9801839197,791530.584457603
Marilu Henner,23,8,23.0,7.666666666666667,3,7.0,8.0,8.0,,6,9.0,False,Actor/Actress,Entertainment,64,>55,Derek Hough,16,United States,Illinois,1,7.0,1.0,11.0,0.250204176736112,1357856.9801839197,339741.48785230075
Terra Jole,23,8,24.0,8.0,3,8.0,8.0,8.0,,5,10.0,False,TV Personality,Media,36,36-45,Sasha Farber,2,United States,Texas,1,6.0,0.8571428571428571,11.0,0.16686945449074161,1357856.9801839197,226584.85355973642
Ryan Lochte,23,8,26.0,8.666666666666666,3,8.0,9.0,9.0,,7,8.0,True,Athlete,Sports,32,26-35,Cheryl Burke,18,United States,New York,1,5.0,0.7142857142857143,11.0,1.0000000091772534e-08,1357856.9801839197,0.013578569926453173
Laurie Hernandez,23,8,33.0,11.0,3,11.0,11.0,11.0,,1,,False,Athlete,Sports,16,≤25,Valentin Chmerkovskiy,10,United States,New Jersey,1,2.0,0.2857142857142857,11.0,1.0000000078003167e-08,1357856.9801839197,0.013578569907756341
Calvin Johnson Jr.,23,8,30.0,10.0,3,10.0,10.0,10.0,,3,,False,Athlete,Sports,30,26-35,Lindsay Arnold,3,United States,Georgia,1,3.0,0.5,11.0,1.0000000003410057e-08,1357856.9801839197,0.013578569806469567
Jana Kramer,23,8,30.0,10.0,3,10.0,10.0,10.0,,4,11.0,False,Singer/Rapper,Entertainment,32,26-35,Gleb Savchenko,1,United States,Michigan,1,3.0,0.5,11.0,9.999999999999999e-09,1357856.9801839197,0.013578569801839194
Jana Kramer,23,9,40.0,10.0,4,10.0,10.0,10.0,10.0,4,11.0,False,Singer/Rapper,Entertainment,32,26-35,Gleb Savchenko,1,United States,Michigan,1,1.0,0.25,11.0,0.45009491006353547,1424636.8316683746,641221.7866229772
Laurie Hernandez,23,9,40.0,10.0,4,10.0,10.0,10.0,10.0,1,,False,Athlete,Sports,16,≤25,Valentin Chmerkovskiy,10,United States,New Jersey,1,1.0,0.25,11.0,0.45009491006353547,1424636.8316683746,641221.7866229772
Terra Jole,23,9,38.0,9.5,4,10.0,10.0,9.0,9.0,5,10.0,False,TV Personality,Media,36,36-45,Sasha Farber,2,United States,Texas,1,3.0,0.5,11.0,0.06091372213680629,1424636.8316683746,86779.93211010745
Calvin Johnson Jr.,23,9,37.0,9.25,4,9.0,9.0,10.0,9.0,3,,False,Athlete,Sports,30,26-35,Lindsay Arnold,3,United States,Georgia,1,4.0,0.6666666666666666,11.0,0.022408906059360814,1424636.8316683746,31924.552929562033
James Hinchcliffe,23,9,36.0,9.0,4,9.0,9.0,9.0,9.0,2,,False,Racing Driver,Sports,29,26-35,Sharna Burgess,7,Canada,Unknown,0,5.0,0.9166666666666666,11.0,0.008343775838381003,1424636.8316683746,11886.850374542248
Marilu Henner,23,9,36.0,9.0,4,9.0,9.0,9.0,9.0,6,9.0,True,Actor/Actress,Entertainment,64,>55,Derek Hough,16,United States,Illinois,1,5.0,0.9166666666666666,11.0,0.008143775838381004,1424636.8316683746,11601.923008208574
Terra Jole,23,10,30.0,10.0,3,10.0,10.0,10.0,,5,10.0,True,TV Personality,Media,36,36-45,Sasha Farber,2,United States,Texas,1,1.0,0.3,11.0,0.3215697352928976,1491416.6831528293,479594.4680128667
Laurie Hernandez,23,10,30.0,10.0,3,10.0,10.0,10.0,,1,,False,Athlete,Sports,16,≤25,Valentin Chmerkovskiy,10,United States,New Jersey,1,1.0,0.3,11.0,0.3215697352928976,1491416.6831528293,479594.4680128667
James Hinchcliffe,23,10,29.5,9.833333333333334,3,9.5,10.0,10.0,,2,,False,Racing Driver,Sports,29,26-35,Sharna Burgess,7,Canada,Unknown,0,3.0,0.6,11.0,0.19504190369081809,1491416.6831528293,290888.7490783735
Jana Kramer,23,10,29.0,9.666666666666666,3,9.5,9.5,10.0,,4,11.0,False,Singer/Rapper,Entertainment,32,26-35,Gleb Savchenko,1,United States,Michigan,1,4.0,0.8,11.0,0.11829889451719981,1491416.6831528293,176432.94488148857
Calvin Johnson Jr.,23,10,28.0,9.333333333333334,3,9.0,9.5,9.5,,3,,False,Athlete,Sports,30,26-35,Lindsay Arnold,3,United States,Georgia,1,5.0,1.0,11.0,0.04351973120618687,1491416.6831528293,64906.053167233906
Laurie Hernandez,23,11,39.333200000000005,9.8333,4,9.6666,10.0,9.6666,10.0,1,,False,Athlete,Sports,16,≤25,Valentin Chmerkovskiy,10,United States,New Jersey,1,1.0,0.25,11.0,0.47484137172431934,1558196.5346372847,739896.1799232492
James Hinchcliffe,23,11,38.9998,9.74995,4,9.6666,9.6666,9.6666,10.0,2,,False,Racing Driver,Sports,29,26-35,Sharna Burgess,7,Canada,Unknown,0,2.0,0.5,11.0,0.34021602857165695,1558196.5346372847,530123.4367484153
Calvin Johnson Jr.,23,11,38.3331,9.583275,4,9.3333,9.6666,9.6666,9.6666,3,,False,Athlete,Sports,30,26-35,Lindsay Arnold,3,United States,Georgia,1,3.0,0.75,11.0,0.1746669109105684,1558196.5346372847,272165.375296647
Jana Kramer,23,11,35.5,8.875,4,8.5,9.0,9.0,9.0,4,11.0,True,Singer/Rapper,Entertainment,32,26-35,Gleb Savchenko,1,United States,Michigan,1,4.0,1.0,11.0,0.010275688793455402,1558196.5346372847,16011.542668973389
Simone Biles,24,1,32.0,8.0,4,8.0,8.0,8.0,8.0,4,9.0,False,Athlete,Sports,20,≤25,Sasha Farber,3,United States,Ohio,1,1.0,0.0833333333333333,10.0,0.6991521750121675,964852.5811117379,674578.7806503753
Rashad Jennings,24,1,31.0,7.75,4,8.0,7.0,8.0,8.0,1,,False,Athlete,Sports,32,26-35,Emma Slater,6,United States,Virginia,1,2.0,0.1666666666666666,10.0,0.2572037114372746,964852.5811117379,248163.664851773
Nancy Kerrigan,24,1,28.0,7.0,4,7.0,7.0,7.0,7.0,7,7.0,False,Athlete,Sports,47,46-55,Artem Chigvintsev,4,United States,Massachusetts,1,3.0,0.3333333333333333,10.0,0.012805418765795938,964852.5811117379,12355.341348394895
David Ross,24,1,28.0,7.0,4,7.0,7.0,7.0,7.0,2,,False,Athlete,Sports,40,36-45,Lindsay Arnold,4,United States,Georgia,1,3.0,0.3333333333333333,10.0,0.012805418765795938,964852.5811117379,12355.341348394895
Heather Morris,24,1,28.0,7.0,4,7.0,7.0,7.0,7.0,8,6.0,False,Actor/Actress,Entertainment,30,26-35,Maksim Chmerkoskiy,15,United States,California,1,3.0,0.3333333333333333,10.0,0.012805418765795938,964852.5811117379,12355.341348394895
Normani,24,1,27.0,6.75,4,7.0,6.0,7.0,7.0,3,,False,Singer/Rapper,Entertainment,20,≤25,Valentin Chmerkovskiy,11,United States,Georgia,1,6.0,0.5,10.0,0.004710850299527311,964852.5811117379,4545.276070729929
Erika Jayne,24,1,24.0,6.0,4,6.0,6.0,6.0,6.0,9,5.0,False,Singer/Rapper,Entertainment,45,36-45,Gleb Savchenko,2,United States,Georgia,1,7.0,0.625,10.0,0.00023453942593333857,964852.5811117379,226.295970484247
Nick Viall,24,1,24.0,6.0,4,6.0,6.0,6.0,6.0,6,7.0,False,TV Personality,Media,36,36-45,Peta Murgatroyd,9,United States,Wisconsin,1,7.0,0.625,10.0,0.00023453942593333857,964852.5811117379,226.295970484247
Bonner Bolton,24,1,22.0,5.5,4,6.0,5.0,5.0,6.0,5,8.0,False,Athlete,Sports,29,26-35,Sharna Burgess,8,United States,Texas,1,9.0,0.75,10.0,3.1741459638840925e-05,964852.5811117379,30.62582926078972
Charo,24,1,21.0,5.25,4,6.0,5.0,5.0,5.0,11,3.0,False,Actor/Actress,Entertainment,66,>55,Keo Motsepe,4,Spain,Unknown,0,10.0,0.8333333333333334,10.0,1.1677030433902687e-05,964852.5811117379,11.266612953871324
Mr. T,24,1,20.0,5.0,4,5.0,5.0,5.0,5.0,10,4.0,False,Actor/Actress,Entertainment,64,>55,Kym Herjavec,0,United States,Illinois,1,11.0,0.9166666666666666,10.0,4.295739430566046e-06,964852.5811117379,4.144755277365117
Chris Kattan,24,1,17.0,4.25,4,5.0,4.0,4.0,4.0,12,2.0,False,Comedian,Entertainment,46,46-55,Witney Carson,6,United States,California,1,12.0,1.0,10.0,2.1387227272012063e-07,964852.5811117379,0.2063552143622419
Rashad Jennings,24,2,32.0,8.0,4,8.0,8.0,8.0,8.0,1,,False,Athlete,Sports,32,26-35,Emma Slater,6,United States,Virginia,1,1.0,0.125,10.0,0.44468111189404264,1045256.9628710494,464806.0284644883
Normani,24,2,32.0,8.0,4,8.0,8.0,8.0,8.0,3,,False,Singer/Rapper,Entertainment,20,≤25,Valentin Chmerkovskiy,11,United States,Georgia,1,1.0,0.125,10.0,0.44468111189404264,1045256.9628710494,464806.0284644883
Heather Morris,24,2,30.0,7.5,4,8.0,6.0,8.0,8.0,8,6.0,False,Actor/Actress,Entertainment,30,26-35,Maksim Chmerkoskiy,15,United States,California,1,3.0,0.25,10.0,0.06016724058503745,1045256.9628710494,62890.22715824799
Simone Biles,24,2,29.0,7.25,4,7.0,7.0,7.0,8.0,4,9.0,False,Athlete,Sports,20,≤25,Sasha Farber,3,United States,Ohio,1,4.0,0.3333333333333333,10.0,0.02212419957153597,1045256.9628710494,23125.47365009666
Nancy Kerrigan,24,2,28.0,7.0,4,7.0,7.0,7.0,7.0,7,7.0,False,Athlete,Sports,47,46-55,Artem Chigvintsev,4,United States,Massachusetts,1,5.0,0.5,10.0,0.008128946903026785,1045256.9628710494,8496.8383511978
Erika Jayne,24,2,28.0,7.0,4,7.0,7.0,7.0,7.0,9,5.0,False,Singer/Rapper,Entertainment,45,36-45,Gleb Savchenko,2,United States,Georgia,1,5.0,0.5,10.0,0.008128946903026785,1045256.9628710494,8496.8383511978
Bonner Bolton,24,2,28.0,7.0,4,8.0,5.0,8.0,7.0,5,8.0,False,Athlete,Sports,29,26-35,Sharna Burgess,8,United States,Texas,1,5.0,0.5,10.0,0.008128946903026785,1045256.9628710494,8496.8383511978
David Ross,24,2,27.0,6.75,4,7.0,6.0,7.0,7.0,2,,False,Athlete,Sports,40,36-45,Lindsay Arnold,4,United States,Georgia,1,8.0,0.6666666666666666,10.0,0.00298038117228249,1045256.9628710494,3115.2641723380534
Charo,24,2,25.0,6.25,4,6.0,6.0,7.0,6.0,11,3.0,False,Actor/Actress,Entertainment,66,>55,Keo Motsepe,4,Spain,Unknown,0,9.0,0.7916666666666666,10.0,0.0003895470869892433,1045256.9628710494,407.17680504164093
Nick Viall,24,2,25.0,6.25,4,7.0,5.0,7.0,6.0,6,7.0,False,TV Personality,Media,36,36-45,Peta Murgatroyd,9,United States,Wisconsin,1,9.0,0.7916666666666666,10.0,0.0003895470869892433,1045256.9628710494,407.17680504164093
Mr. T,24,2,22.0,5.5,4,6.0,5.0,6.0,5.0,10,4.0,False,Actor/Actress,Entertainment,64,>55,Kym Herjavec,0,United States,Illinois,1,11.0,0.9583333333333334,10.0,0.00020000999999999998,1045256.9628710494,209.06184514383858
Chris Kattan,24,2,22.0,5.5,4,6.0,5.0,6.0,5.0,12,2.0,True,Comedian,Entertainment,46,46-55,Witney Carson,6,United States,California,1,11.0,0.9583333333333334,10.0,1.0000000000008375e-08,1045256.9628710494,0.010452569628719247
Normani,24,3,34.0,8.5,4,8.0,8.0,9.0,9.0,3,,False,Singer/Rapper,Entertainment,20,≤25,Valentin Chmerkovskiy,11,United States,Georgia,1,1.0,0.0909090909090909,10.0,0.5196642243796206,1125661.3446303608,584965.9295714572
Nancy Kerrigan,24,3,33.0,8.25,4,8.0,9.0,8.0,8.0,7,7.0,False,Athlete,Sports,47,46-55,Artem Chigvintsev,4,United States,Massachusetts,1,2.0,0.2272727272727272,10.0,0.1911477690471715,1125661.3446303608,215167.65472873274
Heather Morris,24,3,33.0,8.25,4,9.0,8.0,8.0,8.0,8,6.0,False,Actor/Actress,Entertainment,30,26-35,Maksim Chmerkoskiy,15,United States,California,1,2.0,0.2272727272727272,10.0,0.1911477690471715,1125661.3446303608,215167.65472873274
Simone Biles,24,3,32.0,8.0,4,7.0,8.0,9.0,8.0,4,9.0,False,Athlete,Sports,20,≤25,Sasha Farber,3,United States,Ohio,1,4.0,0.3636363636363636,10.0,0.07029331904384707,1125661.3446303608,79126.47203342784
David Ross,24,3,31.0,7.75,4,8.0,7.0,8.0,8.0,2,,False,Athlete,Sports,40,36-45,Lindsay Arnold,4,United States,Georgia,1,5.0,0.4545454545454545,10.0,0.02583345151354206,1125661.3446303608,29079.717767176986
Rashad Jennings,24,3,28.0,7.0,4,7.0,7.0,7.0,7.0,1,,False,Athlete,Sports,32,26-35,Emma Slater,6,United States,Virginia,1,6.0,0.5454545454545454,10.0,0.001247065062703519,1125661.3446303608,1403.7729353243883
Bonner Bolton,24,3,24.0,6.0,4,6.0,6.0,6.0,6.0,5,8.0,False,Athlete,Sports,29,26-35,Sharna Burgess,8,United States,Texas,1,9.0,0.9090909090909092,10.0,0.00020001000000000009,1125661.3446303608,225.14352553951858
Mr. T,24,3,24.0,6.0,4,6.0,6.0,6.0,6.0,10,4.0,False,Actor/Actress,Entertainment,64,>55,Kym Herjavec,0,United States,Illinois,1,9.0,0.9090909090909092,10.0,0.00020000999999999995,1125661.3446303608,225.1435255395184
Nick Viall,24,3,26.0,6.5,4,7.0,6.0,7.0,6.0,6,7.0,False,TV Personality,Media,36,36-45,Peta Murgatroyd,9,United States,Wisconsin,1,7.0,0.6818181818181818,10.0,0.00013318595297193828,1125661.3446303608,149.92227890826805
Erika Jayne,24,3,26.0,6.5,4,6.0,7.0,7.0,6.0,9,5.0,False,Singer/Rapper,Entertainment,45,36-45,Gleb Savchenko,2,United States,Georgia,1,7.0,0.6818181818181818,10.0,0.00013318595297193825,1125661.3446303608,149.92227890826803
Charo,24,3,24.0,6.0,4,6.0,6.0,6.0,6.0,11,3.0,True,Actor/Actress,Entertainment,66,>55,Keo Motsepe,4,Spain,Unknown,0,9.0,0.9090909090909092,10.0,1.0000000000001598e-08,1125661.3446303608,0.011256613446305408
Rashad Jennings,24,4,39.0,9.75,4,10.0,9.0,10.0,10.0,1,,False,Athlete,Sports,32,26-35,Emma Slater,6,United States,Virginia,1,1.0,0.1,10.0,0.9319627949224396,1206065.7263896724,1124008.3852262814
Simone Biles,24,4,36.0,9.0,4,9.0,9.0,9.0,9.0,4,9.0,False,Athlete,Sports,20,≤25,Sasha Farber,3,United States,Ohio,1,2.0,0.2,10.0,0.046399695387109065,1206065.7263896724,55961.082321313224
Heather Morris,24,4,35.0,8.75,4,8.0,9.0,9.0,9.0,8,6.0,False,Actor/Actress,Entertainment,30,26-35,Maksim Chmerkoskiy,15,United States,California,1,3.0,0.3,10.0,0.017069494009534832,1206065.7263896724,20586.931691713788
Nancy Kerrigan,24,4,33.0,8.25,4,8.0,9.0,8.0,8.0,7,7.0,False,Athlete,Sports,47,46-55,Artem Chigvintsev,4,United States,Massachusetts,1,4.0,0.4,10.0,0.00231010480648606,1206065.7263896724,2786.1382314708835
Bonner Bolton,24,4,32.0,8.0,4,8.0,8.0,8.0,8.0,5,8.0,False,Athlete,Sports,29,26-35,Sharna Burgess,8,United States,Texas,1,5.0,0.55,10.0,0.0008498400652575547,1206065.7263896724,1024.9629756198992
Normani,24,4,32.0,8.0,4,8.0,7.0,8.0,9.0,3,,False,Singer/Rapper,Entertainment,20,≤25,Valentin Chmerkovskiy,11,United States,Georgia,1,5.0,0.55,10.0,0.0008498400652575547,1206065.7263896724,1024.9629756198992
David Ross,24,4,31.0,7.75,4,7.0,8.0,8.0,8.0,2,,False,Athlete,Sports,40,36-45,Lindsay Arnold,4,United States,Georgia,1,7.0,0.7,10.0,0.00031263868829205135,1206065.7263896724,377.0628066924673
Erika Jayne,24,4,30.0,7.5,4,8.0,7.0,7.0,8.0,9,5.0,False,Singer/Rapper,Entertainment,45,36-45,Gleb Savchenko,2,United States,Georgia,1,8.0,0.85,10.0,0.00011501334593745258,1206065.7263896724,138.71365461256042
Nick Viall,24,4,30.0,7.5,4,8.0,7.0,8.0,7.0,6,7.0,False,TV Personality,Media,36,36-45,Peta Murgatroyd,9,United States,Wisconsin,1,8.0,0.85,10.0,0.00011501334593745258,1206065.7263896724,138.71365461256042
Mr. T,24,4,28.0,7.0,4,7.0,7.0,7.0,7.0,10,4.0,True,Actor/Actress,Entertainment,64,>55,Kym Herjavec,0,United States,Illinois,1,10.0,1.0,10.0,1.5565363748435663e-05,1206065.7263896724,18.77285173577653
Normani,24,5,39.0,9.75,4,10.0,9.0,10.0,10.0,3,,False,Singer/Rapper,Entertainment,20,≤25,Valentin Chmerkovskiy,11,United States,Georgia,1,1.0,0.1111111111111111,10.0,0.4702376564540508,1286470.108148984,604946.6887541675
David Ross,24,5,29.0,7.25,4,7.0,7.0,8.0,7.0,2,,False,Athlete,Sports,40,36-45,Lindsay Arnold,4,United States,Georgia,1,9.0,1.0,10.0,0.3002000099999998,1286470.108148984,386198.3393310258
Bonner Bolton,24,5,30.0,7.5,4,7.0,8.0,8.0,7.0,5,8.0,False,Athlete,Sports,29,26-35,Sharna Burgess,8,United States,Texas,1,8.0,0.8888888888888888,10.0,0.20020000999999987,1286470.108148984,257551.32851612748
Simone Biles,24,5,38.0,9.5,4,9.0,9.0,10.0,10.0,4,9.0,False,Athlete,Sports,20,≤25,Sasha Farber,3,United States,Ohio,1,2.0,0.2222222222222222,10.0,0.029162273545949267,1286470.108148984,37516.39320252761
Rashad Jennings,24,5,32.0,8.0,4,7.0,8.0,9.0,8.0,1,,False,Athlete,Sports,32,26-35,Emma Slater,6,United States,Virginia,1,6.0,0.7222222222222222,10.0,0.0002000099999997171,1286470.108148984,257.3068863305143
Erika Jayne,24,5,32.0,8.0,4,8.0,8.0,8.0,8.0,9,5.0,True,Singer/Rapper,Entertainment,45,36-45,Gleb Savchenko,2,United States,Georgia,1,6.0,0.7222222222222222,10.0,1.0000000492059976e-08,1286470.108148984,0.01286470171451029
Nancy Kerrigan,24,5,36.0,9.0,4,9.0,9.0,9.0,9.0,7,7.0,False,Athlete,Sports,47,46-55,Artem Chigvintsev,4,United States,Massachusetts,1,3.0,0.3333333333333333,10.0,1.0000000050247591e-08,1286470.108148984,0.012864701146131863
Heather Morris,24,5,34.0,8.5,4,8.0,8.0,9.0,9.0,8,6.0,False,Actor/Actress,Entertainment,30,26-35,Maksim Chmerkoskiy,15,United States,California,1,4.0,0.5,10.0,9.999999999999999e-09,1286470.108148984,0.012864701081489837
Nick Viall,24,5,34.0,8.5,4,9.0,8.0,9.0,8.0,6,7.0,False,TV Personality,Media,36,36-45,Peta Murgatroyd,9,United States,Wisconsin,1,4.0,0.5,10.0,9.999999999999999e-09,1286470.108148984,0.012864701081489837
Heather Morris,24,6,37.0,9.25,4,9.0,9.5,9.0,9.5,8,6.0,True,Actor/Actress,Entertainment,30,26-35,Maksim Chmerkoskiy,15,United States,California,1,1.0,0.125,10.0,0.6159281220100398,1366874.4899082952,841896.4375926474
Normani,24,6,36.0,9.0,4,9.0,9.5,8.0,9.5,3,,False,Singer/Rapper,Entertainment,20,≤25,Valentin Chmerkovskiy,11,United States,Georgia,1,2.0,0.25,10.0,0.2265872933268294,1366874.4899082952,309716.3909858112
Rashad Jennings,24,6,35.0,8.75,4,8.5,9.5,8.5,8.5,1,,False,Athlete,Sports,32,26-35,Emma Slater,6,United States,Virginia,1,3.0,0.375,10.0,0.08335680684562369,1366874.4899082952,113938.29283749616
Simone Biles,24,6,34.5,8.625,4,8.5,8.5,8.5,9.0,4,9.0,False,Athlete,Sports,20,≤25,Sasha Farber,3,United States,Ohio,1,4.0,0.5,10.0,0.05055845904761469,1366874.4899082952,69107.06792125777
Nancy Kerrigan,24,6,33.5,8.375,4,8.5,8.5,8.0,8.5,7,7.0,False,Athlete,Sports,47,46-55,Artem Chigvintsev,4,United States,Massachusetts,1,5.0,0.625,10.0,0.018599417660925745,1366874.4899082952,25423.069527869215
Bonner Bolton,24,6,31.5,7.875,4,8.0,8.5,7.5,7.5,5,8.0,False,Athlete,Sports,29,26-35,Sharna Burgess,8,United States,Texas,1,6.0,0.75,10.0,0.0025171574571774416,1366874.4899082952,3440.638315298277
David Ross,24,6,31.0,7.75,4,7.5,8.5,7.5,7.5,2,,False,Athlete,Sports,40,36-45,Lindsay Arnold,4,United States,Georgia,1,7.0,0.875,10.0,0.0015267331731024087,1366874.4899082952,2086.8526272104277
Nick Viall,24,6,30.5,7.625,4,7.5,8.0,7.5,7.5,6,7.0,False,TV Personality,Media,36,36-45,Peta Murgatroyd,9,United States,Wisconsin,1,8.0,1.0,10.0,0.0009260104786869659,1366874.4899082952,1265.7401007049828
Bonner Bolton,24,7,31.0,7.75,4,7.5,7.5,8.5,7.5,5,8.0,False,Athlete,Sports,29,26-35,Sharna Burgess,8,United States,Texas,1,7.0,1.0,10.0,0.454745464545454,1447278.8716676068,658143.5028233064
David Ross,24,7,32.0,8.0,4,8.0,8.0,8.0,8.0,2,,False,Athlete,Sports,40,36-45,Lindsay Arnold,4,United States,Georgia,1,6.0,0.8571428571428571,10.0,0.3638363736363635,1447278.8716676068,526572.69630807
Normani,24,7,42.0,10.5,4,10.5,10.5,10.5,10.5,3,,False,Singer/Rapper,Entertainment,20,≤25,Valentin Chmerkovskiy,11,United States,Georgia,1,1.0,0.1428571428571428,10.0,0.18141812181818176,1447278.8716676068,262562.61464507453
Nancy Kerrigan,24,7,36.0,9.0,4,9.0,9.0,9.0,9.0,7,7.0,True,Athlete,Sports,47,46-55,Artem Chigvintsev,4,United States,Massachusetts,1,4.0,0.5714285714285714,10.0,1.0000000723320296e-08,1447278.8716676068,0.01447278976352225
Rashad Jennings,24,7,39.0,9.75,4,9.5,9.5,10.5,9.5,1,,False,Athlete,Sports,32,26-35,Emma Slater,6,United States,Virginia,1,2.0,0.3571428571428571,10.0,1.000000000167533e-08,1447278.8716676068,0.014472788719100738
Simone Biles,24,7,39.0,9.75,4,10.5,9.5,9.5,9.5,4,9.0,False,Athlete,Sports,20,≤25,Sasha Farber,3,United States,Ohio,1,2.0,0.3571428571428571,10.0,1.000000000167533e-08,1447278.8716676068,0.014472788719100738
Nick Viall,24,7,34.0,8.5,4,8.0,8.0,9.0,9.0,6,7.0,True,TV Personality,Media,36,36-45,Peta Murgatroyd,9,United States,Wisconsin,1,5.0,0.7142857142857143,10.0,9.999999999999995e-09,1447278.8716676068,0.01447278871667606
Normani,24,8,39.5,9.875,4,10.0,9.5,10.0,10.0,3,,False,Singer/Rapper,Entertainment,20,≤25,Valentin Chmerkovskiy,11,United States,Georgia,1,1.0,0.2,10.0,0.8572858388948946,1527683.253426918,1309661.2194797774
Rashad Jennings,24,8,37.5,9.375,4,9.5,9.0,9.5,9.5,1,,False,Athlete,Sports,32,26-35,Emma Slater,6,United States,Virginia,1,2.0,0.4,10.0,0.1160210218215777,1527683.253426918,177243.37208230328
Simone Biles,24,8,36.0,9.0,4,9.0,9.0,9.0,9.0,4,9.0,False,Athlete,Sports,20,≤25,Sasha Farber,3,United States,Ohio,1,3.0,0.6,10.0,0.0258877891796331,1527683.253426918,39548.341997972064
David Ross,24,8,32.5,8.125,4,8.0,8.0,8.5,8.0,2,,False,Athlete,Sports,40,36-45,Lindsay Arnold,4,United States,Georgia,1,4.0,0.8,10.0,0.0007817434958135289,1527683.253426918,1194.256447029744
Bonner Bolton,24,8,29.0,7.25,4,7.5,7.0,7.5,7.0,5,8.0,True,Athlete,Sports,29,26-35,Sharna Burgess,8,United States,Texas,1,5.0,1.0,10.0,2.360660808098477e-05,1527683.253426918,36.06341983553299
Simone Biles,24,9,40.0,10.0,4,10.0,10.0,10.0,10.0,4,9.0,True,Athlete,Sports,20,≤25,Sasha Farber,3,United States,Ohio,1,1.0,0.25,10.0,0.7324915884647998,1608087.63518623,1177910.6662881651
Rashad Jennings,24,9,38.5,9.625,4,9.5,9.0,10.0,10.0,1,,False,Athlete,Sports,32,26-35,Emma Slater,6,United States,Virginia,1,2.0,0.5,10.0,0.16344096544152853,1608087.63518623,262827.39560942195
Normani,24,9,38.0,9.5,4,9.5,9.5,9.5,9.5,3,,False,Singer/Rapper,Entertainment,20,≤25,Valentin Chmerkovskiy,11,United States,Georgia,1,3.0,0.75,10.0,0.09913195659332003,1608087.63518623,159412.87364953602
David Ross,24,9,35.0,8.75,4,9.0,8.5,9.0,8.5,2,,False,Athlete,Sports,40,36-45,Lindsay Arnold,4,United States,Georgia,1,4.0,1.0,10.0,0.004935489500351745,1608087.63518623,7936.699639107105
Rashad Jennings,24,10,39.6666,9.91665,4,10.0,9.6666,10.0,10.0,1,,False,Athlete,Sports,32,26-35,Emma Slater,6,United States,Virginia,1,1.0,0.3333333333333333,10.0,0.5707245497860871,1688492.0169455414,963663.8461886463
Normani,24,10,39.333200000000005,9.8333,4,10.0,9.6666,9.6666,10.0,3,,False,Singer/Rapper,Entertainment,20,≤25,Valentin Chmerkovskiy,11,United States,Georgia,1,2.0,0.6666666666666666,10.0,0.40891474774295944,1688492.0169455414,690449.2871752868
David Ross,24,10,36.3333,9.083325,4,9.0,9.0,9.3333,9.0,2,,False,Athlete,Sports,40,36-45,Lindsay Arnold,4,United States,Georgia,1,3.0,1.0,10.0,0.020360702470953458,1688492.0169455414,34378.88358160827
Jordan Fisher,25,1,22.0,7.333333333333333,3,8.0,7.0,7.0,,1,,False,Actor/Actress,Entertainment,23,≤25,Lindsay Arnold,5,United States,Alabama,1,1.0,0.1153846153846153,10.0,0.3747845239747233,772255.8486869684,289429.5406368414
Lindsey Stirling,25,1,22.0,7.333333333333333,3,7.0,8.0,7.0,,2,,False,Musician,Entertainment,31,26-35,Mark Ballas,18,United States,California,1,1.0,0.1153846153846153,10.0,0.3747845239747233,772255.8486869684,289429.5406368414
Vanessa Lachey,25,1,21.0,7.0,3,7.0,7.0,7.0,,7,7.0,False,TV Personality,Media,36,36-45,Maksim Chmerkoskiy,16,Philippines,Unknown,0,3.0,0.2307692307692307,10.0,0.13787552123952623,772255.8486869684,106475.17766798848
Nikki Bella,25,1,20.0,6.666666666666667,3,7.0,7.0,6.0,,8,7.0,False,Athlete,Sports,33,26-35,Artem Chigvintsev,5,United States,California,1,4.0,0.3076923076923077,10.0,0.05072156970481824,772255.8486869684,39170.028859129634
Victoria Arlen,25,1,19.0,6.333333333333333,3,7.0,6.0,6.0,,5,9.0,False,Athlete,Sports,22,≤25,Valentin Chmerkovskiy,12,United States,New Hamshire,1,5.0,0.4230769230769231,10.0,0.01865942271834689,772255.8486869684,14409.848327365879
Frankie Muniz,25,1,19.0,6.333333333333333,3,7.0,6.0,6.0,,3,,False,Actor/Actress,Entertainment,31,26-35,Witney Carson,7,United States,New Jersey,1,5.0,0.4230769230769231,10.0,0.01865942271834689,772255.8486869684,14409.848327365879
Sasha Pieterse,25,1,18.0,6.0,3,6.0,6.0,6.0,,10,5.0,False,Actor/Actress,Entertainment,21,≤25,Gleb Savchenko,3,South Africa,Unknown,0,7.0,0.6153846153846154,10.0,0.006864418002207169,772255.8486869684,5301.086950036602
Nick Lachey,25,1,18.0,6.0,3,6.0,6.0,6.0,,9,6.0,False,Singer/Rapper,Entertainment,43,36-45,Peta Murgatroyd,10,United States,Kentucky,1,7.0,0.6153846153846154,10.0,0.006864418002207169,772255.8486869684,5301.086950036602
Derek Fisher,25,1,18.0,6.0,3,6.0,6.0,6.0,,11,4.0,False,Athlete,Sports,43,36-45,Sharna Burgess,9,United States,Arkansas,1,7.0,0.6153846153846154,10.0,0.006864418002207169,772255.8486869684,5301.086950036602
Debbie Gibson,25,1,17.0,5.666666666666667,3,6.0,5.0,6.0,,12,2.0,False,Singer/Rapper,Entertainment,47,46-55,Alan Bersten,0,United States,New York,1,10.0,0.7692307692307693,10.0,0.002525278258619162,772255.8486869684,1950.1609047806905
Drew Scott,25,1,16.0,5.333333333333333,3,6.0,5.0,5.0,,4,10.0,False,TV Personality,Media,39,36-45,Emma Slater,7,Canada,Unknown,0,11.0,0.8461538461538461,10.0,0.0009289979545832104,772255.8486869684,717.4241038451149
Terrell Owens,25,1,15.0,5.0,3,5.0,5.0,5.0,,6,8.0,False,Athlete,Sports,43,36-45,Cheryl Burke,19,United States,Alabama,1,12.0,0.9230769230769232,10.0,0.0003417592483814844,772255.8486869684,263.9255784054637
Barbara Corcoran,25,1,14.0,4.666666666666667,3,5.0,4.0,5.0,,13,2.0,False,Entrepreneur,Other,68,>55,Keo Motsepe,5,United States,New Jersey,1,13.0,1.0,10.0,0.00012572620130975264,772255.8486869684,97.09279429465167
Derek Fisher,25,2,19.0,6.333333333333333,3,6.5,6.0,6.5,,11,4.0,False,Athlete,Sports,43,36-45,Sharna Burgess,9,United States,Arkansas,1,11.0,0.8846153846153846,10.0,0.21448572428571436,836610.5027442159,179441.00962612877
Nick Lachey,25,2,19.0,6.333333333333333,3,7.0,6.0,6.0,,9,6.0,False,Singer/Rapper,Entertainment,43,36-45,Peta Murgatroyd,10,United States,Kentucky,1,11.0,0.8846153846153846,10.0,0.21448572428571386,836610.5027442159,179441.00962612833
Terrell Owens,25,2,19.5,6.5,3,6.5,6.0,7.0,,6,8.0,False,Athlete,Sports,43,36-45,Cheryl Burke,19,United States,Alabama,1,9.0,0.7307692307692307,10.0,0.14305715285714313,836610.5027442159,119683.11657297066
Nikki Bella,25,2,19.5,6.5,3,6.5,6.5,6.5,,8,7.0,False,Athlete,Sports,33,26-35,Artem Chigvintsev,5,United States,California,1,9.0,0.7307692307692307,10.0,0.14305715285714257,836610.5027442159,119683.11657297019
Jordan Fisher,25,2,24.0,8.0,3,8.0,8.0,8.0,,1,,False,Actor/Actress,Entertainment,23,≤25,Lindsay Arnold,5,United States,Alabama,1,1.0,0.1153846153846153,10.0,0.13482904649947686,836610.5027442159,112799.39637645059
Frankie Muniz,25,2,24.0,8.0,3,8.0,7.5,8.5,,3,,False,Actor/Actress,Entertainment,31,26-35,Witney Carson,7,United States,New Jersey,1,1.0,0.1153846153846153,10.0,0.13482904649947675,836610.5027442159,112799.3963764505
Vanessa Lachey,25,2,23.5,7.833333333333333,3,8.0,8.0,7.5,,7,7.0,False,TV Personality,Media,36,36-45,Maksim Chmerkoskiy,16,Philippines,Unknown,0,3.0,0.2307692307692307,10.0,0.015056092715332255,836610.5027442159,12596.085295937644
Drew Scott,25,2,20.5,6.833333333333333,3,7.0,6.5,7.0,,4,10.0,False,TV Personality,Media,39,36-45,Emma Slater,7,Canada,Unknown,0,7.0,0.5769230769230769,10.0,0.00020001000000019643,836610.5027442159,167.33046665403495
Lindsey Stirling,25,2,22.5,7.5,3,7.5,7.5,7.5,,2,,False,Musician,Entertainment,31,26-35,Mark Ballas,18,United States,California,1,4.0,0.3461538461538461,10.0,1.0000000064125379e-08,836610.5027442159,0.008366105081090125
Victoria Arlen,25,2,22.0,7.333333333333333,3,7.5,7.0,7.5,,5,9.0,False,Athlete,Sports,22,≤25,Valentin Chmerkovskiy,12,United States,New Hamshire,1,6.0,0.4615384615384615,10.0,1.0000000050247591e-08,836610.5027442159,0.008366105069479822
Barbara Corcoran,25,2,17.0,5.666666666666667,3,6.0,5.0,6.0,,13,2.0,True,Entrepreneur,Other,68,>55,Keo Motsepe,5,United States,New Jersey,1,13.0,1.0,10.0,1.000000003463508e-08,836610.5027442159,0.00836610505641823
Debbie Gibson,25,2,20.5,6.833333333333333,3,7.0,6.5,7.0,,12,2.0,True,Singer/Rapper,Entertainment,47,46-55,Alan Bersten,0,United States,New York,1,7.0,0.5769230769230769,10.0,9.999999999999999e-09,836610.5027442159,0.008366105027442158
Sasha Pieterse,25,2,22.5,7.5,3,8.0,7.5,7.0,,10,5.0,False,Actor/Actress,Entertainment,21,≤25,Gleb Savchenko,3,South Africa,Unknown,0,4.0,0.3461538461538461,10.0,9.999999999999999e-09,836610.5027442159,0.008366105027442158
Lindsey Stirling,25,3,27.0,9.0,3,9.0,9.0,9.0,,2,,False,Musician,Entertainment,31,26-35,Mark Ballas,18,United States,California,1,1.0,0.0909090909090909,10.0,0.839324902040949,900965.1568014632,756202.4919746964
Jordan Fisher,25,3,25.0,8.333333333333334,3,9.0,7.0,9.0,,1,,False,Actor/Actress,Entertainment,23,≤25,Lindsay Arnold,5,United States,Alabama,1,2.0,0.1818181818181818,10.0,0.11359027334525403,900965.1568014632,102340.87843562786
Drew Scott,25,3,23.0,7.666666666666667,3,8.0,7.0,8.0,,4,10.0,False,TV Personality,Media,39,36-45,Emma Slater,7,Canada,Unknown,0,3.0,0.3181818181818182,10.0,0.015372771816104209,900965.1568014632,13850.331769769444
Vanessa Lachey,25,3,23.0,7.666666666666667,3,7.0,8.0,8.0,,7,7.0,False,TV Personality,Media,36,36-45,Maksim Chmerkoskiy,16,Philippines,Unknown,0,3.0,0.3181818181818182,10.0,0.015372771816104209,900965.1568014632,13850.331769769444
Victoria Arlen,25,3,22.0,7.333333333333333,3,8.0,7.0,7.0,,5,9.0,False,Athlete,Sports,22,≤25,Valentin Chmerkovskiy,12,United States,New Hamshire,1,5.0,0.4545454545454545,10.0,0.005655326704964515,900965.1568014632,5095.252311501857
Nikki Bella,25,3,21.0,7.0,3,7.0,7.0,7.0,,8,7.0,False,Athlete,Sports,33,26-35,Artem Chigvintsev,5,United States,California,1,6.0,0.7272727272727273,10.0,0.0020804784278642802,900965.1568014632,1874.438572982803
Terrell Owens,25,3,21.0,7.0,3,7.0,7.0,7.0,,6,8.0,False,Athlete,Sports,43,36-45,Cheryl Burke,19,United States,Alabama,1,6.0,0.7272727272727273,10.0,0.0020804784278642802,900965.1568014632,1874.438572982803
Nick Lachey,25,3,21.0,7.0,3,7.0,7.0,7.0,,9,6.0,False,Singer/Rapper,Entertainment,43,36-45,Peta Murgatroyd,10,United States,Kentucky,1,6.0,0.7272727272727273,10.0,0.0020804784278642802,900965.1568014632,1874.438572982803
Derek Fisher,25,3,21.0,7.0,3,7.0,7.0,7.0,,11,4.0,False,Athlete,Sports,43,36-45,Sharna Burgess,9,United States,Arkansas,1,6.0,0.7272727272727273,10.0,0.0020804784278642802,900965.1568014632,1874.438572982803
Frankie Muniz,25,3,21.0,7.0,3,7.0,7.0,7.0,,3,,False,Actor/Actress,Entertainment,31,26-35,Witney Carson,7,United States,New Jersey,1,6.0,0.7272727272727273,10.0,0.0020804784278642802,900965.1568014632,1874.438572982803
Sasha Pieterse,25,3,19.0,6.333333333333333,3,7.0,6.0,6.0,,10,5.0,False,Actor/Actress,Entertainment,21,≤25,Gleb Savchenko,3,South Africa,Unknown,0,11.0,1.0,10.0,0.0002815621373026751,900965.1568014632,253.67767518425978
Jordan Fisher,25,4,29.0,9.666666666666666,3,10.0,9.0,10.0,,1,,False,Actor/Actress,Entertainment,23,≤25,Lindsay Arnold,5,United States,Alabama,1,1.0,0.0909090909090909,10.0,0.7779083109099879,965319.8108587106,750930.3035530485
Nick Lachey,25,4,22.0,7.333333333333333,3,8.0,7.0,7.0,,9,6.0,False,Singer/Rapper,Entertainment,43,36-45,Peta Murgatroyd,10,United States,Kentucky,1,11.0,1.0,10.0,0.1430571528571429,965319.8108587106,138095.90373804283
Victoria Arlen,25,4,27.0,9.0,3,9.0,9.0,9.0,,5,9.0,False,Athlete,Sports,22,≤25,Valentin Chmerkovskiy,12,United States,New Hamshire,1,2.0,0.1818181818181818,10.0,0.074322906455403,965319.8108587106,71745.37400199927
Lindsey Stirling,25,4,26.0,8.666666666666666,3,9.0,8.0,9.0,,2,,False,Musician,Entertainment,31,26-35,Mark Ballas,18,United States,California,1,3.0,0.2727272727272727,10.0,0.004711559777466053,965319.8108587106,4548.161993233039
Sasha Pieterse,25,4,24.0,8.0,3,8.0,8.0,8.0,,10,5.0,False,Actor/Actress,Entertainment,21,≤25,Gleb Savchenko,3,South Africa,Unknown,0,4.0,0.5909090909090909,10.0,1.0000000026828824e-08,965319.8108587106,0.0096531981344855
Nikki Bella,25,4,24.0,8.0,3,8.0,8.0,8.0,,8,7.0,False,Athlete,Sports,33,26-35,Artem Chigvintsev,5,United States,California,1,4.0,0.5909090909090909,10.0,1.0000000011216313e-08,965319.8108587106,0.009653198119414435
Terrell Owens,25,4,24.0,8.0,3,8.0,8.0,8.0,,6,8.0,False,Athlete,Sports,43,36-45,Cheryl Burke,19,United States,Alabama,1,4.0,0.5909090909090909,10.0,9.999999999999999e-09,965319.8108587106,0.009653198108587105
Drew Scott,25,4,24.0,8.0,3,8.0,8.0,8.0,,4,10.0,False,TV Personality,Media,39,36-45,Emma Slater,7,Canada,Unknown,0,4.0,0.5909090909090909,10.0,9.999999999999999e-09,965319.8108587106,0.009653198108587105
Vanessa Lachey,25,4,24.0,8.0,3,8.0,8.0,8.0,,7,7.0,False,TV Personality,Media,36,36-45,Maksim Chmerkoskiy,16,Philippines,Unknown,0,4.0,0.5909090909090909,10.0,9.999999999999999e-09,965319.8108587106,0.009653198108587105
Derek Fisher,25,4,23.0,7.666666666666667,3,7.0,8.0,8.0,,11,4.0,True,Athlete,Sports,43,36-45,Sharna Burgess,9,United States,Arkansas,1,10.0,0.9090909090909092,10.0,9.999999999999999e-09,965319.8108587106,0.009653198108587105
Frankie Muniz,25,4,24.0,8.0,3,8.0,8.0,8.0,,3,,False,Actor/Actress,Entertainment,31,26-35,Witney Carson,7,United States,New Jersey,1,4.0,0.5909090909090909,10.0,9.999999999999999e-09,965319.8108587106,0.009653198108587105
Jordan Fisher,25,5,30.0,10.0,3,10.0,10.0,10.0,,1,,False,Actor/Actress,Entertainment,23,≤25,Lindsay Arnold,5,United States,Alabama,1,1.0,0.1,10.0,0.5575512964235991,1029674.464915958,574096.3328081681
Nick Lachey,25,5,22.0,7.333333333333333,3,7.0,8.0,7.0,,9,6.0,False,Singer/Rapper,Entertainment,43,36-45,Peta Murgatroyd,10,United States,Kentucky,1,10.0,1.0,10.0,0.2502000099999998,1029674.464915958,257624.56141871714
Frankie Muniz,25,5,29.0,9.666666666666666,3,10.0,9.0,10.0,,3,,False,Actor/Actress,Entertainment,31,26-35,Witney Carson,7,United States,New Jersey,1,2.0,0.2,10.0,0.1677282576230502,1029674.464915958,172705.50391930016
Lindsey Stirling,25,5,28.0,9.333333333333334,3,9.0,10.0,9.0,,2,,False,Musician,Entertainment,31,26-35,Mark Ballas,18,United States,California,1,3.0,0.3,10.0,0.024320375953350792,1029674.464915958,25042.070096321408
Vanessa Lachey,25,5,24.0,8.0,3,8.0,8.0,8.0,,7,7.0,False,TV Personality,Media,36,36-45,Maksim Chmerkoskiy,16,Philippines,Unknown,0,8.0,0.85,10.0,0.00020000999999998268,1029674.464915958,205.94518972782294
Drew Scott,25,5,25.0,8.333333333333334,3,9.0,8.0,8.0,,4,10.0,False,TV Personality,Media,39,36-45,Emma Slater,7,Canada,Unknown,0,6.0,0.65,10.0,1.0000000116167085e-08,1029674.464915958,0.01029674476877386
Victoria Arlen,25,5,27.0,9.0,3,9.0,9.0,9.0,,5,9.0,False,Athlete,Sports,22,≤25,Valentin Chmerkovskiy,12,United States,New Hamshire,1,4.0,0.45,10.0,1.000000006412538e-08,1029674.464915958,0.010296744715187846
Terrell Owens,25,5,25.0,8.333333333333334,3,9.0,8.0,8.0,,6,8.0,False,Athlete,Sports,43,36-45,Cheryl Burke,19,United States,Alabama,1,6.0,0.65,10.0,1.0000000002542697e-08,1029674.464915958,0.01029674465177773
Nikki Bella,25,5,27.0,9.0,3,9.0,9.0,9.0,,8,7.0,False,Athlete,Sports,33,26-35,Artem Chigvintsev,5,United States,California,1,4.0,0.45,10.0,1.0000000001675335e-08,1029674.464915958,0.010296744650884631
Sasha Pieterse,25,5,24.0,8.0,3,8.0,8.0,8.0,,10,5.0,True,Actor/Actress,Entertainment,21,≤25,Gleb Savchenko,3,South Africa,Unknown,0,8.0,0.85,10.0,1e-08,1029674.464915958,0.01029674464915958
Lindsey Stirling,25,6,40.0,10.0,4,10.0,10.0,10.0,10.0,2,,False,Musician,Entertainment,31,26-35,Mark Ballas,18,United States,California,1,1.0,0.1111111111111111,10.0,0.6874785497146108,1094029.118973205,752121.5520572524
Jordan Fisher,25,6,39.0,9.75,4,10.0,9.0,10.0,10.0,1,,False,Actor/Actress,Entertainment,23,≤25,Lindsay Arnold,5,United States,Alabama,1,2.0,0.2222222222222222,10.0,0.2529092246863647,1094029.118973205,276690.0562638199
Terrell Owens,25,6,37.0,9.25,4,9.0,9.0,10.0,9.0,6,8.0,False,Athlete,Sports,43,36-45,Cheryl Burke,19,United States,Alabama,1,3.0,0.3333333333333333,10.0,0.03422754155608128,1094029.118973205,37445.92713321836
Nikki Bella,25,6,36.0,9.0,4,9.0,9.0,9.0,9.0,8,7.0,False,Athlete,Sports,33,26-35,Artem Chigvintsev,5,United States,California,1,4.0,0.5,10.0,0.012591608860323499,1094029.118973205,13775.58674791492
Vanessa Lachey,25,6,36.0,9.0,4,9.0,9.0,9.0,9.0,7,7.0,False,TV Personality,Media,36,36-45,Maksim Chmerkoskiy,16,Philippines,Unknown,0,4.0,0.5,10.0,0.012591608860323499,1094029.118973205,13775.58674791492
Victoria Arlen,25,6,31.0,7.75,4,8.0,8.0,7.0,8.0,5,9.0,False,Athlete,Sports,22,≤25,Valentin Chmerkovskiy,12,United States,New Hamshire,1,6.0,0.7222222222222222,10.0,8.484159313407472e-05,1094029.118973205,92.81917338875489
Frankie Muniz,25,6,31.0,7.75,4,7.0,8.0,8.0,8.0,3,,False,Actor/Actress,Entertainment,31,26-35,Witney Carson,7,United States,New Jersey,1,6.0,0.7222222222222222,10.0,8.484159313407472e-05,1094029.118973205,92.81917338875489
Drew Scott,25,6,30.0,7.5,4,7.0,7.0,9.0,7.0,4,10.0,False,TV Personality,Media,39,36-45,Emma Slater,7,Canada,Unknown,0,8.0,0.8888888888888888,10.0,3.121147787025828e-05,1094029.118973205,34.146265636250355
Nick Lachey,25,6,26.0,6.5,4,7.0,6.0,7.0,6.0,9,6.0,True,Singer/Rapper,Entertainment,43,36-45,Peta Murgatroyd,10,United States,Kentucky,1,9.0,1.0,10.0,5.716581578553688e-07,1094029.118973205,0.6254106707923546
Terrell Owens,25,7,24.5,8.166666666666666,3,8.0,8.0,8.5,,6,8.0,False,Athlete,Sports,43,36-45,Cheryl Burke,19,United States,Alabama,1,7.0,0.875,10.0,0.41686667666666627,1158383.7730304527,482891.5937677986
Frankie Muniz,25,7,30.0,10.0,3,10.0,10.0,10.0,,3,,False,Actor/Actress,Entertainment,31,26-35,Witney Carson,7,United States,New Jersey,1,1.0,0.125,10.0,0.33273326333333353,1158383.7730304527,385432.81299280206
Lindsey Stirling,25,7,25.5,8.5,3,8.5,8.5,8.5,,2,,False,Musician,Entertainment,31,26-35,Mark Ballas,18,United States,California,1,6.0,0.75,10.0,0.2502000099999999,1158383.7730304527,289827.6315960569
Jordan Fisher,25,7,27.0,9.0,3,9.0,9.0,9.0,,1,,False,Actor/Actress,Entertainment,23,≤25,Lindsay Arnold,5,United States,Alabama,1,4.0,0.5625,10.0,0.00020000999999999347,1158383.7730304527,231.68833844381328
Drew Scott,25,7,28.5,9.5,3,9.5,9.5,9.5,,4,10.0,False,TV Personality,Media,39,36-45,Emma Slater,7,Canada,Unknown,0,2.0,0.3125,10.0,1.000000024453662e-08,1158383.7730304527,0.01158383801357178
Victoria Arlen,25,7,28.5,9.5,3,9.5,9.5,9.5,,5,9.0,False,Athlete,Sports,22,≤25,Valentin Chmerkovskiy,12,United States,New Hamshire,1,2.0,0.3125,10.0,1.0000000050247591e-08,1158383.7730304527,0.01158383778851052
Vanessa Lachey,25,7,27.0,9.0,3,9.0,9.0,9.0,,7,7.0,True,TV Personality,Media,36,36-45,Maksim Chmerkoskiy,16,Philippines,Unknown,0,4.0,0.5625,10.0,1.0000000001675334e-08,1158383.7730304527,0.011583837732245207
Nikki Bella,25,7,24.0,8.0,3,8.0,8.0,8.0,,8,7.0,True,Athlete,Sports,33,26-35,Artem Chigvintsev,5,United States,California,1,8.0,1.0,10.0,9.999999999999999e-09,1158383.7730304527,0.011583837730304525
Jordan Fisher,25,8,30.0,10.0,3,10.0,10.0,10.0,,1,,False,Actor/Actress,Entertainment,23,≤25,Lindsay Arnold,5,United States,Alabama,1,1.0,0.1666666666666666,10.0,0.4611384115384614,1222738.4270876998,563851.6559942587
Drew Scott,25,8,23.5,7.833333333333333,3,8.0,7.5,8.0,,4,10.0,False,TV Personality,Media,39,36-45,Emma Slater,7,Canada,Unknown,0,6.0,1.0,10.0,0.30789231769230774,1222738.4270876998,376471.7682474787
Victoria Arlen,25,8,24.0,8.0,3,8.0,8.0,8.0,,5,9.0,False,Athlete,Sports,22,≤25,Valentin Chmerkovskiy,12,United States,New Hamshire,1,5.0,0.8333333333333334,10.0,0.23096924076923048,1222738.4270876998,282414.96616380906
Lindsey Stirling,25,8,27.0,9.0,3,9.5,8.5,9.0,,2,,False,Musician,Entertainment,31,26-35,Mark Ballas,18,United States,California,1,2.0,0.3333333333333333,10.0,1.0000000397192286e-08,1222738.4270876998,0.01222738475653927
Frankie Muniz,25,8,26.5,8.833333333333334,3,9.0,8.5,9.0,,3,,False,Actor/Actress,Entertainment,31,26-35,Witney Carson,7,United States,New Jersey,1,3.0,0.5,10.0,1.0000000001675334e-08,1222738.4270876998,0.012227384272925492
Terrell Owens,25,8,25.5,8.5,3,8.5,8.5,8.5,,6,8.0,True,Athlete,Sports,43,36-45,Cheryl Burke,19,United States,Alabama,1,4.0,0.6666666666666666,10.0,9.999999999999999e-09,1222738.4270876998,0.012227384270876995
Jordan Fisher,25,9,29.0,9.666666666666666,3,9.5,9.5,10.0,,1,,False,Actor/Actress,Entertainment,23,≤25,Lindsay Arnold,5,United States,Alabama,1,1.0,0.2,10.0,0.49717964126676234,1287093.0811449476,639916.4763605768
Lindsey Stirling,25,9,28.5,9.5,3,9.5,9.0,10.0,,2,,False,Musician,Entertainment,31,26-35,Mark Ballas,18,United States,California,1,2.0,0.4,10.0,0.3015546958132198,1287093.0811449476,388128.9625679645
Victoria Arlen,25,9,28.0,9.333333333333334,3,9.0,9.5,9.5,,5,9.0,True,Athlete,Sports,22,≤25,Valentin Chmerkovskiy,12,United States,New Hamshire,1,3.0,0.6,10.0,0.18290216859103473,1287093.0811449476,235412.11571992753
Frankie Muniz,25,9,25.5,8.5,3,8.5,8.0,9.0,,3,,False,Actor/Actress,Entertainment,31,26-35,Witney Carson,7,United States,New Jersey,1,4.0,0.8,10.0,0.015013524257103188,1287093.0811449476,19323.803194919354
Drew Scott,25,9,24.0,8.0,3,8.0,8.0,8.0,,4,10.0,False,TV Personality,Media,39,36-45,Emma Slater,7,Canada,Unknown,0,5.0,1.0,10.0,0.0033499700718797702,1287093.0811449476,4311.723301559095
Jordan Fisher,25,10,40.0,10.0,4,10.0,10.0,10.0,10.0,1,,False,Actor/Actress,Entertainment,23,≤25,Lindsay Arnold,5,United States,Alabama,1,1.0,0.375,10.0,0.4147285345714181,1351447.7352021947,560483.9387702681
Lindsey Stirling,25,10,40.0,10.0,4,10.0,10.0,10.0,10.0,2,,False,Musician,Entertainment,31,26-35,Mark Ballas,18,United States,California,1,1.0,0.375,10.0,0.4147285345714181,1351447.7352021947,560483.9387702681
Frankie Muniz,25,10,38.8887,9.722175,4,9.7777,9.3333,9.7777,10.0,3,,False,Actor/Actress,Entertainment,31,26-35,Witney Carson,7,United States,New Jersey,1,3.0,0.75,10.0,0.13649993966757734,1351447.7352021947,184472.5343189836
Drew Scott,25,10,37.5,9.375,4,9.0,9.5,9.5,9.5,4,10.0,True,TV Personality,Media,39,36-45,Emma Slater,7,Canada,Unknown,0,4.0,1.0,10.0,0.034042991189586425,1351447.7352021947,46007.32334267484
Adam Rippon,26,1,24.0,8.0,3,8.0,8.0,8.0,,1,,False,Athlete,Sports,28,26-35,Jenna Johnson,1,United States,Pennsylvania,1,1.0,0.15,4.0,0.2888862405202775,882621.62808398,254977.24393906756
Josh Norman,26,1,24.0,8.0,3,8.0,8.0,8.0,,2,,False,Athlete,Sports,30,26-35,Sharna Burgess,10,United States,South Carolina,1,1.0,0.15,4.0,0.28888624052027745,882621.62808398,254977.2439390675
Kareem Abdul-Jabbar,26,1,17.0,5.666666666666667,3,6.0,5.0,6.0,,8,2.0,False,Athlete,Sports,71,>55,Lindsay Arnold,6,United States,New York,1,10.0,1.0,4.0,0.2859142957142857,882621.62808398,252354.14117582736
Mirai Nagasu,26,1,23.0,7.666666666666667,3,7.0,8.0,8.0,,4,3.0,False,Athlete,Sports,25,≤25,Alan Bersten,1,United States,California,1,3.0,0.35,4.0,0.06815658662257967,882621.62808398,60156.47744946808
Tonya Harding,26,1,23.0,7.666666666666667,3,8.0,8.0,7.0,,3,,False,Athlete,Sports,47,46-55,Sasha Farber,4,United States,Oregon,1,3.0,0.35,4.0,0.06815658662257967,882621.62808398,60156.47744946808
Jamie Anderson,26,1,19.0,6.333333333333333,3,6.0,7.0,6.0,,10,1.0,True,Athlete,Sports,27,26-35,Artem Chigvintsev,6,United States,California,1,8.0,0.8,4.0,1.0000000147392107e-08,882621.62808398,0.00882621641093126
Chris Mazdzer,26,1,21.0,7.0,3,7.0,7.0,7.0,,5,3.0,False,Athlete,Sports,29,26-35,Witney Carson,8,United States,Massachusetts,1,5.0,0.55,4.0,1.0000000015553123e-08,882621.62808398,0.008826216294567323
Jennie Finch Daigle,26,1,21.0,7.0,3,7.0,7.0,7.0,,6,3.0,False,Athlete,Sports,37,36-45,Keo Motsepe,6,United States,California,1,5.0,0.55,4.0,1.0000000001675335e-08,882621.62808398,0.008826216282318486
Johnny Damon,26,1,18.0,6.0,3,6.0,6.0,6.0,,9,1.0,True,Athlete,Sports,44,36-45,Emma Slater,8,United States,Kansas,1,9.0,0.9,4.0,1.0000000000049032e-08,882621.62808398,0.008826216280883077
Arike Ogunbowale,26,1,20.0,6.666666666666667,3,7.0,6.0,7.0,,7,2.0,False,Athlete,Sports,21,≤25,Gleb Savchenko,4,United States,Wisconsin,1,7.0,0.7,4.0,1e-08,882621.62808398,0.008826216280839799
Mirai Nagasu,26,2,37.0,9.25,4,9.0,10.0,9.0,9.0,4,3.0,False,Athlete,Sports,25,≤25,Alan Bersten,1,United States,California,1,1.0,0.1875,4.0,0.45856978202301846,1103277.035104975,505929.5094990905
Adam Rippon,26,2,37.0,9.25,4,9.0,9.5,9.0,9.5,1,,False,Athlete,Sports,28,26-35,Jenna Johnson,1,United States,Pennsylvania,1,1.0,0.1875,4.0,0.45856978202301846,1103277.035104975,505929.5094990905
Arike Ogunbowale,26,2,35.0,8.75,4,8.5,9.5,8.5,8.5,7,2.0,True,Athlete,Sports,21,≤25,Gleb Savchenko,4,United States,Wisconsin,1,3.0,0.375,4.0,0.06206067133383695,1103277.035104975,68470.11346581994
Tonya Harding,26,2,33.0,8.25,4,8.0,9.0,8.0,8.0,3,,False,Athlete,Sports,47,46-55,Sasha Farber,4,United States,Oregon,1,4.0,0.5625,4.0,0.008398998532819153,1103277.035104975,9266.422199139752
Chris Mazdzer,26,2,33.0,8.25,4,8.5,8.5,8.0,8.0,5,3.0,False,Athlete,Sports,29,26-35,Witney Carson,8,United States,Massachusetts,1,4.0,0.5625,4.0,0.008398998532819153,1103277.035104975,9266.422199139752
Jennie Finch Daigle,26,2,31.5,7.875,4,7.5,8.5,8.0,7.5,6,3.0,False,Athlete,Sports,37,36-45,Keo Motsepe,6,United States,California,1,6.0,0.8125,4.0,0.0018740698877143646,1103277.035104975,2067.618269297018
Josh Norman,26,2,31.5,7.875,4,7.5,8.0,8.0,8.0,2,,False,Athlete,Sports,30,26-35,Sharna Burgess,10,United States,South Carolina,1,6.0,0.8125,4.0,0.0018740698877143646,1103277.035104975,2067.618269297018
Kareem Abdul-Jabbar,26,2,29.5,7.375,4,7.5,8.0,7.0,7.0,8,2.0,True,Athlete,Sports,71,>55,Lindsay Arnold,6,United States,New York,1,8.0,1.0,4.0,0.00025362777905903053,1103277.035104975,279.8217041005069
Adam Rippon,26,3,41.0,10.25,4,10.5,10.5,9.5,10.5,1,,False,Athlete,Sports,28,26-35,Jenna Johnson,1,United States,Pennsylvania,1,1.0,0.1666666666666666,4.0,0.947789876667374,1323932.44212597,1254809.7660385084
Josh Norman,26,3,38.0,9.5,4,9.5,9.5,9.5,9.5,2,,False,Athlete,Sports,30,26-35,Sharna Burgess,10,United States,South Carolina,1,2.0,0.3333333333333333,4.0,0.047187679388007886,1323932.44212597,62473.29961042258
Tonya Harding,26,3,35.0,8.75,4,8.5,9.5,8.5,8.5,3,,False,Athlete,Sports,47,46-55,Sasha Farber,4,United States,Oregon,1,3.0,0.5833333333333334,4.0,0.002449336219811593,1323932.44212597,3242.755683082754
Mirai Nagasu,26,3,35.0,8.75,4,9.0,9.0,8.0,9.0,4,3.0,True,Athlete,Sports,25,≤25,Alan Bersten,1,United States,California,1,3.0,0.5833333333333334,4.0,0.002249336219811593,1323932.44212597,2977.9691946575604
Chris Mazdzer,26,3,33.0,8.25,4,8.0,9.0,7.0,9.0,5,3.0,True,Athlete,Sports,29,26-35,Witney Carson,8,United States,Massachusetts,1,5.0,0.8333333333333334,4.0,0.00031794808272623485,1323932.44212597,420.94178163301405
Jennie Finch Daigle,26,3,29.0,7.25,4,7.0,8.0,7.0,7.0,6,3.0,True,Athlete,Sports,37,36-45,Keo Motsepe,6,United States,California,1,6.0,1.0,4.0,5.82342226857909e-06,1323932.44212597,7.709817665570672
Adam Rippon,26,4,29.0,9.666666666666666,3,9.5,9.5,10.0,,1,,False,Athlete,Sports,28,26-35,Jenna Johnson,1,United States,Pennsylvania,1,1.0,0.3333333333333333,4.0,0.506480391055654,1544587.849146965,782303.4578557663
Josh Norman,26,4,28.5,9.5,3,9.5,9.5,9.5,,2,,False,Athlete,Sports,30,26-35,Sharna Burgess,10,United States,South Carolina,1,2.0,0.6666666666666666,4.0,0.3071958857184984,1544587.849146965,474491.03238873224
Tonya Harding,26,4,28.0,9.333333333333334,3,9.0,9.5,9.5,,3,,False,Athlete,Sports,47,46-55,Sasha Farber,4,United States,Oregon,1,3.0,1.0,4.0,0.1863237232258476,1544587.849146965,287793.3589024663
Joe Amabile,27,1,14.0,4.666666666666667,3,5.0,4.0,5.0,,6,8.0,False,TV Personality,Media,32,26-35,Jenna Johnson,2,United States,Illinois,1,13.0,1.0,9.0,0.3890888988888889,741004.1618081683,288316.4933900243
Tinashe,27,1,23.0,7.666666666666667,3,8.0,7.0,8.0,,10,4.0,False,Singer/Rapper,Entertainment,25,≤25,Brandon Armstrong,0,United States,Kentucky,1,1.0,0.1153846153846153,9.0,0.26024070502359503,741004.1618081683,192839.4454943758
DeMarcus Ware,27,1,23.0,7.666666666666667,3,8.0,7.0,8.0,,7,7.0,False,Athlete,Sports,36,36-45,Lindsay Arnold,7,United States,Alabama,1,1.0,0.1153846153846153,9.0,0.26024070502359486,741004.1618081683,192839.4454943757
Alexis Ren,27,1,22.0,7.333333333333333,3,7.0,7.5,7.5,,4,,False,Social Media Personality,Media,21,≤25,Alan Bersten,2,United States,California,1,3.0,0.2692307692307692,9.0,0.045214805531960535,741004.1618081683,33504.35907452975
Juan Pablo Di Pace,27,1,22.0,7.333333333333333,3,7.0,7.0,8.0,,5,8.0,False,Actor/Actress,Entertainment,39,36-45,Cheryl Burke,20,Argentina,Unknown,0,3.0,0.2692307692307692,9.0,0.045214805531960535,741004.1618081683,33504.35907452975
Bobby Bones,27,1,20.0,6.666666666666667,3,7.0,6.0,7.0,,1,,False,Radio Personality,Media,38,36-45,Sharna Burgess,11,United States,Arkansas,1,5.0,0.4615384615384615,9.0,1.0000000022492012e-08,741004.1618081683,0.007410041634748357
Danelle Umstead,27,1,18.0,6.0,3,6.0,6.0,6.0,,12,2.0,False,Athlete,Sports,46,46-55,Artem Chigvintsev,7,United States,New Mexico,1,9.0,0.7692307692307693,9.0,1.0000000019889927e-08,741004.1618081683,0.007410041632820202
Evanna Lynch,27,1,18.0,6.0,3,7.0,5.0,6.0,,3,,False,Actor/Actress,Entertainment,27,26-35,Keo Motsepe,7,Ireland,Unknown,0,9.0,0.7692307692307693,9.0,1.000000001642048e-08,741004.1618081683,0.007410041630249327
Milo Manheim,27,1,20.0,6.666666666666667,3,7.0,6.0,7.0,,2,,False,Actor/Actress,Entertainment,17,≤25,Witney Carson,9,United States,California,1,5.0,0.4615384615384615,9.0,1.0000000012083671e-08,741004.1618081683,0.007410041627035733
Mary Lou Retton,27,1,20.0,6.666666666666667,3,6.5,7.0,6.5,,9,6.0,False,Athlete,Sports,50,46-55,Sasha Farber,5,United States,West Virginia,1,5.0,0.4615384615384615,9.0,1.0000000005144777e-08,741004.1618081683,0.007410041621893984
John Schneider,27,1,18.0,6.0,3,7.0,5.0,6.0,,8,7.0,False,Actor/Actress,Entertainment,58,>55,Emma Slater,9,United States,New York,1,9.0,0.7692307692307693,9.0,9.999999999999995e-09,741004.1618081683,0.00741004161808168
Nikki Glaser,27,1,17.5,5.833333333333333,3,6.0,5.5,6.0,,13,1.0,True,Comedian,Entertainment,34,26-35,Gleb Savchenko,5,United States,Ohio,1,12.0,0.9230769230769232,9.0,9.999999999999995e-09,741004.1618081683,0.00741004161808168
Nancy McKeon,27,1,19.5,6.5,3,6.5,6.5,6.5,,11,3.0,False,Actor/Actress,Entertainment,52,46-55,Valentin Chmerkovskiy,13,United States,New York,1,8.0,0.6153846153846154,9.0,9.999999999999995e-09,741004.1618081683,0.00741004161808168
Tinashe,27,2,26.0,8.666666666666666,3,9.0,8.0,9.0,,10,4.0,False,Singer/Rapper,Entertainment,25,≤25,Brandon Armstrong,0,United States,Kentucky,1,1.0,0.1666666666666666,9.0,0.2686332527935514,810473.301977684,217720.07941259549
Juan Pablo Di Pace,27,2,26.0,8.666666666666666,3,9.0,8.0,9.0,,5,8.0,False,Actor/Actress,Entertainment,39,36-45,Cheryl Burke,20,Argentina,Unknown,0,1.0,0.1666666666666666,9.0,0.2686332527935514,810473.301977684,217720.07941259549
Milo Manheim,27,2,26.0,8.666666666666666,3,9.0,8.0,9.0,,2,,False,Actor/Actress,Entertainment,17,≤25,Witney Carson,9,United States,California,1,1.0,0.1666666666666666,9.0,0.2686332527935514,810473.301977684,217720.07941259549
Joe Amabile,27,2,17.5,5.833333333333333,3,5.5,6.0,6.0,,6,8.0,False,TV Personality,Media,32,26-35,Jenna Johnson,2,United States,Illinois,1,12.0,1.0,9.0,0.11784706882352933,810473.301977684,95511.9029977972
Alexis Ren,27,2,24.5,8.166666666666666,3,8.0,8.5,8.0,,4,,False,Social Media Personality,Media,21,≤25,Alan Bersten,2,United States,California,1,4.0,0.3333333333333333,9.0,0.047163576563655496,810473.301977684,38224.819630623184
Evanna Lynch,27,2,24.0,8.0,3,8.0,8.0,8.0,,3,,False,Actor/Actress,Entertainment,27,26-35,Keo Motsepe,7,Ireland,Unknown,0,5.0,0.4166666666666667,9.0,0.022135055739602554,810473.301977684,17939.871714735767
DeMarcus Ware,27,2,23.5,7.833333333333333,3,8.0,7.5,8.0,,7,7.0,False,Athlete,Sports,36,36-45,Lindsay Arnold,7,United States,Alabama,1,6.0,0.5,9.0,0.00695449049255834,810473.301977684,5636.428873076168
Nancy McKeon,27,2,20.5,6.833333333333333,3,7.0,6.5,7.0,,11,3.0,False,Actor/Actress,Entertainment,52,46-55,Valentin Chmerkovskiy,13,United States,New York,1,9.0,0.75,9.0,1.0000000009047909e-08,810473.301977684,0.008104733027109928
Bobby Bones,27,2,19.5,6.5,3,7.0,6.0,6.5,,1,,False,Radio Personality,Media,38,36-45,Sharna Burgess,11,United States,Arkansas,1,10.0,0.8333333333333334,9.0,1.0000000002651116e-08,810473.301977684,0.008104733021925499
John Schneider,27,2,21.5,7.166666666666667,3,7.5,6.5,7.5,,8,7.0,False,Actor/Actress,Entertainment,58,>55,Emma Slater,9,United States,New York,1,8.0,0.6666666666666666,9.0,1.0000000002542696e-08,810473.301977684,0.008104733021837627
Danelle Umstead,27,2,18.5,6.166666666666667,3,6.5,6.0,6.0,,12,2.0,True,Athlete,Sports,46,46-55,Artem Chigvintsev,7,United States,New Mexico,1,11.0,0.9166666666666666,9.0,9.999999999999999e-09,810473.301977684,0.00810473301977684
Mary Lou Retton,27,2,23.0,7.666666666666667,3,8.0,7.5,7.5,,9,6.0,False,Athlete,Sports,50,46-55,Sasha Farber,5,United States,West Virginia,1,7.0,0.5833333333333334,9.0,9.999999999999999e-09,810473.301977684,0.00810473301977684
Juan Pablo Di Pace,27,3,30.0,10.0,3,10.0,10.0,10.0,,5,8.0,False,Actor/Actress,Entertainment,39,36-45,Cheryl Burke,20,Argentina,Unknown,0,1.0,0.0909090909090909,9.0,0.5829332333333332,879942.4421471999,512947.6929480968
Joe Amabile,27,3,18.0,6.0,3,6.0,6.0,6.0,,6,8.0,False,TV Personality,Media,32,26-35,Jenna Johnson,2,United States,Illinois,1,11.0,1.0,9.0,0.33353334333333323,879942.4421471999,293490.14467025374
John Schneider,27,3,21.0,7.0,3,7.0,7.0,7.0,,8,7.0,False,Actor/Actress,Entertainment,58,>55,Emma Slater,9,United States,New York,1,10.0,0.9090909090909092,9.0,0.08353334333333325,879942.4421471999,73504.53413345378
Tinashe,27,3,27.0,9.0,3,9.0,9.0,9.0,,10,4.0,False,Singer/Rapper,Entertainment,25,≤25,Brandon Armstrong,0,United States,Kentucky,1,2.0,0.2727272727272727,9.0,1.0000000133514315e-08,879942.4421471999,0.00879942453895691
DeMarcus Ware,27,3,26.0,8.666666666666666,3,9.0,8.0,9.0,,7,7.0,False,Athlete,Sports,36,36-45,Lindsay Arnold,7,United States,Alabama,1,5.0,0.5,9.0,1.0000000078003163e-08,879942.4421471999,0.008799424490110293
Mary Lou Retton,27,3,24.0,8.0,3,8.0,8.0,8.0,,9,6.0,False,Athlete,Sports,50,46-55,Sasha Farber,5,United States,West Virginia,1,7.0,0.6363636363636364,9.0,1.0000000047211822e-08,879942.4421471999,0.008799424463015685
Evanna Lynch,27,3,27.0,9.0,3,9.0,9.0,9.0,,3,,False,Actor/Actress,Entertainment,27,26-35,Keo Motsepe,7,Ireland,Unknown,0,2.0,0.2727272727272727,9.0,1.000000000167533e-08,879942.4421471999,0.008799424422946194
Milo Manheim,27,3,27.0,9.0,3,9.0,9.0,9.0,,2,,False,Actor/Actress,Entertainment,17,≤25,Witney Carson,9,United States,California,1,2.0,0.2727272727272727,9.0,1.000000000167533e-08,879942.4421471999,0.008799424422946194
Bobby Bones,27,3,23.0,7.666666666666667,3,8.0,7.0,8.0,,1,,False,Radio Personality,Media,38,36-45,Sharna Burgess,11,United States,Arkansas,1,8.0,0.7272727272727273,9.0,1.0000000000049027e-08,879942.4421471999,0.00879942442151514
Alexis Ren,27,3,26.0,8.666666666666666,3,9.0,8.0,9.0,,4,,False,Social Media Personality,Media,21,≤25,Alan Bersten,2,United States,California,1,5.0,0.5,9.0,9.999999999999995e-09,879942.4421471999,0.008799424421471995
Nancy McKeon,27,3,22.0,7.333333333333333,3,8.0,7.0,7.0,,11,3.0,True,Actor/Actress,Entertainment,52,46-55,Valentin Chmerkovskiy,13,United States,New York,1,9.0,0.8181818181818182,9.0,9.999999999999995e-09,879942.4421471999,0.008799424421471995
Milo Manheim,27,4,29.0,9.666666666666666,3,10.0,9.0,10.0,,2,,False,Actor/Actress,Entertainment,17,≤25,Witney Carson,9,United States,California,1,1.0,0.1,9.0,0.8828172597849493,949411.5823167155,838156.9315089356
Tinashe,27,4,26.0,8.666666666666666,3,9.0,8.0,9.0,,10,4.0,True,Singer/Rapper,Entertainment,25,≤25,Brandon Armstrong,0,United States,Kentucky,1,2.0,0.25,9.0,0.04395288326924358,949411.5823167155,41729.376452034434
Mary Lou Retton,27,4,26.0,8.666666666666666,3,9.0,8.0,9.0,,9,6.0,False,Athlete,Sports,50,46-55,Sasha Farber,5,United States,West Virginia,1,2.0,0.25,9.0,0.04395288326924358,949411.5823167155,41729.376452034434
Alexis Ren,27,4,25.0,8.333333333333334,3,8.0,8.0,9.0,,4,,False,Social Media Personality,Media,21,≤25,Alan Bersten,2,United States,California,1,4.0,0.4,9.0,0.01616936213496296,949411.5823167155,15351.379689607169
Juan Pablo Di Pace,27,4,24.0,8.0,3,8.0,8.0,8.0,,5,8.0,False,Actor/Actress,Entertainment,39,36-45,Cheryl Burke,20,Argentina,Unknown,0,5.0,0.55,9.0,0.005948375906308855,949411.5823167155,5647.456981423316
Evanna Lynch,27,4,24.0,8.0,3,8.0,8.0,8.0,,3,,False,Actor/Actress,Entertainment,27,26-35,Keo Motsepe,7,Ireland,Unknown,0,5.0,0.55,9.0,0.005948375906308855,949411.5823167155,5647.456981423316
DeMarcus Ware,27,4,22.0,7.333333333333333,3,7.0,7.0,8.0,,7,7.0,False,Athlete,Sports,36,36-45,Lindsay Arnold,7,United States,Alabama,1,7.0,0.7,9.0,0.0008050251380781516,949411.5823167155,764.3001901475103
John Schneider,27,4,21.0,7.0,3,7.0,7.0,7.0,,8,7.0,False,Actor/Actress,Entertainment,58,>55,Emma Slater,9,United States,New York,1,8.0,0.8,9.0,0.0002961521979251536,949411.5823167155,281.1703268386932
Bobby Bones,27,4,20.0,6.666666666666667,3,7.0,6.0,7.0,,1,,False,Radio Personality,Media,38,36-45,Sharna Burgess,11,United States,Arkansas,1,9.0,0.9,9.0,0.00010894830507439989,949411.5823167155,103.43678271141025
Joe Amabile,27,4,15.0,5.0,3,5.0,5.0,5.0,,6,8.0,False,TV Personality,Media,32,26-35,Jenna Johnson,2,United States,Illinois,1,10.0,1.0,9.0,7.340879052315006e-07,949411.5823167155,0.6969515596654021
Alexis Ren,27,5,29.0,9.666666666666666,3,10.0,9.0,10.0,,4,,False,Social Media Personality,Media,21,≤25,Alan Bersten,2,United States,California,1,1.0,0.1666666666666666,9.0,0.45100801595012435,1018880.7224862314,459523.37313834444
Juan Pablo Di Pace,27,5,29.0,9.666666666666666,3,10.0,9.0,10.0,,5,8.0,False,Actor/Actress,Entertainment,39,36-45,Cheryl Burke,20,Argentina,Unknown,0,1.0,0.1666666666666666,9.0,0.45100801595012435,1018880.7224862314,459523.37313834444
Milo Manheim,27,5,27.0,9.0,3,9.0,8.0,10.0,,2,,False,Actor/Actress,Entertainment,17,≤25,Witney Carson,9,United States,California,1,3.0,0.3333333333333333,9.0,0.06103729758059282,1018880.7224862314,62189.72585752152
DeMarcus Ware,27,5,26.0,8.666666666666666,3,9.0,8.0,9.0,,7,7.0,False,Athlete,Sports,36,36-45,Lindsay Arnold,7,United States,Alabama,1,4.0,0.4444444444444444,9.0,0.022454366924563516,1018880.7224862314,22878.32159507021
Mary Lou Retton,27,5,25.0,8.333333333333334,3,9.0,8.0,8.0,,9,6.0,False,Athlete,Sports,50,46-55,Sasha Farber,5,United States,West Virginia,1,5.0,0.5555555555555556,9.0,0.008260499956066944,1018880.7224862314,8416.46416333497
John Schneider,27,5,24.0,8.0,3,8.0,8.0,8.0,,8,7.0,False,Actor/Actress,Entertainment,58,>55,Emma Slater,9,United States,New York,1,6.0,0.7222222222222222,9.0,0.003038868107634631,1018880.7224862314,3096.2441330471393
Evanna Lynch,27,5,24.0,8.0,3,8.0,8.0,8.0,,3,,False,Actor/Actress,Entertainment,27,26-35,Keo Motsepe,7,Ireland,Unknown,0,6.0,0.7222222222222222,9.0,0.003038868107634631,1018880.7224862314,3096.2441330471393
Bobby Bones,27,5,21.0,7.0,3,7.0,7.0,7.0,,1,,False,Radio Personality,Media,38,36-45,Sharna Burgess,11,United States,Arkansas,1,8.0,0.8888888888888888,9.0,0.0001512963342357267,1018880.7224862314,154.15291833561557
Joe Amabile,27,5,17.0,5.666666666666667,3,6.0,5.0,6.0,,6,8.0,False,TV Personality,Media,32,26-35,Jenna Johnson,2,United States,Illinois,1,9.0,1.0,9.0,2.7710890230508005e-06,1018880.7224862314,2.823409185879665
John Schneider,27,6,19.0,6.333333333333333,3,6.0,7.0,6.0,,8,7.0,False,Actor/Actress,Entertainment,58,>55,Emma Slater,9,United States,New York,1,9.0,1.0,9.0,0.4547454645454547,1088349.862655747,494922.1638813695
Bobby Bones,27,6,22.0,7.333333333333333,3,8.0,7.0,7.0,,1,,False,Radio Personality,Media,38,36-45,Sharna Burgess,11,United States,Arkansas,1,7.0,0.8333333333333334,9.0,0.18201819181818202,1088349.862655747,198099.4740661658
Joe Amabile,27,6,22.0,7.333333333333333,3,8.0,7.0,7.0,,6,8.0,False,TV Personality,Media,32,26-35,Jenna Johnson,2,United States,Illinois,1,7.0,0.8333333333333334,9.0,0.1820181918181818,1088349.862655747,198099.47406616557
Juan Pablo Di Pace,27,6,30.0,10.0,3,10.0,10.0,10.0,,5,8.0,False,Actor/Actress,Entertainment,39,36-45,Cheryl Burke,20,Argentina,Unknown,0,1.0,0.1666666666666666,9.0,0.09060905590909067,1088349.862655747,98614.35355402573
Milo Manheim,27,6,30.0,10.0,3,10.0,10.0,10.0,,2,,False,Actor/Actress,Entertainment,17,≤25,Witney Carson,9,United States,California,1,1.0,0.1666666666666666,9.0,0.09060905590909067,1088349.862655747,98614.35355402573
Mary Lou Retton,27,6,24.0,8.0,3,8.0,8.0,8.0,,9,6.0,True,Athlete,Sports,50,46-55,Sasha Farber,5,United States,West Virginia,1,6.0,0.6666666666666666,9.0,1.0000000180135011e-08,1088349.862655747,0.010883498822607385
DeMarcus Ware,27,6,26.0,8.666666666666666,3,8.0,9.0,9.0,,7,7.0,False,Athlete,Sports,36,36-45,Lindsay Arnold,7,United States,Alabama,1,5.0,0.5555555555555556,9.0,1.0000000013818398e-08,1088349.862655747,0.010883498641596722
Alexis Ren,27,6,27.0,9.0,3,9.0,9.0,9.0,,4,,False,Social Media Personality,Media,21,≤25,Alan Bersten,2,United States,California,1,4.0,0.4444444444444444,9.0,1.0000000001675334e-08,1088349.862655747,0.01088349862838082
Evanna Lynch,27,6,29.0,9.666666666666666,3,10.0,9.0,10.0,,3,,False,Actor/Actress,Entertainment,27,26-35,Keo Motsepe,7,Ireland,Unknown,0,3.0,0.3333333333333333,9.0,9.999999999999999e-09,1088349.862655747,0.010883498626557467
Joe Amabile,27,7,23.5,7.833333333333333,3,8.0,7.5,8.0,,6,8.0,False,TV Personality,Media,32,26-35,Jenna Johnson,2,United States,Illinois,1,8.0,1.0,9.0,0.5835333433333332,1157819.002825263,675625.9936934917
Evanna Lynch,27,7,29.5,9.833333333333334,3,10.0,9.5,10.0,,3,,False,Actor/Actress,Entertainment,27,26-35,Keo Motsepe,7,Ireland,Unknown,0,1.0,0.125,9.0,0.25800800681904545,1157819.002825263,298726.57317616086
Bobby Bones,27,7,26.5,8.833333333333334,3,9.0,8.5,9.0,,1,,False,Radio Personality,Media,38,36-45,Sharna Burgess,11,United States,Arkansas,1,6.0,0.8125,9.0,0.0835333433333336,1157819.002825263,96716.49228086065
Milo Manheim,27,7,29.0,9.666666666666666,3,10.0,9.0,10.0,,2,,False,Actor/Actress,Entertainment,17,≤25,Witney Carson,9,United States,California,1,2.0,0.25,9.0,0.07492526651428777,1157819.002825263,86749.89736198973
John Schneider,27,7,27.0,9.0,3,9.0,9.0,9.0,,8,7.0,True,Actor/Actress,Entertainment,58,>55,Emma Slater,9,United States,New York,1,5.0,0.625,9.0,1.000000000167533e-08,1157819.002825263,0.01157819003019236
DeMarcus Ware,27,7,26.5,8.833333333333334,3,9.0,8.5,9.0,,7,7.0,True,Athlete,Sports,36,36-45,Lindsay Arnold,7,United States,Alabama,1,6.0,0.8125,9.0,1.000000000167533e-08,1157819.002825263,0.01157819003019236
Alexis Ren,27,7,27.5,9.166666666666666,3,9.0,9.0,9.5,,4,,False,Social Media Personality,Media,21,≤25,Alan Bersten,2,United States,California,1,4.0,0.5,9.0,9.999999999999995e-09,1157819.002825263,0.011578190028252625
Juan Pablo Di Pace,27,7,28.0,9.333333333333334,3,9.5,9.0,9.5,,5,8.0,False,Actor/Actress,Entertainment,39,36-45,Cheryl Burke,20,Argentina,Unknown,0,3.0,0.375,9.0,9.999999999999995e-09,1157819.002825263,0.011578190028252625
Juan Pablo Di Pace,27,8,30.0,10.0,3,10.0,10.0,10.0,,5,8.0,True,Actor/Actress,Entertainment,39,36-45,Cheryl Burke,20,Argentina,Unknown,0,1.0,0.1666666666666666,9.0,0.5496592848887168,1227288.142994779,674590.3230309115
Alexis Ren,27,8,29.0,9.666666666666666,3,9.5,9.5,10.0,,4,,False,Social Media Personality,Media,21,≤25,Alan Bersten,2,United States,California,1,2.0,0.4166666666666667,9.0,0.20220835055955577,1227288.142994779,248167.91105627446
Evanna Lynch,27,8,29.0,9.666666666666666,3,10.0,9.5,9.5,,3,,False,Actor/Actress,Entertainment,27,26-35,Keo Motsepe,7,Ireland,Unknown,0,2.0,0.4166666666666667,9.0,0.20220835055955577,1227288.142994779,248167.91105627446
Milo Manheim,27,8,27.5,9.166666666666666,3,9.0,9.0,9.5,,2,,False,Actor/Actress,Entertainment,17,≤25,Witney Carson,9,United States,California,1,4.0,0.6666666666666666,9.0,0.04511878164370352,1227288.142994779,55373.74573768781
Joe Amabile,27,8,23.0,7.666666666666667,3,8.0,7.5,7.5,,6,8.0,True,TV Personality,Media,32,26-35,Jenna Johnson,2,United States,Illinois,1,5.0,0.8333333333333334,9.0,0.0005012243890896129,1227288.142994779,615.1467497094836
Bobby Bones,27,8,22.5,7.5,3,7.5,7.5,7.5,,1,,False,Radio Personality,Media,38,36-45,Sharna Burgess,11,United States,Arkansas,1,6.0,1.0,9.0,0.0003040079593785846,1227288.142994779,373.10536392137533
Evanna Lynch,27,9,30.0,10.0,3,10.0,10.0,10.0,,3,,False,Actor/Actress,Entertainment,27,26-35,Keo Motsepe,7,Ireland,Unknown,0,1.0,0.375,9.0,0.4399632276327001,1296757.2831642944,570525.5197571743
Milo Manheim,27,9,30.0,10.0,3,10.0,10.0,10.0,,2,,False,Actor/Actress,Entertainment,17,≤25,Witney Carson,9,United States,California,1,1.0,0.375,9.0,0.4399632276327001,1296757.2831642944,570525.5197571743
Alexis Ren,27,9,28.5,9.5,3,9.5,9.5,9.5,,4,,False,Social Media Personality,Media,21,≤25,Alan Bersten,2,United States,California,1,3.0,0.75,9.0,0.09816906544110447,1296757.2831642944,127301.45059218447
Bobby Bones,27,9,27.0,9.0,3,9.0,9.0,9.0,,1,,False,Radio Personality,Media,38,36-45,Sharna Burgess,11,United States,Arkansas,1,4.0,1.0,9.0,0.02190447929349533,1296757.2831642944,28404.793057761548
James Van Der Beek,28,1,21.0,7.0,3,7.0,7.0,7.0,,5,10.0,False,Actor/Actress,Entertainment,42,36-45,Emma Slater,10,United States,Connecticut,1,1.0,0.0833333333333333,11.0,0.6217995670673454,735257.4611235597,457182.771009665
Hannah Brown,28,1,20.0,6.666666666666667,3,7.0,7.0,6.0,,1,,False,TV Personality,Media,24,≤25,Alan Bersten,3,United States,Alabama,1,2.0,0.1666666666666666,11.0,0.2287472772533798,735257.4611235597,168188.14231224704
Lauren Alaina,28,1,19.0,6.333333333333333,3,7.0,6.0,6.0,,4,,False,Singer/Rapper,Entertainment,24,≤25,Gleb Savchenko,6,United States,Georgia,1,3.0,0.25,11.0,0.08415142052546234,735257.4611235597,61872.95980549246
Sailor Brinkley-Cook,28,1,18.0,6.0,3,6.0,6.0,6.0,,9,6.0,False,Model,Model,21,≤25,Valentin Chmerkovskiy,14,United States,New York,1,4.0,0.3333333333333333,11.0,0.030957577556690125,735257.4611235597,22761.789876867675
Mary Wilson,28,1,17.0,5.666666666666667,3,6.0,5.0,6.0,,12,2.0,False,Singer/Rapper,Entertainment,75,>55,Brandon Armstrong,1,United States,Nevada,1,5.0,0.4583333333333333,11.0,0.011388656331576747,735257.4611235597,8373.594539963873
Karamo Brown,28,1,17.0,5.666666666666667,3,6.0,5.0,6.0,,8,7.0,False,TV Personality,Media,38,36-45,Jenna Johnson,3,United States,Texas,1,5.0,0.4583333333333333,11.0,0.011388656331576747,735257.4611235597,8373.594539963873
Ally Brooke,28,1,16.0,5.333333333333333,3,5.0,5.0,6.0,,3,,False,Singer/Rapper,Entertainment,26,26-35,Sasha Farber,6,United States,Texas,1,7.0,0.625,11.0,0.004189652526954062,735257.4611235597,3080.47327995815
Kel Mitchell,28,1,16.0,5.333333333333333,3,6.0,5.0,5.0,,2,,False,Actor/Actress,Entertainment,41,36-45,Witney Carson,10,United States,Illinois,1,7.0,0.625,11.0,0.004189652526954062,735257.4611235597,3080.47327995815
Ray Lewis,28,1,15.0,5.0,3,5.0,5.0,5.0,,11,-1.0,False,Athlete,Sports,44,36-45,Cheryl Burke,21,United States,Florida,1,9.0,0.7916666666666666,11.0,0.0015412870303183816,735257.4611235597,1133.2427887745644
Kate Flannery,28,1,15.0,5.0,3,5.0,5.0,5.0,,7,8.0,False,Actor/Actress,Entertainment,55,46-55,Pasha Pashkov,0,United States,Pennsylvania,1,9.0,0.7916666666666666,11.0,0.0015412870303183816,735257.4611235597,1133.2427887745644
Sean Spicer,28,1,12.0,4.0,3,4.0,4.0,4.0,,6,9.0,False,Politician,Other,48,46-55,Lindsay Arnold,8,United States,New York,1,11.0,0.9166666666666666,11.0,7.673616275296327e-05,735257.4611235597,56.42083620210804
Lamar Odom,28,1,11.0,3.6666666666666665,3,5.0,3.0,3.0,,10,4.0,False,Athlete,Sports,39,36-45,Peta Murgatroyd,11,United States,New York,1,12.0,1.0,11.0,2.822965667120097e-05,735257.4611235597,20.756065692456986
Hannah Brown,28,2,24.0,8.0,3,8.0,8.0,8.0,,1,,False,TV Personality,Media,24,≤25,Alan Bersten,3,United States,Alabama,1,1.0,0.0833333333333333,11.0,0.7495998899999997,790401.7707078268,592485.080378392
Lamar Odom,28,2,12.0,4.0,3,4.0,4.0,4.0,,10,4.0,False,Athlete,Sports,39,36-45,Peta Murgatroyd,11,United States,New York,1,12.0,1.0,11.0,0.25020000999999975,790401.7707078268,197758.5309351158
Ray Lewis,28,2,15.0,5.0,3,5.0,5.0,5.0,,11,-1.0,False,Athlete,Sports,44,36-45,Cheryl Burke,21,United States,Florida,1,10.0,0.875,11.0,0.00020000999999998748,790401.7707078268,158.08825815926255
Kel Mitchell,28,2,20.0,6.666666666666667,3,7.0,6.0,7.0,,2,,False,Actor/Actress,Entertainment,41,36-45,Witney Carson,10,United States,Illinois,1,3.0,0.3333333333333333,11.0,1.0000000095350398e-08,790401.7707078268,0.007904017782443392
Karamo Brown,28,2,19.0,6.333333333333333,3,7.0,5.0,7.0,,8,7.0,False,TV Personality,Media,38,36-45,Jenna Johnson,3,United States,Texas,1,6.0,0.5416666666666666,11.0,1.0000000084942057e-08,790401.7707078268,0.00790401777421662
Sean Spicer,28,2,16.0,5.333333333333333,3,6.0,5.0,5.0,,6,9.0,False,Politician,Other,48,46-55,Lindsay Arnold,8,United States,New York,1,9.0,0.75,11.0,1.0000000053391774e-08,790401.7707078268,0.007904017749279221
Mary Wilson,28,2,15.0,5.0,3,5.0,5.0,5.0,,12,2.0,True,Singer/Rapper,Entertainment,75,>55,Brandon Armstrong,1,United States,Nevada,1,10.0,0.875,11.0,1.0000000023467794e-08,790401.7707078268,0.007904017725627254
James Van Der Beek,28,2,20.0,6.666666666666667,3,7.0,6.0,7.0,,5,10.0,False,Actor/Actress,Entertainment,42,36-45,Emma Slater,10,United States,Connecticut,1,3.0,0.3333333333333333,11.0,1.0000000022492012e-08,790401.7707078268,0.007904017724855994
Kate Flannery,28,2,21.0,7.0,3,7.0,7.0,7.0,,7,8.0,False,Actor/Actress,Entertainment,55,46-55,Pasha Pashkov,0,United States,Pennsylvania,1,2.0,0.1666666666666666,11.0,1.0000000008614224e-08,790401.7707078268,0.007904017713886966
Ally Brooke,28,2,20.0,6.666666666666667,3,7.0,6.0,7.0,,3,,False,Singer/Rapper,Entertainment,26,26-35,Sasha Farber,6,United States,Texas,1,3.0,0.3333333333333333,11.0,1.000000000167533e-08,790401.7707078268,0.007904017708402452
Sailor Brinkley-Cook,28,2,18.0,6.0,3,6.0,6.0,6.0,,9,6.0,False,Model,Model,21,≤25,Valentin Chmerkovskiy,14,United States,New York,1,8.0,0.6666666666666666,11.0,1.000000000167533e-08,790401.7707078268,0.007904017708402452
Lauren Alaina,28,2,19.0,6.333333333333333,3,6.0,6.0,7.0,,4,,False,Singer/Rapper,Entertainment,24,≤25,Gleb Savchenko,6,United States,Georgia,1,6.0,0.5416666666666666,11.0,9.999999999999995e-09,790401.7707078268,0.007904017707078265
Kate Flannery,28,3,24.0,8.0,3,8.0,8.0,8.0,,7,8.0,False,Actor/Actress,Entertainment,55,46-55,Pasha Pashkov,0,United States,Pennsylvania,1,1.0,0.15,11.0,0.3542779825266298,845546.0802920938,299558.3594591827
Ally Brooke,28,3,24.0,8.0,3,8.0,8.0,8.0,,3,,False,Singer/Rapper,Entertainment,26,26-35,Sasha Farber,6,United States,Texas,1,1.0,0.15,11.0,0.3542779825266298,845546.0802920938,299558.3594591827
James Van Der Beek,28,3,23.0,7.666666666666667,3,8.0,7.0,8.0,,5,10.0,False,Actor/Actress,Entertainment,42,36-45,Emma Slater,10,United States,Connecticut,1,3.0,0.35,11.0,0.13033158623124258,845546.0802920938,110201.36187607818
Sailor Brinkley-Cook,28,3,23.0,7.666666666666667,3,7.0,8.0,8.0,,9,6.0,False,Model,Model,21,≤25,Valentin Chmerkovskiy,14,United States,New York,1,3.0,0.35,11.0,0.13033158623124258,845546.0802920938,110201.36187607818
Hannah Brown,28,3,21.0,7.0,3,7.0,7.0,7.0,,1,,False,TV Personality,Media,24,≤25,Alan Bersten,3,United States,Alabama,1,5.0,0.5,11.0,0.017638462137282224,845546.0802920938,14914.132522559492
Lauren Alaina,28,3,20.0,6.666666666666667,3,6.0,7.0,7.0,,4,,False,Singer/Rapper,Entertainment,24,≤25,Gleb Savchenko,6,United States,Georgia,1,6.0,0.65,11.0,0.006488827594187028,845546.0802920938,5486.602737956018
Kel Mitchell,28,3,20.0,6.666666666666667,3,7.0,6.0,7.0,,2,,False,Actor/Actress,Entertainment,41,36-45,Witney Carson,10,United States,Illinois,1,6.0,0.65,11.0,0.006488827594187028,845546.0802920938,5486.602737956018
Karamo Brown,28,3,16.0,5.333333333333333,3,5.0,5.0,6.0,,8,7.0,False,TV Personality,Media,38,36-45,Jenna Johnson,3,United States,Texas,1,8.0,0.8,11.0,0.0001188470230263834,845546.0802920938,100.4906344743427
Sean Spicer,28,3,15.0,5.0,3,5.0,5.0,5.0,,6,9.0,False,Politician,Other,48,46-55,Lindsay Arnold,8,United States,New York,1,9.0,0.9,11.0,4.372137641583546e-05,845546.0802920938,36.96843845338487
Lamar Odom,28,3,12.0,4.0,3,4.0,4.0,4.0,,10,4.0,False,Athlete,Sports,39,36-45,Peta Murgatroyd,11,United States,New York,1,10.0,1.0,11.0,2.1767591567523145e-06,845546.0802920938,1.840550172731843
Hannah Brown,28,4,32.0,8.0,4,8.0,8.0,8.0,8.0,1,,False,TV Personality,Media,24,≤25,Alan Bersten,3,United States,Alabama,1,1.0,0.25,11.0,0.22691109714709107,900690.3898763608,204376.64455668622
Lauren Alaina,28,4,32.0,8.0,4,8.0,8.0,8.0,8.0,4,,False,Singer/Rapper,Entertainment,24,≤25,Gleb Savchenko,6,United States,Georgia,1,1.0,0.25,11.0,0.22691109714709107,900690.3898763608,204376.64455668622
Ally Brooke,28,4,32.0,8.0,4,8.0,8.0,8.0,8.0,3,,False,Singer/Rapper,Entertainment,26,26-35,Sasha Farber,6,United States,Texas,1,1.0,0.25,11.0,0.22691109714709107,900690.3898763608,204376.64455668622
Kel Mitchell,28,4,32.0,8.0,4,8.0,8.0,8.0,8.0,2,,False,Actor/Actress,Entertainment,41,36-45,Witney Carson,10,United States,Illinois,1,1.0,0.25,11.0,0.22691109714709107,900690.3898763608,204376.64455668622
Sailor Brinkley-Cook,28,4,31.0,7.75,4,7.0,8.0,8.0,8.0,9,6.0,False,Model,Model,21,≤25,Valentin Chmerkovskiy,14,United States,New York,1,5.0,0.5,11.0,0.08347592761407073,900690.3898763608,75185.96578800824
James Van Der Beek,28,4,28.0,7.0,4,7.0,7.0,7.0,7.0,5,10.0,False,Actor/Actress,Entertainment,42,36-45,Emma Slater,10,United States,Connecticut,1,6.0,0.65,11.0,0.004156021715192601,900690.3898763608,3743.288818991445
Karamo Brown,28,4,28.0,7.0,4,7.0,7.0,7.0,7.0,8,7.0,False,TV Personality,Media,38,36-45,Jenna Johnson,3,United States,Texas,1,6.0,0.65,11.0,0.004156021715192601,900690.3898763608,3743.288818991445
Kate Flannery,28,4,26.0,6.5,4,7.0,7.0,6.0,6.0,7,8.0,False,Actor/Actress,Entertainment,55,46-55,Pasha Pashkov,0,United States,Pennsylvania,1,8.0,0.8,11.0,0.0005624563759631036,900690.3898763608,506.5990525546527
Sean Spicer,28,4,21.0,5.25,4,5.0,6.0,5.0,5.0,6,9.0,False,Politician,Other,48,46-55,Lindsay Arnold,8,United States,New York,1,9.0,0.9,11.0,3.7898012505370805e-06,900690.3898763608,3.413437565900163
Lamar Odom,28,4,20.0,5.0,4,5.0,7.0,4.0,4.0,10,4.0,True,Athlete,Sports,39,36-45,Peta Murgatroyd,11,United States,New York,1,10.0,1.0,11.0,1.3941899661984145e-06,900690.3898763608,1.2557335042169602
Ally Brooke,28,5,27.0,9.0,3,9.0,9.0,9.0,,3,,False,Singer/Rapper,Entertainment,26,26-35,Sasha Farber,6,United States,Texas,1,1.0,0.1111111111111111,11.0,0.5020589044042263,955834.6994606277,479885.3220027457
James Van Der Beek,28,5,26.0,8.666666666666666,3,9.0,8.0,9.0,,5,10.0,False,Actor/Actress,Entertainment,42,36-45,Emma Slater,10,United States,Connecticut,1,2.0,0.2777777777777778,11.0,0.18469714918737337,955834.6994606277,176539.94408474775
Kel Mitchell,28,5,26.0,8.666666666666666,3,9.0,8.0,9.0,,2,,False,Actor/Actress,Entertainment,41,36-45,Witney Carson,10,United States,Illinois,1,2.0,0.2777777777777778,11.0,0.18469714918737337,955834.6994606277,176539.94408474775
Hannah Brown,28,5,25.0,8.333333333333334,3,9.0,7.0,9.0,,1,,False,TV Personality,Media,24,≤25,Alan Bersten,3,United States,Alabama,1,4.0,0.4444444444444444,11.0,0.06794628402900943,955834.6994606277,64945.415974334675
Kate Flannery,28,5,24.0,8.0,3,8.0,8.0,8.0,,7,8.0,False,Actor/Actress,Entertainment,55,46-55,Pasha Pashkov,0,United States,Pennsylvania,1,5.0,0.6111111111111112,11.0,0.02499604099826808,955834.6994606277,23892.0833352851
Sailor Brinkley-Cook,28,5,24.0,8.0,3,8.0,8.0,8.0,,9,6.0,False,Model,Model,21,≤25,Valentin Chmerkovskiy,14,United States,New York,1,5.0,0.6111111111111112,11.0,0.02499604099826808,955834.6994606277,23892.0833352851
Lauren Alaina,28,5,23.0,7.666666666666667,3,8.0,7.0,8.0,,4,,False,Singer/Rapper,Entertainment,24,≤25,Gleb Savchenko,6,United States,Georgia,1,7.0,0.7777777777777778,11.0,0.009195529593941322,955834.6994606277,8789.406265806212
Karamo Brown,28,5,21.0,7.0,3,7.0,7.0,7.0,,8,7.0,False,TV Personality,Media,38,36-45,Jenna Johnson,3,United States,Texas,1,8.0,0.8888888888888888,11.0,0.0012444796021067032,955834.6994606277,1189.5167864645423
Sean Spicer,28,5,19.0,6.333333333333333,3,7.0,6.0,6.0,,6,9.0,False,Politician,Other,48,46-55,Lindsay Arnold,8,United States,New York,1,9.0,1.0,11.0,0.00016842199943329774,955834.6994606277,160.98359121088416
James Van Der Beek,28,6,27.0,9.0,3,9.0,9.0,9.0,,5,10.0,False,Actor/Actress,Entertainment,42,36-45,Emma Slater,10,United States,Connecticut,1,1.0,0.2222222222222222,11.0,0.24638459742200067,1010979.0090448947,249089.65614561955
Kate Flannery,28,6,27.0,9.0,3,9.0,9.0,9.0,,7,8.0,False,Actor/Actress,Entertainment,55,46-55,Pasha Pashkov,0,United States,Pennsylvania,1,1.0,0.2222222222222222,11.0,0.24638459742200067,1010979.0090448947,249089.65614561955
Sailor Brinkley-Cook,28,6,27.0,9.0,3,9.0,9.0,9.0,,9,6.0,True,Model,Model,21,≤25,Valentin Chmerkovskiy,14,United States,New York,1,1.0,0.2222222222222222,11.0,0.24638459742200067,1010979.0090448947,249089.65614561955
Lauren Alaina,28,6,26.0,8.666666666666666,3,9.0,8.0,9.0,,4,,False,Singer/Rapper,Entertainment,24,≤25,Gleb Savchenko,6,United States,Georgia,1,4.0,0.5,11.0,0.0906398280128564,1010979.0090448947,91634.96350443726
Kel Mitchell,28,6,26.0,8.666666666666666,3,9.0,8.0,9.0,,2,,False,Actor/Actress,Entertainment,41,36-45,Witney Carson,10,United States,Illinois,1,4.0,0.5,11.0,0.0906398280128564,1010979.0090448947,91634.96350443726
Karamo Brown,28,6,25.0,8.333333333333334,3,9.0,8.0,8.0,,8,7.0,False,TV Personality,Media,38,36-45,Jenna Johnson,3,United States,Texas,1,6.0,0.7222222222222222,11.0,0.03334452927724526,1010979.0090448947,33710.61916577789
Ally Brooke,28,6,25.0,8.333333333333334,3,8.0,9.0,8.0,,3,,False,Singer/Rapper,Entertainment,26,26-35,Sasha Farber,6,United States,Texas,1,6.0,0.7222222222222222,11.0,0.03334452927724526,1010979.0090448947,33710.61916577789
Hannah Brown,28,6,24.0,8.0,3,8.0,8.0,8.0,,1,,False,TV Personality,Media,24,≤25,Alan Bersten,3,United States,Alabama,1,8.0,0.8888888888888888,11.0,0.012266766796637782,1010979.0090448947,12401.443740249682
Sean Spicer,28,6,21.0,7.0,3,7.0,7.0,7.0,,6,9.0,False,Politician,Other,48,46-55,Lindsay Arnold,8,United States,New York,1,9.0,1.0,11.0,0.0006107263571568486,1010979.0090448947,617.4315273560293
Sean Spicer,28,7,21.0,7.0,3,7.0,7.0,7.0,,6,9.0,False,Politician,Other,48,46-55,Lindsay Arnold,8,United States,New York,1,8.0,1.0,11.0,0.5835333433333332,1066123.318629162,622118.5045253033
Ally Brooke,28,7,27.0,9.0,3,9.0,9.0,9.0,,3,,False,Singer/Rapper,Entertainment,26,26-35,Sasha Farber,6,United States,Texas,1,1.0,0.25,11.0,0.11097776111111124,1066123.318629162,118315.97896981226
Lauren Alaina,28,7,27.0,9.0,3,9.0,9.0,9.0,,4,,False,Singer/Rapper,Entertainment,24,≤25,Gleb Savchenko,6,United States,Georgia,1,1.0,0.25,11.0,0.11097776111111121,1066123.318629162,118315.97896981223
James Van Der Beek,28,7,27.0,9.0,3,9.0,9.0,9.0,,5,10.0,False,Actor/Actress,Entertainment,42,36-45,Emma Slater,10,United States,Connecticut,1,1.0,0.25,11.0,0.11097776111111118,1066123.318629162,118315.9789698122
Kate Flannery,28,7,24.0,8.0,3,8.0,8.0,8.0,,7,8.0,False,Actor/Actress,Entertainment,55,46-55,Pasha Pashkov,0,United States,Pennsylvania,1,7.0,0.875,11.0,0.08353334333333323,1066123.318629162,89056.8452107224
Karamo Brown,28,7,24.5,8.166666666666666,3,8.5,8.0,8.0,,8,7.0,True,TV Personality,Media,38,36-45,Jenna Johnson,3,United States,Texas,1,6.0,0.75,11.0,1.0000000036369805e-08,1066123.318629162,0.010661233225066317
Kel Mitchell,28,7,25.5,8.5,3,8.5,8.5,8.5,,2,,False,Actor/Actress,Entertainment,41,36-45,Witney Carson,10,United States,Illinois,1,5.0,0.625,11.0,1.0000000029430911e-08,1066123.318629162,0.0106612332176686
Hannah Brown,28,7,26.0,8.666666666666666,3,8.5,9.0,8.5,,1,,False,TV Personality,Media,24,≤25,Alan Bersten,3,United States,Alabama,1,4.0,0.5,11.0,1e-08,1066123.318629162,0.01066123318629162
Sean Spicer,28,8,20.0,6.666666666666667,3,7.0,7.0,6.0,,6,9.0,False,Politician,Other,48,46-55,Lindsay Arnold,8,United States,New York,1,7.0,1.0,11.0,0.5001916765277751,1121267.628213429,560848.734792397
James Van Der Beek,28,8,31.9998,10.6666,3,10.6666,10.6666,10.6666,,5,10.0,False,Actor/Actress,Entertainment,42,36-45,Emma Slater,10,United States,Connecticut,1,1.0,0.1428571428571428,11.0,0.3329554959259324,1121267.628213429,373332.21921749617
Lauren Alaina,28,8,24.0,8.0,3,8.0,8.0,8.0,,4,,False,Singer/Rapper,Entertainment,24,≤25,Gleb Savchenko,6,United States,Georgia,1,6.0,0.8571428571428571,11.0,0.16685278754629246,1121267.628213429,187086.6293528305
Kate Flannery,28,8,25.9998,8.6666,3,8.6666,8.6666,8.6666,,7,8.0,True,Actor/Actress,Entertainment,55,46-55,Pasha Pashkov,0,United States,Pennsylvania,1,5.0,0.7142857142857143,11.0,1.0000000115082881e-08,1121267.628213429,0.011212676411172998
Hannah Brown,28,8,30.9998,10.333266666666669,3,10.6666,9.6666,10.6666,,1,,False,TV Personality,Media,24,≤25,Alan Bersten,3,United States,Alabama,1,2.0,0.2857142857142857,11.0,9.999999999999999e-09,1121267.628213429,0.011212676282134288
Ally Brooke,28,8,30.0,10.0,3,10.0,10.0,10.0,,3,,False,Singer/Rapper,Entertainment,26,26-35,Sasha Farber,6,United States,Texas,1,3.0,0.4285714285714285,11.0,9.999999999999999e-09,1121267.628213429,0.011212676282134288
Kel Mitchell,28,8,29.9998,9.999933333333331,3,9.6666,9.6666,10.6666,,2,,False,Actor/Actress,Entertainment,41,36-45,Witney Carson,10,United States,Illinois,1,4.0,0.5714285714285714,11.0,9.999999999999999e-09,1121267.628213429,0.011212676282134288
Ally Brooke,28,9,40.0,10.0,4,10.0,10.0,10.0,10.0,3,,False,Singer/Rapper,Entertainment,26,26-35,Sasha Farber,6,United States,Texas,1,1.0,0.1666666666666666,11.0,0.9208527463293711,1176411.9377976956,1083302.1637356654
Kel Mitchell,28,9,37.0,9.25,4,9.0,9.0,9.5,9.5,2,,False,Actor/Actress,Entertainment,41,36-45,Witney Carson,10,United States,Illinois,1,2.0,0.3333333333333333,11.0,0.045846558638235675,1176411.9377976956,53934.43888896251
James Van Der Beek,28,9,36.0,9.0,4,9.0,8.5,9.5,9.0,5,10.0,False,Actor/Actress,Entertainment,42,36-45,Emma Slater,10,United States,Connecticut,1,3.0,0.5,11.0,0.016866006371467897,1176411.9377976956,19841.37123836683
Hannah Brown,28,9,35.5,8.875,4,9.0,8.5,9.0,9.0,1,,False,TV Personality,Media,24,≤25,Alan Bersten,3,United States,Alabama,1,4.0,0.6666666666666666,11.0,0.010229749971203904,1176411.9377976956,12034.399986809905
Lauren Alaina,28,9,35.0,8.75,4,9.0,9.0,8.5,8.5,4,,False,Singer/Rapper,Entertainment,24,≤25,Gleb Savchenko,6,United States,Georgia,1,5.0,0.8333333333333334,11.0,0.006204656998729597,1176411.9377976956,7299.2325632455195
Sean Spicer,28,9,25.0,6.25,4,6.5,6.0,6.5,6.0,6,9.0,True,Politician,Other,48,46-55,Lindsay Arnold,8,United States,New York,1,6.0,1.0,11.0,2.8169099194263377e-07,1176411.9377976956,0.33138464569138887
Ally Brooke,28,10,29.5,9.833333333333334,3,10.0,9.5,10.0,,3,,False,Singer/Rapper,Entertainment,26,26-35,Sasha Farber,6,United States,Texas,1,1.0,0.2,11.0,0.6450093688490339,1231556.2473819624,794365.3178259243
Kel Mitchell,28,10,28.5,9.5,3,9.5,9.5,9.5,,2,,False,Actor/Actress,Entertainment,41,36-45,Witney Carson,10,United States,Illinois,1,2.0,0.4,11.0,0.23728568616252732,1231556.2473819624,292230.6692077762
Hannah Brown,28,10,27.0,9.0,3,9.0,9.0,9.0,,1,,False,TV Personality,Media,24,≤25,Alan Bersten,3,United States,Alabama,1,3.0,0.7,11.0,0.05294559315437478,1231556.2473819624,65205.476020613925
Lauren Alaina,28,10,27.0,9.0,3,9.0,9.0,9.0,,4,,False,Singer/Rapper,Entertainment,24,≤25,Gleb Savchenko,6,United States,Georgia,1,3.0,0.7,11.0,0.05294559315437478,1231556.2473819624,65205.476020613925
James Van Der Beek,28,10,25.5,8.5,3,8.5,8.5,8.5,,5,10.0,True,Actor/Actress,Entertainment,42,36-45,Emma Slater,10,United States,Connecticut,1,5.0,1.0,11.0,0.011813758679689253,1231556.2473819624,14549.308307034184
Ally Brooke,28,11,30.0,10.0,3,10.0,10.0,10.0,,3,,False,Singer/Rapper,Entertainment,26,26-35,Sasha Farber,6,United States,Texas,1,1.0,0.25,11.0,0.45505423392341127,1286700.5569662296,585518.5362390942
Kel Mitchell,28,11,29.5,9.833333333333334,3,10.0,9.5,10.0,,2,,False,Actor/Actress,Entertainment,41,36-45,Witney Carson,10,United States,Illinois,1,2.0,0.5,11.0,0.27600434470659363,1286700.5569662296,355134.9440590732
Hannah Brown,28,11,29.0,9.666666666666666,3,10.0,9.5,9.5,,1,,False,TV Personality,Media,24,≤25,Alan Bersten,3,United States,Alabama,1,3.0,0.75,11.0,0.16740509727844333,1286700.5569662296,215400.23190715886
Lauren Alaina,28,11,28.5,9.5,3,9.5,9.5,9.5,,4,,False,Singer/Rapper,Entertainment,24,≤25,Gleb Savchenko,6,United States,Georgia,1,4.0,1.0,11.0,0.1015363240915518,1286700.5569662296,130646.8447609033
Skai Jackson,29,1,21.0,7.0,3,7.0,7.0,7.0,,5,10.0,False,Actor/Actress,Entertainment,18,≤25,Alan Bersten,4,United States,New York,1,1.0,0.1,11.0,0.31790565123519166,706141.6031118939,224486.40620154885
Justina Machado,29,1,21.0,7.0,3,7.0,7.0,7.0,,4,,False,Actor/Actress,Entertainment,48,46-55,Sasha Farber,7,United States,Illinois,1,1.0,0.1,11.0,0.31790565123519166,706141.6031118939,224486.40620154885
Kaitlyn Bristowe,29,1,20.0,6.666666666666667,3,6.0,7.0,7.0,,1,,False,TV Personality,Media,35,26-35,Artem Chigvintsev,8,Canada,Unknown,0,3.0,0.2333333333333333,11.0,0.11695095332164578,706141.6031118939,82583.93366401122
Nev Schulman,29,1,20.0,6.666666666666667,3,7.0,7.0,6.0,,2,,False,Producer,Other,35,26-35,Jenna Johnson,4,United States,New York,1,3.0,0.2333333333333333,11.0,0.11695095332164578,706141.6031118939,82583.93366401122
Monica Aldama,29,1,19.0,6.333333333333333,3,6.0,7.0,6.0,,10,7.0,False,TV Personality,Media,48,46-55,Valentin Chmerkovskiy,15,United States,Alabama,1,5.0,0.3333333333333333,11.0,0.04302385135243448,706141.6031118939,30380.931366055906
Jeannie Mai,29,1,18.0,6.0,3,6.0,6.0,6.0,,9,-1.0,False,TV Personality,Media,41,36-45,Brandon Armstrong,2,United States,California,1,6.0,0.5333333333333333,11.0,0.0158275903925768,706141.6031118939,11176.520053212591
Johnny Weir,29,1,18.0,6.0,3,6.0,6.0,6.0,,6,10.0,False,Athlete,Sports,36,36-45,Britt Stewart,0,United States,Pennsylvania,1,6.0,0.5333333333333333,11.0,0.0158275903925768,706141.6031118939,11176.520053212591
AJ McLean,29,1,18.0,6.0,3,6.0,6.0,6.0,,7,9.0,False,Singer/Rapper,Entertainment,42,36-45,Cheryl Burke,22,United States,Florida,1,6.0,0.5333333333333333,11.0,0.0158275903925768,706141.6031118939,11176.520053212591
Anne Heche,29,1,18.0,6.0,3,6.0,6.0,6.0,,13,4.0,False,Actor/Actress,Entertainment,51,46-55,Keo Motsepe,8,United States,Ohio,1,6.0,0.5333333333333333,11.0,0.0158275903925768,706141.6031118939,11176.520053212591
Jesse Metcalfe,29,1,18.0,6.0,3,6.0,6.0,6.0,,12,5.0,False,Actor/Actress,Entertainment,41,36-45,Sharna Burgess,12,United States,California,1,6.0,0.5333333333333333,11.0,0.0158275903925768,706141.6031118939,11176.520053212591
Veron Davis,29,1,17.0,5.666666666666667,3,5.0,6.0,6.0,,11,6.0,False,Athlete,Sports,36,36-45,Peta Murgatroyd,12,United States,Washington D.C.,1,11.0,0.7333333333333333,11.0,0.005822645108711642,706141.6031118939,4111.611951417266
Nelly,29,1,16.0,5.333333333333333,3,5.0,5.0,6.0,,3,,False,Singer/Rapper,Entertainment,45,36-45,Daniella Karagach,0,United States,Texas,1,12.0,0.8,11.0,0.002142031428732471,706141.6031118939,1512.5775070012076
Chrishell Stause,29,1,13.0,4.333333333333333,3,4.0,5.0,4.0,,8,8.0,False,Actor/Actress,Entertainment,39,36-45,Gleb Savchenko,7,United States,Kentucky,1,13.0,0.8666666666666667,11.0,0.00010664546518841682,706141.6031118939,75.30679975276233
Charles Oakley,29,1,12.0,4.0,3,4.0,4.0,4.0,,15,2.0,False,Athlete,Sports,56,>55,Emma Slater,11,United States,Ohio,1,14.0,0.9333333333333332,11.0,3.923267413698328e-05,706141.6031118939,27.703823409455914
Carole Baskin,29,1,11.0,3.6666666666666665,3,4.0,4.0,3.0,,14,3.0,False,TV Personality,Media,59,>55,Pasha Pashkov,1,United States,Texas,1,15.0,1.0,11.0,1.443289423717471e-05,706141.6031118939,10.191667074182964
Kaitlyn Bristowe,29,2,22.0,7.333333333333333,3,7.0,8.0,7.0,,1,,False,TV Personality,Media,35,26-35,Artem Chigvintsev,8,Canada,Unknown,0,1.0,0.0666666666666666,11.0,0.49078397615106695,759102.223345286,372555.20747851476
Nev Schulman,29,2,21.0,7.0,3,7.0,7.0,7.0,,2,,False,Producer,Other,35,26-35,Jenna Johnson,4,United States,New York,1,2.0,0.1666666666666666,11.0,0.180549334882353,759102.223345286,137055.40153270678
Justina Machado,29,2,21.0,7.0,3,7.0,7.0,7.0,,4,,False,Actor/Actress,Entertainment,48,46-55,Sasha Farber,7,United States,Illinois,1,2.0,0.1666666666666666,11.0,0.180549334882353,759102.223345286,137055.40153270678
Jesse Metcalfe,29,2,20.0,6.666666666666667,3,7.0,7.0,6.0,,12,5.0,False,Actor/Actress,Entertainment,41,36-45,Sharna Burgess,12,United States,California,1,4.0,0.2666666666666666,11.0,0.06642038842039563,759102.223345286,50419.86452537981
AJ McLean,29,2,19.0,6.333333333333333,3,7.0,6.0,6.0,,7,9.0,False,Singer/Rapper,Entertainment,42,36-45,Cheryl Burke,22,United States,Florida,1,5.0,0.3333333333333333,11.0,0.024434695374485282,759102.223345286,18548.431585536553
Jeannie Mai,29,2,18.0,6.0,3,6.0,6.0,6.0,,9,-1.0,False,TV Personality,Media,41,36-45,Brandon Armstrong,2,United States,California,1,6.0,0.5666666666666667,11.0,0.008989022079560077,759102.223345286,6823.58664629392
Johnny Weir,29,2,18.0,6.0,3,6.0,6.0,6.0,,6,10.0,False,Athlete,Sports,36,36-45,Britt Stewart,0,United States,Pennsylvania,1,6.0,0.5666666666666667,11.0,0.008989022079560077,759102.223345286,6823.58664629392
Nelly,29,2,18.0,6.0,3,6.0,6.0,6.0,,3,,False,Singer/Rapper,Entertainment,45,36-45,Daniella Karagach,0,United States,Texas,1,6.0,0.5666666666666667,11.0,0.008989022079560077,759102.223345286,6823.58664629392
Chrishell Stause,29,2,18.0,6.0,3,6.0,6.0,6.0,,8,8.0,False,Actor/Actress,Entertainment,39,36-45,Gleb Savchenko,7,United States,Kentucky,1,6.0,0.5666666666666667,11.0,0.008989022079560077,759102.223345286,6823.58664629392
Anne Heche,29,2,18.0,6.0,3,6.0,6.0,6.0,,13,4.0,False,Actor/Actress,Entertainment,51,46-55,Keo Motsepe,8,United States,Ohio,1,6.0,0.5666666666666667,11.0,0.008989022079560077,759102.223345286,6823.58664629392
Veron Davis,29,2,18.0,6.0,3,6.0,6.0,6.0,,11,6.0,False,Athlete,Sports,36,36-45,Peta Murgatroyd,12,United States,Washington D.C.,1,6.0,0.5666666666666667,11.0,0.008989022079560077,759102.223345286,6823.58664629392
Carole Baskin,29,2,16.0,5.333333333333333,3,6.0,5.0,5.0,,14,3.0,False,TV Personality,Media,59,>55,Pasha Pashkov,1,United States,Texas,1,12.0,0.8333333333333334,11.0,0.0012165318491574348,759102.223345286,923.4720314657608
Monica Aldama,29,2,16.0,5.333333333333333,3,5.0,6.0,5.0,,10,7.0,False,TV Personality,Media,48,46-55,Valentin Chmerkovskiy,15,United States,Alabama,1,12.0,0.8333333333333334,11.0,0.0012165318491574348,759102.223345286,923.4720314657608
Skai Jackson,29,2,15.0,5.0,3,5.0,5.0,5.0,,5,10.0,False,Actor/Actress,Entertainment,18,≤25,Alan Bersten,4,United States,New York,1,14.0,0.9666666666666668,11.0,0.0005475370568353031,759102.223345286,415.6365972076128
Charles Oakley,29,2,15.0,5.0,3,5.0,5.0,5.0,,15,2.0,True,Athlete,Sports,56,>55,Emma Slater,11,United States,Ohio,1,14.0,0.9666666666666668,11.0,0.00034753705683530315,759102.223345286,263.8161525385556
Johnny Weir,29,3,24.0,8.0,3,8.0,8.0,8.0,,6,10.0,False,Athlete,Sports,36,36-45,Britt Stewart,0,United States,Pennsylvania,1,1.0,0.1071428571428571,11.0,0.34440004657886203,812062.843578678,279674.48115345987
Nev Schulman,29,3,24.0,8.0,3,8.0,8.0,8.0,,2,,False,Producer,Other,35,26-35,Jenna Johnson,4,United States,New York,1,1.0,0.1071428571428571,11.0,0.34440004657886203,812062.843578678,279674.48115345987
Kaitlyn Bristowe,29,3,23.0,7.666666666666667,3,8.0,7.0,8.0,,1,,False,TV Personality,Media,35,26-35,Artem Chigvintsev,8,Canada,Unknown,0,3.0,0.2142857142857142,11.0,0.12669769667485048,812062.843578678,102886.4918366479
Jeannie Mai,29,3,22.0,7.333333333333333,3,7.0,7.0,8.0,,9,-1.0,False,TV Personality,Media,41,36-45,Brandon Armstrong,2,United States,California,1,4.0,0.3571428571428571,11.0,0.0466094778504529,812062.843578678,37849.825120956186
Chrishell Stause,29,3,22.0,7.333333333333333,3,7.0,7.0,8.0,,8,8.0,False,Actor/Actress,Entertainment,39,36-45,Gleb Savchenko,7,United States,Kentucky,1,4.0,0.3571428571428571,11.0,0.0466094778504529,812062.843578678,37849.825120956186
Veron Davis,29,3,22.0,7.333333333333333,3,8.0,7.0,7.0,,11,6.0,False,Athlete,Sports,36,36-45,Peta Murgatroyd,12,United States,Washington D.C.,1,4.0,0.3571428571428571,11.0,0.0466094778504529,812062.843578678,37849.825120956186
AJ McLean,29,3,21.0,7.0,3,7.0,7.0,7.0,,7,9.0,False,Singer/Rapper,Entertainment,42,36-45,Cheryl Burke,22,United States,Florida,1,7.0,0.5357142857142857,11.0,0.017146668664917333,812062.843578678,13924.172513934183
Monica Aldama,29,3,21.0,7.0,3,7.0,7.0,7.0,,10,7.0,False,TV Personality,Media,48,46-55,Valentin Chmerkovskiy,15,United States,Alabama,1,7.0,0.5357142857142857,11.0,0.017146668664917333,812062.843578678,13924.172513934183
Jesse Metcalfe,29,3,20.0,6.666666666666667,3,7.0,6.0,7.0,,12,5.0,False,Actor/Actress,Entertainment,41,36-45,Sharna Burgess,12,United States,California,1,9.0,0.6428571428571429,11.0,0.0063079068864016685,812062.843578678,5122.416803200864
Justina Machado,29,3,19.0,6.333333333333333,3,7.0,6.0,6.0,,4,,False,Actor/Actress,Entertainment,48,46-55,Sasha Farber,7,United States,Illinois,1,10.0,0.7142857142857143,11.0,0.002320549260330939,812062.843578678,1884.4318310087401
Skai Jackson,29,3,18.0,6.0,3,6.0,6.0,6.0,,5,10.0,False,Actor/Actress,Entertainment,18,≤25,Alan Bersten,4,United States,New York,1,11.0,0.8214285714285714,11.0,0.0008536823651013496,812062.843578678,693.2437289171731
Nelly,29,3,18.0,6.0,3,6.0,6.0,6.0,,3,,False,Singer/Rapper,Entertainment,45,36-45,Daniella Karagach,0,United States,Texas,1,11.0,0.8214285714285714,11.0,0.0008536823651013496,812062.843578678,693.2437289171731
Anne Heche,29,3,15.0,5.0,3,5.0,5.0,5.0,,13,4.0,False,Actor/Actress,Entertainment,51,46-55,Keo Motsepe,8,United States,Ohio,1,13.0,0.9285714285714286,11.0,4.2502342275740676e-05,812062.843578678,34.51457292719223
Carole Baskin,29,3,12.0,4.0,3,5.0,4.0,3.0,,14,3.0,True,TV Personality,Media,59,>55,Pasha Pashkov,1,United States,Texas,1,14.0,1.0,11.0,2.116067020676655e-06,812062.843578678,1.7183794020137455
Skai Jackson,29,4,28.0,9.333333333333334,3,10.0,9.0,9.0,,5,10.0,False,Actor/Actress,Entertainment,18,≤25,Alan Bersten,4,United States,New York,1,1.0,0.0769230769230769,11.0,0.8695876791986584,865023.46381207,752213.7463487226
Kaitlyn Bristowe,29,4,25.0,8.333333333333334,3,9.0,8.0,8.0,,1,,False,TV Personality,Media,35,26-35,Artem Chigvintsev,8,Canada,Unknown,0,2.0,0.1538461538461538,11.0,0.04329422123611575,865023.46381207,37450.51721671093
Johnny Weir,29,4,24.0,8.0,3,8.0,8.0,8.0,,6,10.0,False,Athlete,Sports,36,36-45,Britt Stewart,0,United States,Pennsylvania,1,3.0,0.3846153846153846,11.0,0.01592705391429505,865023.46381207,13777.27534526509
AJ McLean,29,4,24.0,8.0,3,8.0,8.0,8.0,,7,9.0,False,Singer/Rapper,Entertainment,42,36-45,Cheryl Burke,22,United States,Florida,1,3.0,0.3846153846153846,11.0,0.01592705391429505,865023.46381207,13777.27534526509
Nev Schulman,29,4,24.0,8.0,3,8.0,8.0,8.0,,2,,False,Producer,Other,35,26-35,Jenna Johnson,4,United States,New York,1,3.0,0.3846153846153846,11.0,0.01592705391429505,865023.46381207,13777.27534526509
Justina Machado,29,4,24.0,8.0,3,8.0,8.0,8.0,,4,,False,Actor/Actress,Entertainment,48,46-55,Sasha Farber,7,United States,Illinois,1,3.0,0.3846153846153846,11.0,0.01592705391429505,865023.46381207,13777.27534526509
Monica Aldama,29,4,24.0,8.0,3,8.0,8.0,8.0,,10,7.0,False,TV Personality,Media,48,46-55,Valentin Chmerkovskiy,15,United States,Alabama,1,3.0,0.3846153846153846,11.0,0.01592705391429505,865023.46381207,13777.27534526509
Chrishell Stause,29,4,22.0,7.333333333333333,3,7.0,8.0,7.0,,8,8.0,False,Actor/Actress,Entertainment,39,36-45,Gleb Savchenko,7,United States,Kentucky,1,8.0,0.6538461538461539,11.0,0.002155492352615922,865023.46381207,1864.5514610802525
Veron Davis,29,4,22.0,7.333333333333333,3,8.0,7.0,7.0,,11,6.0,False,Athlete,Sports,36,36-45,Peta Murgatroyd,12,United States,Washington D.C.,1,8.0,0.6538461538461539,11.0,0.002155492352615922,865023.46381207,1864.5514610802525
Jeannie Mai,29,4,21.0,7.0,3,7.0,7.0,7.0,,9,-1.0,False,TV Personality,Media,41,36-45,Brandon Armstrong,2,United States,California,1,10.0,0.8846153846153846,11.0,0.0008429613221296628,865023.46381207,729.1813227282031
Nelly,29,4,21.0,7.0,3,7.0,7.0,7.0,,3,,False,Singer/Rapper,Entertainment,45,36-45,Daniella Karagach,0,United States,Texas,1,10.0,0.8846153846153846,11.0,0.0008429613221296628,865023.46381207,729.1813227282031
Jesse Metcalfe,29,4,21.0,7.0,3,7.0,7.0,7.0,,12,5.0,False,Actor/Actress,Entertainment,41,36-45,Sharna Burgess,12,United States,California,1,10.0,0.8846153846153846,11.0,0.0008429613221296628,865023.46381207,729.1813227282031
Anne Heche,29,4,21.0,7.0,3,7.0,7.0,7.0,,13,4.0,True,Actor/Actress,Entertainment,51,46-55,Keo Motsepe,8,United States,Ohio,1,10.0,0.8846153846153846,11.0,0.0006429613221296628,865023.46381207,556.1766299657891
Johnny Weir,29,5,29.0,9.666666666666666,3,10.0,10.0,9.0,,6,10.0,False,Athlete,Sports,36,36-45,Britt Stewart,0,United States,Pennsylvania,1,1.0,0.0833333333333333,11.0,0.787993434319733,917984.0840454621,723365.4310378381
Kaitlyn Bristowe,29,5,27.0,9.0,3,9.0,9.0,9.0,,1,,False,TV Personality,Media,35,26-35,Artem Chigvintsev,8,Canada,Unknown,0,2.0,0.1666666666666666,11.0,0.10663220634896609,917984.0840454621,97886.66827500233
Nev Schulman,29,5,26.0,8.666666666666666,3,8.0,9.0,9.0,,2,,False,Producer,Other,35,26-35,Jenna Johnson,4,United States,New York,1,3.0,0.2916666666666667,11.0,0.03921967568405597,917984.0840454621,36003.0380593882
Monica Aldama,29,5,26.0,8.666666666666666,3,9.0,9.0,8.0,,10,7.0,False,TV Personality,Media,48,46-55,Valentin Chmerkovskiy,15,United States,Alabama,1,3.0,0.2916666666666667,11.0,0.03921967568405597,917984.0840454621,36003.0380593882
Skai Jackson,29,5,24.0,8.0,3,8.0,8.0,8.0,,5,10.0,False,Actor/Actress,Entertainment,18,≤25,Alan Bersten,4,United States,New York,1,5.0,0.5833333333333334,11.0,0.005296697643863665,917984.0840454621,4862.284135067944
Jeannie Mai,29,5,24.0,8.0,3,8.0,8.0,8.0,,9,-1.0,False,TV Personality,Media,41,36-45,Brandon Armstrong,2,United States,California,1,5.0,0.5833333333333334,11.0,0.005296697643863665,917984.0840454621,4862.284135067944
AJ McLean,29,5,24.0,8.0,3,8.0,8.0,8.0,,7,9.0,False,Singer/Rapper,Entertainment,42,36-45,Cheryl Burke,22,United States,Florida,1,5.0,0.5833333333333334,11.0,0.005296697643863665,917984.0840454621,4862.284135067944
Nelly,29,5,24.0,8.0,3,8.0,8.0,8.0,,3,,False,Singer/Rapper,Entertainment,45,36-45,Daniella Karagach,0,United States,Texas,1,5.0,0.5833333333333334,11.0,0.005296697643863665,917984.0840454621,4862.284135067944
Justina Machado,29,5,24.0,8.0,3,8.0,8.0,8.0,,4,,False,Actor/Actress,Entertainment,48,46-55,Sasha Farber,7,United States,Illinois,1,5.0,0.5833333333333334,11.0,0.005296697643863665,917984.0840454621,4862.284135067944
Veron Davis,29,5,21.0,7.0,3,7.0,7.0,7.0,,11,6.0,False,Athlete,Sports,36,36-45,Peta Murgatroyd,12,United States,Washington D.C.,1,10.0,0.8333333333333334,11.0,0.000251499743870459,917984.0840454621,230.87276201459164
Chrishell Stause,29,5,19.0,6.333333333333333,3,6.0,6.0,7.0,,8,8.0,False,Actor/Actress,Entertainment,39,36-45,Gleb Savchenko,7,United States,Kentucky,1,11.0,0.9583333333333334,11.0,0.0002000099999999999,917984.0840454621,183.60599664993276
Jesse Metcalfe,29,5,19.0,6.333333333333333,3,7.0,6.0,6.0,,12,5.0,True,Actor/Actress,Entertainment,41,36-45,Sharna Burgess,12,United States,California,1,11.0,0.9583333333333334,11.0,1.0000000000015146e-08,917984.0840454621,0.009179840840468525
Skai Jackson,29,6,18.0,6.0,3,6.0,6.0,6.0,,5,10.0,False,Actor/Actress,Entertainment,18,≤25,Alan Bersten,4,United States,New York,1,11.0,1.0,11.0,0.33353334333333334,970944.7042788541,323842.43340992084
AJ McLean,29,6,27.0,9.0,3,9.0,9.0,9.0,,7,9.0,False,Singer/Rapper,Entertainment,42,36-45,Cheryl Burke,22,United States,Florida,1,1.0,0.2272727272727272,11.0,0.16070454781564983,970944.7042788541,156035.2296551331
Monica Aldama,29,6,27.0,9.0,3,9.0,9.0,9.0,,10,7.0,False,TV Personality,Media,48,46-55,Valentin Chmerkovskiy,15,United States,Alabama,1,1.0,0.2272727272727272,11.0,0.16070454781564983,970944.7042788541,156035.2296551331
Justina Machado,29,6,27.0,9.0,3,9.0,9.0,9.0,,4,,False,Actor/Actress,Entertainment,48,46-55,Sasha Farber,7,United States,Illinois,1,1.0,0.2272727272727272,11.0,0.16070454781564966,970944.7042788541,156035.22965513292
Kaitlyn Bristowe,29,6,27.0,9.0,3,9.0,9.0,9.0,,1,,False,TV Personality,Media,35,26-35,Artem Chigvintsev,8,Canada,Unknown,0,1.0,0.2272727272727272,11.0,0.1607045478156496,970944.7042788541,156035.22965513286
Nev Schulman,29,6,26.0,8.666666666666666,3,9.0,9.0,8.0,,2,,False,Producer,Other,35,26-35,Jenna Johnson,4,United States,New York,1,5.0,0.4545454545454545,11.0,0.02364841540406747,970944.7042788541,22961.303701165787
Jeannie Mai,29,6,25.0,8.333333333333334,3,8.0,8.0,9.0,,9,-1.0,False,TV Personality,Media,41,36-45,Brandon Armstrong,2,United States,California,1,6.0,0.5454545454545454,11.0,1.0000000105758739e-08,970944.7042788541,0.009709447145474429
Nelly,29,6,24.0,8.0,3,8.0,8.0,8.0,,3,,False,Singer/Rapper,Entertainment,45,36-45,Daniella Karagach,0,United States,Texas,1,7.0,0.6818181818181818,11.0,1.0000000025961459e-08,970944.7042788541,0.009709447067995682
Johnny Weir,29,6,22.0,7.333333333333333,3,7.0,8.0,7.0,,6,10.0,False,Athlete,Sports,36,36-45,Britt Stewart,0,United States,Pennsylvania,1,9.0,0.8181818181818182,11.0,1.000000001164999e-08,970944.7042788541,0.009709447054100036
Veron Davis,29,6,21.0,7.0,3,7.0,7.0,7.0,,11,6.0,True,Athlete,Sports,36,36-45,Peta Murgatroyd,12,United States,Washington D.C.,1,10.0,0.9090909090909092,11.0,1.0000000000049027e-08,970944.7042788541,0.009709447042836144
Chrishell Stause,29,6,24.0,8.0,3,8.0,8.0,8.0,,8,8.0,False,Actor/Actress,Entertainment,39,36-45,Gleb Savchenko,7,United States,Kentucky,1,7.0,0.6818181818181818,11.0,9.999999999999995e-09,970944.7042788541,0.009709447042788536
Nev Schulman,29,7,30.0,10.0,3,10.0,10.0,10.0,,2,,False,Producer,Other,35,26-35,Jenna Johnson,4,United States,New York,1,1.0,0.1,11.0,0.823818040290542,1023905.3245122463,843511.6778827301
Skai Jackson,29,7,27.0,9.0,3,9.0,9.0,9.0,,5,10.0,False,Actor/Actress,Entertainment,18,≤25,Alan Bersten,4,United States,New York,1,2.0,0.3,11.0,0.0410154850946249,1023905.3245122463,41995.97357583911
Johnny Weir,29,7,27.0,9.0,3,9.0,9.0,9.0,,6,10.0,False,Athlete,Sports,36,36-45,Britt Stewart,0,United States,Pennsylvania,1,2.0,0.3,11.0,0.0410154850946249,1023905.3245122463,41995.97357583911
Nelly,29,7,27.0,9.0,3,9.0,9.0,9.0,,3,,False,Singer/Rapper,Entertainment,45,36-45,Daniella Karagach,0,United States,Texas,1,2.0,0.3,11.0,0.0410154850946249,1023905.3245122463,41995.97357583911
AJ McLean,29,7,26.0,8.666666666666666,3,9.0,8.0,9.0,,7,9.0,False,Singer/Rapper,Entertainment,42,36-45,Cheryl Burke,22,United States,Florida,1,5.0,0.6,11.0,0.01508875373598623,1023905.3245122463,15449.45529053035
Chrishell Stause,29,7,26.0,8.666666666666666,3,9.0,9.0,8.0,,8,8.0,False,Actor/Actress,Entertainment,39,36-45,Gleb Savchenko,7,United States,Kentucky,1,5.0,0.6,11.0,0.01508875373598623,1023905.3245122463,15449.45529053035
Justina Machado,29,7,26.0,8.666666666666666,3,9.0,9.0,8.0,,4,,False,Actor/Actress,Entertainment,48,46-55,Sasha Farber,7,United States,Illinois,1,5.0,0.6,11.0,0.01508875373598623,1023905.3245122463,15449.45529053035
Jeannie Mai,29,7,25.0,8.333333333333334,3,8.0,9.0,8.0,,9,-1.0,False,TV Personality,Media,41,36-45,Brandon Armstrong,2,United States,California,1,8.0,0.8,11.0,0.005550842292368127,1023905.3245122463,5683.536978683489
Kaitlyn Bristowe,29,7,24.0,8.0,3,7.0,9.0,8.0,,1,,False,TV Personality,Media,35,26-35,Artem Chigvintsev,8,Canada,Unknown,0,9.0,0.9,11.0,0.002042040760547195,1023905.3245122463,2090.85640759531
Monica Aldama,29,7,22.0,7.333333333333333,3,7.0,8.0,7.0,,10,7.0,True,TV Personality,Media,48,46-55,Valentin Chmerkovskiy,15,United States,Alabama,1,10.0,1.0,11.0,0.0002763601647093626,1023905.3245122463,282.96664412899776
Nelly,29,8,24.0,8.0,3,8.0,8.0,8.0,,3,,False,Singer/Rapper,Entertainment,45,36-45,Daniella Karagach,0,United States,Texas,1,8.0,1.0,11.0,0.5002000099999999,1076865.9447456384,538648.3563304277
Nev Schulman,29,8,30.0,10.0,3,10.0,10.0,10.0,,2,,False,Producer,Other,35,26-35,Jenna Johnson,4,United States,New York,1,1.0,0.1875,11.0,0.24582791747449415,1076865.9447456384,264723.712596024
Johnny Weir,29,8,30.0,10.0,3,10.0,10.0,10.0,,6,10.0,False,Athlete,Sports,36,36-45,Britt Stewart,0,United States,Pennsylvania,1,1.0,0.1875,11.0,0.2458279174744941,1076865.9447456384,264723.7125960239
Justina Machado,29,8,28.9998,9.6666,3,9.6666,9.6666,9.6666,,4,,False,Actor/Actress,Entertainment,48,46-55,Sasha Farber,7,United States,Illinois,1,3.0,0.375,11.0,0.007710781717678358,1076865.9447456384,8303.478239135102
Skai Jackson,29,8,26.9998,8.999933333333333,3,8.6666,9.6666,8.6666,,5,10.0,False,Actor/Actress,Entertainment,18,≤25,Alan Bersten,4,United States,New York,1,7.0,0.875,11.0,0.00023334333333323634,1076865.9447456384,251.27948909999196
AJ McLean,29,8,27.0,9.0,3,9.0,9.0,9.0,,7,9.0,False,Singer/Rapper,Entertainment,42,36-45,Cheryl Burke,22,United States,Florida,1,5.0,0.6875,11.0,0.00020001000000006977,1076865.9447456384,215.38395760865026
Kaitlyn Bristowe,29,8,28.0,9.333333333333334,3,9.0,10.0,9.0,,1,,False,TV Personality,Media,35,26-35,Artem Chigvintsev,8,Canada,Unknown,0,4.0,0.5,11.0,1.0000000022492012e-08,1076865.9447456384,0.010768659471677267
Chrishell Stause,29,8,27.0,9.0,3,9.0,9.0,9.0,,8,8.0,True,Actor/Actress,Entertainment,39,36-45,Gleb Savchenko,7,United States,Kentucky,1,5.0,0.6875,11.0,1.000000000167533e-08,1076865.9447456384,0.01076865944926049
Johnny Weir,29,9,30.0,10.0,3,10.0,10.0,10.0,,6,10.0,False,Athlete,Sports,36,36-45,Britt Stewart,0,United States,Pennsylvania,1,1.0,0.2142857142857142,11.0,0.32268947097202777,1129826.5649790303,364583.13654322666
Kaitlyn Bristowe,29,9,30.0,10.0,3,10.0,10.0,10.0,,1,,False,TV Personality,Media,35,26-35,Artem Chigvintsev,8,Canada,Unknown,0,1.0,0.2142857142857142,11.0,0.3226894709720277,1129826.5649790303,364583.1365432266
Nelly,29,9,24.0,8.0,3,8.0,8.0,8.0,,3,,False,Singer/Rapper,Entertainment,45,36-45,Daniella Karagach,0,United States,Texas,1,7.0,1.0,11.0,0.1668333433333335,1129826.5649790303,188492.7432222674
Nev Schulman,29,9,28.9998,9.6666,3,9.6666,9.6666,9.6666,,2,,False,Producer,Other,35,26-35,Jenna Johnson,4,United States,New York,1,3.0,0.5,11.0,0.09389384736130552,1129826.5649790303,106083.7630368892
Skai Jackson,29,9,28.9998,9.6666,3,9.6666,9.6666,9.6666,,5,10.0,False,Actor/Actress,Entertainment,18,≤25,Alan Bersten,4,United States,New York,1,3.0,0.5,11.0,0.09389384736130543,1129826.5649790303,106083.7630368891
AJ McLean,29,9,24.9998,8.333266666666667,3,7.6666,8.6666,8.6666,,7,9.0,True,Singer/Rapper,Entertainment,42,36-45,Cheryl Burke,22,United States,Florida,1,6.0,0.8571428571428571,11.0,1.0000000046778146e-08,1129826.5649790303,0.011298265702641495
Justina Machado,29,9,25.9998,8.6666,3,8.6666,8.6666,8.6666,,4,,False,Actor/Actress,Entertainment,48,46-55,Sasha Farber,7,United States,Illinois,1,5.0,0.7142857142857143,11.0,1e-08,1129826.5649790303,0.011298265649790303
Kaitlyn Bristowe,29,10,30.0,10.0,3,10.0,10.0,10.0,,1,,False,TV Personality,Media,35,26-35,Artem Chigvintsev,8,Canada,Unknown,0,1.0,0.25,11.0,0.32137208777418763,1182787.1852124222,380114.7871042709
Nev Schulman,29,10,30.0,10.0,3,10.0,10.0,10.0,,2,,False,Producer,Other,35,26-35,Jenna Johnson,4,United States,New York,1,1.0,0.25,11.0,0.32137208777418763,1182787.1852124222,380114.7871042709
Nelly,29,10,28.0,9.333333333333334,3,9.5,9.0,9.5,,3,,False,Singer/Rapper,Entertainment,45,36-45,Daniella Karagach,0,United States,Texas,1,6.0,1.0,11.0,0.2502000100000001,1182787.1852124222,295933.36556802
Justina Machado,29,10,29.0,9.666666666666666,3,9.5,10.0,9.5,,4,,False,Actor/Actress,Entertainment,48,46-55,Sasha Farber,7,United States,Illinois,1,3.0,0.5,11.0,0.10705579445162472,1182787.1852124222,126624.22178011684
Skai Jackson,29,10,28.5,9.5,3,9.5,9.5,9.5,,5,10.0,True,Actor/Actress,Entertainment,18,≤25,Alan Bersten,4,United States,New York,1,4.0,0.75,11.0,1.0000000000000002e-08,1182787.1852124222,0.011827871852124224
Johnny Weir,29,10,28.5,9.5,3,9.5,9.5,9.5,,6,10.0,True,Athlete,Sports,36,36-45,Britt Stewart,0,United States,Pennsylvania,1,4.0,0.75,11.0,1.0000000000000002e-08,1182787.1852124222,0.011827871852124224
Kaitlyn Bristowe,29,11,30.0,10.0,3,10.0,10.0,10.0,,1,,False,TV Personality,Media,35,26-35,Artem Chigvintsev,8,Canada,Unknown,0,1.0,0.5,11.0,0.310257405166023,1235747.8054458143,383399.9075572258
Nev Schulman,29,11,30.0,10.0,3,10.0,10.0,10.0,,2,,False,Producer,Other,35,26-35,Jenna Johnson,4,United States,New York,1,1.0,0.5,11.0,0.310257405166023,1235747.8054458143,383399.9075572258
Justina Machado,29,11,30.0,10.0,3,10.0,10.0,10.0,,4,,False,Actor/Actress,Entertainment,48,46-55,Sasha Farber,7,United States,Illinois,1,1.0,0.5,11.0,0.310257405166023,1235747.8054458143,383399.9075572258
Nelly,29,11,28.5,9.5,3,9.5,9.5,9.5,,3,,False,Singer/Rapper,Entertainment,45,36-45,Daniella Karagach,0,United States,Texas,1,4.0,1.0,11.0,0.06922778450193098,1235747.8054458143,85548.08277413697
JoJo Siwa,30,1,29.0,7.25,4,8.0,7.0,7.0,7.0,2,,False,Social Media Personality,Media,18,≤25,Jenna Johnson,5,United States,Nebraska,1,1.0,0.0666666666666666,10.0,0.49128006737761903,948011.8683041552,465739.3345352479
Amanda Kloots,30,1,28.0,7.0,4,7.0,7.0,7.0,7.0,4,,False,TV Personality,Media,39,36-45,Alan Bersten,5,United States,Ohio,1,2.0,0.1666666666666666,10.0,0.18073183664554704,948011.8683041552,171335.92612038643
Suni Lee,30,1,28.0,7.0,4,7.0,7.0,7.0,7.0,5,9.0,False,Athlete,Sports,18,≤25,Sasha Farber,8,United States,Minnesota,1,2.0,0.1666666666666666,10.0,0.18073183664554704,948011.8683041552,171335.92612038643
Melanie C,30,1,27.0,6.75,4,7.0,7.0,6.0,7.0,11,5.0,False,Singer/Rapper,Entertainment,47,46-55,Gleb Savchenko,8,England,Unknown,0,4.0,0.2666666666666666,10.0,0.06648752706705226,948011.8683041552,63030.9647537593
Melora Hardin,30,1,26.0,6.5,4,7.0,6.0,7.0,6.0,6,9.0,False,Actor/Actress,Entertainment,54,46-55,Artem Chigvintsev,9,United States,Texas,1,5.0,0.3666666666666666,10.0,0.024459394302298324,948011.8683041552,23187.79609010984
Kenya Moore,30,1,26.0,6.5,4,7.0,6.0,6.0,7.0,10,6.0,False,TV Personality,Media,50,46-55,Brandon Armstrong,3,United States,Michigan,1,5.0,0.3666666666666666,10.0,0.024459394302298324,948011.8683041552,23187.79609010984
Christine Chiu,30,1,25.0,6.25,4,6.0,7.0,6.0,6.0,14,3.0,False,TV Personality,Media,38,36-45,Pasha Pashkov,2,Taiwan China,Unknown,0,7.0,0.5,10.0,0.008998108307321468,948011.8683041552,8530.313467626964
Olivia Jade,30,1,25.0,6.25,4,7.0,6.0,6.0,6.0,8,8.0,False,Social Media Personality,Media,21,≤25,Valentin Chmerkovskiy,16,United States,California,1,7.0,0.5,10.0,0.008998108307321468,948011.8683041552,8530.313467626964
Cody Rigsby,30,1,24.0,6.0,4,6.0,6.0,6.0,6.0,3,,False,Fitness Instructor,Other,34,26-35,Cheryl Burke,23,United States,California,1,9.0,0.7,10.0,0.0033102190556975344,948011.8683041552,3138.126951487836
Matt James,30,1,24.0,6.0,4,6.0,6.0,6.0,6.0,12,4.0,False,Athlete,Sports,29,26-35,Lindsay Arnold,9,United States,North Carolina,1,9.0,0.7,10.0,0.0033102190556975344,948011.8683041552,3138.126951487836
Brian Austin Green,30,1,24.0,6.0,4,6.0,6.0,6.0,6.0,13,4.0,False,Actor/Actress,Entertainment,48,46-55,Sharna Burgess,13,United States,California,1,9.0,0.7,10.0,0.0033102190556975344,948011.8683041552,3138.126951487836
"Mike ""The Miz"" Mizanin",30,1,24.0,6.0,4,6.0,6.0,6.0,6.0,9,7.0,False,Athlete,Sports,40,36-45,Witney Carson,11,United States,Ohio,1,9.0,0.7,10.0,0.0033102190556975344,948011.8683041552,3138.126951487836
Jimmie Allen,30,1,22.0,5.5,4,6.0,5.0,6.0,5.0,7,8.0,False,Singer/Rapper,Entertainment,36,36-45,Emma Slater,12,United States,Delaware,1,13.0,0.8666666666666667,10.0,0.00044798943347805844,948011.8683041552,424.6992998120542
Iman Shumpert,30,1,21.0,5.25,4,7.0,4.0,5.0,5.0,1,,False,Athlete,Sports,31,26-35,Daniella Karagach,1,United States,Illinois,1,14.0,0.9333333333333332,10.0,0.00016480610243861917,948011.8683041552,156.23814108076135
Martin Kove,30,1,13.0,3.25,4,4.0,3.0,3.0,3.0,15,2.0,False,Actor/Actress,Entertainment,75,>55,Britt Stewart,1,United States,New York,1,15.0,1.0,10.0,5.528628821842975e-08,948011.8683041552,0.052412057385555585
Amanda Kloots,30,2,32.0,8.0,4,8.0,8.0,8.0,8.0,4,,False,TV Personality,Media,39,36-45,Alan Bersten,5,United States,Ohio,1,1.0,0.0666666666666666,10.0,0.6467008231926014,1027012.8573295015,664170.0602643742
JoJo Siwa,30,2,31.0,7.75,4,8.0,8.0,7.0,8.0,2,,False,Social Media Personality,Media,18,≤25,Jenna Johnson,5,United States,Nebraska,1,2.0,0.1333333333333333,10.0,0.2379079374412059,1027012.8573295015,244334.51061286117
Melanie C,30,2,30.0,7.5,4,7.0,7.0,8.0,8.0,11,5.0,False,Singer/Rapper,Entertainment,47,46-55,Gleb Savchenko,8,England,Unknown,0,3.0,0.2,10.0,0.0875214390761213,1027012.8573295015,89885.64322315723
Suni Lee,30,2,28.0,7.0,4,7.0,7.0,7.0,7.0,5,9.0,False,Athlete,Sports,18,≤25,Sasha Farber,8,United States,Minnesota,1,4.0,0.2666666666666666,10.0,0.011844738746642812,1027012.8573295015,12164.698984511093
Melora Hardin,30,2,27.0,6.75,4,7.0,6.0,7.0,7.0,6,9.0,False,Actor/Actress,Entertainment,54,46-55,Artem Chigvintsev,9,United States,Texas,1,5.0,0.4,10.0,0.004357435870936689,1027012.8573295015,4475.142664440754
Jimmie Allen,30,2,27.0,6.75,4,7.0,6.0,7.0,7.0,7,8.0,False,Singer/Rapper,Entertainment,36,36-45,Emma Slater,12,United States,Delaware,1,5.0,0.4,10.0,0.004357435870936689,1027012.8573295015,4475.142664440754
Olivia Jade,30,2,27.0,6.75,4,7.0,6.0,7.0,7.0,8,8.0,False,Social Media Personality,Media,21,≤25,Valentin Chmerkovskiy,16,United States,California,1,5.0,0.4,10.0,0.004357435870936689,1027012.8573295015,4475.142664440754
"Mike ""The Miz"" Mizanin",30,2,26.0,6.5,4,7.0,5.0,7.0,7.0,9,7.0,False,Athlete,Sports,40,36-45,Witney Carson,11,United States,Ohio,1,8.0,0.5333333333333333,10.0,0.0016030110731405861,1027012.8573295015,1646.312982556944
Iman Shumpert,30,2,25.0,6.25,4,7.0,6.0,6.0,6.0,1,,False,Athlete,Sports,31,26-35,Daniella Karagach,1,United States,Illinois,1,9.0,0.6,10.0,0.000589714817778593,1027012.8573295015,605.6447000163391
Kenya Moore,30,2,24.0,6.0,4,6.0,6.0,6.0,6.0,10,6.0,False,TV Personality,Media,50,46-55,Brandon Armstrong,3,United States,Michigan,1,10.0,0.7333333333333333,10.0,0.00021694395761490769,1027012.8573295015,222.8042337904566
Cody Rigsby,30,2,24.0,6.0,4,6.0,6.0,6.0,6.0,3,,False,Fitness Instructor,Other,34,26-35,Cheryl Burke,23,United States,California,1,10.0,0.7333333333333333,10.0,0.00021694395761490769,1027012.8573295015,222.8042337904566
Christine Chiu,30,2,24.0,6.0,4,6.0,6.0,6.0,6.0,14,3.0,False,TV Personality,Media,38,36-45,Pasha Pashkov,2,Taiwan China,Unknown,0,10.0,0.7333333333333333,10.0,0.00021694395761490769,1027012.8573295015,222.8042337904566
Brian Austin Green,30,2,23.0,5.75,4,6.0,5.0,6.0,6.0,13,4.0,False,Actor/Actress,Entertainment,48,46-55,Sharna Burgess,13,United States,California,1,13.0,0.8666666666666667,10.0,7.980922189289332e-05,1027012.8573295015,81.96509701746459
Matt James,30,2,22.0,5.5,4,5.0,5.0,6.0,6.0,12,4.0,False,Athlete,Sports,29,26-35,Lindsay Arnold,9,United States,North Carolina,1,14.0,0.9333333333333332,10.0,2.936017195028523e-05,1027012.8573295015,30.15327408634792
Martin Kove,30,2,15.0,3.75,4,4.0,3.0,4.0,4.0,15,2.0,True,Actor/Actress,Entertainment,75,>55,Britt Stewart,1,United States,New York,1,15.0,1.0,10.0,2.677301130704467e-08,1027012.8573295015,0.027496226841762998
Amanda Kloots,30,3,24.0,8.0,3,8.0,8.0,8.0,,4,,False,TV Personality,Media,39,36-45,Alan Bersten,5,United States,Ohio,1,1.0,0.1428571428571428,10.0,0.2603829567906192,1106013.8463548478,287987.1555652408
JoJo Siwa,30,3,24.0,8.0,3,8.0,8.0,8.0,,2,,False,Social Media Personality,Media,18,≤25,Jenna Johnson,5,United States,Nebraska,1,1.0,0.1428571428571428,10.0,0.2603829567906192,1106013.8463548478,287987.1555652408
Olivia Jade,30,3,24.0,8.0,3,8.0,8.0,8.0,,8,8.0,False,Social Media Personality,Media,21,≤25,Valentin Chmerkovskiy,16,United States,California,1,1.0,0.1428571428571428,10.0,0.2603829567906192,1106013.8463548478,287987.1555652408
Melora Hardin,30,3,23.0,7.666666666666667,3,8.0,7.0,8.0,,6,9.0,False,Actor/Actress,Entertainment,54,46-55,Artem Chigvintsev,9,United States,Texas,1,4.0,0.2857142857142857,10.0,0.0957895366347008,1106013.8463548478,105944.55385389403
Melanie C,30,3,22.0,7.333333333333333,3,7.0,7.0,8.0,,11,5.0,False,Singer/Rapper,Entertainment,47,46-55,Gleb Savchenko,8,England,Unknown,0,5.0,0.3928571428571428,10.0,0.03523900120724514,1106013.8463548478,38974.82326692832
"Mike ""The Miz"" Mizanin",30,3,22.0,7.333333333333333,3,7.0,7.0,8.0,,9,7.0,False,Athlete,Sports,40,36-45,Witney Carson,11,United States,Ohio,1,5.0,0.3928571428571428,10.0,0.03523900120724514,1106013.8463548478,38974.82326692832
Kenya Moore,30,3,21.0,7.0,3,7.0,7.0,7.0,,10,6.0,False,TV Personality,Media,50,46-55,Brandon Armstrong,3,United States,Michigan,1,7.0,0.5714285714285714,10.0,0.01296370407156112,1106013.8463548478,14338.036203193315
Christine Chiu,30,3,21.0,7.0,3,7.0,7.0,7.0,,14,3.0,True,TV Personality,Media,38,36-45,Pasha Pashkov,2,Taiwan China,Unknown,0,7.0,0.5714285714285714,10.0,0.01296370407156112,1106013.8463548478,14338.036203193315
Suni Lee,30,3,21.0,7.0,3,7.0,7.0,7.0,,5,9.0,False,Athlete,Sports,18,≤25,Sasha Farber,8,United States,Minnesota,1,7.0,0.5714285714285714,10.0,0.01296370407156112,1106013.8463548478,14338.036203193315
Jimmie Allen,30,3,20.0,6.666666666666667,3,6.0,6.0,8.0,,7,8.0,False,Singer/Rapper,Entertainment,36,36-45,Emma Slater,12,United States,Delaware,1,10.0,0.75,10.0,0.004769080209357856,1106013.8463548478,5274.668745926665
Matt James,30,3,20.0,6.666666666666667,3,7.0,6.0,7.0,,12,4.0,False,Athlete,Sports,29,26-35,Lindsay Arnold,9,United States,North Carolina,1,10.0,0.75,10.0,0.004769080209357856,1106013.8463548478,5274.668745926665
Iman Shumpert,30,3,19.0,6.333333333333333,3,7.0,6.0,6.0,,1,,False,Athlete,Sports,31,26-35,Daniella Karagach,1,United States,Illinois,1,12.0,0.8928571428571429,10.0,0.0017544465623203533,1106013.8463548478,1940.4421906159741
Brian Austin Green,30,3,19.0,6.333333333333333,3,7.0,6.0,6.0,,13,4.0,False,Actor/Actress,Entertainment,48,46-55,Sharna Burgess,13,United States,California,1,12.0,0.8928571428571429,10.0,0.0017544465623203533,1106013.8463548478,1940.4421906159741
Cody Rigsby,30,3,18.0,6.0,3,6.0,6.0,6.0,,3,,False,Fitness Instructor,Other,34,26-35,Cheryl Burke,23,United States,California,1,14.0,1.0,10.0,0.0006454248209115696,1106013.8463548478,713.8487887092939
Melora Hardin,30,4,36.5,9.125,4,9.0,9.5,9.0,9.0,6,9.0,False,Actor/Actress,Entertainment,54,46-55,Artem Chigvintsev,9,United States,Texas,1,1.0,0.0769230769230769,10.0,0.5931814183346142,1185014.835380194,702928.7807983829
JoJo Siwa,30,4,35.0,8.75,4,8.5,8.5,9.0,9.0,2,,False,Social Media Personality,Media,18,≤25,Jenna Johnson,5,United States,Nebraska,1,2.0,0.1923076923076923,10.0,0.13235666487007522,1185014.835380194,156844.61143248368
Olivia Jade,30,4,35.0,8.75,4,8.0,9.0,9.0,9.0,8,8.0,False,Social Media Personality,Media,21,≤25,Valentin Chmerkovskiy,16,United States,California,1,2.0,0.1923076923076923,10.0,0.13235666487007522,1185014.835380194,156844.61143248368
Amanda Kloots,30,4,34.0,8.5,4,8.5,8.5,8.5,8.5,4,,False,TV Personality,Media,39,36-45,Alan Bersten,5,United States,Ohio,1,4.0,0.3461538461538461,10.0,0.048691295907719145,1185014.835380194,57699.90800453412
Suni Lee,30,4,34.0,8.5,4,8.5,8.0,9.0,8.5,5,9.0,False,Athlete,Sports,18,≤25,Sasha Farber,8,United States,Minnesota,1,4.0,0.3461538461538461,10.0,0.048691295907719145,1185014.835380194,57699.90800453412
Melanie C,30,4,33.0,8.25,4,8.0,8.0,8.5,8.5,11,5.0,False,Singer/Rapper,Entertainment,47,46-55,Gleb Savchenko,8,England,Unknown,0,6.0,0.4615384615384615,10.0,0.017912526728445056,1185014.835380194,21226.609912351643
Jimmie Allen,30,4,32.5,8.125,4,8.5,7.5,8.5,8.0,7,8.0,False,Singer/Rapper,Entertainment,36,36-45,Emma Slater,12,United States,Delaware,1,7.0,0.5769230769230769,10.0,0.010864496653723958,1185014.835380194,12874.589713601365
"Mike ""The Miz"" Mizanin",30,4,32.5,8.125,4,8.5,7.5,8.5,8.0,9,7.0,False,Athlete,Sports,40,36-45,Witney Carson,11,United States,Ohio,1,7.0,0.5769230769230769,10.0,0.010864496653723958,1185014.835380194,12874.589713601365
Iman Shumpert,30,4,31.5,7.875,4,8.5,6.5,8.5,8.0,1,,False,Athlete,Sports,31,26-35,Daniella Karagach,1,United States,Illinois,1,9.0,0.6923076923076923,10.0,0.003996824957580975,1185014.835380194,4736.29686915127
Kenya Moore,30,4,29.5,7.375,4,7.0,7.0,8.0,7.5,10,6.0,False,TV Personality,Media,50,46-55,Brandon Armstrong,3,United States,Michigan,1,10.0,0.7692307692307693,10.0,0.0005409114376813838,1185014.835380194,640.9880782792691
Cody Rigsby,30,4,29.0,7.25,4,7.5,6.5,7.5,7.5,3,,False,Fitness Instructor,Other,34,26-35,Cheryl Burke,23,United States,California,1,11.0,0.8461538461538461,10.0,0.00032807937114299877,1185014.835380194,388.77892198665825
Matt James,30,4,28.5,7.125,4,7.0,6.5,7.5,7.5,12,4.0,True,Athlete,Sports,29,26-35,Lindsay Arnold,9,United States,North Carolina,1,12.0,0.9230769230769232,10.0,0.0001989901974174689,1185014.835380194,235.80633603493422
Brian Austin Green,30,4,26.0,6.5,4,6.5,6.0,7.0,6.5,13,4.0,True,Actor/Actress,Entertainment,48,46-55,Sharna Burgess,13,United States,California,1,13.0,1.0,10.0,1.6334110081182285e-05,1185014.835380194,19.356162768934194
JoJo Siwa,30,5,40.0,10.0,4,10.0,10.0,10.0,10.0,2,,False,Social Media Personality,Media,18,≤25,Jenna Johnson,5,United States,Nebraska,1,1.0,0.0909090909090909,10.0,0.6837076433532898,1264015.8244055402,864217.2804655777
Amanda Kloots,30,5,39.0,9.75,4,10.0,10.0,9.0,10.0,4,,False,TV Personality,Media,39,36-45,Alan Bersten,5,United States,Ohio,1,2.0,0.1818181818181818,10.0,0.25152198576145207,1264015.8244055402,317927.7701883804
Melora Hardin,30,5,36.0,9.0,4,9.0,9.0,9.0,9.0,6,9.0,False,Actor/Actress,Entertainment,54,46-55,Artem Chigvintsev,9,United States,Texas,1,3.0,0.4545454545454545,10.0,0.012522542301126312,1264015.8244055402,15828.691630411427
Kenya Moore,30,5,36.0,9.0,4,9.0,9.0,9.0,9.0,10,6.0,False,TV Personality,Media,50,46-55,Brandon Armstrong,3,United States,Michigan,1,3.0,0.4545454545454545,10.0,0.012522542301126312,1264015.8244055402,15828.691630411427
Melanie C,30,5,36.0,9.0,4,9.0,9.0,9.0,9.0,11,5.0,True,Singer/Rapper,Entertainment,47,46-55,Gleb Savchenko,8,England,Unknown,0,3.0,0.4545454545454545,10.0,0.012522542301126312,1264015.8244055402,15828.691630411427
Suni Lee,30,5,36.0,9.0,4,9.0,9.0,9.0,9.0,5,9.0,False,Athlete,Sports,18,≤25,Sasha Farber,8,United States,Minnesota,1,3.0,0.4545454545454545,10.0,0.012522542301126312,1264015.8244055402,15828.691630411427
Olivia Jade,30,5,36.0,9.0,4,9.0,9.0,9.0,9.0,8,8.0,False,Social Media Personality,Media,21,≤25,Valentin Chmerkovskiy,16,United States,California,1,3.0,0.4545454545454545,10.0,0.012522542301126312,1264015.8244055402,15828.691630411427
Jimmie Allen,30,5,34.0,8.5,4,8.0,8.0,9.0,9.0,7,8.0,False,Singer/Rapper,Entertainment,36,36-45,Emma Slater,12,United States,Delaware,1,8.0,0.7272727272727273,10.0,0.0016947418091653934,1264015.8244055402,2142.1804650667314
Cody Rigsby,30,5,32.0,8.0,4,8.0,8.0,8.0,8.0,3,,False,Fitness Instructor,Other,34,26-35,Cheryl Burke,23,United States,California,1,9.0,0.8636363636363636,10.0,0.00022935836275632794,1264015.8244055402,289.9125999837448
"Mike ""The Miz"" Mizanin",30,5,32.0,8.0,4,8.0,8.0,8.0,8.0,9,7.0,False,Athlete,Sports,40,36-45,Witney Carson,11,United States,Ohio,1,9.0,0.8636363636363636,10.0,0.00022935836275632794,1264015.8244055402,289.9125999837448
Iman Shumpert,30,5,28.0,7.0,4,7.0,7.0,7.0,7.0,1,,False,Athlete,Sports,31,26-35,Daniella Karagach,1,United States,Illinois,1,11.0,1.0,10.0,4.2008449483562016e-06,1264015.8244055402,5.309934490596313
Iman Shumpert,30,6,40.0,10.0,4,10.0,10.0,10.0,10.0,1,,False,Athlete,Sports,31,26-35,Daniella Karagach,1,United States,Illinois,1,1.0,0.15,10.0,0.4290169105159031,1343016.8134308862,576176.9240690318
JoJo Siwa,30,6,40.0,10.0,4,10.0,10.0,10.0,10.0,2,,False,Social Media Personality,Media,18,≤25,Jenna Johnson,5,United States,Nebraska,1,1.0,0.15,10.0,0.4290169105159031,1343016.8134308862,576176.9240690318
Amanda Kloots,30,6,38.0,9.5,4,9.0,9.0,10.0,10.0,4,,False,TV Personality,Media,39,36-45,Alan Bersten,5,United States,Ohio,1,3.0,0.35,10.0,0.05806112509796627,1343016.8134308862,77977.06721328272
Jimmie Allen,30,6,38.0,9.5,4,10.0,9.0,10.0,9.0,7,8.0,False,Singer/Rapper,Entertainment,36,36-45,Emma Slater,12,United States,Delaware,1,3.0,0.35,10.0,0.05806112509796627,1343016.8134308862,77977.06721328272
Cody Rigsby,30,6,36.0,9.0,4,9.0,9.0,9.0,9.0,3,,False,Fitness Instructor,Other,34,26-35,Cheryl Burke,23,United States,California,1,5.0,0.6,10.0,0.007857718810169665,1343016.8134308862,10553.048477269998
Suni Lee,30,6,36.0,9.0,4,9.0,9.0,9.0,9.0,5,9.0,False,Athlete,Sports,18,≤25,Sasha Farber,8,United States,Minnesota,1,5.0,0.6,10.0,0.007857718810169665,1343016.8134308862,10553.048477269998
Olivia Jade,30,6,36.0,9.0,4,9.0,9.0,9.0,9.0,8,8.0,False,Social Media Personality,Media,21,≤25,Valentin Chmerkovskiy,16,United States,California,1,5.0,0.6,10.0,0.007857718810169665,1343016.8134308862,10553.048477269998
Melora Hardin,30,6,34.0,8.5,4,8.0,9.0,8.0,9.0,6,9.0,False,Actor/Actress,Entertainment,54,46-55,Artem Chigvintsev,9,United States,Texas,1,8.0,0.85,10.0,0.001063426600767971,1343016.8134308862,1428.1998046810397
"Mike ""The Miz"" Mizanin",30,6,34.0,8.5,4,9.0,8.0,9.0,8.0,9,7.0,False,Athlete,Sports,40,36-45,Witney Carson,11,United States,Ohio,1,8.0,0.85,10.0,0.001063426600767971,1343016.8134308862,1428.1998046810397
Kenya Moore,30,6,32.0,8.0,4,8.0,8.0,8.0,8.0,10,6.0,True,TV Personality,Media,50,46-55,Brandon Armstrong,3,United States,Michigan,1,10.0,1.0,10.0,0.00014391914021628162,1343016.8134308862,193.28582508498346
Olivia Jade,30,7,42.0,10.5,4,11.0,9.0,11.0,11.0,8,8.0,False,Social Media Personality,Media,21,≤25,Valentin Chmerkovskiy,16,United States,California,1,1.0,0.1111111111111111,10.0,0.9174742161952271,1422017.8024562327,1304664.6687241914
JoJo Siwa,30,7,39.0,9.75,4,10.0,9.0,10.0,10.0,2,,False,Social Media Personality,Media,18,≤25,Jenna Johnson,5,United States,Nebraska,1,2.0,0.2222222222222222,10.0,0.04567835152746416,1422017.8024562327,64955.42905890789
Melora Hardin,30,7,38.0,9.5,4,9.5,9.5,9.5,9.5,6,9.0,False,Actor/Actress,Entertainment,54,46-55,Artem Chigvintsev,9,United States,Texas,1,3.0,0.3888888888888889,10.0,0.01680412643355621,1422017.8024562327,23895.766943242295
Jimmie Allen,30,7,38.0,9.5,4,9.0,9.0,10.0,10.0,7,8.0,False,Singer/Rapper,Entertainment,36,36-45,Emma Slater,12,United States,Delaware,1,3.0,0.3888888888888889,10.0,0.01680412643355621,1422017.8024562327,23895.766943242295
Cody Rigsby,30,7,36.0,9.0,4,8.5,8.5,9.5,9.5,3,,False,Fitness Instructor,Other,34,26-35,Cheryl Burke,23,United States,California,1,5.0,0.5555555555555556,10.0,0.0022741912104291807,1422017.8024562327,3233.9403874197833
Amanda Kloots,30,7,34.0,8.5,4,8.25,8.25,8.25,9.25,4,,False,TV Personality,Media,39,36-45,Alan Bersten,5,United States,Ohio,1,6.0,0.7777777777777778,10.0,0.0003077783115976482,1422017.8024562327,437.66623830177735
Iman Shumpert,30,7,34.0,8.5,4,9.5,7.5,8.5,8.5,1,,False,Athlete,Sports,31,26-35,Daniella Karagach,1,United States,Illinois,1,6.0,0.7777777777777778,10.0,0.0003077783115976482,1422017.8024562327,437.66623830177735
Suni Lee,30,7,34.0,8.5,4,8.25,8.25,8.25,9.25,5,9.0,False,Athlete,Sports,18,≤25,Sasha Farber,8,United States,Minnesota,1,6.0,0.7777777777777778,10.0,0.0003077783115976482,1422017.8024562327,437.66623830177735
"Mike ""The Miz"" Mizanin",30,7,32.0,8.0,4,8.0,8.0,8.0,8.0,9,7.0,True,Athlete,Sports,40,36-45,Witney Carson,11,United States,Ohio,1,9.0,1.0,10.0,4.165326497415416e-05,1422017.8024562327,59.23168432367387
Melora Hardin,30,8,42.0,10.5,4,10.5,10.5,10.5,10.5,6,9.0,False,Actor/Actress,Entertainment,54,46-55,Artem Chigvintsev,9,United States,Texas,1,1.0,0.25,10.0,0.27157162356014614,1501018.7914815787,407634.1101969408
Suni Lee,30,8,42.0,10.5,4,10.5,10.5,10.5,10.5,5,9.0,False,Athlete,Sports,18,≤25,Sasha Farber,8,United States,Minnesota,1,1.0,0.25,10.0,0.27157162356014614,1501018.7914815787,407634.1101969408
Amanda Kloots,30,8,42.0,10.5,4,10.5,10.5,10.5,10.5,4,,False,TV Personality,Media,39,36-45,Alan Bersten,5,United States,Ohio,1,1.0,0.25,10.0,0.2715716235601461,1501018.7914815787,407634.1101969407
Iman Shumpert,30,8,35.0,8.75,4,9.0,8.0,9.0,9.0,1,,False,Athlete,Sports,31,26-35,Daniella Karagach,1,United States,Illinois,1,7.0,0.875,10.0,0.10020001000000003,1501018.7914815787,150402.09791664215
JoJo Siwa,30,8,41.0,10.25,4,10.5,9.5,10.5,10.5,2,,False,Social Media Personality,Media,18,≤25,Jenna Johnson,5,United States,Nebraska,1,4.0,0.5,10.0,0.08508508931956162,1501018.7914815787,127714.31794355056
Cody Rigsby,30,8,38.0,9.5,4,10.0,10.0,9.0,9.0,3,,False,Fitness Instructor,Other,34,26-35,Cheryl Burke,23,United States,California,1,5.0,0.625,10.0,1.0000000040706614e-08,1501018.7914815787,0.01501018797591718
Olivia Jade,30,8,36.0,9.0,4,9.0,9.0,9.0,9.0,8,8.0,True,Social Media Personality,Media,21,≤25,Valentin Chmerkovskiy,16,United States,California,1,6.0,0.75,10.0,1.000000000373532e-08,1501018.7914815787,0.015010187920422573
Jimmie Allen,30,8,32.0,8.0,4,8.0,8.0,8.0,8.0,7,8.0,True,Singer/Rapper,Entertainment,36,36-45,Emma Slater,12,United States,Delaware,1,8.0,1.0,10.0,1.000000000271888e-08,1501018.7914815787,0.015010187918896876
Cody Rigsby,30,9,35.5,8.875,4,9.0,9.0,8.5,9.0,3,,False,Fitness Instructor,Other,34,26-35,Cheryl Burke,23,United States,California,1,6.0,1.0,10.0,0.44464445444444445,1580019.7805069254,702547.0333149327
JoJo Siwa,30,9,40.0,10.0,4,10.0,10.0,10.0,10.0,2,,False,Social Media Personality,Media,18,≤25,Jenna Johnson,5,United States,Nebraska,1,1.0,0.1666666666666666,10.0,0.3868671894499282,1580019.7805069254,611257.8117600067
Amanda Kloots,30,9,39.5,9.875,4,9.5,10.0,10.0,10.0,4,,False,TV Personality,Media,39,36-45,Alan Bersten,5,United States,Ohio,1,2.0,0.3333333333333333,10.0,0.16828832610562752,1580019.7805069254,265898.8840752915
Iman Shumpert,30,9,37.5,9.375,4,9.5,9.0,10.0,9.0,1,,False,Athlete,Sports,31,26-35,Daniella Karagach,1,United States,Illinois,1,3.0,0.5833333333333334,10.0,0.0002000099999999172,1580019.7805069254,316.01975629905934
Suni Lee,30,9,37.5,9.375,4,10.0,9.0,9.5,9.0,5,9.0,True,Athlete,Sports,18,≤25,Sasha Farber,8,United States,Minnesota,1,3.0,0.5833333333333334,10.0,1.0000000001675335e-08,1580019.7805069254,0.015800197807716316
Melora Hardin,30,9,36.0,9.0,4,8.5,9.5,9.0,9.0,6,9.0,True,Actor/Actress,Entertainment,54,46-55,Artem Chigvintsev,9,United States,Texas,1,5.0,0.8333333333333334,10.0,1e-08,1580019.7805069254,0.015800197805069256
Iman Shumpert,30,10,40.0,10.0,4,10.0,10.0,10.0,10.0,1,,False,Athlete,Sports,31,26-35,Daniella Karagach,1,United States,Illinois,1,1.0,0.375,10.0,0.39948630465030277,1659020.7695322714,662756.0765585487
JoJo Siwa,30,10,40.0,10.0,4,10.0,10.0,10.0,10.0,2,,False,Social Media Personality,Media,18,≤25,Jenna Johnson,5,United States,Nebraska,1,1.0,0.375,10.0,0.39948630465030277,1659020.7695322714,662756.0765585487
Amanda Kloots,30,10,39.0,9.75,4,9.5,10.0,9.5,10.0,4,,False,TV Personality,Media,39,36-45,Alan Bersten,5,United States,Ohio,1,3.0,0.75,10.0,0.14696279851039795,1659020.7695322714,243814.33507733655
Cody Rigsby,30,10,38.0,9.5,4,9.5,9.5,9.5,9.5,3,,False,Fitness Instructor,Other,34,26-35,Cheryl Burke,23,United States,California,1,4.0,1.0,10.0,0.05406459218899647,1659020.7695322714,89694.28133783735
Charli D'Amelio,31,1,32.0,8.0,4,8.0,8.0,8.0,8.0,1,,False,Social Media Personality,Media,18,≤25,Mark Ballas,19,United States,Connecticut,1,1.0,0.0625,10.0,0.8856660308677013,982950.059183289,870565.4774580357
Vinny Guadagnino,31,1,17.0,4.25,4,4.0,4.0,5.0,4.0,7,8.0,False,TV Personality,Media,34,26-35,Koko Iwasaki,0,United States,New York,1,16.0,1.0,10.0,0.06686667666666667,982950.059183289,65726.60378688984
Wayne Brady,31,1,29.0,7.25,4,7.0,7.0,7.0,8.0,3,,False,Comedian,Entertainment,50,46-55,Witney Carson,12,United States,Georgia,1,2.0,0.125,10.0,0.033046130280214386,982950.059183289,32482.69571471541
Shangela,31,1,28.0,7.0,4,7.0,7.0,7.0,7.0,4,,False,TV Personality,Media,40,36-45,Gleb Savchenko,9,United States,Texas,1,3.0,0.25,10.0,0.004807020728472494,982950.059183289,4725.0613095473345
Selma Blair,31,1,28.0,7.0,4,7.0,7.0,7.0,7.0,12,-1.0,False,Actor/Actress,Entertainment,50,46-55,Sasha Farber,9,United States,Michigan,1,3.0,0.25,10.0,0.004807020728472487,982950.059183289,4725.061309547327
Gabby Windey,31,1,28.0,7.0,4,7.0,7.0,7.0,7.0,2,,False,TV Personality,Media,31,26-35,Valentin Chmerkovskiy,17,United States,Illinois,1,3.0,0.25,10.0,0.004807020728472487,982950.059183289,4725.061309547327
Jason Lewis,31,1,18.0,4.5,4,5.0,4.0,4.0,5.0,16,1.0,True,Actor/Actress,Entertainment,51,46-55,Peta Murgatroyd,13,United States,California,1,15.0,0.9375,10.0,1.0000000041434849e-08,982950.059183289,0.009829500632561276
Heidi D'Amelio,31,1,24.0,6.0,4,6.0,6.0,6.0,6.0,8,8.0,False,Social Media Personality,Media,50,46-55,Artem Chigvintsev,10,United States,Louisiana,1,8.0,0.5,10.0,1.0000000031924574e-08,982950.059183289,0.009829500623213151
Jessie James Decker,31,1,20.0,5.0,4,5.0,5.0,5.0,5.0,10,6.0,False,Singer/Rapper,Entertainment,34,26-35,Alan Bersten,6,Italy,Unknown,0,12.0,0.8125,10.0,1.0000000011012178e-08,982950.059183289,0.009829500602657311
Teresa Giudice,31,1,20.0,5.0,4,5.0,5.0,5.0,5.0,15,2.0,False,TV Personality,Media,50,46-55,Pasha Pashkov,3,United States,New Jersey,1,12.0,0.8125,10.0,1.0000000003299096e-08,982950.059183289,0.009829500595075737
Jordin Sparks,31,1,26.0,6.5,4,7.0,6.0,6.0,7.0,9,7.0,False,Singer/Rapper,Entertainment,32,26-35,Brandon Armstrong,4,United States,Arizona,1,7.0,0.4375,10.0,9.999999999999999e-09,982950.059183289,0.009829500591832888
Daniel Durant,31,1,27.0,6.75,4,7.0,6.0,7.0,7.0,5,9.0,False,Actor/Actress,Entertainment,32,26-35,Britt Stewart,2,United States,Michigan,1,6.0,0.375,10.0,9.999999999999999e-09,982950.059183289,0.009829500591832888
Sam Champion,31,1,20.0,5.0,4,5.0,5.0,5.0,5.0,13,4.0,False,News Anchor,Media,61,>55,Cheryl Burke,24,United States,Kentucky,1,12.0,0.8125,10.0,9.999999999999999e-09,982950.059183289,0.009829500591832888
Joseph Baena,31,1,23.0,5.75,4,6.0,5.0,6.0,6.0,11,5.0,False,Actor/Actress,Entertainment,24,≤25,Daniella Karagach,2,United States,California,1,9.0,0.5625,10.0,9.999999999999999e-09,982950.059183289,0.009829500591832888
Trevor Donovan,31,1,21.0,5.25,4,5.0,5.0,5.0,6.0,6,9.0,False,Actor/Actress,Entertainment,39,36-45,Emma Slater,13,United States,California,1,10.0,0.65625,10.0,9.999999999999999e-09,982950.059183289,0.009829500591832888
Cheryl Ladd,31,1,21.0,5.25,4,6.0,5.0,5.0,5.0,14,3.0,False,Actor/Actress,Entertainment,71,>55,Louis van Amstel,10,United States,South Dakota,1,10.0,0.65625,10.0,9.999999999999999e-09,982950.059183289,0.009829500591832888
Charli D'Amelio,31,2,32.0,8.0,4,8.0,8.0,8.0,8.0,1,,False,Social Media Personality,Media,18,≤25,Mark Ballas,19,United States,Connecticut,1,1.0,0.1333333333333333,10.0,0.2708567657285562,1064862.5641152298,288425.23006166844
Gabby Windey,31,2,32.0,8.0,4,8.0,8.0,8.0,8.0,2,,False,TV Personality,Media,31,26-35,Valentin Chmerkovskiy,17,United States,Illinois,1,1.0,0.1333333333333333,10.0,0.2708567657285562,1064862.5641152298,288425.23006166844
Wayne Brady,31,2,32.0,8.0,4,8.0,8.0,8.0,8.0,3,,False,Comedian,Entertainment,50,46-55,Witney Carson,12,United States,Georgia,1,1.0,0.1333333333333333,10.0,0.2708567657285562,1064862.5641152298,288425.23006166844
Cheryl Ladd,31,2,21.0,5.25,4,5.0,6.0,5.0,5.0,14,3.0,False,Actor/Actress,Entertainment,71,>55,Louis van Amstel,10,United States,South Dakota,1,15.0,1.0,10.0,0.18201819181818188,1064862.5641152298,193824.3584551269
Trevor Donovan,31,2,30.0,7.5,4,7.0,7.0,8.0,8.0,6,9.0,False,Actor/Actress,Entertainment,39,36-45,Emma Slater,13,United States,California,1,4.0,0.2666666666666666,10.0,0.005411410996149481,1064862.5641152298,5762.408988841086
Jordin Sparks,31,2,27.0,6.75,4,7.0,6.0,7.0,7.0,9,7.0,False,Singer/Rapper,Entertainment,32,26-35,Brandon Armstrong,4,United States,Arizona,1,9.0,0.6333333333333333,10.0,1.0000000056752806e-08,1064862.5641152298,0.010648625701586235
Vinny Guadagnino,31,2,27.0,6.75,4,7.0,6.0,7.0,7.0,7,8.0,False,TV Personality,Media,34,26-35,Koko Iwasaki,0,United States,New York,1,9.0,0.6333333333333333,10.0,1.000000002422674e-08,1064862.5641152298,0.010648625666950446
Sam Champion,31,2,26.0,6.5,4,6.0,6.0,7.0,7.0,13,4.0,False,News Anchor,Media,61,>55,Cheryl Burke,24,United States,Kentucky,1,11.0,0.7333333333333333,10.0,1.0000000008397389e-08,1064862.5641152298,0.010648625650094362
Joseph Baena,31,2,24.0,6.0,4,6.0,6.0,6.0,6.0,11,5.0,False,Actor/Actress,Entertainment,24,≤25,Daniella Karagach,2,United States,California,1,13.0,0.8666666666666667,10.0,1.0000000006459378e-08,1064862.5641152298,0.010648625648030647
Jessie James Decker,31,2,25.0,6.25,4,7.0,6.0,6.0,6.0,10,6.0,False,Singer/Rapper,Entertainment,34,26-35,Alan Bersten,6,Italy,Unknown,0,12.0,0.8,10.0,1.0000000005795304e-08,1064862.5641152298,0.010648625647323499
Daniel Durant,31,2,29.0,7.25,4,7.0,7.0,7.0,8.0,5,9.0,False,Actor/Actress,Entertainment,32,26-35,Britt Stewart,2,United States,Michigan,1,5.0,0.3333333333333333,10.0,1.0000000003410059e-08,1064862.5641152298,0.010648625644783541
Teresa Giudice,31,2,23.0,5.75,4,6.0,5.0,6.0,6.0,15,2.0,True,TV Personality,Media,50,46-55,Pasha Pashkov,3,United States,New Jersey,1,14.0,0.9333333333333332,10.0,1.0000000000001598e-08,1064862.5641152298,0.010648625641154
Heidi D'Amelio,31,2,28.0,7.0,4,7.0,7.0,7.0,7.0,8,8.0,False,Social Media Personality,Media,50,46-55,Artem Chigvintsev,10,United States,Louisiana,1,6.0,0.4666666666666667,10.0,1e-08,1064862.5641152298,0.010648625641152298
Shangela,31,2,28.0,7.0,4,7.0,7.0,7.0,7.0,4,,False,TV Personality,Media,40,36-45,Gleb Savchenko,9,United States,Texas,1,6.0,0.4666666666666667,10.0,1e-08,1064862.5641152298,0.010648625641152298
Selma Blair,31,2,28.0,7.0,4,7.0,7.0,7.0,7.0,12,-1.0,False,Actor/Actress,Entertainment,50,46-55,Sasha Farber,9,United States,Michigan,1,6.0,0.4666666666666667,10.0,1e-08,1064862.5641152298,0.010648625641152298
Charli D'Amelio,31,3,33.0,8.25,4,8.0,8.0,8.0,9.0,1,,False,Social Media Personality,Media,18,≤25,Mark Ballas,19,United States,Connecticut,1,1.0,0.1428571428571428,10.0,0.263108577529605,1146775.0690471705,301726.3571634156
Gabby Windey,31,3,33.0,8.25,4,8.0,8.0,8.0,9.0,2,,False,TV Personality,Media,31,26-35,Valentin Chmerkovskiy,17,United States,Illinois,1,1.0,0.1428571428571428,10.0,0.263108577529605,1146775.0690471705,301726.3571634156
Wayne Brady,31,3,33.0,8.25,4,8.0,8.0,8.0,9.0,3,,False,Comedian,Entertainment,50,46-55,Witney Carson,12,United States,Georgia,1,1.0,0.1428571428571428,10.0,0.263108577529605,1146775.0690471705,301726.3571634156
Vinny Guadagnino,31,3,23.0,5.75,4,6.0,5.0,6.0,6.0,7,8.0,False,TV Personality,Media,34,26-35,Koko Iwasaki,0,United States,New York,1,14.0,1.0,10.0,0.10020001000000003,1146775.0690471705,114906.8733862772
Heidi D'Amelio,31,3,32.0,8.0,4,8.0,8.0,8.0,8.0,8,8.0,False,Social Media Personality,Media,50,46-55,Artem Chigvintsev,10,United States,Louisiana,1,4.0,0.2857142857142857,10.0,0.08753250282778328,1146775.0690471705,100380.09197420282
Daniel Durant,31,3,31.0,7.75,4,8.0,7.0,8.0,8.0,5,9.0,False,Actor/Actress,Entertainment,32,26-35,Britt Stewart,2,United States,Michigan,1,5.0,0.3571428571428571,10.0,0.022941674583401697,1146775.0690471705,26308.940454438198
Jordin Sparks,31,3,29.0,7.25,4,7.0,7.0,7.0,8.0,9,7.0,False,Singer/Rapper,Entertainment,32,26-35,Brandon Armstrong,4,United States,Arizona,1,7.0,0.5357142857142857,10.0,1.0000000051982316e-08,1146775.0690471705,0.011467750750083728
Sam Champion,31,3,25.0,6.25,4,6.0,6.0,6.0,7.0,13,4.0,False,News Anchor,Media,61,>55,Cheryl Burke,24,United States,Kentucky,1,12.0,0.8571428571428571,10.0,1.0000000008790412e-08,1146775.0690471705,0.01146775070055233
Trevor Donovan,31,3,27.0,6.75,4,7.0,6.0,7.0,7.0,6,9.0,False,Actor/Actress,Entertainment,39,36-45,Emma Slater,13,United States,California,1,10.0,0.7142857142857143,10.0,1.0000000006120564e-08,1146775.0690471705,0.011467750697490614
Shangela,31,3,30.0,7.5,4,8.0,7.0,7.0,8.0,4,,False,TV Personality,Media,40,36-45,Gleb Savchenko,9,United States,Texas,1,6.0,0.4285714285714285,10.0,1.0000000005144782e-08,1146775.0690471705,0.011467750696371612
Jessie James Decker,31,3,26.0,6.5,4,6.0,6.0,7.0,7.0,10,6.0,False,Singer/Rapper,Entertainment,34,26-35,Alan Bersten,6,Italy,Unknown,0,11.0,0.7857142857142857,10.0,1.0000000004711102e-08,1146775.0690471705,0.011467750695874279
Selma Blair,31,3,28.0,7.0,4,7.0,7.0,7.0,7.0,12,-1.0,False,Actor/Actress,Entertainment,50,46-55,Sasha Farber,9,United States,Michigan,1,9.0,0.6428571428571429,10.0,1.0000000001024814e-08,1146775.0690471705,0.011467750691646936
Cheryl Ladd,31,3,24.0,6.0,4,6.0,6.0,6.0,6.0,14,3.0,True,Actor/Actress,Entertainment,71,>55,Louis van Amstel,10,United States,South Dakota,1,13.0,0.9285714285714286,10.0,1.0000000000001598e-08,1146775.0690471705,0.011467750690473538
Joseph Baena,31,3,29.0,7.25,4,8.0,7.0,7.0,7.0,11,5.0,False,Actor/Actress,Entertainment,24,≤25,Daniella Karagach,2,United States,California,1,7.0,0.5357142857142857,10.0,1e-08,1146775.0690471705,0.011467750690471705
Charli D'Amelio,31,4,36.0,9.0,4,9.0,9.0,9.0,9.0,1,,False,Social Media Personality,Media,18,≤25,Mark Ballas,19,United States,Connecticut,1,1.0,0.1538461538461538,10.0,0.30151803638245384,1228687.5739791112,370471.4646337026
Gabby Windey,31,4,36.0,9.0,4,9.0,9.0,9.0,9.0,2,,False,TV Personality,Media,31,26-35,Valentin Chmerkovskiy,17,United States,Illinois,1,1.0,0.1538461538461538,10.0,0.30151803638245384,1228687.5739791112,370471.4646337026
Wayne Brady,31,4,36.0,9.0,4,9.0,9.0,9.0,9.0,3,,False,Comedian,Entertainment,50,46-55,Witney Carson,12,United States,Georgia,1,1.0,0.1538461538461538,10.0,0.30151803638245384,1228687.5739791112,370471.4646337026
Heidi D'Amelio,31,4,34.0,8.5,4,9.0,8.0,8.0,9.0,8,8.0,False,Social Media Personality,Media,50,46-55,Artem Chigvintsev,10,United States,Louisiana,1,4.0,0.3461538461538461,10.0,0.04080602885476668,1228687.5739791112,50137.86059728488
Jordin Sparks,31,4,34.0,8.5,4,9.0,8.0,8.0,9.0,9,7.0,False,Singer/Rapper,Entertainment,32,26-35,Brandon Armstrong,4,United States,Arizona,1,4.0,0.3461538461538461,10.0,0.04080602885476668,1228687.5739791112,50137.86059728488
Shangela,31,4,32.0,8.0,4,8.0,8.0,8.0,8.0,4,,False,TV Personality,Media,40,36-45,Gleb Savchenko,9,United States,Texas,1,6.0,0.5,10.0,0.005522495472821238,1228687.5739791112,6785.421564811352
Selma Blair,31,4,32.0,8.0,4,8.0,8.0,8.0,8.0,12,-1.0,False,Actor/Actress,Entertainment,50,46-55,Sasha Farber,9,United States,Michigan,1,6.0,0.5,10.0,0.005522495472821238,1228687.5739791112,6785.421564811352
Jessie James Decker,31,4,31.0,7.75,4,8.0,7.0,8.0,8.0,10,6.0,False,Singer/Rapper,Entertainment,34,26-35,Alan Bersten,6,Italy,Unknown,0,8.0,0.6153846153846154,10.0,0.0020316125484132973,1228687.5739791112,2496.2170933754537
Daniel Durant,31,4,29.0,7.25,4,7.0,7.0,7.0,8.0,5,9.0,False,Actor/Actress,Entertainment,32,26-35,Britt Stewart,2,United States,Michigan,1,9.0,0.7307692307692307,10.0,0.00027494885966657015,1228687.5739791112,337.82624735204115
Vinny Guadagnino,31,4,29.0,7.25,4,8.0,7.0,7.0,7.0,7,8.0,False,TV Personality,Media,34,26-35,Koko Iwasaki,0,United States,New York,1,9.0,0.7307692307692307,10.0,0.00027494885966657015,1228687.5739791112,337.82624735204115
Joseph Baena,31,4,28.0,7.0,4,7.0,7.0,7.0,7.0,11,5.0,False,Actor/Actress,Entertainment,24,≤25,Daniella Karagach,2,United States,California,1,11.0,0.8846153846153846,10.0,0.00010114803284486314,1228687.5739791112,124.27933108891435
Trevor Donovan,31,4,28.0,7.0,4,7.0,7.0,7.0,7.0,6,9.0,False,Actor/Actress,Entertainment,39,36-45,Emma Slater,13,United States,California,1,11.0,0.8846153846153846,10.0,0.00010114803284486314,1228687.5739791112,124.27933108891435
Sam Champion,31,4,25.0,6.25,4,7.0,6.0,6.0,6.0,13,4.0,True,News Anchor,Media,61,>55,Cheryl Burke,24,United States,Kentucky,1,13.0,1.0,10.0,5.0358640265221485e-06,1228687.5739791112,6.187503553636176
Charli D'Amelio,31,5,42.0,10.5,4,10.375,10.375,10.375,10.875,1,,False,Social Media Personality,Media,18,≤25,Mark Ballas,19,United States,Connecticut,1,1.0,0.0833333333333333,10.0,0.38168611562671945,1310600.078911052,500237.85325963143
Vinny Guadagnino,31,5,31.0,7.75,4,7.75,7.75,7.75,7.75,7,8.0,False,TV Personality,Media,34,26-35,Koko Iwasaki,0,United States,New York,1,12.0,1.0,10.0,0.36383637363636334,1310600.078911052,476843.97999852884
Daniel Durant,31,5,33.5,8.375,4,8.125,8.125,8.625,8.625,5,9.0,False,Actor/Actress,Entertainment,32,26-35,Britt Stewart,2,United States,Michigan,1,11.0,0.9166666666666666,10.0,0.13656364636363622,1310600.078911052,178980.32570056262
Gabby Windey,31,5,41.0,10.25,4,10.25,10.25,10.25,10.25,2,,False,TV Personality,Media,31,26-35,Valentin Chmerkovskiy,17,United States,Illinois,1,2.0,0.2083333333333333,10.0,0.058956897186640184,1310600.078911052,77268.91410516141
Wayne Brady,31,5,41.0,10.25,4,10.125,10.125,10.125,10.625,3,,False,Comedian,Entertainment,50,46-55,Witney Carson,12,United States,Georgia,1,2.0,0.2083333333333333,10.0,0.058956897186640184,1310600.078911052,77268.91410516141
Heidi D'Amelio,31,5,39.0,9.75,4,9.625,10.125,9.625,9.625,8,8.0,False,Social Media Personality,Media,50,46-55,Artem Chigvintsev,10,United States,Louisiana,1,5.0,0.4166666666666667,10.0,1.0000000254944958e-08,1310600.078911052,0.013106001123241402
Jordin Sparks,31,5,35.5,8.875,4,8.875,8.375,8.875,9.375,9,7.0,False,Singer/Rapper,Entertainment,32,26-35,Brandon Armstrong,4,United States,Arizona,1,9.0,0.75,10.0,1.0000000238681925e-08,1310600.078911052,0.013106001101927072
Jessie James Decker,31,5,36.0,9.0,4,8.875,8.875,9.375,8.875,10,6.0,False,Singer/Rapper,Entertainment,34,26-35,Alan Bersten,6,Italy,Unknown,0,7.0,0.625,10.0,9.999999999999995e-09,1310600.078911052,0.013106000789110514
Joseph Baena,31,5,35.0,8.75,4,9.0,8.5,9.0,8.5,11,5.0,True,Actor/Actress,Entertainment,24,≤25,Daniella Karagach,2,United States,California,1,10.0,0.8333333333333334,10.0,9.999999999999995e-09,1310600.078911052,0.013106000789110514
Trevor Donovan,31,5,36.0,9.0,4,9.0,9.0,9.0,9.0,6,9.0,False,Actor/Actress,Entertainment,39,36-45,Emma Slater,13,United States,California,1,7.0,0.625,10.0,9.999999999999995e-09,1310600.078911052,0.013106000789110514
Shangela,31,5,38.5,9.625,4,9.75,9.25,9.75,9.75,4,,False,TV Personality,Media,40,36-45,Gleb Savchenko,9,United States,Texas,1,6.0,0.5,10.0,9.999999999999995e-09,1310600.078911052,0.013106000789110514
Selma Blair,31,5,40.0,10.0,4,10.0,10.0,10.0,10.0,12,-1.0,False,Actor/Actress,Entertainment,50,46-55,Sasha Farber,9,United States,Michigan,1,4.0,0.3333333333333333,10.0,9.999999999999995e-09,1310600.078911052,0.013106000789110514
Charli D'Amelio,31,6,40.0,10.0,4,10.0,10.0,10.0,10.0,1,,False,Social Media Personality,Media,18,≤25,Mark Ballas,19,United States,Connecticut,1,1.0,0.1,10.0,0.6664665766666665,1392512.5838429925,928063.0947190938
Vinny Guadagnino,31,6,28.0,7.0,4,7.0,7.0,7.0,7.0,7,8.0,False,TV Personality,Media,34,26-35,Koko Iwasaki,0,United States,New York,1,10.0,1.0,10.0,0.33353334333333345,1392512.5838429925,464449.3777228921
Heidi D'Amelio,31,6,36.0,9.0,4,9.0,9.0,9.0,9.0,8,8.0,False,Social Media Personality,Media,50,46-55,Artem Chigvintsev,10,United States,Louisiana,1,3.0,0.35,10.0,1.0000000032900356e-08,1392512.5838429925,0.013925125884244086
Trevor Donovan,31,6,34.0,8.5,4,9.0,8.0,8.0,9.0,6,9.0,False,Actor/Actress,Entertainment,39,36-45,Emma Slater,13,United States,California,1,5.0,0.65,10.0,1.000000001945625e-08,1392512.5838429925,0.013925125865522997
Gabby Windey,31,6,37.0,9.25,4,9.0,9.0,9.0,10.0,2,,False,TV Personality,Media,31,26-35,Valentin Chmerkovskiy,17,United States,Illinois,1,2.0,0.2,10.0,1.0000000008614228e-08,1392512.5838429925,0.013925125850425346
Shangela,31,6,36.0,9.0,4,9.0,9.0,9.0,9.0,4,,False,TV Personality,Media,40,36-45,Gleb Savchenko,9,United States,Texas,1,3.0,0.35,10.0,1.0000000001675334e-08,1392512.5838429925,0.013925125840762848
Jessie James Decker,31,6,32.0,8.0,4,8.0,8.0,8.0,8.0,10,6.0,True,Singer/Rapper,Entertainment,34,26-35,Alan Bersten,6,Italy,Unknown,0,9.0,0.9,10.0,9.999999999999999e-09,1392512.5838429925,0.013925125838429923
Jordin Sparks,31,6,34.0,8.5,4,9.0,8.0,8.0,9.0,9,7.0,False,Singer/Rapper,Entertainment,32,26-35,Brandon Armstrong,4,United States,Arizona,1,5.0,0.65,10.0,9.999999999999999e-09,1392512.5838429925,0.013925125838429923
Daniel Durant,31,6,34.0,8.5,4,9.0,8.0,8.0,9.0,5,9.0,False,Actor/Actress,Entertainment,32,26-35,Britt Stewart,2,United States,Michigan,1,5.0,0.65,10.0,9.999999999999999e-09,1392512.5838429925,0.013925125838429923
Wayne Brady,31,6,34.0,8.5,4,8.0,9.0,8.0,9.0,3,,False,Comedian,Entertainment,50,46-55,Witney Carson,12,United States,Georgia,1,5.0,0.65,10.0,9.999999999999999e-09,1392512.5838429925,0.013925125838429923
Vinny Guadagnino,31,7,31.5,7.875,4,7.5,8.0,8.0,8.0,7,8.0,False,TV Personality,Media,34,26-35,Koko Iwasaki,0,United States,New York,1,9.0,1.0,10.0,0.40020001,1474425.0887749335,590064.9352719793
Trevor Donovan,31,7,39.0,9.75,4,10.0,9.0,10.0,10.0,6,9.0,False,Actor/Actress,Entertainment,39,36-45,Emma Slater,13,United States,California,1,1.0,0.1666666666666666,10.0,0.2812174959179382,1474425.0887749335,414634.13138387055
Charli D'Amelio,31,7,39.0,9.75,4,9.5,9.5,10.0,10.0,1,,False,Social Media Personality,Media,18,≤25,Mark Ballas,19,United States,Connecticut,1,1.0,0.1666666666666666,10.0,0.28121749591793815,1474425.0887749335,414634.13138387044
Wayne Brady,31,7,38.0,9.5,4,9.5,9.0,9.5,10.0,3,,False,Comedian,Entertainment,50,46-55,Witney Carson,12,United States,Georgia,1,3.0,0.3333333333333333,10.0,0.0373649481641234,1474425.0887749335,55091.817013958425
Heidi D'Amelio,31,7,35.0,8.75,4,8.5,9.0,9.0,8.5,8,8.0,False,Social Media Personality,Media,50,46-55,Artem Chigvintsev,10,United States,Louisiana,1,7.0,0.7777777777777778,10.0,1.0000000136983765e-08,1474425.0887749335,0.014744251089721635
Shangela,31,7,36.5,9.125,4,9.0,9.5,9.0,9.0,4,,False,TV Personality,Media,40,36-45,Gleb Savchenko,9,United States,Texas,1,4.0,0.5,10.0,1.0000000126575424e-08,1474425.0887749335,0.014744251074375315
Gabby Windey,31,7,35.5,8.875,4,9.0,9.0,8.5,9.0,2,,False,TV Personality,Media,31,26-35,Valentin Chmerkovskiy,17,United States,Illinois,1,6.0,0.6666666666666666,10.0,1.0000000024226739e-08,1474425.0887749335,0.014744250923469846
Daniel Durant,31,7,36.5,9.125,4,9.0,8.5,9.5,9.5,5,9.0,False,Actor/Actress,Entertainment,32,26-35,Britt Stewart,2,United States,Michigan,1,4.0,0.5,10.0,1.0000000001675334e-08,1474425.0887749335,0.014744250890219489
Jordin Sparks,31,7,34.5,8.625,4,8.5,9.0,8.5,8.5,9,7.0,True,Singer/Rapper,Entertainment,32,26-35,Brandon Armstrong,4,United States,Arizona,1,8.0,0.8888888888888888,10.0,9.999999999999999e-09,1474425.0887749335,0.014744250887749333
Charli D'Amelio,31,8,45.0,11.25,4,11.25,11.25,11.25,11.25,1,,False,Social Media Personality,Media,18,≤25,Mark Ballas,19,United States,Connecticut,1,1.0,0.1875,10.0,0.4850770808777216,1556337.593706874,754943.6968155879
Wayne Brady,31,8,45.0,11.25,4,11.25,11.25,11.25,11.25,3,,False,Comedian,Entertainment,50,46-55,Witney Carson,12,United States,Georgia,1,1.0,0.1875,10.0,0.4850770808777216,1556337.593706874,754943.6968155879
Shangela,31,8,42.0,10.5,4,11.25,10.25,10.25,10.25,4,,False,TV Personality,Media,40,36-45,Gleb Savchenko,9,United States,Texas,1,3.0,0.375,10.0,0.024150565789342996,1556337.593706874,37586.43344724563
Gabby Windey,31,8,40.0,10.0,4,10.0,10.0,10.0,10.0,2,,False,TV Personality,Media,31,26-35,Valentin Chmerkovskiy,17,United States,Illinois,1,4.0,0.5,10.0,0.0032684236614251828,1556337.593706874,5086.770616437079
Daniel Durant,31,8,39.0,9.75,4,10.0,9.0,10.0,10.0,5,9.0,False,Actor/Actress,Entertainment,32,26-35,Britt Stewart,2,United States,Michigan,1,5.0,0.6875,10.0,0.0012023858700766156,1556337.593706874,1871.3183317421858
Trevor Donovan,31,8,39.0,9.75,4,9.25,10.25,9.25,10.25,6,9.0,False,Actor/Actress,Entertainment,39,36-45,Emma Slater,13,United States,California,1,5.0,0.6875,10.0,0.0012023858700766156,1556337.593706874,1871.3183317421858
Heidi D'Amelio,31,8,35.0,8.75,4,9.0,8.0,9.0,9.0,8,8.0,True,Social Media Personality,Media,50,46-55,Artem Chigvintsev,10,United States,Louisiana,1,7.0,0.875,10.0,2.2022465401239747e-05,1556337.593706874,34.27439081005836
Vinny Guadagnino,31,8,29.0,7.25,4,8.0,7.0,7.0,7.0,7,8.0,True,TV Personality,Media,34,26-35,Koko Iwasaki,0,United States,New York,1,8.0,1.0,10.0,5.458823404888259e-08,1556337.593706874,0.08495772082434558
Charli D'Amelio,31,9,40.0,10.0,4,10.0,10.0,10.0,10.0,1,,False,Social Media Personality,Media,18,≤25,Mark Ballas,19,United States,Connecticut,1,1.0,0.25,10.0,0.4842533820160145,1638250.098638815,793328.1508539155
Gabby Windey,31,9,40.0,10.0,4,10.0,10.0,10.0,10.0,2,,False,TV Personality,Media,31,26-35,Valentin Chmerkovskiy,17,United States,Illinois,1,1.0,0.25,10.0,0.4842533820160145,1638250.098638815,793328.1508539155
Shangela,31,9,36.5,9.125,4,9.5,9.0,9.0,9.0,4,,False,TV Personality,Media,40,36-45,Gleb Savchenko,9,United States,Texas,1,3.0,0.5833333333333334,10.0,0.014623185050292064,1638250.098638815,23956.43435105462
Wayne Brady,31,9,36.5,9.125,4,9.5,9.0,9.0,9.0,3,,False,Comedian,Entertainment,50,46-55,Witney Carson,12,United States,Georgia,1,3.0,0.5833333333333334,10.0,0.014623185050292064,1638250.098638815,23956.43435105462
Daniel Durant,31,9,34.5,8.625,4,9.0,8.0,9.0,8.5,5,9.0,True,Actor/Actress,Entertainment,32,26-35,Britt Stewart,2,United States,Michigan,1,5.0,0.8333333333333334,10.0,0.0019790328906026766,1638250.098638815,3242.1508282392942
Trevor Donovan,31,9,32.5,8.125,4,8.5,8.0,8.0,8.0,6,9.0,True,Actor/Actress,Entertainment,39,36-45,Emma Slater,13,United States,California,1,6.0,1.0,10.0,0.00026783297678428564,1638250.098638815,438.77740063558343
Charli D'Amelio,31,10,40.0,10.0,4,10.0,10.0,10.0,10.0,1,,False,Social Media Personality,Media,18,≤25,Mark Ballas,19,United States,Connecticut,1,1.0,0.375,10.0,0.4403985389889412,1720162.6035707558,757557.0974359742
Gabby Windey,31,10,40.0,10.0,4,10.0,10.0,10.0,10.0,2,,False,TV Personality,Media,31,26-35,Valentin Chmerkovskiy,17,United States,Illinois,1,1.0,0.375,10.0,0.4403985389889412,1720162.6035707558,757557.0974359742
Shangela,31,10,38.0,9.5,4,9.5,9.5,9.5,9.5,4,,False,TV Personality,Media,40,36-45,Gleb Savchenko,9,United States,Texas,1,3.0,0.875,10.0,0.05960146101105878,1720162.6035707558,102524.20434940376
Wayne Brady,31,10,38.0,9.5,4,9.5,9.5,9.5,9.5,3,,False,Comedian,Entertainment,50,46-55,Witney Carson,12,United States,Georgia,1,3.0,0.875,10.0,0.05960146101105878,1720162.6035707558,102524.20434940376
Charity Lawson,32,1,22.0,7.333333333333333,3,7.0,7.0,8.0,,4,,False,TV Personality,Media,27,26-35,Artem Chigvintsev,11,United States,Georgia,1,1.0,0.0714285714285714,11.0,0.5453821022210701,812217.1586810019,442968.7014614693
Jason Mraz,32,1,21.0,7.0,3,7.0,7.0,7.0,,2,,False,Singer/Rapper,Entertainment,46,46-55,Daniella Karagach,3,United States,Virginia,1,2.0,0.1785714285714285,11.0,0.20061614388669646,812217.1586810019,162943.87437319165
Ariana Madix,32,1,21.0,7.0,3,7.0,7.0,7.0,,3,,False,TV Personality,Media,38,36-45,Pasha Pashkov,4,United States,Florida,1,2.0,0.1785714285714285,11.0,0.20061614388669646,812217.1586810019,162943.87437319165
Lele Pons,32,1,19.0,6.333333333333333,3,6.0,7.0,6.0,,8,7.0,False,Social Media Personality,Media,27,26-35,Brandon Armstrong,5,Venezuela,Unknown,0,4.0,0.2857142857142857,11.0,0.027124837178185666,812217.1586810019,22031.258182550766
Adrian Peterson,32,1,18.0,6.0,3,6.0,6.0,6.0,,11,4.0,False,Athlete,Sports,38,36-45,Britt Stewart,3,United States,Texas,1,5.0,0.3928571428571428,11.0,0.00995995083968007,812217.1586810019,8089.642971607405
Xochitl Gomez,32,1,18.0,6.0,3,6.0,6.0,6.0,,1,,False,Actor/Actress,Entertainment,17,≤25,Valentin Chmerkovskiy,18,United States,California,1,5.0,0.3928571428571428,11.0,0.00995995083968007,812217.1586810019,8089.642971607405
Mira Sorvino,32,1,17.0,5.666666666666667,3,6.0,5.0,6.0,,10,5.0,False,Actor/Actress,Entertainment,55,46-55,Gleb Savchenko,10,United States,New York,1,7.0,0.5,11.0,0.00364534204569931,812217.1586810019,2960.8093587782846
Barry Williams,32,1,16.0,5.333333333333333,3,6.0,5.0,5.0,,7,8.0,False,Actor/Actress,Entertainment,68,>55,Peta Murgatroyd,14,United States,California,1,8.0,0.5714285714285714,11.0,0.0013223272913533918,812217.1586810019,1074.0169154293972
Jamie Lynn Spears,32,1,15.0,5.0,3,5.0,5.0,5.0,,13,2.0,False,Actor/Actress,Entertainment,32,26-35,Alan Bersten,7,United States,Mississippi,1,9.0,0.6785714285714286,11.0,0.00046773792169160024,812217.1586810019,379.9047657637085
Mauricio Umansky,32,1,15.0,5.0,3,5.0,5.0,5.0,,9,6.0,False,TV Personality,Media,53,46-55,Emma Slater,14,Mexico,Unknown,0,9.0,0.6785714285714286,11.0,0.00046773792169160024,812217.1586810019,379.9047657637085
Tyson Beckford,32,1,12.0,4.0,3,4.0,4.0,4.0,,12,3.0,False,Model,Model,52,46-55,Jenna Johnson,6,United States,New York,1,12.0,0.9285714285714286,11.0,0.00020001000000000009,812217.1586810019,162.45155390778726
Harry Jowsey,32,1,12.0,4.0,3,4.0,4.0,4.0,,6,9.0,False,TV Personality,Media,26,26-35,Rylee Arnold,0,Australia,Unknown,0,12.0,0.9285714285714286,11.0,0.00020001000000000006,812217.1586810019,162.45155390778723
Alyson Hannigan,32,1,13.0,4.333333333333333,3,5.0,4.0,4.0,,5,,False,Actor/Actress,Entertainment,49,46-55,Sasha Farber,10,United States,Washington D.C.,1,11.0,0.7857142857142857,11.0,3.769596755518816e-05,812217.1586810019,30.61731166140616
Matt Walsh,32,1,12.0,4.0,3,4.0,4.0,4.0,,14,1.0,True,Comedian,Entertainment,58,>55,Koko Iwasaki,1,United States,Illinois,1,12.0,0.9285714285714286,11.0,1.000000000005242e-08,812217.1586810019,0.008122171586852595
Mauricio Umansky,32,2,12.0,4.0,3,4.0,4.0,4.0,,9,6.0,False,TV Personality,Media,53,46-55,Emma Slater,14,Mexico,Unknown,0,13.0,1.0,11.0,0.33353334333333245,873133.4455820771,291219.1172811425
Jason Mraz,32,2,24.0,8.0,3,8.0,8.0,8.0,,2,,False,Singer/Rapper,Entertainment,46,46-55,Daniella Karagach,3,United States,Virginia,1,1.0,0.1153846153846153,11.0,0.20793327833333333,873133.4455820771,181553.49976236038
Xochitl Gomez,32,2,24.0,8.0,3,8.0,8.0,8.0,,1,,False,Actor/Actress,Entertainment,17,≤25,Valentin Chmerkovskiy,18,United States,California,1,1.0,0.1153846153846153,11.0,0.20793327833333317,873133.4455820771,181553.49976236024
Harry Jowsey,32,2,15.0,5.0,3,5.0,5.0,5.0,,6,9.0,False,TV Personality,Media,26,26-35,Rylee Arnold,0,Australia,Unknown,0,10.0,0.8461538461538461,11.0,0.08353334333333348,873133.4455820771,72935.7558856241
Barry Williams,32,2,15.0,5.0,3,5.0,5.0,5.0,,7,8.0,False,Actor/Actress,Entertainment,68,>55,Peta Murgatroyd,14,United States,California,1,10.0,0.8461538461538461,11.0,0.08353334333333332,873133.4455820771,72935.75588562395
Adrian Peterson,32,2,15.0,5.0,3,5.0,5.0,5.0,,11,4.0,False,Athlete,Sports,38,36-45,Britt Stewart,3,United States,Texas,1,10.0,0.8461538461538461,11.0,0.08353334333333325,873133.4455820771,72935.75588562389
Jamie Lynn Spears,32,2,16.0,5.333333333333333,3,6.0,5.0,5.0,,13,2.0,True,Actor/Actress,Entertainment,32,26-35,Alan Bersten,7,United States,Mississippi,1,9.0,0.6923076923076923,11.0,1.0000000863805793e-08,873133.4455820771,0.0087313352100385
Ariana Madix,32,2,20.0,6.666666666666667,3,6.0,7.0,7.0,,3,,False,TV Personality,Media,38,36-45,Pasha Pashkov,4,United States,Florida,1,5.0,0.3846153846153846,11.0,1.0000000065860099e-08,873133.4455820771,0.008731334513325426
Mira Sorvino,32,2,18.0,6.0,3,6.0,6.0,6.0,,10,5.0,False,Actor/Actress,Entertainment,55,46-55,Gleb Savchenko,10,United States,New York,1,7.0,0.5769230769230769,11.0,1.0000000065209578e-08,873133.4455820771,0.008731334512757434
Tyson Beckford,32,2,18.0,6.0,3,6.0,6.0,6.0,,12,3.0,False,Model,Model,52,46-55,Jenna Johnson,6,United States,New York,1,7.0,0.5769230769230769,11.0,1.0000000038971885e-08,873133.4455820771,0.008731334489848428
Charity Lawson,32,2,21.0,7.0,3,7.0,7.0,7.0,,4,,False,TV Personality,Media,27,26-35,Artem Chigvintsev,11,United States,Georgia,1,3.0,0.2692307692307692,11.0,1.000000000167533e-08,873133.4455820771,0.008731334457283559
Lele Pons,32,2,21.0,7.0,3,7.0,7.0,7.0,,8,7.0,False,Social Media Personality,Media,27,26-35,Brandon Armstrong,5,Venezuela,Unknown,0,3.0,0.2692307692307692,11.0,1.000000000167533e-08,873133.4455820771,0.008731334457283559
Alyson Hannigan,32,2,19.0,6.333333333333333,3,7.0,6.0,6.0,,5,,False,Actor/Actress,Entertainment,49,46-55,Sasha Farber,10,United States,Washington D.C.,1,6.0,0.4615384615384615,11.0,9.999999999999995e-09,873133.4455820771,0.008731334455820767
Jason Mraz,32,3,34.0,8.5,4,9.0,8.0,9.0,8.0,2,,False,Singer/Rapper,Entertainment,46,46-55,Daniella Karagach,3,United States,Virginia,1,1.0,0.125,11.0,0.440110665300528,934049.7324831522,411085.2491869403
Ariana Madix,32,3,34.0,8.5,4,9.0,8.0,9.0,8.0,3,,False,TV Personality,Media,38,36-45,Pasha Pashkov,4,United States,Florida,1,1.0,0.125,11.0,0.440110665300528,934049.7324831522,411085.2491869403
Charity Lawson,32,3,32.0,8.0,4,8.0,8.0,8.0,8.0,4,,False,TV Personality,Media,27,26-35,Artem Chigvintsev,11,United States,Georgia,1,3.0,0.2916666666666667,11.0,0.05956250154390101,934049.7324831522,55634.33863310808
Xochitl Gomez,32,3,32.0,8.0,4,8.0,8.0,8.0,8.0,1,,False,Actor/Actress,Entertainment,17,≤25,Valentin Chmerkovskiy,18,United States,California,1,3.0,0.2916666666666667,11.0,0.05956250154390101,934049.7324831522,55634.33863310808
Lele Pons,32,3,27.0,6.75,4,7.0,6.0,7.0,7.0,8,7.0,False,Social Media Personality,Media,27,26-35,Brandon Armstrong,5,Venezuela,Unknown,0,5.0,0.4166666666666667,11.0,0.0004013289785357513,934049.7324831522,374.8612250390552
Mira Sorvino,32,3,26.0,6.5,4,6.0,6.0,7.0,7.0,10,5.0,False,Actor/Actress,Entertainment,55,46-55,Gleb Savchenko,10,United States,New York,1,6.0,0.5,11.0,0.00014764068034963794,934049.7324831522,137.9037379842099
Barry Williams,32,3,25.0,6.25,4,6.0,6.0,7.0,6.0,7,8.0,False,Actor/Actress,Entertainment,68,>55,Peta Murgatroyd,14,United States,California,1,7.0,0.5833333333333334,11.0,5.431397098119636e-05,934049.7324831522,50.73195006508415
Harry Jowsey,32,3,24.0,6.0,4,6.0,5.0,7.0,6.0,6,9.0,False,TV Personality,Media,26,26-35,Rylee Arnold,0,Australia,Unknown,0,8.0,0.7083333333333334,11.0,1.998099329236445e-05,934049.7324831522,18.663241439480675
Alyson Hannigan,32,3,24.0,6.0,4,6.0,6.0,6.0,6.0,5,,False,Actor/Actress,Entertainment,49,46-55,Sasha Farber,10,United States,Washington D.C.,1,8.0,0.7083333333333334,11.0,1.998099329236445e-05,934049.7324831522,18.663241439480675
Mauricio Umansky,32,3,23.0,5.75,4,7.0,5.0,6.0,5.0,9,6.0,False,TV Personality,Media,53,46-55,Emma Slater,14,Mexico,Unknown,0,10.0,0.8333333333333334,11.0,7.350596646445371e-06,934049.7324831522,6.865822831203855
Adrian Peterson,32,3,22.0,5.5,4,5.0,5.0,6.0,6.0,11,4.0,False,Athlete,Sports,38,36-45,Britt Stewart,3,United States,Texas,1,11.0,0.9166666666666666,11.0,2.7041333865710013e-06,934049.7324831522,2.5257950663254043
Tyson Beckford,32,3,20.0,5.0,4,5.0,5.0,5.0,5.0,12,3.0,True,Model,Model,52,46-55,Jenna Johnson,6,United States,New York,1,12.0,1.0,11.0,3.659646577811671e-07,934049.7324831522,0.3418291906987875
Alyson Hannigan,32,4,18.0,6.0,3,6.0,6.0,6.0,,5,,False,Actor/Actress,Entertainment,49,46-55,Sasha Farber,10,United States,Washington D.C.,1,10.0,0.9545454545454546,11.0,0.33353334333333345,994966.0193842273,331854.34294827963
Barry Williams,32,4,18.0,6.0,3,6.0,6.0,6.0,,7,8.0,False,Actor/Actress,Entertainment,68,>55,Peta Murgatroyd,14,United States,California,1,10.0,0.9545454545454546,11.0,0.3335333433333322,994966.0193842273,331854.34294827835
Mauricio Umansky,32,4,19.0,6.333333333333333,3,7.0,6.0,6.0,,9,6.0,False,TV Personality,Media,53,46-55,Emma Slater,14,Mexico,Unknown,0,9.0,0.8181818181818182,11.0,0.22242223222222207,994966.0193842273,221302.56301669852
Xochitl Gomez,32,4,27.0,9.0,3,9.0,9.0,9.0,,1,,False,Actor/Actress,Entertainment,17,≤25,Valentin Chmerkovskiy,18,United States,California,1,1.0,0.0909090909090909,11.0,0.11011101111111074,994966.0193842273,109556.71441559428
Harry Jowsey,32,4,21.0,7.0,3,7.0,7.0,7.0,,6,9.0,False,TV Personality,Media,26,26-35,Rylee Arnold,0,Australia,Unknown,0,6.0,0.6363636363636364,11.0,0.00020001000000014575,994966.0193842273,199.00315353718432
Mira Sorvino,32,4,21.0,7.0,3,7.0,7.0,7.0,,10,5.0,False,Actor/Actress,Entertainment,55,46-55,Gleb Savchenko,10,United States,New York,1,6.0,0.6363636363636364,11.0,0.00020001000000012927,994966.0193842273,199.00315353716792
Charity Lawson,32,4,24.0,8.0,3,8.0,8.0,8.0,,4,,False,TV Personality,Media,27,26-35,Artem Chigvintsev,11,United States,Georgia,1,3.0,0.3181818181818182,11.0,1.000000068862581e-08,994966.0193842273,0.009949660879001555
Lele Pons,32,4,22.0,7.333333333333333,3,7.0,7.0,8.0,,8,7.0,False,Social Media Personality,Media,27,26-35,Brandon Armstrong,5,Venezuela,Unknown,0,5.0,0.4545454545454545,11.0,1.00000004440298e-08,994966.0193842273,0.009949660635636836
Ariana Madix,32,4,25.0,8.333333333333334,3,8.0,9.0,8.0,,3,,False,TV Personality,Media,38,36-45,Pasha Pashkov,4,United States,Florida,1,2.0,0.1818181818181818,11.0,1.000000036943669e-08,994966.0193842273,0.009949660561419228
Jason Mraz,32,4,24.0,8.0,3,8.0,8.0,8.0,,2,,False,Singer/Rapper,Entertainment,46,46-55,Daniella Karagach,3,United States,Virginia,1,3.0,0.3181818181818182,11.0,1.0000000001675314e-08,994966.0193842273,0.009949660195509153
Adrian Peterson,32,4,21.0,7.0,3,7.0,7.0,7.0,,11,4.0,True,Athlete,Sports,38,36-45,Britt Stewart,3,United States,Texas,1,6.0,0.6363636363636364,11.0,9.999999999999979e-09,994966.0193842273,0.009949660193842252
Harry Jowsey,32,5,18.0,6.0,3,6.0,6.0,6.0,,6,9.0,False,TV Personality,Media,26,26-35,Rylee Arnold,0,Australia,Unknown,0,10.0,1.0,11.0,0.40020001,1055882.3062853024,422564.1095342011
Xochitl Gomez,32,5,28.0,9.333333333333334,3,9.0,10.0,9.0,,1,,False,Actor/Actress,Entertainment,17,≤25,Valentin Chmerkovskiy,18,United States,California,1,1.0,0.15,11.0,0.24979996000000002,1055882.3062853024,263759.3578747763
Charity Lawson,32,5,28.0,9.333333333333334,3,10.0,9.0,9.0,,4,,False,TV Personality,Media,27,26-35,Artem Chigvintsev,11,United States,Georgia,1,1.0,0.15,11.0,0.2497999599999998,1055882.3062853024,263759.35787477606
Alyson Hannigan,32,5,21.0,7.0,3,7.0,7.0,7.0,,5,,False,Actor/Actress,Entertainment,49,46-55,Sasha Farber,10,United States,Washington D.C.,1,9.0,0.9,11.0,0.10020001000000003,1055882.3062853024,105799.4176486104
Mira Sorvino,32,5,22.0,7.333333333333333,3,7.0,8.0,7.0,,10,5.0,True,Actor/Actress,Entertainment,55,46-55,Gleb Savchenko,10,United States,New York,1,8.0,0.8,11.0,1.0000000098819845e-08,1055882.3062853024,0.01055882316719515
Mauricio Umansky,32,5,24.0,8.0,3,8.0,8.0,8.0,,9,6.0,False,TV Personality,Media,53,46-55,Emma Slater,14,Mexico,Unknown,0,4.0,0.55,11.0,1.000000004157397e-08,1055882.3062853024,0.010558823106750244
Lele Pons,32,5,24.0,8.0,3,8.0,8.0,8.0,,8,7.0,False,Social Media Personality,Media,27,26-35,Brandon Armstrong,5,Venezuela,Unknown,0,4.0,0.55,11.0,9.999999999999995e-09,1055882.3062853024,0.010558823062853018
Jason Mraz,32,5,27.0,9.0,3,9.0,9.0,9.0,,2,,False,Singer/Rapper,Entertainment,46,46-55,Daniella Karagach,3,United States,Virginia,1,3.0,0.3,11.0,9.999999999999995e-09,1055882.3062853024,0.010558823062853018
Ariana Madix,32,5,24.0,8.0,3,8.0,8.0,8.0,,3,,False,TV Personality,Media,38,36-45,Pasha Pashkov,4,United States,Florida,1,4.0,0.55,11.0,9.999999999999995e-09,1055882.3062853024,0.010558823062853018
Barry Williams,32,5,24.0,8.0,3,8.0,8.0,8.0,,7,8.0,False,Actor/Actress,Entertainment,68,>55,Peta Murgatroyd,14,United States,California,1,4.0,0.55,11.0,9.999999999999995e-09,1055882.3062853024,0.010558823062853018
Xochitl Gomez,32,6,42.0,10.5,4,10.25,10.25,11.25,10.25,1,,False,Actor/Actress,Entertainment,17,≤25,Valentin Chmerkovskiy,18,United States,California,1,1.0,0.1111111111111111,11.0,0.4495131739752234,1116798.5931863775,502015.6803142729
Harry Jowsey,32,6,29.0,7.25,4,7.25,7.25,7.25,7.25,6,9.0,False,TV Personality,Media,26,26-35,Rylee Arnold,0,Australia,Unknown,0,9.0,1.0,11.0,0.3078923176923079,1116798.5931863775,343853.7072516627
Alyson Hannigan,32,6,31.0,7.75,4,7.5,7.5,7.5,8.5,5,,False,Actor/Actress,Entertainment,49,46-55,Sasha Farber,10,United States,Washington D.C.,1,8.0,0.8888888888888888,11.0,0.15404616384615383,1116798.5931863775,172038.5390691428
Barry Williams,32,6,32.0,8.0,4,8.25,7.25,8.25,8.25,7,8.0,False,Actor/Actress,Entertainment,68,>55,Peta Murgatroyd,14,United States,California,1,7.0,0.7777777777777778,11.0,0.07712308692307691,1116798.5931863775,86130.95497788301
Ariana Madix,32,6,41.0,10.25,4,10.0,10.0,10.0,11.0,3,,False,TV Personality,Media,38,36-45,Pasha Pashkov,4,United States,Florida,1,2.0,0.2222222222222222,11.0,0.011425217563237883,1116798.5931863775,12759.666901472361
Jason Mraz,32,6,39.0,9.75,4,9.75,9.75,9.75,9.75,2,,False,Singer/Rapper,Entertainment,46,46-55,Daniella Karagach,3,United States,Virginia,1,3.0,0.3333333333333333,11.0,1.000000000167533e-08,1116798.5931863775,0.011167985933734782
Charity Lawson,32,6,38.0,9.5,4,9.75,9.75,8.75,9.75,4,,False,TV Personality,Media,27,26-35,Artem Chigvintsev,11,United States,Georgia,1,4.0,0.4444444444444444,11.0,9.999999999999995e-09,1116798.5931863775,0.01116798593186377
Lele Pons,32,6,37.0,9.25,4,9.0,9.0,9.0,10.0,8,7.0,False,Social Media Personality,Media,27,26-35,Brandon Armstrong,5,Venezuela,Unknown,0,5.0,0.5555555555555556,11.0,9.999999999999995e-09,1116798.5931863775,0.01116798593186377
Mauricio Umansky,32,6,33.0,8.25,4,8.5,8.5,7.5,8.5,9,6.0,True,TV Personality,Media,53,46-55,Emma Slater,14,Mexico,Unknown,0,6.0,0.6666666666666666,11.0,9.999999999999995e-09,1116798.5931863775,0.01116798593186377
Ariana Madix,32,7,37.0,9.25,4,9.0,9.0,10.0,9.0,3,,False,TV Personality,Media,38,36-45,Pasha Pashkov,4,United States,Florida,1,1.0,0.1875,11.0,0.2860844161058333,1177714.880087453,336925.87380897044
Xochitl Gomez,32,7,37.0,9.25,4,9.5,9.0,9.5,9.0,1,,False,Actor/Actress,Entertainment,17,≤25,Valentin Chmerkovskiy,18,United States,California,1,1.0,0.1875,11.0,0.2860844161058333,1177714.880087453,336925.87380897044
Lele Pons,32,7,36.5,9.125,4,9.5,9.0,9.0,9.0,8,7.0,True,Social Media Personality,Media,27,26-35,Brandon Armstrong,5,Venezuela,Unknown,0,3.0,0.375,11.0,0.1735189696341746,1177714.880087453,204355.87251561033
Charity Lawson,32,7,36.0,9.0,4,9.0,9.0,9.0,9.0,4,,False,TV Personality,Media,27,26-35,Artem Chigvintsev,11,United States,Georgia,1,4.0,0.5625,11.0,0.10524457512487234,1177714.880087453,123948.10217304397
Jason Mraz,32,7,36.0,9.0,4,8.5,8.5,10.0,9.0,2,,False,Singer/Rapper,Entertainment,46,46-55,Daniella Karagach,3,United States,Virginia,1,4.0,0.5625,11.0,0.10524457512487234,1177714.880087453,123948.10217304397
Alyson Hannigan,32,7,35.0,8.75,4,8.5,8.5,9.5,8.5,5,,False,Actor/Actress,Entertainment,49,46-55,Sasha Farber,10,United States,Washington D.C.,1,6.0,0.75,11.0,0.03871731548326392,1177714.880087453,45597.95856168025
Barry Williams,32,7,32.5,8.125,4,8.0,8.0,8.5,8.0,7,8.0,False,Actor/Actress,Entertainment,68,>55,Peta Murgatroyd,14,United States,California,1,7.0,0.875,11.0,0.0031781107881647735,1177714.880087453,3742.908365788117
Harry Jowsey,32,7,32.0,8.0,4,8.0,8.0,8.0,8.0,6,9.0,False,TV Personality,Media,26,26-35,Rylee Arnold,0,Australia,Unknown,0,8.0,1.0,11.0,0.0019276216329854176,1177714.880087453,2270.1886803454013
Harry Jowsey,32,8,28.0,7.0,4,7.0,7.0,7.0,7.0,6,9.0,False,TV Personality,Media,26,26-35,Rylee Arnold,0,Australia,Unknown,0,7.0,1.0,11.0,0.5002000099999998,1238631.166988528,619563.3221139732
Ariana Madix,32,8,42.0,10.5,4,9.75,10.75,10.75,10.75,3,,False,TV Personality,Media,38,36-45,Pasha Pashkov,4,United States,Florida,1,1.0,0.1428571428571428,11.0,0.35674279714285684,1238631.166988528,441872.7471398085
Jason Mraz,32,8,33.0,8.25,4,8.0,9.0,8.0,8.0,2,,False,Singer/Rapper,Entertainment,46,46-55,Daniella Karagach,3,United States,Virginia,1,6.0,0.8571428571428571,11.0,0.1430571528571431,1238631.166988528,177195.04818949942
Alyson Hannigan,32,8,36.0,9.0,4,8.75,8.75,9.75,8.75,5,,False,Actor/Actress,Entertainment,49,46-55,Sasha Farber,10,United States,Washington D.C.,1,4.0,0.5714285714285714,11.0,1.000000019639804e-08,1238631.166988528,0.012386311913150014
Charity Lawson,32,8,39.0,9.75,4,9.75,9.75,9.75,9.75,4,,False,TV Personality,Media,27,26-35,Artem Chigvintsev,11,United States,Georgia,1,3.0,0.4285714285714285,11.0,1.000000007106427e-08,1238631.166988528,0.0123863117579077
Barry Williams,32,8,35.0,8.75,4,8.75,8.75,8.75,8.75,7,8.0,True,Actor/Actress,Entertainment,68,>55,Peta Murgatroyd,14,United States,California,1,5.0,0.7142857142857143,11.0,1.0000000000049027e-08,1238631.166988528,0.012386311669946007
Xochitl Gomez,32,8,40.0,10.0,4,10.0,10.0,10.0,10.0,1,,False,Actor/Actress,Entertainment,17,≤25,Valentin Chmerkovskiy,18,United States,California,1,2.0,0.2857142857142857,11.0,9.999999999999995e-09,1238631.166988528,0.012386311669885275
Jason Mraz,32,9,43.0,10.75,4,10.75,10.75,10.75,10.75,2,,False,Singer/Rapper,Entertainment,46,46-55,Daniella Karagach,3,United States,Virginia,1,1.0,0.1666666666666666,11.0,0.8736898353531315,1299547.453889603,1135401.4010223886
Xochitl Gomez,32,9,41.0,10.25,4,9.75,9.75,10.75,10.75,1,,False,Actor/Actress,Entertainment,17,≤25,Valentin Chmerkovskiy,18,United States,California,1,2.0,0.3333333333333333,11.0,0.11824106132846555,1299547.453889603,153659.8701946118
Charity Lawson,32,9,38.0,9.5,4,9.0,10.0,9.0,10.0,4,,False,TV Personality,Media,27,26-35,Artem Chigvintsev,11,United States,Georgia,1,3.0,0.5,11.0,0.005886875804249107,1299547.453889603,7650.274462776237
Ariana Madix,32,9,37.0,9.25,4,9.0,9.0,9.0,10.0,3,,False,TV Personality,Media,38,36-45,Pasha Pashkov,4,United States,Florida,1,4.0,0.6666666666666666,11.0,0.002165660581112847,1299547.453889603,2814.3786941742783
Alyson Hannigan,32,9,32.0,8.0,4,7.75,7.75,8.75,7.75,5,,False,Actor/Actress,Entertainment,49,46-55,Sasha Farber,10,United States,Washington D.C.,1,5.0,0.8333333333333334,11.0,1.4592106213546994e-05,1299547.453889603,18.963134476701654
Harry Jowsey,32,9,30.0,7.5,4,8.0,7.0,8.0,7.0,6,9.0,True,TV Personality,Media,26,26-35,Rylee Arnold,0,Australia,Unknown,0,6.0,1.0,11.0,1.9748268274291185e-06,1299547.453889603,2.5663811754583934
Xochitl Gomez,32,10,30.0,10.0,3,10.0,10.0,10.0,,1,,False,Actor/Actress,Entertainment,17,≤25,Valentin Chmerkovskiy,18,United States,California,1,1.0,0.2,11.0,0.45276541604432086,1360463.740790678,615970.9316123044
Charity Lawson,32,10,29.5,9.833333333333334,3,10.0,9.5,10.0,,4,,False,TV Personality,Media,27,26-35,Artem Chigvintsev,11,United States,Georgia,1,2.0,0.4,11.0,0.2746161064884269,1360463.740790678,373605.2555146164
Ariana Madix,32,10,29.0,9.666666666666666,3,9.5,9.5,10.0,,3,,False,TV Personality,Media,38,36-45,Pasha Pashkov,4,United States,Florida,1,3.0,0.6,11.0,0.16656308823614036,1360463.740790678,226603.04209938727
Jason Mraz,32,10,28.5,9.5,3,9.5,9.5,9.5,,2,,False,Singer/Rapper,Entertainment,46,46-55,Daniella Karagach,3,United States,Virginia,1,4.0,0.8,11.0,0.10102561979163978,1360463.740790678,137441.692617431
Alyson Hannigan,32,10,25.5,8.5,3,8.5,8.5,8.5,,5,,False,Actor/Actress,Entertainment,49,46-55,Sasha Farber,10,United States,Washington D.C.,1,5.0,1.0,11.0,0.005029769439472198,1360463.740790678,6842.818946938978
Jason Mraz,32,11,30.0,10.0,3,10.0,10.0,10.0,,2,,False,Singer/Rapper,Entertainment,46,46-55,Daniella Karagach,3,United States,Virginia,1,1.0,0.3,11.0,0.308331863604343,1421380.0276917533,438256.752828191
Xochitl Gomez,32,11,30.0,10.0,3,10.0,10.0,10.0,,1,,False,Actor/Actress,Entertainment,17,≤25,Valentin Chmerkovskiy,18,United States,California,1,1.0,0.3,11.0,0.308331863604343,1421380.0276917533,438256.752828191
Charity Lawson,32,11,29.5,9.833333333333334,3,9.5,10.0,10.0,,4,,False,TV Personality,Media,27,26-35,Artem Chigvintsev,11,United States,Georgia,1,3.0,0.7,11.0,0.18701272864236787,1421380.0276917533,265816.1574163992
Ariana Madix,32,11,29.5,9.833333333333334,3,9.5,10.0,10.0,,3,,False,TV Personality,Media,38,36-45,Pasha Pashkov,4,United States,Florida,1,3.0,0.7,11.0,0.18701272864236787,1421380.0276917533,265816.1574163992
Alyson Hannigan,32,11,26.5,8.833333333333334,3,9.0,8.5,9.0,,5,,False,Actor/Actress,Entertainment,49,46-55,Sasha Farber,10,United States,Washington D.C.,1,5.0,1.0,11.0,0.009310815506578357,1421380.0276917533,13234.207202573152
Chandler Kinney,33,1,23.0,7.666666666666667,3,8.0,7.0,8.0,,3,,False,Actor/Actress,Entertainment,24,≤25,Brandon Armstrong,6,United States,California,1,1.0,0.0769230769230769,9.0,0.5717852701753237,787921.7388128128,450522.044304095
Dwight Howard,33,1,22.0,7.333333333333333,3,8.0,7.0,7.0,,6,7.0,False,Athlete,Sports,38,36-45,Daniella Karagach,4,United States,Georgia,1,2.0,0.1538461538461538,9.0,0.21034804566216025,787921.7388128128,165737.79789400627
Joey Graziadei,33,1,21.0,7.0,3,7.0,7.0,7.0,,1,,False,TV Personality,Media,29,26-35,Jenna Johnson,7,United States,Louisiana,1,3.0,0.2692307692307692,9.0,0.07738272148970055,787921.7388128128,60971.52847023247
Stephen Nedoroscik,33,1,21.0,7.0,3,7.0,7.0,7.0,,4,,False,Athlete,Sports,26,26-35,Rylee Arnold,1,United States,Florida,1,3.0,0.2692307692307692,9.0,0.07738272148970055,787921.7388128128,60971.52847023247
Danny Amendola,33,1,20.0,6.666666666666667,3,7.0,6.0,7.0,,5,,False,Athlete,Sports,39,36-45,Witney Carson,13,United States,Texas,1,5.0,0.3846153846153846,9.0,0.028467512337956396,787921.7388128128,22430.171820997806
Jenn Tran,33,1,19.0,6.333333333333333,3,7.0,6.0,6.0,,7,6.0,False,TV Personality,Media,26,26-35,Sasha Farber,11,United States,Florida,1,6.0,0.5,9.0,0.010472612530428537,787921.7388128128,8251.599074888105
Phaedra Parks,33,1,19.0,6.333333333333333,3,7.0,6.0,6.0,,8,5.0,False,TV Personality,Media,51,46-55,Val Chmerkovskiy,0,United States,Georgia,1,6.0,0.5,9.0,0.010472612530428537,787921.7388128128,8251.599074888105
Ilona Maher,33,1,18.0,6.0,3,6.0,6.0,6.0,,2,,False,Athlete,Sports,28,26-35,Alan Bersten,8,United States,California,1,8.0,0.6923076923076923,9.0,0.003852658845299095,787921.7388128128,3035.5936564406265
Anna Delvey,33,1,18.0,6.0,3,6.0,6.0,6.0,,12,2.0,False,Con artist,Other,33,26-35,Ezra Sosa,0,Russia,Unknown,0,8.0,0.6923076923076923,9.0,0.003852658845299095,787921.7388128128,3035.5936564406265
Brooks Nader,33,1,18.0,6.0,3,6.0,6.0,6.0,,9,4.0,False,Model,Model,27,26-35,Gleb Savchenko,11,United States,New York,1,8.0,0.6923076923076923,9.0,0.003852658845299095,787921.7388128128,3035.5936564406265
Tori Spelling,33,1,17.0,5.666666666666667,3,6.0,6.0,5.0,,12,2.0,False,Actor/Actress,Entertainment,51,46-55,Pasha Pashkov,5,United States,California,1,11.0,0.8461538461538461,9.0,0.0014173139830328454,787921.7388128128,1116.732497954953
Reginald VelJohnson,33,1,16.0,5.333333333333333,3,6.0,5.0,5.0,,10,3.0,False,Actor/Actress,Entertainment,74,>55,Emma Slater,15,United States,New York,1,12.0,0.9230769230769232,9.0,0.0005214006760425943,787921.7388128128,410.82292728565704
Eric Roberts,33,1,15.0,5.0,3,5.0,5.0,5.0,,10,3.0,False,Actor/Actress,Entertainment,68,>55,Britt Stewart,4,United States,California,1,13.0,1.0,9.0,0.00019181258932896182,787921.7388128128,151.1333089102636
Reginald VelJohnson,33,2,15.0,5.0,3,6.0,4.0,5.0,,10,3.0,False,Actor/Actress,Entertainment,74,>55,Emma Slater,15,United States,New York,1,12.0,0.9615384615384616,9.0,0.444644454444444,861789.401826514,383189.87842115405
Eric Roberts,33,2,15.0,5.0,3,6.0,4.0,5.0,,10,3.0,False,Actor/Actress,Entertainment,68,>55,Britt Stewart,4,United States,California,1,12.0,0.9615384615384616,9.0,0.44464445444444267,861789.401826514,383189.87842115294
Chandler Kinney,33,2,24.0,8.0,3,8.0,8.0,8.0,,3,,False,Actor/Actress,Entertainment,24,≤25,Brandon Armstrong,6,United States,California,1,1.0,0.0769230769230769,9.0,0.11051099111111125,861789.401826514,95237.20092489978
Jenn Tran,33,2,19.0,6.333333333333333,3,6.0,6.0,7.0,,7,6.0,False,TV Personality,Media,26,26-35,Sasha Farber,11,United States,Florida,1,9.0,0.7307692307692307,9.0,0.00020001000000050218,861789.401826514,172.36649825975385
Ilona Maher,33,2,21.0,7.0,3,7.0,7.0,7.0,,2,,False,Athlete,Sports,28,26-35,Alan Bersten,8,United States,California,1,5.0,0.4615384615384615,9.0,1.000000064005355e-08,861789.401826514,0.008617894569856507
Anna Delvey,33,2,17.0,5.666666666666667,3,6.0,5.0,6.0,,12,2.0,True,Con artist,Other,33,26-35,Ezra Sosa,0,Russia,Unknown,0,11.0,0.8461538461538461,9.0,1.0000000552558434e-08,861789.401826514,0.008617894494454144
Stephen Nedoroscik,33,2,22.0,7.333333333333333,3,8.0,7.0,7.0,,4,,False,Athlete,Sports,26,26-35,Rylee Arnold,1,United States,Florida,1,2.0,0.2307692307692307,9.0,1.000000028616996e-08,861789.401826514,0.00861789426488338
Brooks Nader,33,2,20.0,6.666666666666667,3,7.0,6.0,7.0,,9,4.0,False,Model,Model,27,26-35,Gleb Savchenko,11,United States,New York,1,8.0,0.6153846153846154,9.0,1.0000000039839227e-08,861789.401826514,0.008617894052598165
Phaedra Parks,33,2,21.0,7.0,3,7.0,7.0,7.0,,8,5.0,False,TV Personality,Media,51,46-55,Val Chmerkovskiy,0,United States,Georgia,1,5.0,0.4615384615384615,9.0,1.000000003636978e-08,861789.401826514,0.008617894049608232
Danny Amendola,33,2,21.0,7.0,3,7.0,7.0,7.0,,5,,False,Athlete,Sports,39,36-45,Witney Carson,13,United States,Texas,1,5.0,0.4615384615384615,9.0,1.000000000167531e-08,861789.401826514,0.008617894019708906
Dwight Howard,33,2,22.0,7.333333333333333,3,8.0,7.0,7.0,,6,7.0,False,Athlete,Sports,38,36-45,Daniella Karagach,4,United States,Georgia,1,2.0,0.2307692307692307,9.0,9.999999999999975e-09,861789.401826514,0.00861789401826512
Joey Graziadei,33,2,22.0,7.333333333333333,3,8.0,7.0,7.0,,1,,False,TV Personality,Media,29,26-35,Jenna Johnson,7,United States,Louisiana,1,2.0,0.2307692307692307,9.0,9.999999999999975e-09,861789.401826514,0.00861789401826512
Tori Spelling,33,2,19.0,6.333333333333333,3,7.0,6.0,6.0,,12,2.0,True,Actor/Actress,Entertainment,51,46-55,Pasha Pashkov,5,United States,California,1,9.0,0.7307692307692307,9.0,9.999999999999975e-09,861789.401826514,0.00861789401826512
Joey Graziadei,33,3,35.0,8.75,4,9.0,9.0,8.5,8.5,1,,False,TV Personality,Media,29,26-35,Jenna Johnson,7,United States,Louisiana,1,1.0,0.0909090909090909,9.0,0.601336278472233,935657.0648402154,562644.5372972679
Chandler Kinney,33,3,34.5,8.625,4,8.5,8.5,9.0,8.5,3,,False,Actor/Actress,Entertainment,24,≤25,Brandon Armstrong,6,United States,California,1,2.0,0.1818181818181818,9.0,0.36472888969090334,935657.0648402154,341261.1623906213
Stephen Nedoroscik,33,3,31.0,7.75,4,8.0,8.0,7.5,7.5,4,,False,Athlete,Sports,26,26-35,Rylee Arnold,1,United States,Florida,1,3.0,0.3181818181818182,9.0,0.011013858127192716,935657.0648402154,10305.194167855689
Jenn Tran,33,3,31.0,7.75,4,8.0,8.0,7.0,8.0,7,6.0,False,TV Personality,Media,26,26-35,Sasha Farber,11,United States,Florida,1,3.0,0.3181818181818182,9.0,0.011013858127192716,935657.0648402154,10305.194167855689
Brooks Nader,33,3,30.5,7.625,4,7.5,7.5,8.0,7.5,9,4.0,False,Model,Model,27,26-35,Gleb Savchenko,11,United States,New York,1,5.0,0.4545454545454545,9.0,0.006680242635867548,935657.0648402154,6250.416217096294
Danny Amendola,33,3,30.0,7.5,4,7.5,7.5,8.0,7.0,5,,False,Athlete,Sports,39,36-45,Witney Carson,13,United States,Texas,1,6.0,0.5454545454545454,9.0,0.0040517719729732055,935657.0648402154,3791.0690716339577
Ilona Maher,33,3,28.0,7.0,4,7.5,7.0,7.0,6.5,2,,False,Athlete,Sports,28,26-35,Alan Bersten,8,United States,California,1,7.0,0.6818181818181818,9.0,0.0005483477075724978,935657.0648402154,513.065406579144
Phaedra Parks,33,3,28.0,7.0,4,7.5,7.5,6.0,7.0,8,5.0,False,TV Personality,Media,51,46-55,Val Chmerkovskiy,0,United States,Georgia,1,7.0,0.6818181818181818,9.0,0.0005483477075724978,935657.0648402154,513.065406579144
Dwight Howard,33,3,26.0,6.5,4,7.0,6.5,6.0,6.5,6,7.0,False,Athlete,Sports,38,36-45,Daniella Karagach,4,United States,Georgia,1,9.0,0.8181818181818182,9.0,7.421079231647127e-05,935657.0648402154,69.43585211829631
Eric Roberts,33,3,23.0,5.75,4,6.5,5.5,5.5,5.5,10,3.0,True,Actor/Actress,Entertainment,68,>55,Britt Stewart,4,United States,California,1,10.0,0.9090909090909092,9.0,3.6947377906935066e-06,935657.0648402154,3.4570075165945084
Reginald VelJohnson,33,3,21.0,5.25,4,6.0,5.0,5.0,5.0,10,3.0,True,Actor/Actress,Entertainment,74,>55,Emma Slater,15,United States,New York,1,11.0,1.0,9.0,5.000283853885224e-07,935657.0648402154,0.4678550914094169
Dwight Howard,33,4,29.0,7.25,4,7.0,8.0,7.0,7.0,6,7.0,False,Athlete,Sports,38,36-45,Daniella Karagach,4,United States,Georgia,1,9.0,1.0,9.0,0.4287714385714285,1009524.7278539164,432855.3698353536
Joey Graziadei,33,4,36.0,9.0,4,9.0,9.0,9.0,9.0,1,,False,TV Personality,Media,29,26-35,Jenna Johnson,7,United States,Louisiana,1,1.0,0.1666666666666666,9.0,0.28521425071428574,1009524.7278539164,287930.838832398
Danny Amendola,33,4,36.0,9.0,4,9.0,9.0,9.0,9.0,5,,False,Athlete,Sports,39,36-45,Witney Carson,13,United States,Texas,1,1.0,0.1666666666666666,9.0,0.28521425071428563,1009524.7278539164,287930.8388323979
Ilona Maher,33,4,32.0,8.0,4,8.0,8.0,8.0,8.0,2,,False,Athlete,Sports,28,26-35,Alan Bersten,8,United States,California,1,4.0,0.6666666666666666,9.0,0.00020001000000023457,1009524.7278539164,201.91504081829862
Phaedra Parks,33,4,32.0,8.0,4,8.0,8.0,8.0,8.0,8,5.0,False,TV Personality,Media,51,46-55,Val Chmerkovskiy,0,United States,Georgia,1,4.0,0.6666666666666666,9.0,0.00020001000000009232,1009524.7278539164,201.915040818155
Jenn Tran,33,4,32.0,8.0,4,8.0,8.0,8.0,8.0,7,6.0,False,TV Personality,Media,26,26-35,Sasha Farber,11,United States,Florida,1,4.0,0.6666666666666666,9.0,0.00020000999999987375,1009524.7278539164,201.91504081793437
Chandler Kinney,33,4,32.0,8.0,4,8.0,8.0,8.0,8.0,3,,False,Actor/Actress,Entertainment,24,≤25,Brandon Armstrong,6,United States,California,1,4.0,0.6666666666666666,9.0,0.00020000999999976967,1009524.7278539164,201.9150408178293
Stephen Nedoroscik,33,4,33.0,8.25,4,8.0,9.0,8.0,8.0,4,,False,Athlete,Sports,26,26-35,Rylee Arnold,1,United States,Florida,1,3.0,0.3333333333333333,9.0,1.0000000064125376e-08,1009524.7278539164,0.010095247343275316
Brooks Nader,33,4,32.0,8.0,4,8.0,8.0,8.0,8.0,9,4.0,True,Model,Model,27,26-35,Gleb Savchenko,11,United States,New York,1,4.0,0.6666666666666666,9.0,9.999999999999995e-09,1009524.7278539164,0.010095247278539159
Chandler Kinney,33,5,27.0,9.0,3,9.0,9.0,9.0,,3,,False,Actor/Actress,Entertainment,24,≤25,Brandon Armstrong,6,United States,California,1,1.0,0.125,9.0,0.42893042966246414,1083392.3908676177,464699.9637078915
Ilona Maher,33,5,26.0,8.666666666666666,3,9.0,8.5,8.5,,2,,False,Athlete,Sports,28,26-35,Alan Bersten,8,United States,California,1,2.0,0.3125,9.0,0.15779468676565395,1083392.3908676177,170953.56296124865
Joey Graziadei,33,5,26.0,8.666666666666666,3,8.5,8.5,9.0,,1,,False,TV Personality,Media,29,26-35,Jenna Johnson,7,United States,Louisiana,1,2.0,0.3125,9.0,0.15779468676565395,1083392.3908676177,170953.56296124865
Jenn Tran,33,5,25.5,8.5,3,8.5,8.5,8.5,,7,6.0,False,TV Personality,Media,26,26-35,Sasha Farber,11,United States,Florida,1,4.0,0.5625,9.0,0.09570731546312043,1083392.3908676177,103688.57732311136
Danny Amendola,33,5,25.5,8.5,3,8.5,8.5,8.5,,5,,False,Athlete,Sports,39,36-45,Witney Carson,13,United States,Texas,1,4.0,0.5625,9.0,0.09570731546312043,1083392.3908676177,103688.57732311136
Dwight Howard,33,5,24.0,8.0,3,8.0,8.0,8.0,,6,7.0,False,Athlete,Sports,38,36-45,Daniella Karagach,4,United States,Georgia,1,6.0,0.875,9.0,0.021421855293329024,1083392.3908676177,23208.275023059865
Stephen Nedoroscik,33,5,24.0,8.0,3,8.0,8.0,8.0,,4,,False,Athlete,Sports,26,26-35,Rylee Arnold,1,United States,Florida,1,6.0,0.875,9.0,0.021421855293329024,1083392.3908676177,23208.275023059865
Phaedra Parks,33,5,24.0,8.0,3,8.0,8.0,8.0,,8,5.0,True,TV Personality,Media,51,46-55,Val Chmerkovskiy,0,United States,Georgia,1,6.0,0.875,9.0,0.021221855293329026,1083392.3908676177,22991.596544886343
Chandler Kinney,33,6,32.0,10.666666666666666,3,10.0,11.0,11.0,,3,,False,Actor/Actress,Entertainment,24,≤25,Brandon Armstrong,6,United States,California,1,1.0,0.2142857142857142,9.0,0.3606559523220424,1157260.0538813188,417372.7268168251
Joey Graziadei,33,6,32.0,10.666666666666666,3,11.0,10.0,11.0,,1,,False,TV Personality,Media,29,26-35,Jenna Johnson,7,United States,Louisiana,1,1.0,0.2142857142857142,9.0,0.3606559523220424,1157260.0538813188,417372.7268168251
Dwight Howard,33,6,31.0,10.333333333333334,3,11.0,10.0,10.0,,6,7.0,False,Athlete,Sports,38,36-45,Daniella Karagach,4,United States,Georgia,1,3.0,0.5,9.0,0.13267791019538733,1157260.0538813188,153542.84550157472
Jenn Tran,33,6,31.0,10.333333333333334,3,11.0,10.0,10.0,,7,6.0,True,TV Personality,Media,26,26-35,Sasha Farber,11,United States,Florida,1,3.0,0.5,9.0,0.13267791019538733,1157260.0538813188,153542.84550157472
Stephen Nedoroscik,33,6,28.0,9.333333333333334,3,10.0,9.0,9.0,,4,,False,Athlete,Sports,26,26-35,Rylee Arnold,1,United States,Florida,1,5.0,0.7857142857142857,9.0,0.0066056441858030595,1157260.0538813188,7644.448146383269
Danny Amendola,33,6,28.0,9.333333333333334,3,10.0,9.0,9.0,,5,,False,Athlete,Sports,39,36-45,Witney Carson,13,United States,Texas,1,5.0,0.7857142857142857,9.0,0.0066056441858030595,1157260.0538813188,7644.448146383269
Ilona Maher,33,6,24.0,8.0,3,8.0,8.0,8.0,,2,,False,Athlete,Sports,28,26-35,Alan Bersten,8,United States,California,1,7.0,1.0,9.0,0.00012098659353463536,1157260.0538813188,140.01295175280933
Chandler Kinney,33,7,30.0,10.0,3,10.0,10.0,10.0,,3,,False,Actor/Actress,Entertainment,24,≤25,Brandon Armstrong,6,United States,California,1,1.0,0.1666666666666666,9.0,0.8592722900721915,1231127.71689502,1057873.9326677327
Joey Graziadei,33,7,27.5,9.166666666666666,3,9.0,9.5,9.0,,1,,False,TV Personality,Media,29,26-35,Jenna Johnson,7,United States,Louisiana,1,2.0,0.3333333333333333,9.0,0.07053336474813023,1231127.71689502,86835.58030728926
Stephen Nedoroscik,33,7,27.0,9.0,3,9.5,9.0,8.5,,4,,False,Athlete,Sports,26,26-35,Rylee Arnold,1,United States,Florida,1,3.0,0.5,9.0,0.04278064825243522,1231127.71689502,52668.44181030951
Ilona Maher,33,7,26.0,8.666666666666666,3,9.0,8.5,8.5,,2,,False,Athlete,Sports,28,26-35,Alan Bersten,8,United States,California,1,4.0,0.6666666666666666,9.0,0.015738120972057908,1231127.71689502,19375.636940547287
Danny Amendola,33,7,25.5,8.5,3,8.5,8.5,8.5,,5,,False,Athlete,Sports,39,36-45,Witney Carson,13,United States,Texas,1,5.0,0.8333333333333334,9.0,0.009545652895819516,1231127.71689502,11751.917855902617
Dwight Howard,33,7,24.0,8.0,3,8.0,8.0,8.0,,6,7.0,True,Athlete,Sports,38,36-45,Daniella Karagach,4,United States,Georgia,1,6.0,1.0,9.0,0.0021299230593655317,1231127.71689502,2622.2073132387436
Chandler Kinney,33,8,29.0,9.666666666666666,3,9.5,9.5,10.0,,3,,False,Actor/Actress,Entertainment,24,≤25,Brandon Armstrong,6,United States,California,1,1.0,0.3,9.0,0.35411380037746965,1304995.3799087214,462116.87345451716
Joey Graziadei,33,8,29.0,9.666666666666666,3,9.5,10.0,9.5,,1,,False,TV Personality,Media,29,26-35,Jenna Johnson,7,United States,Louisiana,1,1.0,0.3,9.0,0.35411380037746965,1304995.3799087214,462116.87345451716
Ilona Maher,33,8,28.5,9.5,3,9.5,9.5,9.5,,2,,False,Athlete,Sports,28,26-35,Alan Bersten,8,United States,California,1,3.0,0.6,9.0,0.21478087695629444,1304995.3799087214,280288.0521207078
Danny Amendola,33,8,27.0,9.0,3,9.0,9.0,9.0,,5,,False,Athlete,Sports,39,36-45,Witney Carson,13,United States,Texas,1,4.0,0.8,9.0,0.047924091472078184,1304995.3799087214,62540.717957384986
Stephen Nedoroscik,33,8,26.5,8.833333333333334,3,9.0,8.5,9.0,,4,,False,Athlete,Sports,26,26-35,Rylee Arnold,1,United States,Florida,1,5.0,1.0,9.0,0.02906743081668817,1304995.3799087214,37932.86292159445
Chandler Kinney,33,9,30.0,10.0,3,10.0,10.0,10.0,,3,,False,Actor/Actress,Entertainment,24,≤25,Brandon Armstrong,6,United States,California,1,1.0,0.2,9.0,0.3888740395247311,1378863.0429224225,536204.0414526052
Joey Graziadei,33,9,29.5,9.833333333333334,3,9.5,10.0,10.0,,1,,False,TV Personality,Media,29,26-35,Jenna Johnson,7,United States,Louisiana,1,2.0,0.5,9.0,0.23586402773805185,1378863.0429224225,325224.1910028288
Stephen Nedoroscik,33,9,29.5,9.833333333333334,3,10.0,9.5,10.0,,4,,False,Athlete,Sports,26,26-35,Rylee Arnold,1,United States,Florida,1,2.0,0.5,9.0,0.23586402773805185,1378863.0429224225,325224.1910028288
Ilona Maher,33,9,28.5,9.5,3,9.5,9.5,9.5,,2,,False,Athlete,Sports,28,26-35,Alan Bersten,8,United States,California,1,4.0,0.8,9.0,0.08676952671672009,1378863.0429224225,119643.2936415551
Danny Amendola,33,9,28.0,9.333333333333334,3,9.0,9.5,9.5,,5,,False,Athlete,Sports,39,36-45,Witney Carson,13,United States,Texas,1,5.0,1.0,9.0,0.0526283782824452,1378863.0429224225,72567.32582260473
Whitney Leavitt,34,1,15.0,7.5,2,7.0,8.0,,,6,10.0,False,TV Personality,Media,32,26-35,Mark Ballas,20,United States,Utah,1,1.0,0.1071428571428571,11.0,0.35463250167594246,820026.6173087965,290808.0907370792
Robert Irwin,34,1,15.0,7.5,2,8.0,7.0,,,1,,False,Conservationist,Other,22,≤25,Witney Carson (Xoshitl Gomez week 9),0,Australia,Unknown,0,1.0,0.1071428571428571,11.0,0.35463250167594246,820026.6173087965,290808.0907370792
Hilaria Baldwin,34,1,14.0,7.0,2,7.0,7.0,,,11,4.0,False,Entrepreneur,Other,41,36-45,Gleb Savchenko,12,United States,New York,1,3.0,0.2142857142857142,11.0,0.1304620065377763,820026.6173087965,106982.31790849079
Lauren Jauregui,34,1,13.0,6.5,2,7.0,6.0,,,12,3.0,False,Singer/Rapper,Entertainment,29,26-35,Brandon Armstrong,7,United States,Florida,1,4.0,0.3214285714285714,11.0,0.0479942900592222,820026.6173087965,39356.59532740118
Alix Earle,34,1,13.0,6.5,2,7.0,6.0,,,2,,False,Social Media Personality,Media,24,≤25,Val Chmerkovskiy (Joey Graziadei week 9),0,United States,Florida,1,4.0,0.3214285714285714,11.0,0.0479942900592222,820026.6173087965,39356.59532740118
Elaine Hendrix,34,1,12.0,6.0,2,6.0,6.0,,,5,,False,Actor/Actress,Entertainment,55,46-55,Alan Bersten (Rashad Jennings week 9),0,United States,Georgia,1,6.0,0.5,11.0,0.01765611260640677,820026.6173087965,14478.482295454942
Jen Affleck,34,1,12.0,6.0,2,6.0,6.0,,,9,7.0,False,TV Personality,Media,26,26-35,Jan Ravnik,0,United States,Utah,1,6.0,0.5,11.0,0.01765611260640677,820026.6173087965,14478.482295454942
Danielle Fishel,34,1,12.0,6.0,2,6.0,6.0,,,8,8.0,False,Actor/Actress,Entertainment,44,36-45,Pasha Pashkov,6,United States,California,1,6.0,0.5,11.0,0.01765611260640677,820026.6173087965,14478.482295454942
Baron Davis,34,1,10.0,5.0,2,5.0,5.0,,,13,2.0,False,Athlete,Sports,46,46-55,Britt Stewart,5,United States,California,1,9.0,0.75,11.0,0.002389495000445588,820026.6173087965,1959.449502291677
Dylan Efron,34,1,10.0,5.0,2,5.0,5.0,,,4,,False,TV Personality,Media,33,26-35,Daniella Karagach (Rumer Willis week 9),0,United States,California,1,9.0,0.75,11.0,0.002389495000445588,820026.6173087965,1959.449502291677
Jordan Chiles,34,1,10.0,5.0,2,5.0,5.0,,,3,,False,Athlete,Sports,24,≤25,Ezra Sosa (Apolo Anton Ohno week 9),0,United States,Texas,1,9.0,0.75,11.0,0.002389495000445588,820026.6173087965,1959.449502291677
Scott Hoying,34,1,10.0,5.0,2,5.0,5.0,,,10,6.0,False,Singer/Rapper,Entertainment,34,26-35,Rylee Arnold,2,United States,California,1,9.0,0.75,11.0,0.002389495000445588,820026.6173087965,1959.449502291677
Andy Richter,34,1,9.0,4.5,2,5.0,4.0,,,7,9.0,False,Comedian,Entertainment,59,>55,Emma Slater/Kaitlyn Bristowe (week 9),0,United States,California,1,13.0,0.9642857142857144,11.0,0.0008790460854458783,820026.6173087965,720.8411879067229
Corey Feldman,34,1,9.0,4.5,2,4.0,5.0,,,13,2.0,False,Actor/Actress,Entertainment,54,46-55,Jenna Johnson,8,United States,California,1,13.0,0.9642857142857144,11.0,0.0008790460854458783,820026.6173087965,720.8411879067229
Andy Richter,34,2,16.0,5.333333333333333,3,6.0,5.0,5.0,,7,9.0,False,Comedian,Entertainment,59,>55,Emma Slater/Kaitlyn Bristowe (week 9),0,United States,California,1,13.0,0.9285714285714286,11.0,0.28591429571428567,881528.6136069563,252041.6327114236
Jordan Chiles,34,2,22.0,7.333333333333333,3,8.0,7.0,7.0,,3,,False,Athlete,Sports,24,≤25,Ezra Sosa (Apolo Anton Ohno week 9),0,United States,Texas,1,1.0,0.1785714285714285,11.0,0.14471736917838296,881528.6136069563,127572.501816666
Jen Affleck,34,2,22.0,7.333333333333333,3,8.0,7.0,7.0,,9,7.0,False,TV Personality,Media,26,26-35,Jan Ravnik,0,United States,Utah,1,1.0,0.1785714285714285,11.0,0.14471736917838296,881528.6136069563,127572.501816666
Robert Irwin,34,2,22.0,7.333333333333333,3,8.0,7.0,7.0,,1,,False,Conservationist,Other,22,≤25,Witney Carson (Xoshitl Gomez week 9),0,Australia,Unknown,0,1.0,0.1785714285714285,11.0,0.14471736917838296,881528.6136069563,127572.501816666
Whitney Leavitt,34,2,22.0,7.333333333333333,3,7.0,7.0,8.0,,6,10.0,False,TV Personality,Media,32,26-35,Mark Ballas,20,United States,Utah,1,1.0,0.1785714285714285,11.0,0.14471736917838293,881528.6136069563,127572.50181666597
Hilaria Baldwin,34,2,21.0,7.0,3,7.0,7.0,7.0,,11,4.0,False,Entrepreneur,Other,41,36-45,Gleb Savchenko,12,United States,New York,1,5.0,0.4642857142857143,11.0,0.03375404439304563,881528.6136069563,29755.15595742917
Alix Earle,34,2,21.0,7.0,3,7.0,7.0,7.0,,2,,False,Social Media Personality,Media,24,≤25,Val Chmerkovskiy (Joey Graziadei week 9),0,United States,Florida,1,5.0,0.4642857142857143,11.0,0.03375404439304561,881528.6136069563,29755.15595742915
Lauren Jauregui,34,2,21.0,7.0,3,7.0,7.0,7.0,,12,3.0,False,Singer/Rapper,Entertainment,29,26-35,Brandon Armstrong,7,United States,Florida,1,5.0,0.4642857142857143,11.0,0.0337540443930456,881528.6136069563,29755.155957429146
Elaine Hendrix,34,2,21.0,7.0,3,7.0,7.0,7.0,,5,,False,Actor/Actress,Entertainment,55,46-55,Alan Bersten (Rashad Jennings week 9),0,United States,Georgia,1,5.0,0.4642857142857143,11.0,0.03375404439304558,881528.6136069563,29755.155957429128
Scott Hoying,34,2,18.0,6.0,3,6.0,6.0,6.0,,10,6.0,False,Singer/Rapper,Entertainment,34,26-35,Rylee Arnold,2,United States,California,1,11.0,0.8214285714285714,11.0,0.00020001000000003684,881528.6136069563,176.3145380075598
Baron Davis,34,2,18.0,6.0,3,6.0,6.0,6.0,,13,2.0,True,Athlete,Sports,46,46-55,Britt Stewart,5,United States,California,1,11.0,0.8214285714285714,11.0,1.0000000133514318e-08,881528.6136069563,0.008815286253766255
Dylan Efron,34,2,20.0,6.666666666666667,3,7.0,6.0,7.0,,4,,False,TV Personality,Media,33,26-35,Daniella Karagach (Rumer Willis week 9),0,United States,California,1,9.0,0.6428571428571429,11.0,1.0000000001675334e-08,881528.6136069563,0.008815286137546417
Corey Feldman,34,2,15.0,5.0,3,5.0,5.0,5.0,,13,2.0,True,Actor/Actress,Entertainment,54,46-55,Jenna Johnson,8,United States,California,1,14.0,1.0,11.0,9.999999999999999e-09,881528.6136069563,0.008815286136069562
Danielle Fishel,34,2,19.0,6.333333333333333,3,7.0,6.0,6.0,,8,8.0,False,Actor/Actress,Entertainment,44,36-45,Pasha Pashkov,6,United States,California,1,10.0,0.7142857142857143,11.0,9.999999999999999e-09,881528.6136069563,0.008815286136069562
Jordan Chiles,34,3,24.0,8.0,3,8.0,8.0,8.0,,3,,False,Athlete,Sports,24,≤25,Ezra Sosa (Apolo Anton Ohno week 9),0,United States,Texas,1,1.0,0.125,11.0,0.3074053027379976,943030.6099051159,289892.61012908065
Whitney Leavitt,34,3,24.0,8.0,3,8.0,8.0,8.0,,6,10.0,False,TV Personality,Media,32,26-35,Mark Ballas,20,United States,Utah,1,1.0,0.125,11.0,0.3074053027379976,943030.6099051159,289892.61012908065
Dylan Efron,34,3,23.0,7.666666666666667,3,7.0,8.0,8.0,,4,,False,TV Personality,Media,33,26-35,Daniella Karagach (Rumer Willis week 9),0,United States,California,1,3.0,0.2916666666666667,11.0,0.11308809098439261,943030.6099051159,106645.53141401701
Alix Earle,34,3,23.0,7.666666666666667,3,8.0,7.0,8.0,,2,,False,Social Media Personality,Media,24,≤25,Val Chmerkovskiy (Joey Graziadei week 9),0,United States,Florida,1,3.0,0.2916666666666667,11.0,0.11308809098439261,943030.6099051159,106645.53141401701
Hilaria Baldwin,34,3,22.0,7.333333333333333,3,7.0,8.0,7.0,,11,4.0,False,Entrepreneur,Other,41,36-45,Gleb Savchenko,12,United States,New York,1,5.0,0.5,11.0,0.04160278371448358,943030.6099051159,39232.69850002007
Scott Hoying,34,3,22.0,7.333333333333333,3,8.0,7.0,7.0,,10,6.0,False,Singer/Rapper,Entertainment,34,26-35,Rylee Arnold,2,United States,California,1,5.0,0.5,11.0,0.04160278371448358,943030.6099051159,39232.69850002007
Robert Irwin,34,3,22.0,7.333333333333333,3,8.0,7.0,7.0,,1,,False,Conservationist,Other,22,≤25,Witney Carson (Xoshitl Gomez week 9),0,Australia,Unknown,0,5.0,0.5,11.0,0.04160278371448358,943030.6099051159,39232.69850002007
Elaine Hendrix,34,3,21.0,7.0,3,7.0,7.0,7.0,,5,,False,Actor/Actress,Entertainment,55,46-55,Alan Bersten (Rashad Jennings week 9),0,United States,Georgia,1,8.0,0.7083333333333334,11.0,0.0153048088240606,943030.6099051159,14432.903199835067
Danielle Fishel,34,3,21.0,7.0,3,7.0,7.0,7.0,,8,8.0,False,Actor/Actress,Entertainment,44,36-45,Pasha Pashkov,6,United States,California,1,8.0,0.7083333333333334,11.0,0.0153048088240606,943030.6099051159,14432.903199835067
Jen Affleck,34,3,19.0,6.333333333333333,3,7.0,6.0,6.0,,9,7.0,False,TV Personality,Media,26,26-35,Jan Ravnik,0,United States,Utah,1,10.0,0.8333333333333334,11.0,0.0020712806370864504,943030.6099051159,1953.2810424762924
Andy Richter,34,3,18.0,6.0,3,6.0,6.0,6.0,,7,9.0,False,Comedian,Entertainment,59,>55,Emma Slater/Kaitlyn Bristowe (week 9),0,United States,California,1,11.0,0.9583333333333334,11.0,0.0008619815632805925,943030.6099051159,812.8749993474623
Lauren Jauregui,34,3,18.0,6.0,3,6.0,6.0,6.0,,12,3.0,True,Singer/Rapper,Entertainment,29,26-35,Brandon Armstrong,7,United States,Florida,1,11.0,0.9583333333333334,11.0,0.0006619815632805925,943030.6099051159,624.2688773664393
Whitney Leavitt,34,4,25.0,8.333333333333334,3,9.0,8.0,8.0,,6,10.0,False,TV Personality,Media,32,26-35,Mark Ballas,20,United States,Utah,1,1.0,0.0909090909090909,11.0,0.38506347982710964,1004532.6062032756,386808.8209444289
Elaine Hendrix,34,4,24.0,8.0,3,8.0,8.0,8.0,,5,,False,Actor/Actress,Entertainment,55,46-55,Alan Bersten (Rashad Jennings week 9),0,United States,Georgia,1,2.0,0.2727272727272727,11.0,0.14165693777432806,1004532.6062032756,142299.012889221
Jordan Chiles,34,4,24.0,8.0,3,8.0,8.0,8.0,,3,,False,Athlete,Sports,24,≤25,Ezra Sosa (Apolo Anton Ohno week 9),0,United States,Texas,1,2.0,0.2727272727272727,11.0,0.14165693777432806,1004532.6062032756,142299.012889221
Alix Earle,34,4,24.0,8.0,3,8.0,8.0,8.0,,2,,False,Social Media Personality,Media,24,≤25,Val Chmerkovskiy (Joey Graziadei week 9),0,United States,Florida,1,2.0,0.2727272727272727,11.0,0.14165693777432806,1004532.6062032756,142299.012889221
Dylan Efron,34,4,23.0,7.666666666666667,3,7.0,8.0,8.0,,4,,False,TV Personality,Media,33,26-35,Daniella Karagach (Rumer Willis week 9),0,United States,California,1,5.0,0.5454545454545454,11.0,0.05211267510647759,1004532.6062032756,52348.881340934495
Hilaria Baldwin,34,4,23.0,7.666666666666667,3,8.0,7.0,8.0,,11,4.0,True,Entrepreneur,Other,41,36-45,Gleb Savchenko,12,United States,New York,1,5.0,0.5454545454545454,11.0,0.05211267510647759,1004532.6062032756,52348.881340934495
Jen Affleck,34,4,23.0,7.666666666666667,3,7.0,8.0,8.0,,9,7.0,False,TV Personality,Media,26,26-35,Jan Ravnik,0,United States,Utah,1,5.0,0.5454545454545454,11.0,0.05211267510647759,1004532.6062032756,52348.881340934495
Robert Irwin,34,4,22.0,7.333333333333333,3,7.0,7.0,8.0,,1,,False,Conservationist,Other,22,≤25,Witney Carson (Xoshitl Gomez week 9),0,Australia,Unknown,0,8.0,0.7272727272727273,11.0,0.019171181796119905,1004532.6062032756,19258.077213653123
Danielle Fishel,34,4,21.0,7.0,3,7.0,7.0,7.0,,8,8.0,False,Actor/Actress,Entertainment,44,36-45,Pasha Pashkov,6,United States,California,1,9.0,0.8636363636363636,11.0,0.007052683645752718,1004532.6062032756,7084.650683395198
Scott Hoying,34,4,21.0,7.0,3,7.0,7.0,7.0,,10,6.0,False,Singer/Rapper,Entertainment,34,26-35,Rylee Arnold,2,United States,California,1,9.0,0.8636363636363636,11.0,0.007052683645752718,1004532.6062032756,7084.650683395198
Andy Richter,34,4,18.0,6.0,3,6.0,6.0,6.0,,7,9.0,False,Comedian,Entertainment,59,>55,Emma Slater/Kaitlyn Bristowe (week 9),0,United States,California,1,11.0,1.0,11.0,0.00035113244284800657,1004532.6062032756,352.72398793663075
Dylan Efron,34,5,36.0,9.0,4,9.0,9.0,9.0,9.0,4,,False,TV Personality,Media,33,26-35,Daniella Karagach (Rumer Willis week 9),0,United States,California,1,1.0,0.1,11.0,0.5522881568113149,1066034.6025014354,588758.2857126006
Alix Earle,34,5,35.0,8.75,4,8.0,9.0,9.0,9.0,2,,False,Social Media Personality,Media,24,≤25,Val Chmerkovskiy (Joey Graziadei week 9),0,United States,Florida,1,2.0,0.25,11.0,0.20317545849335245,1066034.6025014354,216592.06913300787
Robert Irwin,34,5,35.0,8.75,4,8.0,9.0,9.0,9.0,1,,False,Conservationist,Other,22,≤25,Witney Carson (Xoshitl Gomez week 9),0,Australia,Unknown,0,2.0,0.25,11.0,0.20317545849335245,1066034.6025014354,216592.06913300787
Whitney Leavitt,34,5,33.0,8.25,4,9.0,8.0,8.0,8.0,6,10.0,False,TV Personality,Media,32,26-35,Mark Ballas,20,United States,Utah,1,4.0,0.4,11.0,0.0274968082219265,1066034.6025014354,29312.54902291962
Jordan Chiles,34,5,32.0,8.0,4,8.0,8.0,8.0,8.0,3,,False,Athlete,Sports,24,≤25,Ezra Sosa (Apolo Anton Ohno week 9),0,United States,Texas,1,5.0,0.5,11.0,0.01011551044268064,1066034.6025014354,10783.484153862175
Elaine Hendrix,34,5,30.0,7.5,4,8.0,7.0,7.0,8.0,5,,False,Actor/Actress,Entertainment,55,46-55,Alan Bersten (Rashad Jennings week 9),0,United States,Georgia,1,6.0,0.65,11.0,0.001368985470843098,1066034.6025014354,1459.3858822404625
Scott Hoying,34,5,30.0,7.5,4,7.0,8.0,7.0,8.0,10,6.0,False,Singer/Rapper,Entertainment,34,26-35,Rylee Arnold,2,United States,California,1,6.0,0.65,11.0,0.001368985470843098,1066034.6025014354,1459.3858822404625
Jen Affleck,34,5,29.0,7.25,4,8.0,7.0,7.0,7.0,9,7.0,False,TV Personality,Media,26,26-35,Jan Ravnik,0,United States,Utah,1,8.0,0.85,11.0,0.0005036216099855828,1066034.6025014354,536.8780628121136
Danielle Fishel,34,5,29.0,7.25,4,7.0,7.0,7.0,8.0,8,8.0,False,Actor/Actress,Entertainment,44,36-45,Pasha Pashkov,6,United States,California,1,8.0,0.85,11.0,0.0005036216099855828,1066034.6025014354,536.8780628121136
Andy Richter,34,5,24.0,6.0,4,6.0,6.0,6.0,6.0,7,9.0,False,Comedian,Entertainment,59,>55,Emma Slater/Kaitlyn Bristowe (week 9),0,United States,California,1,10.0,1.0,11.0,3.393375715676949e-06,1066034.6025014354,3.6174559321997
Whitney Leavitt,34,6,39.0,9.75,4,10.0,9.0,10.0,10.0,6,10.0,False,TV Personality,Media,32,26-35,Mark Ballas,20,United States,Utah,1,1.0,0.15,11.0,0.44608271976556335,1127536.5987995951,502974.5926277362
Jordan Chiles,34,6,39.0,9.75,4,10.0,9.0,10.0,10.0,3,,False,Athlete,Sports,24,≤25,Ezra Sosa (Apolo Anton Ohno week 9),0,United States,Texas,1,1.0,0.15,11.0,0.4460827197655633,1127536.5987995951,502974.59262773616
Andy Richter,34,6,27.0,6.75,4,7.0,6.0,7.0,7.0,7,9.0,False,Comedian,Entertainment,59,>55,Emma Slater/Kaitlyn Bristowe (week 9),0,United States,California,1,10.0,1.0,11.0,0.08353334333333332,1127536.5987995951,94186.90182842549
Elaine Hendrix,34,6,36.0,9.0,4,9.0,9.0,9.0,9.0,5,,False,Actor/Actress,Entertainment,55,46-55,Alan Bersten (Rashad Jennings week 9),0,United States,Georgia,1,3.0,0.4,11.0,0.008100392378513298,1127536.5987995951,9133.488871411048
Robert Irwin,34,6,36.0,9.0,4,9.0,9.0,9.0,9.0,1,,False,Conservationist,Other,22,≤25,Witney Carson (Xoshitl Gomez week 9),0,Australia,Unknown,0,3.0,0.4,11.0,0.008100392378513298,1127536.5987995951,9133.488871411048
Danielle Fishel,34,6,36.0,9.0,4,9.0,9.0,9.0,9.0,8,8.0,False,Actor/Actress,Entertainment,44,36-45,Pasha Pashkov,6,United States,California,1,3.0,0.4,11.0,0.008100392378513297,1127536.5987995951,9133.488871411046
Scott Hoying,34,6,28.0,7.0,4,7.0,7.0,7.0,7.0,10,6.0,True,Singer/Rapper,Entertainment,34,26-35,Rylee Arnold,2,United States,California,1,9.0,0.9,11.0,1.0000000006440741e-08,1127536.5987995951,0.011275365995258123
Jen Affleck,34,6,32.0,8.0,4,8.0,8.0,8.0,8.0,9,7.0,False,TV Personality,Media,26,26-35,Jan Ravnik,0,United States,Utah,1,7.0,0.75,11.0,1.0000000005307411e-08,1127536.5987995951,0.011275365993980251
Alix Earle,34,6,35.0,8.75,4,9.0,9.0,8.0,9.0,2,,False,Social Media Personality,Media,24,≤25,Val Chmerkovskiy (Joey Graziadei week 9),0,United States,Florida,1,6.0,0.6,11.0,1.0000000003410057e-08,1127536.5987995951,0.011275365991840916
Dylan Efron,34,6,32.0,8.0,4,8.0,8.0,8.0,8.0,4,,False,TV Personality,Media,33,26-35,Daniella Karagach (Rumer Willis week 9),0,United States,California,1,7.0,0.75,11.0,9.999999999999999e-09,1127536.5987995951,0.01127536598799595
Alix Earle,34,7,43.0,10.75,4,11.0,11.0,10.0,11.0,2,,False,Social Media Personality,Media,24,≤25,Val Chmerkovskiy (Joey Graziadei week 9),0,United States,Florida,1,1.0,0.1111111111111111,11.0,0.45812263112734525,1189038.595097755,544725.4896981457
Andy Richter,34,7,29.0,7.25,4,7.25,7.25,7.25,7.25,7,9.0,False,Comedian,Entertainment,59,>55,Emma Slater/Kaitlyn Bristowe (week 9),0,United States,California,1,9.0,1.0,11.0,0.3573428671428573,1189038.595097755,424894.4607157468
Elaine Hendrix,34,7,32.0,8.0,4,8.0,8.0,8.0,8.0,5,,False,Actor/Actress,Entertainment,55,46-55,Alan Bersten (Rashad Jennings week 9),0,United States,Georgia,1,8.0,0.8888888888888888,11.0,0.1430571528571431,1189038.595097755,170100.47605194224
Whitney Leavitt,34,7,42.0,10.5,4,10.25,10.25,10.25,11.25,6,10.0,False,TV Personality,Media,32,26-35,Mark Ballas,20,United States,Utah,1,2.0,0.2222222222222222,11.0,0.041477298872654465,1189038.595097755,49318.109179990766
Jen Affleck,34,7,34.0,8.5,4,8.5,8.5,8.5,8.5,9,7.0,True,TV Personality,Media,26,26-35,Jan Ravnik,0,United States,Utah,1,7.0,0.7777777777777778,11.0,1.0000000025419361e-08,1189038.595097755,0.011890385981202152
Dylan Efron,34,7,38.0,9.5,4,9.75,9.75,8.75,9.75,4,,False,TV Personality,Media,33,26-35,Daniella Karagach (Rumer Willis week 9),0,United States,California,1,4.0,0.5,11.0,9.999999999999999e-09,1189038.595097755,0.011890385950977548
Jordan Chiles,34,7,38.0,9.5,4,10.0,9.0,9.0,10.0,3,,False,Athlete,Sports,24,≤25,Ezra Sosa (Apolo Anton Ohno week 9),0,United States,Texas,1,4.0,0.5,11.0,9.999999999999999e-09,1189038.595097755,0.011890385950977548
Danielle Fishel,34,7,35.0,8.75,4,8.5,8.5,8.5,9.5,8,8.0,False,Actor/Actress,Entertainment,44,36-45,Pasha Pashkov,6,United States,California,1,6.0,0.6666666666666666,11.0,9.999999999999999e-09,1189038.595097755,0.011890385950977548
Robert Irwin,34,7,41.0,10.25,4,10.75,9.75,9.75,10.75,1,,False,Conservationist,Other,22,≤25,Witney Carson (Xoshitl Gomez week 9),0,Australia,Unknown,0,3.0,0.3333333333333333,11.0,9.999999999999999e-09,1189038.595097755,0.011890385950977548
Andy Richter,34,8,34.0,8.5,4,8.0,8.5,9.5,8.0,7,9.0,False,Comedian,Entertainment,59,>55,Emma Slater/Kaitlyn Bristowe (week 9),0,United States,California,1,8.0,1.0,11.0,0.5456545554545451,1250540.5913959148,682363.1704760018
Whitney Leavitt,34,8,39.5,9.875,4,9.5,10.0,10.0,10.0,6,10.0,False,TV Personality,Media,32,26-35,Mark Ballas,20,United States,Utah,1,1.0,0.125,11.0,0.28083542383005705,1250540.5913959148,351196.09700136195
Jordan Chiles,34,8,39.0,9.75,4,10.0,9.5,10.0,9.5,3,,False,Athlete,Sports,24,≤25,Ezra Sosa (Apolo Anton Ohno week 9),0,United States,Texas,1,2.0,0.25,11.0,0.13191683524629153,1250540.5913959148,164967.35716397487
Alix Earle,34,8,38.5,9.625,4,9.5,10.0,9.5,9.5,2,,False,Social Media Personality,Media,24,≤25,Val Chmerkovskiy (Joey Graziadei week 9),0,United States,Florida,1,3.0,0.375,11.0,0.04159314546910601,1250540.5913959148,52013.916732952144
Danielle Fishel,34,8,37.0,9.25,4,9.5,9.0,9.5,9.0,8,8.0,True,Actor/Actress,Entertainment,44,36-45,Pasha Pashkov,6,United States,California,1,7.0,0.875,11.0,1.0000000275761643e-08,1250540.5913959148,0.012505406258810275
Dylan Efron,34,8,38.0,9.5,4,9.0,9.5,10.0,9.5,4,,False,TV Personality,Media,33,26-35,Daniella Karagach (Rumer Willis week 9),0,United States,California,1,4.0,0.5625,11.0,1.0000000147392106e-08,1250540.5913959148,0.01250540609827896
Elaine Hendrix,34,8,37.5,9.375,4,9.0,9.5,10.0,9.0,5,,False,Actor/Actress,Entertainment,55,46-55,Alan Bersten (Rashad Jennings week 9),0,United States,Georgia,1,6.0,0.75,11.0,1.0000000001675334e-08,1250540.5913959148,0.012505405916054221
Robert Irwin,34,8,38.0,9.5,4,9.0,9.5,10.0,9.5,1,,False,Conservationist,Other,22,≤25,Witney Carson (Xoshitl Gomez week 9),0,Australia,Unknown,0,4.0,0.5625,11.0,9.999999999999999e-09,1250540.5913959148,0.012505405913959147
Dylan Efron,34,9,42.0,10.5,4,10.5,10.5,10.5,10.5,4,,False,TV Personality,Media,33,26-35,Daniella Karagach (Rumer Willis week 9),0,United States,California,1,1.0,0.2857142857142857,11.0,0.3137153170495019,1312042.5876940743,411607.8563808954
Whitney Leavitt,34,9,42.0,10.5,4,10.5,10.5,10.5,10.5,6,10.0,False,TV Personality,Media,32,26-35,Mark Ballas,20,United States,Utah,1,1.0,0.2857142857142857,11.0,0.3137153170495019,1312042.5876940743,411607.8563808954
Robert Irwin,34,9,42.0,10.5,4,10.5,10.5,10.5,10.5,1,,False,Conservationist,Other,22,≤25,Witney Carson (Xoshitl Gomez week 9),0,Australia,Unknown,0,1.0,0.2857142857142857,11.0,0.3137153170495019,1312042.5876940743,411607.8563808954
Alix Earle,34,9,40.0,10.0,4,10.0,10.0,10.0,10.0,2,,False,Social Media Personality,Media,24,≤25,Val Chmerkovskiy (Joey Graziadei week 9),0,United States,Florida,1,4.0,0.5714285714285714,11.0,0.042456751288558095,1312042.5876940743,55705.06582572348
Jordan Chiles,34,9,39.0,9.75,4,9.5,10.5,9.5,9.5,3,,False,Athlete,Sports,24,≤25,Ezra Sosa (Apolo Anton Ohno week 9),0,United States,Texas,1,5.0,0.7142857142857143,11.0,0.015618965937989664,1312042.5876940743,20492.74848638556
Elaine Hendrix,34,9,36.0,9.0,4,9.0,9.0,9.0,9.0,5,,False,Actor/Actress,Entertainment,55,46-55,Alan Bersten (Rashad Jennings week 9),0,United States,Georgia,1,6.0,0.8571428571428571,11.0,0.0007776225249900296,1312042.5876940743,1020.2738699371183
Andy Richter,34,9,29.0,7.25,4,8.0,7.0,7.0,7.0,7,9.0,True,Comedian,Entertainment,59,>55,Emma Slater/Kaitlyn Bristowe (week 9),0,United States,California,1,7.0,1.0,11.0,7.09099956547374e-07,1312042.5876940743,0.9303693419221722
Robert Irwin,34,10,29.5,9.833333333333334,3,10.0,9.5,10.0,,1,,False,Conservationist,Other,22,≤25,Witney Carson (Xoshitl Gomez week 9),0,Australia,Unknown,0,1.0,0.1666666666666666,11.0,0.3242378683117707,1373544.5839922337,445355.1679448198
Whitney Leavitt,34,10,29.0,9.666666666666666,3,9.0,10.0,10.0,,6,10.0,True,TV Personality,Media,32,26-35,Mark Ballas,20,United States,Utah,1,2.0,0.4166666666666667,11.0,0.19666020817095628,1373544.5839922337,270121.56382000225
Alix Earle,34,10,29.0,9.666666666666666,3,9.5,10.0,9.5,,2,,False,Social Media Personality,Media,24,≤25,Val Chmerkovskiy (Joey Graziadei week 9),0,United States,Florida,1,2.0,0.4166666666666667,11.0,0.19666020817095628,1373544.5839922337,270121.56382000225
Elaine Hendrix,34,10,28.5,9.5,3,9.5,9.5,9.5,,5,,False,Actor/Actress,Entertainment,55,46-55,Alan Bersten (Rashad Jennings week 9),0,United States,Georgia,1,4.0,0.75,11.0,0.11928044580115393,1373544.5839922337,163837.01030635418
Jordan Chiles,34,10,28.5,9.5,3,9.5,9.5,9.5,,3,,False,Athlete,Sports,24,≤25,Ezra Sosa (Apolo Anton Ohno week 9),0,United States,Texas,1,4.0,0.75,11.0,0.11928044580115393,1373544.5839922337,163837.01030635418
Dylan Efron,34,10,27.5,9.166666666666666,3,9.0,9.0,9.5,,4,,False,TV Personality,Media,33,26-35,Daniella Karagach (Rumer Willis week 9),0,United States,California,1,6.0,1.0,11.0,0.04388082374400902,1373544.5839922337,60272.2677947014
Alix Earle,34,11,30.0,10.0,3,10.0,10.0,10.0,,2,,False,Social Media Personality,Media,24,≤25,Val Chmerkovskiy (Joey Graziadei week 9),0,United States,Florida,1,1.0,0.2,11.0,0.3017390767191241,1435046.5802903937,433009.63018575974
Jordan Chiles,34,11,29.666600000000003,9.888866666666669,3,9.6666,10.0,10.0,,3,,False,Athlete,Sports,24,≤25,Ezra Sosa (Apolo Anton Ohno week 9),0,United States,Texas,1,2.0,0.5,11.0,0.2161910828735861,1435046.5802903937,310244.27416701685
Robert Irwin,34,11,29.666600000000003,9.888866666666669,3,9.6666,10.0,10.0,,1,,False,Conservationist,Other,22,≤25,Witney Carson (Xoshitl Gomez week 9),0,Australia,Unknown,0,2.0,0.5,11.0,0.2161910828735861,1435046.5802903937,310244.27416701685
Dylan Efron,34,11,29.3332,9.777733333333334,3,9.6666,9.6666,10.0,,4,,False,TV Personality,Media,33,26-35,Daniella Karagach (Rumer Willis week 9),0,United States,California,1,4.0,0.8,11.0,0.15489735311134578,1435046.5802903937,222284.91687847034
Elaine Hendrix,34,11,28.9998,9.6666,3,9.6666,9.6666,9.6666,,5,,False,Actor/Actress,Entertainment,55,46-55,Alan Bersten (Rashad Jennings week 9),0,United States,Georgia,1,5.0,1.0,11.0,0.11098140442235782,1435046.5802903937,159263.48489212975
