season,week,celebrity_name,share_q10,share_q50,share_q90,rel_ci80
1,1,Joey McIntyre,0.00038666583355201345,0.3056624785590247,0.6109382912844974,0.6105516254509453
1,1,John O'Hurley,0.00038666583355201345,0.3056624785590247,0.6109382912844974,0.6105516254509453
1,1,Rachel Hunter,0.00038666583355201345,0.3056624785590247,0.6109382912844974,0.6105516254509453
1,1,Evander Holyfield,5.1465962018930334e-05,0.041366918110590664,0.08268237025916239,0.08263090429714345
1,1,Trista Sutter,5.1465962018930334e-05,0.041366918110590664,0.08268237025916239,0.08263090429714345
1,1,Kelly Monaco,0.0,0.0002787281017446686,0.0005581014308869905,0.0005581014308869905
1,2,Evander Holyfield,0.4168603097772473,0.41686667666666655,0.4168730435560858,1.2733778838480703e-05
1,2,John O'Hurley,0.0,0.4162666166666668,1.0,1.0
1,2,Kelly Monaco,0.16675785560533443,0.16686667666666655,0.16697549772799866,0.00021764212266423
1,2,Rachel Hunter,0.0,1.0000000078003162e-08,0.11824255059963462,0.11824255059963462
1,2,Trista Sutter,0.0,1.0000000000049026e-08,0.0007977139739195427,0.0007977139739195427
1,2,Joey McIntyre,0.0,9.999999999999994e-09,0.00588790846062275,0.00588790846062275
1,3,Rachel Hunter,0.001091974624797598,0.8617783905937556,1.0,0.9989080253752024
1,3,John O'Hurley,0.00014691912705143417,0.11662902257819817,0.23311112602934492,0.23296420690229347
1,3,Joey McIntyre,1.9019773589631916e-05,0.015784021804229744,0.031549023834869856,0.031530004061280224
1,3,Kelly Monaco,6.365664824238559e-06,0.005806617120777899,0.01160686857673156,0.011600502911907321
1,3,Evander Holyfield,0.0,1.947903038559871e-06,4.892067320713314e-06,4.892067320713314e-06
1,4,Kelly Monaco,0.0009199802402432011,0.7261657125463147,1.0,0.9990800197597568
1,4,Rachel Hunter,0.00033781049781433925,0.2671414365294005,0.5339450625609866,0.5336072520631723
1,4,John O'Hurley,5.206775776971095e-06,0.004892866083690201,0.00978052539160343,0.009775318615826459
1,4,Joey McIntyre,1.2841469080140163e-06,0.0017999848405946546,0.0035986855342812953,0.003597401387373281
1,5,John O'Hurley,0.0012169680569603658,0.9603321551125757,1.0,0.9987830319430396
1,5,Kelly Monaco,3.5780678390121e-05,0.028999518300715895,0.05796325592304167,0.05792747524465155
1,5,Joey McIntyre,1.2531657115771172e-05,0.010668326586708379,0.021324121516300986,0.021311589859185215
1,6,Kelly Monaco,0.0007884518647957028,0.6224593312018546,1.0,0.9992115481352043
1,6,John O'Hurley,0.0004778272593938815,0.37754066879814546,0.7546035103368971,0.7541256830775032
2,1,Drew Lachey,0.0,0.49935380523828365,1.0,1.0
2,1,Giselle Fernandez,0.0,0.17492928052028356,0.3634983356222591,0.3634983356222591
2,1,Tatum O'Neal,0.0,0.17492928052028356,0.3634983356222591,0.3634983356222591
2,1,Master P,0.08352919519435376,0.08353334333333326,0.08353749147231276,8.296277959007892e-06
2,1,Stacy Keibler,0.0,0.055580167664714915,0.12495147759671174,0.12495147759671174
2,1,Jerry Rice,0.0,0.011674082723100918,0.03719499277306995,0.03719499277306995
2,1,Kenny Mayne,0.0,1.0000000042165204e-08,9.56970823811226e-06,9.56970823811226e-06
2,1,George Hamilton,0.0,1.000000000926475e-08,0.0012715703012667412,0.0012715703012667412
2,1,Lisa Rinna,0.0,1.0000000006012144e-08,0.0034547531581514274,0.0034547531581514274
2,1,Tia Carrere,0.0,1.0000000003410059e-08,0.009389259446224379,0.009389259446224379
2,2,Stacy Keibler,0.0,0.8385247827084639,1.0,1.0
2,2,Drew Lachey,0.0,0.08435207036845925,0.2022446952000031,0.2022446952000031
2,2,Master P,0.07712011920068877,0.07712308692307698,0.0771260546454652,5.935444776422605e-06
2,2,Lisa Rinna,0.0,1.0000000009874614e-08,0.0001085119794537446,0.0001085119794537446
2,2,Jerry Rice,0.0,1.0000000005578463e-08,0.0021602691833733983,0.0021602691833733983
2,2,Tia Carrere,0.0,1.0000000004819522e-08,0.0007953562600200081,0.0007953562600200081
2,2,George Hamilton,0.0,1.0000000000049032e-08,0.0007953562600200034,0.0007953562600200034
2,2,Giselle Fernandez,0.0,1e-08,0.005870487180353824,0.005870487180353824
2,2,Tatum O'Neal,0.0,1e-08,6.361003267929336e-06,6.361003267929336e-06
2,3,Master P,0.6155827297767443,0.6155846253846161,0.6155865209924879,3.7912157435648908e-06
2,3,Jerry Rice,0.23083513381500595,0.23096924076923114,0.23110334772345634,0.0002682139084503876
2,3,Stacy Keibler,0.0,0.07662304692307653,0.47341406466242314,0.47341406466242314
2,3,Drew Lachey,0.0,0.07662304692307642,0.47341406466242303,0.47341406466242303
2,3,George Hamilton,0.0,0.00020000999999983133,0.002874558849562724,0.002874558849562724
2,3,Giselle Fernandez,0.0,1.0000000117034447e-08,0.00267455884956301,0.00267455884956301
2,3,Lisa Rinna,0.0,1.0000000001675335e-08,0.05370069833958104,0.05370069833958104
2,3,Tia Carrere,0.0,1e-08,0.14597189918665382,0.14597189918665382
2,4,Drew Lachey,0.0009456924507752484,0.7464440325763999,1.0,0.9990543075492248
2,4,Lisa Rinna,0.00012712198759765037,0.10102021456900644,0.20191330715041522,0.20178618516281757
2,4,Stacy Keibler,0.00012712198759765037,0.10102021456900644,0.20191330715041522,0.20178618516281757
2,4,Tia Carrere,4.613424690291107e-05,0.03716326008266529,0.07428038591842767,0.07423425167152475
2,4,Jerry Rice,1.6340522114384817e-05,0.013671599351319874,0.02732685818052536,0.027310517658410978
2,4,George Hamilton,0.0,0.0006806688516022069,0.001361473164311556,0.001361473164311556
2,4,Master P,0.0,1e-08,1.010268307958096e-06,1.010268307958096e-06
2,5,Stacy Keibler,0.0011952052364850863,0.9431727904386453,1.0,0.9988047947635149
2,5,Drew Lachey,5.8556757023701944e-05,0.04695780820027785,0.093857059643532,0.09379850288650829
2,5,Lisa Rinna,7.061227214472977e-06,0.006355048272955136,0.0127030353186958,0.012695974091481328
2,5,George Hamilton,1.966361466521592e-06,0.0023378916072722754,0.004673816853078029,0.0046718504916115075
2,5,Jerry Rice,9.206510232179308e-08,0.0008600622580027297,0.0017200324509031376,0.0017199403858008159
2,5,Tia Carrere,0.0,0.00031639922284669306,0.0006333958956901159,0.0006333958956901159
2,6,Drew Lachey,0.0006171870214759512,0.48742187565827494,0.9742265642950739,0.973609377273598
2,6,Stacy Keibler,0.0006171870214759512,0.48742187565827494,0.9742265642950739,0.973609377273598
2,6,Lisa Rinna,2.9778924635157772e-05,0.024267306247391013,0.04850483357014687,0.04847505464551172
2,6,Jerry Rice,9.956498071629275e-05,0.0005444712180295367,0.0009893774553427807,0.0008898124746264879
2,6,George Hamilton,0.0,0.00034447121802953686,0.0007893774553427808,0.0007893774553427808
2,7,Jerry Rice,0.8569573999954849,0.8573428671428562,0.8577283342902275,0.0007709342947426201
2,7,Drew Lachey,0.0,0.07132856142857165,0.49295037312821005,0.49295037312821005
2,7,Stacy Keibler,0.0,0.07132856142857165,0.49295037312821005,0.49295037312821005
2,7,Lisa Rinna,0.0,1.000000052209238e-08,0.15510663779260972,0.15510663779260972
2,8,Drew Lachey,0.0006983387640741023,0.5514077154896383,1.0,0.9993016612359259
2,8,Stacy Keibler,0.0005001151841926288,0.3951140632895601,0.7897280113949277,0.7892278962107351
2,8,Jerry Rice,6.682644419937073e-05,0.05347822122080159,0.10688961599740382,0.10682278955320446
3,1,Mario Lopez,0.001073686074172464,0.8473583888343016,1.0,0.9989263139258275
3,1,Emmitt Smith,0.00014444404087260443,0.11467748755581,0.2292105310707474,0.2290660870298748
3,1,Willa Ford,1.8684807100587467e-05,0.015519910259228671,0.031021135711356757,0.03100245090425617
3,1,Vivica A. Fox,1.8684807100587467e-05,0.015519910259228671,0.031021135711356757,0.03100245090425617
3,1,Joey Lawrence,6.242437539437894e-06,0.005709455913195979,0.01141266938885252,0.011406426951313081
3,1,Monique Coleman,0.0,0.000772690833139331,0.0015454004123089224,0.0015454004123089224
3,1,Shanna Moakler,0.0,0.0002842570718935933,0.0005691523589214462,0.0005691523589214462
3,1,Harry Hamlin,0.0,0.0001045723327572456,0.00021001077059655302,0.00021001077059655302
3,1,Jerry Springer,0.0,3.8470011336729626e-05,7.788996378216712e-05,7.788996378216712e-05
3,1,Sara Evans,0.0,1.4152326272415143e-05,2.928543520417075e-05,2.928543520417075e-05
3,1,Tucker Carlson,0.0,7.046028356890499e-07,2.4070437635103768e-06,2.4070437635103768e-06
3,2,Joey Lawrence,0.0,0.3991999100000004,1.0,1.0
3,2,Jerry Springer,0.3001565441694297,0.30020000999999924,0.30024347583056876,8.693166113904471e-05
3,2,Mario Lopez,0.09988521949254406,0.10020001000000002,0.10051480050745598,0.000629581014911923
3,2,Sara Evans,0.09988521949254392,0.10020000999999988,0.10051480050745584,0.000629581014911923
3,2,Harry Hamlin,0.09988521949254378,0.10020000999999974,0.1005148005074557,0.000629581014911923
3,2,Shanna Moakler,0.0,1.0000000308721386e-08,0.0008539832136174002,0.0008539832136174002
3,2,Willa Ford,0.0,1.0000000149560507e-08,0.002319633765994419,0.002319633765994419
3,2,Vivica A. Fox,0.0,1.0000000148259464e-08,0.006303685029392263,0.006303685029392263
3,2,Monique Coleman,0.0,1.000000000167533e-08,0.04657183746859799,0.04657183746859799
3,2,Emmitt Smith,0.0,9.999999999999995e-09,0.0063036850293921145,0.0063036850293921145
3,3,Emmitt Smith,0.37504426692875514,0.3752000100000003,0.37535575307124547,0.0003114861424903248
3,3,Vivica A. Fox,0.0,0.24949996499999985,0.7107873385785093,0.7107873385785093
3,3,Monique Coleman,0.0,0.24949996499999977,0.7107873385785093,0.7107873385785093
3,3,Jerry Springer,0.1240555966625585,0.12520000999999992,0.12634442333744134,0.002288826674882838
3,3,Mario Lopez,0.0,0.00020001000000024983,0.0033091318768415784,0.0033091318768415784
3,3,Joey Lawrence,0.0,0.0002000100000000382,0.0033091318768413668,0.0033091318768413668
3,3,Willa Ford,0.0,0.0002000100000000061,0.0033091318768413347,0.0033091318768413347
3,3,Harry Hamlin,0.0,1e-08,0.0031091318768413285,0.0031091318768413285
3,3,Sara Evans,0.0,1e-08,0.06242933092480351,0.06242933092480351
3,4,Sara Evans,0.444562605461177,0.44464445444444384,0.4447263034277107,0.0001636979665337046
3,4,Mario Lopez,0.0,0.3325332633333332,0.9876706358870998,0.9876706358870998
3,4,Jerry Springer,0.22182382644623166,0.22242223222222218,0.2230206379982127,0.0011968115519810363
3,4,Monique Coleman,0.0,0.00020001000000002383,0.004615282895709407,0.004615282895709407
3,4,Emmitt Smith,0.0,0.00020000999999969857,0.004615282895709082,0.004615282895709082
3,4,Joey Lawrence,0.0,1.0000000480459013e-08,0.0886640754415375,0.0886640754415375
3,4,Vivica A. Fox,0.0,1.0000000463111778e-08,0.004415282895709846,0.004415282895709846
3,4,Willa Ford,0.0,9.999999999999999e-09,0.24101221182446178,0.24101221182446178
3,5,Emmitt Smith,0.000298482664892713,0.23613255936098188,0.471966636057071,0.47166815339217827
3,5,Mario Lopez,0.000298482664892713,0.23613255936098188,0.471966636057071,0.47166815339217827
3,5,Monique Coleman,0.000298482664892713,0.23613255936098188,0.471966636057071,0.47166815339217827
3,5,Willa Ford,0.000298482664892713,0.23613255936098188,0.471966636057071,0.47166815339217827
3,5,Joey Lawrence,3.9531667911728297e-05,0.03195706680250474,0.06387460193709776,0.06383507026918603
3,5,Jerry Springer,1.3911569044820077e-05,0.011756347876783896,0.02349878418452297,0.02348487261547815
3,5,Sara Evans,1.3911569044820077e-05,0.011756347876783896,0.02349878418452297,0.02348487261547815
3,6,Mario Lopez,0.0011789185094555066,0.9303311696213278,1.0,0.9988210814905445
3,6,Emmitt Smith,5.774588863158292e-05,0.04631846154669188,0.09257917720475217,0.09252143131612059
3,6,Joey Lawrence,2.0612206384610504e-05,0.017039609749717945,0.03405860729305128,0.034037995086666675
3,6,Monique Coleman,6.951488110957735e-06,0.006268522112505698,0.012530092736900438,0.01252314124878948
3,6,Jerry Springer,0.0,4.223696975665866e-05,8.541910307685462e-05,8.541910307685462e-05
3,7,Emmitt Smith,0.00044656286181105065,0.35288958094584927,0.7053325990298875,0.7048860361680764
3,7,Joey Lawrence,0.00044656286181105065,0.35288958094584927,0.7053325990298875,0.7048860361680764
3,7,Mario Lopez,0.00027046109686507114,0.21403835033680071,0.42780623957673636,0.4275357784798713
3,7,Monique Coleman,9.886575831821731e-05,0.07874030871115964,0.15738175166400106,0.15728288590568285
3,7,Jerry Springer,8.303502139978339e-07,0.0014421790603410501,0.0028835277704681024,0.0028826974202541046
3,8,Mario Lopez,0.0008008981531711923,0.6322728754214296,1.0,0.9991991018468288
3,8,Emmitt Smith,0.00017792864862564706,0.1410791479502918,0.28198036725195796,0.2818024386033323
3,8,Joey Lawrence,0.00017792864862564706,0.1410791479502918,0.28198036725195796,0.2818024386033323
3,8,Monique Coleman,0.00010752621032035503,0.08556882867798672,0.17103013114565307,0.17092260493533273
3,9,Emmitt Smith,0.00042176013082206865,0.3333333333333333,0.6662449065358446,0.6658231464050225
3,9,Joey Lawrence,0.00042176013082206865,0.3333333333333333,0.6662449065358446,0.6658231464050225
3,9,Mario Lopez,0.00042176013082206865,0.3333333333333333,0.6662449065358446,0.6658231464050225
3,10,Emmitt Smith,0.0006331395620947644,0.5,0.9993668604379052,0.9987337208758105
3,10,Mario Lopez,0.0006331395620947644,0.5,0.9993668604379052,0.9987337208758105
4,1,Joey Fatone,0.000853177101736935,0.6734933387458005,1.0,0.9991468228982631
4,1,Laila Ali,0.0003132349965521142,0.24776435309049397,0.4952154711844358,0.4949022361878837
4,1,Ian Ziering,4.152817889525179e-05,0.03353125890143812,0.06702098962398098,0.06697946144508574
4,1,Apolo Anton Ohno,4.152817889525179e-05,0.03353125890143812,0.06702098962398098,0.06697946144508574
4,1,Paulina Porizkova,4.756659770343251e-06,0.004537962420706318,0.009071168181642292,0.009066411521871948
4,1,Shandi Finnessey,4.756659770343251e-06,0.004537962420706318,0.009071168181642292,0.009066411521871948
4,1,Heather Mills,1.118558483033296e-06,0.001669423079386446,0.0033377276002898586,0.0033366090418068253
4,1,John Ratzenberger,0.0,0.0006141464295233942,0.0012285126832322557,0.0012285126832322557
4,1,Clyde Drexler,0.0,0.0002259318452905028,0.0004525758782346346,0.0004525758782346346
4,1,Leeza Gibbons,0.0,8.311568098830296e-05,0.00016712468002775535,0.00016712468002775535
4,1,Billy Ray Cyrus,0.0,1.1248484227955925e-05,2.34814339901315e-05,2.34814339901315e-05
4,2,Laila Ali,0.0,0.4900926128198664,1.0,1.0
4,2,Clyde Drexler,0.3334493536816757,0.33353334333333345,0.3336173329849912,0.00016797930331546862
4,2,Shandi Finnessey,0.11069689781629106,0.11131112111111122,0.11192534440593137,0.001228446589640303
4,2,Apolo Anton Ohno,0.0,0.06446285273568894,0.3118562970976395,0.3118562970976395
4,2,Billy Ray Cyrus,0.0,0.00020000999999999822,0.0018679259183540145,0.0018679259183540145
4,2,Leeza Gibbons,0.0,0.00020000999999992015,0.0018679259183539364,0.0018679259183539364
4,2,John Ratzenberger,0.0,0.0002000099999997612,0.0018679259183537775,0.0018679259183537775
4,2,Joey Fatone,0.0,1.0000000112697633e-08,0.03348193543168863,0.03348193543168863
4,2,Ian Ziering,0.0,1.0000000058053843e-08,0.004532159429687516,0.004532159429687516
4,2,Heather Mills,0.0,1.000000000167533e-08,0.033481935431688516,0.033481935431688516
4,2,Paulina Porizkova,0.0,9.999999999999995e-09,0.001667925918354016,0.001667925918354016
4,3,Clyde Drexler,0.6251251476958777,0.6252000099999998,0.6252748723041219,0.0001497246082442505
4,3,John Ratzenberger,0.12116619686047003,0.12520000999999975,0.12923382313952947,0.008067626279059437
4,3,Heather Mills,0.0,0.06229998500000007,0.2824851898249582,0.2824851898249582
4,3,Leeza Gibbons,0.0,0.062299985000000016,0.2824851898249581,0.2824851898249581
4,3,Ian Ziering,0.0,0.06229998499999996,0.28248518982495807,0.28248518982495807
4,3,Joey Fatone,0.0,0.06229998499999993,0.28248518982495807,0.28248518982495807
4,3,Laila Ali,0.0,0.00020001000000014266,0.011163334854011275,0.011163334854011275
4,3,Billy Ray Cyrus,0.0,0.0002000100000000646,0.011163334854011197,0.011163334854011197
4,3,Shandi Finnessey,0.0,1.0000000100554572e-08,0.010963334854011233,0.010963334854011233
4,3,Apolo Anton Ohno,0.0,1.0000000078003167e-08,0.08100225142408037,0.08100225142408037
4,4,Joey Fatone,0.0,0.8333245280066162,1.0,1.0
4,4,Apolo Anton Ohno,0.0,0.08935232507030698,0.20565041509441,0.20565041509441
4,4,Clyde Drexler,0.077120145832132,0.07712308692307696,0.07712602801402191,5.882181889904636e-06
4,4,John Ratzenberger,0.00019373138850029624,0.00020000999999996393,0.0002062886114996316,1.2557222999335369e-05
4,4,Ian Ziering,0.0,1.000000001902257e-08,0.015740108521371827,0.015740108521371827
4,4,Laila Ali,0.0,1.0000000005361623e-08,0.0007846123689992756,0.0007846123689992756
4,4,Billy Ray Cyrus,0.0,1.0000000001024814e-08,0.0007846123689992713,0.0007846123689992713
4,4,Heather Mills,0.0,1e-08,0.005791099966880831,0.005791099966880831
4,4,Leeza Gibbons,0.0,1e-08,6.288611499667686e-06,6.288611499667686e-06
4,5,Apolo Anton Ohno,0.0011069723475902737,0.8736036682491624,1.0,0.9988930276524097
4,5,Laila Ali,0.0001489488481134782,0.11822939987904423,0.23630985090997497,0.2361609020618615
4,5,Joey Fatone,6.466718685522663e-06,0.0058862952148694995,0.011766123711053476,0.011759656992367954
4,5,Ian Ziering,1.7476540011196126e-06,0.0021654469942163266,0.0043291463344315335,0.004327398680430414
4,5,Heather Mills,0.0,0.00010781125754803372,0.000216484512325648,0.000216484512325648
4,5,John Ratzenberger,0.0,5.367606450369342e-06,1.1727137014558399e-05,1.1727137014558399e-05
4,5,Billy Ray Cyrus,0.0,1.9746320613901026e-06,4.945491466579911e-06,4.945491466579911e-06
4,5,Clyde Drexler,0.0,3.6166647774537904e-08,1.0710191496488138e-06,1.0710191496488138e-06
4,6,John Ratzenberger,0.4445919707848074,0.44464445444444406,0.44469693810408073,0.00010496731927334135
4,6,Billy Ray Cyrus,0.2220408084698988,0.2224222322222225,0.22280365597454618,0.0007628475046473904
4,6,Apolo Anton Ohno,0.0,0.16646664166666675,0.5836543322844923,0.5836543322844923
4,6,Laila Ali,0.0,0.1664666416666667,0.5836543322844923,0.5836543322844923
4,6,Heather Mills,0.0,1.0000000081472615e-08,0.002811990550375849,0.002811990550375849
4,6,Ian Ziering,0.0,1.0000000052849678e-08,0.007642049529494921,0.007642049529494921
4,6,Joey Fatone,0.0,1e-08,0.15347541580694538,0.15347541580694538
4,7,Billy Ray Cyrus,0.33351964246040766,0.3335333433333332,0.3335470442062587,2.7401745851030057e-05
4,7,Laila Ali,0.0,0.33323331333333345,0.7945189548583492,0.7945189548583492
4,7,Joey Fatone,0.0,0.3332333133333334,0.7945189548583491,0.7945189548583491
4,7,John Ratzenberger,0.0,1.00000000835326e-08,0.0004216458784739563,0.0004216458784739563
4,7,Ian Ziering,0.0,1.0000000001675335e-08,0.03786555800063647,0.03786555800063647
4,7,Apolo Anton Ohno,0.0,1.0000000001675335e-08,0.03786555800063647,0.03786555800063647
4,8,Apolo Anton Ohno,0.0009676339285655811,0.7637392897823777,1.0,0.9990323660714344
4,8,Joey Fatone,0.00021513242889187323,0.17041327004079,0.3406114076526881,0.34039627522379623
4,8,Laila Ali,7.851147886347998e-05,0.06269153855080392,0.12530456562274436,0.12522605414388088
4,8,Ian Ziering,2.959848567020331e-06,0.0031212279159154523,0.006239495983263885,0.006236536134696864
4,8,Billy Ray Cyrus,0.0,3.467371011297001e-05,7.03021760946096e-05,7.03021760946096e-05
4,9,Joey Fatone,0.00042539727441553987,0.3362011175603434,0.6719768378462712,0.6715514405718557
4,9,Laila Ali,0.00042539727441553987,0.3362011175603434,0.6719768378462712,0.6715514405718557
4,9,Apolo Anton Ohno,0.0002576235191788512,0.2039162856299997,0.40757494774082054,0.4073173242216417
4,9,Ian Ziering,0.00015586359273271622,0.12368147924931351,0.24720709490589432,0.2470512313131616
4,10,Apolo Anton Ohno,0.0006731576728120636,0.5315531415681477,1.0,0.9993268423271879
4,10,Joey Fatone,0.00034511317001489905,0.2728993857588369,0.5454536583476588,0.5451085451776438
4,10,Laila Ali,0.00024700954963924326,0.19554747267301542,0.3908479357963916,0.39060092624675236
5,1,Sabrina Bryan,0.0007568452882550369,0.5975384449781603,1.0,0.999243154711745
5,1,Helio Castroneves,0.0002777965028413487,0.21982210921701825,0.43936642193119513,0.4390886254283538
5,1,Mel B,0.00010156430336953626,0.08086803469588444,0.16163450508839933,0.16153294078502978
5,1,Jane Seymour,0.00010156430336953626,0.08086803469588444,0.16163450508839933,0.16153294078502978
5,1,Albert Reed,4.107581116775949e-06,0.004026182372178792,0.008048257163240808,0.008044149582124032
5,1,Jennie Garth,4.107581116775949e-06,0.004026182372178792,0.008048257163240808,0.008044149582124032
5,1,Cameron Mathison,4.107581116775949e-06,0.004026182372178792,0.008048257163240808,0.008044149582124032
5,1,Marie Osmond,4.107581116775949e-06,0.004026182372178792,0.008048257163240808,0.008044149582124032
5,1,Mark Cuban,4.107581116775949e-06,0.004026182372178792,0.008048257163240808,0.008044149582124032
5,1,Wayne Newton,0.0,0.000544884531701074,0.0010900767308310386,0.0010900767308310386
5,1,Floyd Mayweather Jr.,0.0,0.00020045181702515414,0.0004016481374272385,0.0004016481374272385
5,1,Josie Maran,0.0,2.7128203432392898e-05,5.522073252292023e-05,5.522073252292023e-05
5,2,Wayne Newton,0.5001947748881249,0.5002000099999988,0.5002052451118727,1.0470223747782725e-05
5,2,Mark Cuban,0.2501139212983435,0.2502000099999993,0.25028609870165514,0.00017217740331165743
5,2,Helio Castroneves,0.0,0.2487999000000008,0.9382920664887768,0.9382920664887768
5,2,Cameron Mathison,0.0,0.00020001000000066755,0.0019100864645941028,0.0019100864645941028
5,2,Jennie Garth,0.0,0.00020000999999987651,0.0019100864645933118,0.0019100864645933118
5,2,Floyd Mayweather Jr.,0.0,0.00020000999999986177,0.001910086464593297,0.001910086464593297
5,2,Jane Seymour,0.0,0.00020000999999980843,0.0019100864645932437,0.0019100864645932437
5,2,Albert Reed,0.0,1.0000000748690626e-08,0.001710086464594184,0.001710086464594184
5,2,Marie Osmond,0.0,1.0000000001675329e-08,0.03432875263988214,0.03432875263988214
5,2,Mel B,0.0,9.999999999999994e-09,0.012629479977333224,0.012629479977333224
5,2,Sabrina Bryan,0.0,9.999999999999994e-09,0.25365063421883305,0.25365063421883305
5,3,Mel B,0.00033211171224278857,0.262648106267546,0.5249641008228492,0.5246319891106064
5,3,Sabrina Bryan,0.00033211171224278857,0.262648106267546,0.5249641008228492,0.5246319891106064
5,3,Jane Seymour,0.00033211171224278857,0.262648106267546,0.5249641008228492,0.5246319891106064
5,3,Jennie Garth,0.00012154575225123421,0.09662283855844242,0.1931241313646336,0.19300258561238237
5,3,Marie Osmond,0.00012154575225123421,0.09662283855844242,0.1931241313646336,0.19300258561238237
5,3,Helio Castroneves,1.558586072438091e-05,0.013076479223432306,0.026137372586140233,0.026121786725415853
5,3,Cameron Mathison,5.102398878337362e-06,0.004810567869206252,0.009616033339534168,0.009610930940655831
5,3,Floyd Mayweather Jr.,0.0,0.0006510395651079766,0.0013022521637013143,0.0013022521637013143
5,3,Mark Cuban,0.0,0.0002395040713924213,0.0004797031171018644,0.0004797031171018644
5,3,Wayne Newton,0.0,3.2413351338215244e-05,6.578432530521376e-05,6.578432530521376e-05
5,4,Sabrina Bryan,0.0,0.8098463251081338,1.0,1.0
5,4,Mark Cuban,0.12492110023236529,0.12520000999999997,0.12547891976763467,0.0005578195352693854
5,4,Helio Castroneves,0.0,0.021651208297288716,0.06289786181807465,0.06289786181807465
5,4,Cameron Mathison,0.0,0.021651208297288706,0.06289786181807464,0.06289786181807464
5,4,Jennie Garth,0.0,0.021651208297288685,0.06289786181807461,0.06289786181807461
5,4,Floyd Mayweather Jr.,0.0,1.0000000011216313e-08,0.0007564492505692822,0.0007564492505692822
5,4,Marie Osmond,0.0,9.999999999999999e-09,0.015174437166273952,0.015174437166273952
5,4,Mel B,0.0,9.999999999999999e-09,0.015174437166273952,0.015174437166273952
5,4,Jane Seymour,0.0,9.999999999999999e-09,0.015174437166273952,0.015174437166273952
5,5,Mel B,0.0008508116607383043,0.6716282558280279,1.0,0.9991491883392617
5,5,Sabrina Bryan,0.00031236479943944073,0.24707822742896543,0.4938440900584914,0.493531725259052
5,5,Cameron Mathison,4.1410410522538244e-05,0.03343840189069924,0.06683539337087595,0.06679398296035341
5,5,Jane Seymour,4.1410410522538244e-05,0.03343840189069924,0.06683539337087595,0.06679398296035341
5,5,Jennie Garth,1.4602719826589672e-05,0.012301300601216536,0.024587998482606482,0.024573395762779893
5,5,Helio Castroneves,1.1126951410093695e-06,0.0016648000010443542,0.003328487306947699,0.0033273746118066896
5,5,Marie Osmond,9.928701882931751e-05,0.0003253061796736508,0.000551325340517984,0.00045203832168866647
5,5,Mark Cuban,0.0,0.00012530617967365082,0.0003513253405179841,0.0003513253405179841
5,6,Jane Seymour,0.3749197776975213,0.37520001000000003,0.3754802423024788,0.0005604646049575113
5,6,Mel B,0.0,0.3743999399999995,1.0,1.0
5,6,Marie Osmond,0.2494399757269969,0.2502000100000003,0.2509600442730037,0.0015200685460068364
5,6,Cameron Mathison,0.0,0.00020000999999990834,0.005809564927323399,0.005809564927323399
5,6,Helio Castroneves,0.0,1.000000007800316e-08,0.11265187128422181,0.11265187128422181
5,6,Jennie Garth,0.0,1.0000000001675327e-08,0.041442945095017454,0.041442945095017454
5,6,Sabrina Bryan,0.0,9.999999999999992e-09,0.005609564927323491,0.005609564927323491
5,7,Mel B,0.0004686020260178947,0.3702668347891155,0.7400650675522131,0.7395964655261953
5,7,Jennie Garth,0.0002838285256709372,0.22457818757435086,0.4488725466230308,0.44858871809735984
5,7,Marie Osmond,0.00017175773260813543,0.13621355626653855,0.272255354800469,0.27208359706786084
5,7,Helio Castroneves,0.00017175773260813543,0.13621355626653855,0.272255354800469,0.27208359706786084
5,7,Cameron Mathison,0.00010378336055721915,0.08261769814414754,0.16513161292773787,0.16502782956718065
5,7,Jane Seymour,6.255481983363093e-05,0.050110166959309026,0.10015777909878443,0.10009522427895079
5,8,Helio Castroneves,0.0,0.4276983435165268,1.0,1.0
5,8,Marie Osmond,0.23946926018386946,0.2502000099999998,0.2609307598161301,0.021461499632260655
5,8,Mel B,0.0,0.19690162648347334,0.5522231817796008,0.5522231817796008
5,8,Jennie Garth,0.10750864242609716,0.12520001000000003,0.14289137757390288,0.035382735147805724
5,8,Cameron Mathison,0.0,1.0000000001675335e-08,0.029167496128355477,0.029167496128355477
5,9,Marie Osmond,0.4462029879357739,0.5002000100000004,0.5541970320642269,0.10799404412845298
5,9,Helio Castroneves,0.0,0.24989998999999985,0.6488806342547566,0.6488806342547566
5,9,Mel B,0.0,0.24989998999999985,0.6488806342547566,0.6488806342547566
5,9,Jennie Garth,0.0,1e-08,0.1467774177655171,0.1467774177655171
5,10,Mel B,0.0007357786189511328,0.5809279756931421,1.0,0.9992642213810489
5,10,Helio Castroneves,0.0005269429067178977,0.41626695910643313,0.8320069753061483,0.8314800323994305
5,10,Marie Osmond,2.55886679708002e-06,0.0028050652004247972,0.0056075715340525144,0.005605012667255434
6,1,Kristi Yamaguchi,0.0011331293884083715,0.8942277506244668,1.0,0.9988668706115916
6,1,Mario,5.5466182531500874e-05,0.04452097815678152,0.08898649013103155,0.08893102394850005
6,1,Priscilla Presley,5.5466182531500874e-05,0.04452097815678152,0.08898649013103155,0.08893102394850005
6,1,Jason Taylor,6.6429634402072335e-06,0.006025259188819073,0.012043875414197939,0.012037232450757732
6,1,Marlee Matlin,6.6429634402072335e-06,0.006025259188819073,0.012043875414197939,0.012037232450757732
6,1,Cristian de la Fuente,1.8124908229828589e-06,0.0022165689832958587,0.004431325475768735,0.004429512984945752
6,1,Shannon Elizabeth,1.8124908229828589e-06,0.0022165689832958587,0.004431325475768735,0.004429512984945752
6,1,Steve Guttenberg,0.0,0.00011035647151343759,0.00022157171222117288,0.00022157171222117288
6,1,Marissa Jaret Winokur,0.0,0.00011035647151343759,0.00022157171222117288,0.00022157171222117288
6,1,Penn Jillette,0.0,1.4935124329264256e-05,3.0850038513420634e-05,3.0850038513420634e-05
6,1,Monica Seles,0.0,5.494325192075747e-06,1.1980413783557887e-05,1.1980413783557887e-05
6,1,Adam Carolla,0.0,5.494325192075747e-06,1.1980413783557887e-05,1.1980413783557887e-05
6,2,Kristi Yamaguchi,0.0,0.3880488770143957,0.791785556989974,0.791785556989974
6,2,Jason Taylor,0.0,0.38804887701439567,0.7917855569899739,0.7917855569899739
6,2,Mario,0.0,0.13251516514338404,0.2810422206720684,0.2810422206720684
6,2,Steve Guttenberg,0.08352560152906345,0.08353334333333334,0.08354108513760324,1.54836085397847e-05
6,2,Shannon Elizabeth,0.0,0.0039268387472455165,0.02402865344360286,0.02402865344360286
6,2,Marlee Matlin,0.0,0.003926838747245503,0.024028653443602846,0.024028653443602846
6,2,Marissa Jaret Winokur,0.0,1.0000000012300515e-08,0.001001769430404505,0.001001769430404505
6,2,Monica Seles,0.0,1.0000000010785173e-08,3.489369483601022e-06,3.489369483601022e-06
6,2,Priscilla Presley,0.0,1.0000000008831068e-08,0.0010017694304045015,0.0010017694304045015
6,2,Penn Jillette,0.0,1.0000000000001597e-08,1.9338303294492352e-05,1.9338303294492352e-05
6,2,Cristian de la Fuente,0.0,9.999999999999999e-09,0.00036916801830055043,0.00036916801830055043
6,2,Adam Carolla,0.0,9.999999999999999e-09,0.0001364469643314868,0.0001364469643314868
6,3,Kristi Yamaguchi,0.0,0.5651977451666264,1.0,1.0
6,3,Marissa Jaret Winokur,0.24998717264416784,0.25020000999999975,0.25041284735583164,0.0004256747116637982
6,3,Priscilla Presley,0.0,0.1655180617146355,0.3978283198795992,0.3978283198795992
6,3,Cristian de la Fuente,0.0,0.01848412311873819,0.10394692238971365,0.10394692238971365
6,3,Adam Carolla,0.0,0.000200010000000064,0.0017662962091814448,0.0017662962091814448
6,3,Marlee Matlin,0.0,0.0002000100000000113,0.0017662962091813921,0.0017662962091813921
6,3,Mario,0.0,0.0002000099999999235,0.0017662962091813043,0.0017662962091813043
6,3,Steve Guttenberg,0.0,1.0000000149994193e-08,0.0015662962091815308,0.0015662962091815308
6,3,Shannon Elizabeth,0.0,1.000000006412538e-08,0.031440648155608784,0.031440648155608784
6,3,Jason Taylor,0.0,1.0000000025961464e-08,0.01156700571361401,0.01156700571361401
6,4,Jason Taylor,0.0005190344885167564,0.41003139639224484,0.8195437582959729,0.8190247238074562
6,4,Kristi Yamaguchi,0.0005190344885167564,0.41003139639224484,0.8195437582959729,0.8190247238074562
6,4,Shannon Elizabeth,0.00019031079872910972,0.1508421209675252,0.3014939311363213,0.30130362033759217
6,4,Cristian de la Fuente,2.4892197766242935e-05,0.020414261165151416,0.040803630132536586,0.04077873793477034
6,4,Marlee Matlin,2.5052245523292903e-06,0.00276276981685195,0.00552303440915157,0.00552052918459924
6,4,Mario,2.5052245523292903e-06,0.00276276981685195,0.00552303440915157,0.00552052918459924
6,4,Marissa Jaret Winokur,2.5052245523292903e-06,0.00276276981685195,0.00552303440915157,0.00552052918459924
6,4,Priscilla Presley,0.0,0.0003739002356812232,0.0007483249941708325,0.0007483249941708325
6,4,Adam Carolla,0.0,1.86153965966215e-05,3.82059154449823e-05,3.82059154449823e-05
6,5,Kristi Yamaguchi,0.0009870531418144646,0.7790507868470594,1.0,0.9990129468581855
6,5,Jason Taylor,0.00013271954843431522,0.10543305889365277,0.21073339823887122,0.21060067869043692
6,5,Mario,0.00013271954843431522,0.10543305889365277,0.21073339823887122,0.21060067869043692
6,5,Marissa Jaret Winokur,5.658709432833191e-06,0.005249202911371316,0.0104927471133098,0.010487088403876965
6,5,Cristian de la Fuente,1.4504040087791846e-06,0.0019310738336307878,0.0038606972632527965,0.0038592468592440173
6,5,Shannon Elizabeth,1.4504040087791846e-06,0.0019310738336307878,0.0038606972632527965,0.0038592468592440173
6,5,Marlee Matlin,0.0,0.000710402362776889,0.001420902470592679,0.001420902470592679
6,5,Priscilla Presley,0.0,0.00026134242422523417,0.0005233521256958796,0.0005233521256958796
6,6,Kristi Yamaguchi,0.0010484483085799745,0.8274591288161017,1.0,0.99895155169142
6,6,Mario,0.00014102848071788354,0.11198441556504793,0.22382780264937796,0.22368677416866006
6,6,Cristian de la Fuente,5.12501598206247e-05,0.041196764217980394,0.08234227827614016,0.08229102811631953
6,6,Marissa Jaret Winokur,1.8222561299637008e-05,0.015155442598582298,0.03029266263586496,0.030274440074565322
6,6,Shannon Elizabeth,1.602587412035967e-06,0.002051066116655361,0.0041005296458986856,0.00409892705848665
6,6,Jason Taylor,1.602587412035967e-06,0.002051066116655361,0.0041005296458986856,0.00409892705848665
6,6,Marlee Matlin,0.0,0.00010211656897692967,0.0002051023576236285,0.0002051023576236285
6,7,Cristian de la Fuente,0.5504999040125969,0.5557555655555556,0.5610112270985144,0.010511323085917512
6,7,Jason Taylor,0.0,0.31519777646033237,0.7882084474109932,0.7882084474109932
6,7,Kristi Yamaguchi,0.0,0.128846627984112,0.415742495257244,0.415742495257244
6,7,Mario,0.0,0.00020001000000002817,0.06421590669513068,0.06421590669513068
6,7,Marissa Jaret Winokur,0.0,1.0000000022492015e-08,0.10554373264569124,0.10554373264569124
6,7,Shannon Elizabeth,0.0,9.999999999999999e-09,0.06401590669513064,0.06401590669513064
6,8,Marissa Jaret Winokur,0.41010183024119595,0.4287714385714286,0.4474410469016612,0.037339216660465246
6,8,Cristian de la Fuente,0.0,0.4097284386948703,1.0,1.0
6,8,Jason Taylor,0.09230961189119544,0.14305715285714257,0.1938046938230897,0.10149508193189427
6,8,Kristi Yamaguchi,0.0,0.01844295987655836,0.2458741822968512,0.2458741822968512
6,8,Mario,0.0,9.999999999999999e-09,0.08366791232777046,0.08366791232777046
6,9,Kristi Yamaguchi,0.0006157188028527161,0.4862642270527434,0.9719127353026341,0.9712970164997814
6,9,Cristian de la Fuente,0.0003730593613793798,0.29493416242895426,0.5894952654965291,0.5891222061351498
6,9,Jason Taylor,0.0002258789702570818,0.1788866121098266,0.35754734524939613,0.3573214662791391
6,9,Marissa Jaret Winokur,4.962452625360131e-05,0.039914998408475656,0.0797803722906977,0.07973074776444411
6,10,Kristi Yamaguchi,0.0010206138015181887,0.8055124120405227,1.0,0.9989793861984818
6,10,Jason Taylor,0.00022695383642842848,0.17973411350014984,0.3592412731638712,0.35901431932744277
6,10,Cristian de la Fuente,1.7712754519646004e-05,0.014753474459327467,0.02948923616413529,0.029471523409615646
7,1,Brooke Burke,0.0,0.6924921636677801,1.0,1.0
7,1,Cloris Leachman,0.20004254106369349,0.20020001000000004,0.2003574789363066,0.000314937872613108
7,1,Rocco DiSpirito,0.07949776046256272,0.08020001,0.08090225953743728,0.0014044990748745545
7,1,Toni Braxton,0.0,0.026707726332219437,0.13078357246316477,0.13078357246316477
7,1,Kim Kardashian,0.0,0.00020001000000003118,0.0021072060540877073,0.0021072060540877073
7,1,Susan Lucci,0.0,0.00020000999999999822,0.0021072060540876744,0.0021072060540876744
7,1,Ted McGinley,0.0,1.0000000140019528e-08,0.0019072060540878163,0.0019072060540878163
7,1,Maurice Greene,0.0,1.0000000084074696e-08,0.005182590274563564,0.005182590274563564
7,1,Warren Sapp,0.0,1.000000000167533e-08,0.038288005432952306,0.038288005432952306
7,1,Lance Bass,0.0,1.000000000167533e-08,0.038288005432952306,0.038288005432952306
7,1,Misty May-Treanor,0.0,1.000000000167533e-08,0.023223246099335196,0.023223246099335196
7,1,Jeffrey Ross,0.0,9.999999999999995e-09,3.874583487403702e-06,3.874583487403702e-06
7,1,Cody Linley,0.0,9.999999999999995e-09,0.01408600768230435,0.01408600768230435
7,2,Brooke Burke,0.0,0.30492479150384305,0.6975607200275087,0.6975607200275087
7,2,Warren Sapp,0.0,0.30492479150384305,0.6975607200275087,0.6975607200275087
7,2,Cloris Leachman,0.22237277849073578,0.2224222322222224,0.22247168595370903,9.890746297325226e-05
7,2,Rocco DiSpirito,0.11117840803403352,0.11131112111111126,0.111443834188189,0.0002654261541554792
7,2,Toni Braxton,0.0,0.056417003658980155,0.20086032094695178,0.20086032094695178
7,2,Cody Linley,0.0,1.0000000001675334e-08,0.019549150824886303,0.019549150824886303
7,2,Misty May-Treanor,0.0,1.0000000001675334e-08,0.019549150824886303,0.019549150824886303
7,2,Susan Lucci,0.0,1.0000000001675334e-08,0.019549150824886303,0.019549150824886303
7,2,Maurice Greene,0.0,9.999999999999999e-09,0.0026465620786511627,0.0026465620786511627
7,2,Lance Bass,0.0,9.999999999999999e-09,0.007192368320896124,0.007192368320896124
7,2,Kim Kardashian,0.0,9.999999999999999e-09,0.0003590454432474482,0.0003590454432474482
7,3,Brooke Burke,0.0011785459223643269,0.9300373953020221,1.0,0.9988214540776357
7,3,Warren Sapp,5.7727338612610646e-05,0.04630383538457188,0.09254994343053116,0.09249221609191854
7,3,Maurice Greene,2.0605382213996493e-05,0.01703422908537076,0.034047852788527525,0.03402724740631353
7,3,Toni Braxton,1.9250671553830943e-06,0.002305332217985998,0.004608739368816613,0.00460681430166123
7,3,Lance Bass,1.9250671553830943e-06,0.002305332217985998,0.004608739368816613,0.00460681430166123
7,3,Cody Linley,7.687377421650501e-08,0.0008480843280672106,0.0016960917823602047,0.0016960149085859882
7,3,Susan Lucci,7.687377421650501e-08,0.0008480843280672106,0.0016960917823602047,0.0016960149085859882
7,3,Rocco DiSpirito,0.0,0.0003119927886756236,0.0006245886159252709,0.0006245886159252709
7,3,Cloris Leachman,0.0,5.714347253271876e-06,1.2420178857121167e-05,1.2420178857121167e-05
7,4,Brooke Burke,0.0005644682652057309,0.4458546364739761,0.8911448046827465,0.8905803364175408
7,4,Lance Bass,0.0005644682652057309,0.4458546364739761,0.8911448046827465,0.8905803364175408
7,4,Susan Lucci,7.55289044669441e-05,0.060339863509562545,0.12060419811465814,0.1205286692101912
7,4,Cody Linley,2.7154212312467674e-05,0.022197795268258973,0.04436843632420548,0.04434128211189301
7,4,Toni Braxton,9.358157595840133e-06,0.008166112518525198,0.016322866879454556,0.016313508721858716
7,4,Cloris Leachman,9.358157595840133e-06,0.008166112518525198,0.016322866879454556,0.016313508721858716
7,4,Warren Sapp,9.358157595840133e-06,0.008166112518525198,0.016322866879454556,0.016313508721858716
7,4,Maurice Greene,4.0292082605889075e-07,0.0011051631506366563,0.0022099233804472535,0.002209520459621195
7,4,Rocco DiSpirito,0.0,0.00014956756801407913,0.00029994417470678865,0.00029994417470678865
7,5,Brooke Burke,0.0,0.5771754581552277,1.0,1.0
7,5,Cody Linley,0.0,0.16240500684381987,0.40348660178382684,0.40348660178382684
7,5,Cloris Leachman,0.12497917422034915,0.12520001000000003,0.1254208457796509,0.0004416715593017484
7,5,Lance Bass,0.12497917422034913,0.12520001,0.12542084577965087,0.0004416715593017484
7,5,Maurice Greene,0.0,0.009819485000952227,0.09850907874305713,0.09850907874305713
7,5,Susan Lucci,0.0,0.00020000999999998236,0.000798587784326701,0.000798587784326701
7,5,Toni Braxton,0.0,1.000000009415778e-08,0.0005985877843268128,0.0005985877843268128
7,5,Warren Sapp,0.0,1e-08,0.012003704857310624,0.012003704857310624
7,6,Lance Bass,0.000821312867433921,0.6483692967081335,1.0,0.9991786871325661
7,6,Brooke Burke,0.000301512799843362,0.23852173454570924,0.4767419562915751,0.47644044349173176
7,6,Warren Sapp,0.00011028904145729546,0.08774724241191863,0.17538419578237996,0.17527390674092266
7,6,Cody Linley,1.406243058077114e-05,0.01187529790504872,0.02373653337951667,0.023722470948935898
7,6,Susan Lucci,1.406243058077114e-05,0.01187529790504872,0.02373653337951667,0.023722470948935898
7,6,Maurice Greene,1.0395749428968818e-06,0.001607146805498922,0.003213254036054947,0.00321221446111205
7,6,Cloris Leachman,0.0,3.983718642352837e-06,8.96111655103221e-06,8.96111655103221e-06
7,7,Brooke Burke,0.0,0.44404439444444443,1.0,1.0
7,7,Warren Sapp,0.33341108166672584,0.3335333433333327,0.3336556049999395,0.00024452333321367536
7,7,Cody Linley,0.22209160665813996,0.22242223222222265,0.22275285778630535,0.0006612511281653966
7,7,Susan Lucci,0.0,1.0000000178617128e-08,0.002436639887739105,0.002436639887739105
7,7,Lance Bass,0.0,1.0000000030298271e-08,0.006621740643949111,0.006621740643949111
7,7,Maurice Greene,0.0,9.999999999999999e-09,0.006621740643949081,0.006621740643949081
7,8,Brooke Burke,0.0007241407925335785,0.571751880722161,1.0,0.9992758592074664
7,8,Warren Sapp,0.00043882062230793384,0.3467850454063512,0.6931312701903944,0.6926924495680865
7,8,Lance Bass,5.852434512735455e-05,0.046932252342290134,0.09380598033945292,0.09374745599432557
7,8,Cody Linley,0.00012089858452525235,0.01736541076459881,0.03460992294467237,0.034489024360147114
7,8,Maurice Greene,0.0,0.01716541076459881,0.034409922944672364,0.034409922944672364
7,9,Lance Bass,0.0012176565886026225,0.9608750427201593,1.0,0.9987823434113974
7,9,Brooke Burke,2.1321719053515875e-05,0.017599040299659467,0.03517675888026542,0.0351554371612119
7,9,Warren Sapp,2.1321719053515875e-05,0.017599040299659467,0.03517675888026542,0.0351554371612119
7,9,Cody Linley,3.98163403302846e-06,0.003926876680521687,0.007849771727010346,0.007845790092977319
7,10,Brooke Burke,0.0010884268595857671,0.8589810786775898,1.0,0.9989115731404142
7,10,Warren Sapp,8.842676644005287e-05,0.07050946066120506,0.14093049455597007,0.14084206778953
7,10,Lance Bass,8.842676644005287e-05,0.07050946066120506,0.14093049455597007,0.14084206778953
8,1,Gilles Marini,0.0006967082105345801,0.5501220704217638,1.0,0.9993032917894654
8,1,Shawn Johnson,0.0002556733082959006,0.20237859984283532,0.40450152637737474,0.40424585306907884
8,1,Melissa Rycroft,0.0002556733082959006,0.20237859984283532,0.40450152637737474,0.40424585306907884
8,1,Lil' Kim,3.373805151151918e-05,0.027388965130759217,0.05474419221000691,0.05471045415849539
8,1,Chuck Wicks,1.1780216681148148e-05,0.01007583718656782,0.02013989415645449,0.020128113939773342
8,1,David Alan Grier,3.7023806744159934e-06,0.0037066933535290073,0.007409684326383599,0.007405981945709183
8,1,Holly Madison,7.307108783850217e-07,0.0013636162794901509,0.002726501848101917,0.002725771137223532
8,1,Denise Richards,7.307108783850217e-07,0.0013636162794901509,0.002726501848101917,0.002725771137223532
8,1,Belinda Carlisle,0.0,0.000501646394871118,0.001003655295087761,0.001003655295087761
8,1,Steve-O,0.0,0.000501646394871118,0.001003655295087761,0.001003655295087761
8,1,Lawrence Taylor,0.0,0.00018454539541085558,0.00036985546794076783,0.00036985546794076783
8,1,Ty Murray,0.0,2.4975503357940823e-05,5.09180625931207e-05,5.09180625931207e-05
8,1,Steve Wozniak,0.0,9.18797421829475e-06,1.9363027267412995e-05,1.9363027267412995e-05
8,2,Gilles Marini,0.0,0.4880830852761866,1.0,1.0
8,2,Steve-O,0.3078897529490402,0.30789231769230724,0.3078948824355743,5.129486534083405e-06
8,2,Steve Wozniak,0.07709063400867233,0.07712308692307701,0.07715553983748169,6.490582880935847e-05
8,2,David Alan Grier,0.07709063400867221,0.07712308692307689,0.07715553983748157,6.490582880935847e-05
8,2,Melissa Rycroft,0.0,0.04957834318535153,0.3044552240566343,0.3044552240566343
8,2,Holly Madison,0.00011350993506504886,0.00020000999999996867,0.0002865100649348885,0.00017300012986983963
8,2,Lil' Kim,0.0,1.0000000313925554e-08,0.012690531701125598,0.012690531701125598
8,2,Ty Murray,0.0,1.0000000192603331e-08,0.000632782879356796,0.000632782879356796
8,2,Chuck Wicks,0.0,1.0000000068462183e-08,0.0006327828793566718,0.0006327828793566718
8,2,Lawrence Taylor,0.0,1.0000000020323606e-08,0.0006327828793566237,0.0006327828793566237
8,2,Shawn Johnson,0.0,1.0000000001675329e-08,0.03449470843126219,0.03449470843126219
8,2,Belinda Carlisle,0.0,9.999999999999994e-09,8.651006493491981e-05,8.651006493491981e-05
8,2,Denise Richards,0.0,9.999999999999994e-09,0.0017183489169249173,0.0017183489169249173
8,3,Steve Wozniak,0.3531401749091138,0.35314118647058795,0.3531421980320621,2.0231229482803315e-06
8,3,Gilles Marini,0.0,0.19594506803921566,0.505848089658896,0.505848089658896
8,3,Shawn Johnson,0.0,0.19594506803921563,0.505848089658896,0.505848089658896
8,3,Melissa Rycroft,0.0,0.19594506803921563,0.505848089658896,0.505848089658896
8,3,Steve-O,0.05902063657620401,0.05902353941176477,0.059026442247325527,5.805671121517086e-06
8,3,Lil' Kim,0.0,1.0000000112697633e-08,0.04194168677486442,0.04194168677486442
8,3,Lawrence Taylor,0.0,1.0000000089333076e-08,0.0002836027974838927,0.0002836027974838927
8,3,David Alan Grier,0.0,1.0000000032900353e-08,0.015430121932585498,0.015430121932585498
8,3,Ty Murray,0.0,1.0000000014685757e-08,0.0056770622738274825,0.0056770622738274825
8,3,Holly Madison,0.0,9.999999999999995e-09,1.5078261795777589e-05,1.5078261795777589e-05
8,3,Chuck Wicks,0.0,9.999999999999995e-09,0.005677062273827468,0.005677062273827468
8,3,Denise Richards,0.0,9.999999999999995e-09,6.184622583978884e-06,6.184622583978884e-06
8,4,Gilles Marini,0.0,0.6831187108536084,1.0,1.0
8,4,Melissa Rycroft,0.0,0.24164169438323313,0.4982461758520236,0.4982461758520236
8,4,Steve-O,0.055754353450666795,0.055755565555555525,0.055756777660444255,2.4242097774601623e-06
8,4,Lil' Kim,0.0,0.019483959207602798,0.05421246295504843,0.05421246295504843
8,4,Holly Madison,0.0,1.0000000026999397e-08,1.588740121403711e-06,1.588740121403711e-06
8,4,Ty Murray,0.0,1.0000000020757294e-08,0.004700865459127088,0.004700865459127088
8,4,David Alan Grier,0.0,1.000000001118921e-08,0.00023500081992983463,0.00023500081992983463
8,4,Lawrence Taylor,0.0,1.0000000005115983e-08,1.2658511816489318e-05,1.2658511816489318e-05
8,4,Chuck Wicks,0.0,1e-08,0.00023500081992982344,0.00023500081992982344
8,4,Steve Wozniak,0.0,1e-08,1.0193549477819119e-06,1.0193549477819119e-06
8,4,Shawn Johnson,0.0,1e-08,0.004700865459127067,0.004700865459127067
8,5,Steve-O,0.36382050489845946,0.3638363736363639,0.36385224237426833,3.173747580886843e-05
8,5,Gilles Marini,0.0,0.36303628363636326,1.0,1.0
8,5,Lawrence Taylor,0.18190731777659527,0.18201819181818155,0.18212906585976782,0.00022174808317254602
8,5,Ty Murray,0.090809430119171,0.09110910090909094,0.09140877169901088,0.0005993415798398738
8,5,David Alan Grier,0.0,1.0000000528055479e-08,0.0008128835601880066,0.0008128835601880066
8,5,Shawn Johnson,0.0,1.0000000050247581e-08,0.04432787242433779,0.04432787242433779
8,5,Lil' Kim,0.0,1.0000000001675324e-08,0.04432787242433774,0.04432787242433774
8,5,Melissa Rycroft,0.0,1.0000000001675324e-08,0.016307950575845068,0.016307950575845068
8,5,Chuck Wicks,0.0,9.999999999999989e-09,0.0022079133249205875,0.0022079133249205875
8,6,Lil' Kim,0.0007686714590852128,0.6068630441590709,1.0,0.9992313285409148
8,6,Melissa Rycroft,0.00028214710795762543,0.22325243755283933,0.446222727997721,0.4459405808897634
8,6,Gilles Marini,0.0001031648015484693,0.08212998196710086,0.16415679913265324,0.16405363433110476
8,6,Shawn Johnson,0.0001031648015484693,0.08212998196710086,0.16415679913265324,0.16405363433110476
8,6,Chuck Wicks,4.1872652290324275e-06,0.004089011027247483,0.008173834789265933,0.008169647524036901
8,6,Lawrence Taylor,9.090899373701607e-07,0.0015042630916476695,0.0030076170933579687,0.0030067080034205983
8,6,Ty Murray,0.0,2.7551539580269565e-05,5.60668679113485e-05,5.60668679113485e-05
8,6,Steve-O,0.0,3.7286954127005266e-06,8.45139353171906e-06,8.45139353171906e-06
8,7,Melissa Rycroft,0.0007470658805807107,0.5898276603042205,1.0,0.9992529341194193
8,7,Shawn Johnson,0.00027419885981119774,0.21698547006017593,0.4336967412605407,0.4334225424007295
8,7,Gilles Marini,0.00010024080446206785,0.07982449346806025,0.15954874613165843,0.15944850532719634
8,7,Chuck Wicks,0.00010024080446206785,0.07982449346806025,0.15954874613165843,0.15944850532719634
8,7,Lil' Kim,3.624521227295688e-05,0.029365790048823455,0.058695334885373956,0.058659089673101
8,7,Ty Murray,4.041687986184282e-06,0.003974227513724424,0.007944413339462664,0.007940371651476479
8,7,Lawrence Taylor,0.0,0.00019786513693524388,0.0003964780578732157,0.0003964780578732157
8,8,Melissa Rycroft,0.4967761635153589,0.50020001,0.5036238564846411,0.006847692969282226
8,8,Lil' Kim,0.0,0.3499672492455643,0.85796389611496,0.85796389611496
8,8,Gilles Marini,0.0,0.14983271075443572,0.45794864508224825,0.45794864508224825
8,8,Chuck Wicks,0.0,1.0000000050247593e-08,0.041699830810050874,0.041699830810050874
8,8,Ty Murray,0.0,1e-08,0.06875074365540193,0.06875074365540193
8,8,Shawn Johnson,0.0,1e-08,0.06875074365540193,0.06875074365540193
8,9,Ty Murray,0.5438783612019368,0.5456545554545454,0.5474307497071541,0.00355238850521733
8,9,Melissa Rycroft,0.0,0.26553560346034566,0.699912624344275,0.699912624344275
8,9,Shawn Johnson,0.0,0.09440491554255451,0.35786828955360483,0.35786828955360483
8,9,Gilles Marini,0.0,0.0944049155425544,0.3578682895536047,0.3578682895536047
8,9,Lil' Kim,0.0,1.0000000001675335e-08,0.035656763912341884,0.035656763912341884
8,10,Gilles Marini,0.001038658282709215,0.8197399719963413,1.0,0.9989613417172908
8,10,Shawn Johnson,0.00013970354479377056,0.11093974129049781,0.22173977903620185,0.2216000754914081
8,10,Melissa Rycroft,8.434151287561864e-05,0.06728835447327453,0.13449236743367343,0.1344080259207978
8,10,Ty Murray,1.5783203640988737e-06,0.002031932239886351,0.004062286159408603,0.004060707839044504
8,11,Shawn Johnson,0.000796153332339733,0.6285317192117624,1.0,0.9992038466676603
8,11,Gilles Marini,0.00029225712413280536,0.23122389762214907,0.4621555381201653,0.46186328099603247
8,11,Melissa Rycroft,0.00017686993599363987,0.14024438316608848,0.2803118963961833,0.2801350264601897
9,1,Joanna Krupa,0.000983921412605282,0.7924725616951138,1.0,0.9990160785873947
9,1,Aaron Carter,0.00011484691446081441,0.1072320497937387,0.21434925267301658,0.21423440575855576
9,1,Mya,2.8862404554456933e-05,0.03943571045848634,0.07884255851241823,0.07881369610786376
9,1,Kelly Osbourne,2.8857400706461256e-05,0.03943176506672881,0.07883467273275116,0.0788058153320447
9,1,Donny Osmond,0.0,0.014494831030364237,0.02899243158962776,0.02899243158962776
9,1,Mark Dacascos,0.0,0.005319060293311369,0.010652527530721347,0.010652527530721347
9,1,Natalie Coughlin,0.0,0.0007024077308339691,0.0014250775981247898,0.0014250775981247898
9,1,Louie Vito,0.0,0.0007024077308339691,0.0014250775981247898,0.0014250775981247898
9,1,Michael Irvin,0.00019210245949073632,0.00019334333333334883,0.00019458420717596134,2.481747685225018e-06
9,1,Melissa Joan Hart,0.0,1.5802867255414265e-05,5.273867584111401e-05,5.273867584111401e-05
9,1,Tom DeLay,0.0,1.0000000000020868e-08,1.666876428177415e-06,1.666876428177415e-06
9,1,Kathy Ireland,0.0,1.000000000001875e-08,1.6668764281774129e-06,1.6668764281774129e-06
9,1,Chuck Liddell,0.0,1.0000000000015998e-08,5.8722861992659625e-06,5.8722861992659625e-06
9,1,Macy Gray,0.0,1.000000000000774e-08,1.2508496296112748e-06,1.2508496296112748e-06
9,1,Ashley Hamiliton,0.0,1.000000000000001e-08,1.2508496296112671e-06,1.2508496296112671e-06
9,1,Debi Mazar,0.0,1e-08,5.8722861992659464e-06,5.8722861992659464e-06
9,2,Mya,0.0005828615494705702,0.46593619521447527,0.93128952887948,0.9307066673300095
9,2,Aaron Carter,0.0005828615494705702,0.46593619521447527,0.93128952887948,0.9307066673300095
9,2,Donny Osmond,7.189229902206107e-05,0.06305148108376016,0.12603106986849827,0.12595917756947622
9,2,Natalie Coughlin,0.0,0.0011478732473690096,0.002302365092225065,0.002302365092225065
9,2,Mark Dacascos,0.0,0.0011478732473690096,0.002302365092225065,0.002302365092225065
9,2,Debi Mazar,0.0,0.0011478732473690096,0.002302365092225065,0.002302365092225065
9,2,Michael Irvin,0.0,0.0004178006020473752,0.0008431457356251318,0.0008431457356251318
9,2,Joanna Krupa,0.0,0.0004178006020473752,0.0008431457356251318,0.0008431457356251318
9,2,Tom DeLay,0.00014158222779119244,0.00020000999999999995,0.00025843777220880746,0.00011685554441761501
9,2,Chuck Liddell,0.0,0.0001492218852718958,0.0003063289341725966,0.0003063289341725966
9,2,Louie Vito,0.0,0.0001492218852718958,0.0003063289341725966,0.0003063289341725966
9,2,Kelly Osbourne,0.0,0.0001492218852718958,0.0003063289341725966,0.0003063289341725966
9,2,Melissa Joan Hart,0.0,0.0001492218852718958,0.0003063289341725966,0.0003063289341725966
9,2,Kathy Ireland,0.0,1.0000000000062585e-08,5.843777220880756e-05,5.843777220880756e-05
9,3,Mya,0.0,0.5341970403630049,1.0,1.0
9,3,Michael Irvin,0.23096662208277718,0.23096924076923106,0.23097185945568494,5.237372907751503e-06
9,3,Tom DeLay,0.15404076162092362,0.15404616384615374,0.15405156607138387,1.0804450460255577e-05
9,3,Natalie Coughlin,0.0,0.08058746502161049,0.3442438580161843,0.3442438580161843
9,3,Chuck Liddell,0.00016647360772388016,0.00020000999999966715,0.00023354639227545415,6.707278455157399e-05
9,3,Mark Dacascos,0.0,1.000000008294984e-08,8.945526314358395e-05,8.945526314358395e-05
9,3,Donny Osmond,0.0,1.0000000032900358e-08,0.0017775048042895137,0.0017775048042895137
9,3,Louie Vito,0.0,1.000000002357622e-08,0.0006545451141423032,0.0006545451141423032
9,3,Debi Mazar,0.0,1.0000000008363508e-08,3.354639227579534e-05,3.354639227579534e-05
9,3,Kelly Osbourne,0.0,1.0000000000049032e-08,0.0006545451141422797,0.0006545451141422797
9,3,Joanna Krupa,0.0,1e-08,0.013127637871444064,0.013127637871444064
9,3,Aaron Carter,0.0,1e-08,0.0017775048042894808,0.0017775048042894808
9,3,Melissa Joan Hart,0.0,1e-08,0.0002414313308728713,0.0002414313308728713
9,4,Mya,0.0,0.40977991869949454,0.8676505887651583,0.8676505887651583
9,4,Melissa Joan Hart,0.0,0.40977991869949454,0.8676505887651583,0.8676505887651583
9,4,Michael Irvin,0.08352953135311912,0.08353334333333336,0.08353715531354759,7.623960428471133e-06
9,4,Louie Vito,0.0835295313531191,0.08353334333333333,0.08353715531354756,7.623960428471133e-06
9,4,Joanna Krupa,0.0,0.013373415934343965,0.07534033632150097,0.07534033632150097
9,4,Chuck Liddell,0.0,1.0000000068889089e-08,8.655933975028846e-06,8.655933975028846e-06
9,4,Aaron Carter,0.0,1.0000000000001593e-08,2.1795982642345284e-05,2.1795982642345284e-05
9,4,Natalie Coughlin,0.0,9.999999999999995e-09,0.008387184289979267,0.008387184289979267
9,4,Donny Osmond,0.0,9.999999999999995e-09,0.008387184289979267,0.008387184289979267
9,4,Mark Dacascos,0.0,9.999999999999995e-09,0.0011359541761719273,0.0011359541761719273
9,4,Kelly Osbourne,0.0,9.999999999999995e-09,0.003086110309660185,0.003086110309660185
9,5,Donny Osmond,0.0,0.7915102768332394,1.0,1.0
9,5,Michael Irvin,0.12492211513574562,0.12520000999999986,0.1254779048642541,0.0005557897285084629
9,5,Mya,0.0,0.07689608320325943,0.18860495460469717,0.18860495460469717
9,5,Mark Dacascos,0.0,0.006193569963501204,0.04728959846740976,0.04728959846740976
9,5,Louie Vito,0.0,0.0002000099999999604,0.0009536904571524959,0.0009536904571524959
9,5,Natalie Coughlin,0.0,1.0000000010565792e-08,0.0007536904571525461,0.0007536904571525461
9,5,Joanna Krupa,0.0,1.0000000006879504e-08,0.0055626162255591255,0.0055626162255591255
9,5,Aaron Carter,0.0,1.0000000001675334e-08,0.00556261622555912,0.00556261622555912
9,5,Kelly Osbourne,0.0,1.0000000000807972e-08,0.005562616225559119,0.005562616225559119
9,5,Melissa Joan Hart,0.0,9.999999999999999e-09,0.002047009788570598,0.002047009788570598
9,6,Joanna Krupa,0.0,0.8489028642038248,1.0,1.0
9,6,Michael Irvin,0.1430686809878416,0.14307041806851375,0.14307215514918592,3.4741613443300956e-06
9,6,Mya,0.0,0.004017760721379222,0.04823561153140229,0.04823561153140229
9,6,Aaron Carter,0.0,0.0040089070062821475,0.048217915330167664,0.048217915330167664
9,6,Louie Vito,0.0,1.0000000050454269e-08,6.465524775775467e-06,6.465524775775467e-06
9,6,Mark Dacascos,0.0,1.0000000015553123e-08,0.01626747956464863,0.01626747956464863
9,6,Kelly Osbourne,0.0,1.0000000010392999e-08,1.5838866795548908e-05,1.5838866795548908e-05
9,6,Donny Osmond,0.0,1e-08,0.005984510551471023,0.005984510551471023
9,6,Melissa Joan Hart,0.0,1e-08,6.464979123702838e-06,6.464979123702838e-06
9,7,Joanna Krupa,0.0006719265654352435,0.5305824484332196,1.0,0.9993280734345648
9,7,Aaron Carter,0.00024655665054543197,0.19519037462498842,0.3901341925994314,0.389887635948886
9,7,Donny Osmond,0.00014915119759952022,0.11838894669085029,0.23662874218410107,0.23647959098650156
9,7,Kelly Osbourne,0.00014915119759952022,0.11838894669085029,0.23662874218410107,0.23647959098650156
9,7,Mya,3.250424605268781e-05,0.026416144634933348,0.05279978502381401,0.05276728077776132
9,7,Michael Irvin,1.1326325018439984e-05,0.009717956526203273,0.01942458672738811,0.019413260402369667
9,7,Mark Dacascos,6.692833216534813e-07,0.0013151823989548089,0.0026296955145879643,0.002629026231266311
9,8,Mya,0.0011834972522444254,0.9339413780201957,1.0,0.9988165027477556
9,8,Joanna Krupa,3.476994766666089e-05,0.028202585886044355,0.056370401824422045,0.05633563187675539
9,8,Kelly Osbourne,2.0696068984096816e-05,0.017105733023064684,0.03419076997714527,0.03417007390816117
9,8,Donny Osmond,0.00011215983006204917,0.010475151535347603,0.020838143240633156,0.02072598341057111
9,8,Aaron Carter,0.0,0.010275151535347605,0.020638143240633157,0.020638143240633157
9,9,Donny Osmond,0.5277412360062269,0.5386810752389631,0.5496209144716994,0.021879678465472452
9,9,Kelly Osbourne,0.18952337612806922,0.23101717013200074,0.27251096413593223,0.08298758800786302
9,9,Mya,0.0,0.23030174462903602,1.0,1.0
9,9,Joanna Krupa,0.0,9.999999999999994e-09,0.11281268021035075,0.11281268021035075
9,10,Donny Osmond,0.0008245254151161285,0.6509022991412774,1.0,0.9991754745848839
9,10,Mya,0.0004228677542626458,0.3342066628983337,0.6679904580424048,0.6675675902881422
9,10,Kelly Osbourne,1.7887223087355297e-05,0.014891037960388924,0.029764188697690493,0.029746301474603137
10,1,Nicole Scherzinger,0.001072333225116684,0.8462917058495665,1.0,0.9989276667748833
10,1,Evan Lysacek,0.0001442609526624422,0.11453312771194721,0.22892199447123196,0.2287777335185695
10,1,Pamela Anderson,1.8660028805808637e-05,0.015500373278871507,0.030982086528937205,0.030963426500131397
10,1,Erin Andrews,1.8660028805808637e-05,0.015500373278871507,0.030982086528937205,0.030963426500131397
10,1,Jake Pavelka,6.23332211420035e-06,0.005702268659780007,0.011398303997445812,0.01139207067533161
10,1,Chad Ochocinco,0.0,0.0007717181441625873,0.0015434562679940912,0.0015434562679940912
10,1,Niecy Nash,0.0,0.0007717181441625873,0.0015434562679940912,0.0015434562679940912
10,1,Shannen Doherty,0.0,0.0007717181441625873,0.0015434562679940912,0.0015434562679940912
10,1,Kate Gosselin,0.0,0.00010444069361907686,0.00020974765927505245,0.00020974765927505245
10,1,Aiden Turner,0.0,3.842158400414381e-05,7.77931705362476e-05,7.77931705362476e-05
10,1,Buzz Aldrin,0.0,1.4134510852366052e-05,2.9249826958952715e-05,2.9249826958952715e-05
10,2,Nicole Scherzinger,0.0012312385239690027,0.9715840122767668,1.0,0.998768761476031
10,2,Evan Lysacek,2.1570480877093623e-05,0.017795181918928735,0.03556879335698038,0.035547222876103284
10,2,Erin Andrews,7.3040175957422154e-06,0.006546481579879659,0.013085659142163576,0.013078355124567833
10,2,Pamela Anderson,2.055679056304615e-06,0.0024083159852452698,0.004814576291434235,0.00481252061237793
10,2,Niecy Nash,1.2492320733794356e-07,0.0008859699388162813,0.0017718149544252246,0.0017716900312178866
10,2,Jake Pavelka,0.0,0.00032593012598643054,0.0006524456141482795,0.0006524456141482795
10,2,Shannen Doherty,0.0,0.00032593012598643054,0.0006524456141482795,0.0006524456141482795
10,2,Aiden Turner,0.0,0.00011990299260882585,0.00024065264678275078,0.00024065264678275078
10,2,Chad Ochocinco,0.0,5.969618490527098e-06,1.2930397577097902e-05,1.2930397577097902e-05
10,2,Kate Gosselin,0.0,2.1960999143018177e-06,5.38814628991058e-06,5.38814628991058e-06
10,2,Buzz Aldrin,0.0,1.0933737657600474e-07,1.217267806529508e-06,1.217267806529508e-06
10,3,Evan Lysacek,0.0011265943338918394,0.8890750460959719,1.0,0.9988734056661082
10,3,Nicole Scherzinger,5.51408213255028e-05,0.04426444010414194,0.08847373938695838,0.08841859856563287
10,3,Erin Andrews,5.51408213255028e-05,0.04426444010414194,0.08847373938695838,0.08841859856563287
10,3,Jake Pavelka,6.5989305892393685e-06,0.005990540538804127,0.011974482147019015,0.011967883216429775
10,3,Pamela Anderson,6.5989305892393685e-06,0.005990540538804127,0.011974482147019015,0.011967883216429775
10,3,Niecy Nash,6.5989305892393685e-06,0.005990540538804127,0.011974482147019015,0.011967883216429775
10,3,Chad Ochocinco,1.7962920423751812e-06,0.0022037967057301332,0.004405797119417892,0.004404000827375517
10,3,Aiden Turner,1.7962920423751812e-06,0.0022037967057301332,0.004405797119417892,0.004404000827375517
10,3,Kate Gosselin,0.0,1.484906539996879e-05,3.067802980135488e-05,3.067802980135488e-05
10,3,Buzz Aldrin,0.0,2.0096024717037615e-06,5.015387935054569e-06,5.015387935054569e-06
10,4,Evan Lysacek,0.0,0.6676777011636555,1.0,1.0
10,4,Nicole Scherzinger,0.0,0.23800018352853447,0.4877463408202578,0.4877463408202578
10,4,Kate Gosselin,0.05016819026718707,0.05020000999999997,0.050231829732812865,6.363946562579215e-05
10,4,Pamela Anderson,0.0,0.043734319347003996,0.09946099530451519,0.09946099530451519
10,4,Chad Ochocinco,0.0,0.00038774596080597644,0.012822823976299124,0.012822823976299124
10,4,Erin Andrews,0.0,1.0000000005578462e-08,0.0010216601126211051,0.0010216601126211051
10,4,Niecy Nash,0.0,1.000000000492794e-08,0.00022874683779883432,0.00022874683779883432
10,4,Jake Pavelka,0.0,1.0000000001350073e-08,0.0006200650871158983,0.0006200650871158983
10,4,Aiden Turner,0.0,1.0000000000001597e-08,5.182397180392027e-05,5.182397180392027e-05
10,5,Nicole Scherzinger,0.001112407878753996,0.8778894299011728,1.0,0.998887592121246
10,5,Evan Lysacek,0.0001496844672630726,0.11880941464610367,0.23746914482494427,0.2373194603576812
10,5,Jake Pavelka,1.7611273358231726e-06,0.002176070335239921,0.004350379543144019,0.0043486184158081954
10,5,Erin Andrews,1.656368501113791e-08,0.0008005315388778151,0.001601046514070619,0.0016010299503856078
10,5,Pamela Anderson,0.0,0.0002944990951624854,0.0005896234157409083,0.0005896234157409083
10,5,Chad Ochocinco,0.0,1.466224658512873e-05,3.0304629109603746e-05,3.0304629109603746e-05
10,5,Niecy Nash,0.0,1.466224658512873e-05,3.0304629109603746e-05,3.0304629109603746e-05
10,5,Kate Gosselin,0.0,7.299902731602837e-07,2.4577864401602793e-06,2.4577864401602793e-06
10,6,Nicole Scherzinger,0.001106907548788505,0.8735525762379576,1.0,0.9988930924512115
10,6,Erin Andrews,0.00014895507318002377,0.11823430816690192,0.23631966126062381,0.2361707061874438
10,6,Chad Ochocinco,6.4662820746311245e-06,0.005885950959605946,0.01176543563713726,0.01175896935506263
10,6,Pamela Anderson,1.747218772169077e-06,0.002165103828573613,0.004328460438375058,0.004326713219602889
10,6,Evan Lysacek,0.0,0.00010781573332721292,0.00021649345820748048,0.00021649345820748048
10,6,Niecy Nash,0.0,3.965525988077013e-05,8.02589576472692e-05,8.02589576472692e-05
10,6,Jake Pavelka,0.0,1.458981375287468e-05,3.015985530996098e-05,3.015985530996098e-05
10,7,Niecy Nash,0.3718928890116125,0.40020001000000016,0.42850713098838783,0.05661424197677534
10,7,Evan Lysacek,0.0,0.27157301422272706,0.616413176397197,0.616413176397197
10,7,Nicole Scherzinger,0.0,0.27157301422272706,0.616413176397197,0.616413176397197
10,7,Chad Ochocinco,0.0,0.053316279614728554,0.1801765170877972,0.1801765170877972
10,7,Erin Andrews,0.0,0.0033376719398171134,0.08028268843597111,0.08028268843597111
10,7,Pamela Anderson,0.0,1e-08,0.07694502649615399,0.07694502649615399
10,8,Nicole Scherzinger,0.0011511195809613683,0.9084125055340961,1.0,0.9988488804190386
10,8,Evan Lysacek,5.636186147809502e-05,0.04522719551924863,0.09039802917701917,0.09034166731554108
10,8,Erin Andrews,5.636186147809502e-05,0.04522719551924863,0.09039802917701917,0.09034166731554108
10,8,Chad Ochocinco,5.186418811011385e-08,0.0008283649810807345,0.001656678097973359,0.001656626233785249
10,8,Niecy Nash,0.0,0.000304738446325973,0.0006100891317385305,0.0006100891317385305
10,9,Evan Lysacek,0.0005618473539489854,0.44378812252716016,0.8870143977003713,0.8864525503464222
10,9,Nicole Scherzinger,0.0005618473539489854,0.44378812252716016,0.8870143977003713,0.8864525503464222
10,9,Erin Andrews,0.00012458920551157437,0.09902251485145624,0.19792044049740093,0.19779585129188937
10,9,Chad Ochocinco,1.5997747333388115e-05,0.013401240094223518,0.026786482441113646,0.02677048469378026
10,10,Nicole Scherzinger,0.0009596599459669175,0.7574520314063017,1.0,0.9990403400540331
10,10,Erin Andrews,0.00016134553307722843,0.1280038332199728,0.2558463209068684,0.25568497537379115
10,10,Evan Lysacek,0.00014427491342215715,0.11454413537372561,0.22894399583402908,0.2287997209206069
11,1,Jennifer Grey,0.000647279208270457,0.5290125526967807,1.0,0.9993527207917295
11,1,Kyle Massey,0.00022314969790809824,0.1945985025621126,0.3889738554263171,0.38875070572840903
11,1,Brandy,0.00022314969790809824,0.1945985025621126,0.3889738554263171,0.38875070572840903
11,1,Rick Fox,6.712117065162115e-05,0.07157444867869223,0.14308177618673285,0.14301465501608124
11,1,Kurt Warner,0.0,0.0035419263265994818,0.007103015537844355,0.007103015537844355
11,1,Audrina Patridge,0.0,0.0035419263265994818,0.007103015537844355,0.007103015537844355
11,1,Florence Henderson,0.0,0.001288662181042578,0.0025993450088921174,0.0025993450088921174
11,1,Bristol Palin,0.0,0.001288662181042578,0.0025993450088921174,0.0025993450088921174
11,1,The Situation,0.00013380593664245205,0.00020001,0.00026621406335754796,0.00013240812671509592
11,1,Margaret Cho,0.00013380593664245205,0.00020001,0.00026621406335754796,0.00013240812671509592
11,1,Michael Bolton,0.0,0.000154786485017609,0.00033303168484073785,0.00033303168484073785
11,1,David Hasselhoff,0.0,1.0000000000008373e-08,6.621406335754795e-05,6.621406335754795e-05
11,2,Jennifer Grey,0.0007037509687553012,0.5556750848741773,1.0,0.9992962490312447
11,2,Audrina Patridge,0.0002582641942544539,0.20442143969640614,0.4085846151985578,0.40832635100430337
11,2,Kyle Massey,9.437876860179939e-05,0.07520244499897559,0.15031051122934938,0.15021613246074758
11,2,Bristol Palin,9.437876860179939e-05,0.07520244499897559,0.15031051122934938,0.15021613246074758
11,2,Kurt Warner,3.408868979655477e-05,0.027665433440949263,0.05529677819210197,0.055262689502305416
11,2,Rick Fox,3.408868979655477e-05,0.027665433440949263,0.05529677819210197,0.055262689502305416
11,2,Brandy,3.408868979655477e-05,0.027665433440949263,0.05529677819210197,0.055262689502305416
11,2,Florence Henderson,3.7498344060350915e-06,0.003744109270594525,0.007484468706783015,0.0074807188723769805
11,2,The Situation,7.481681306544322e-07,0.0013773808261511305,0.0027540134841716065,0.002753265316040952
11,2,Margaret Cho,7.481681306544322e-07,0.0013773808261511305,0.0027540134841716065,0.002753265316040952
11,2,Michael Bolton,0.0,3.4141857209206216e-06,7.82277303343792e-06,7.82277303343792e-06
11,3,Audrina Patridge,0.0008379279183823307,0.6614697915927094,1.0,0.9991620720816177
11,3,Rick Fox,0.00011253764408339362,0.0895202015976625,0.1789278655512416,0.1788153279071582
11,3,Jennifer Grey,0.00011253764408339362,0.0895202015976625,0.1789278655512416,0.1788153279071582
11,3,Brandy,0.00011253764408339362,0.0895202015976625,0.1789278655512416,0.1788153279071582
11,3,Kurt Warner,4.0768966761021985e-05,0.03293264173730294,0.06582451450784485,0.06578374554108382
11,3,Kyle Massey,4.0768966761021985e-05,0.03293264173730294,0.06582451450784485,0.06578374554108382
11,3,Florence Henderson,1.080759536600806e-06,0.001639619685709471,0.003278158611882341,0.00327707785234574
11,3,The Situation,1.080759536600806e-06,0.001639619685709471,0.003278158611882341,0.00327707785234574
11,3,Bristol Palin,0.0,0.000603182373712496,0.0012065984770657499,0.0012065984770657499
11,3,Margaret Cho,0.0,0.00022189839456581713,0.0004445140923163847,0.0004445140923163847
11,4,Jennifer Grey,0.0012355676797702886,0.9749974284378996,1.0,0.9987644323202297
11,4,Brandy,2.1649772131444173e-05,0.017857700816713014,0.03569375186129459,0.035672102089163146
11,4,Audrina Patridge,7.3331872180804406e-06,0.006569480997059193,0.013131628806900306,0.013124295619682227
11,4,Kyle Massey,0.0,0.00032707519954196907,0.0006547343089893748,0.0006547343089893748
11,4,Rick Fox,0.0,0.0001983811365538317,0.0003975094026801558,0.0003975094026801558
11,4,Florence Henderson,0.0,2.684796730431395e-05,5.466061568368257e-05,5.466061568368257e-05
11,4,Kurt Warner,0.0,1.6284115321028753e-05,3.354630960325783e-05,3.354630960325783e-05
11,4,Bristol Palin,0.0,5.99059124427138e-06,1.2972316485333912e-05,1.2972316485333912e-05
11,4,The Situation,0.0,8.107383627982393e-07,2.619180208524606e-06,2.619180208524606e-06
11,5,Brandy,0.0,0.5551554855555554,1.0,1.0
11,5,Bristol Palin,0.3334342707165481,0.33353334333333334,0.3336324159501186,0.0001981452335705347
11,5,Kyle Massey,0.11058544894082552,0.11131112111111106,0.11203679328139661,0.0014513443405710924
11,5,Audrina Patridge,0.0,1.0000000100554567e-08,0.0145564638392166,0.0145564638392166
11,5,Kurt Warner,0.0,1.0000000036369798e-08,0.039566837855373314,0.039566837855373314
11,5,Rick Fox,0.0,1.0000000001675329e-08,0.03956683785537328,0.03956683785537328
11,5,Florence Henderson,0.0,9.999999999999994e-09,0.0019708753713337905,0.0019708753713337905
11,5,Jennifer Grey,0.0,9.999999999999994e-09,0.1075520830664565,0.1075520830664565
11,6,Brandy,0.0012369242403583725,0.9760670378600725,1.0,0.9987630757596416
11,6,Audrina Patridge,2.167235118365543e-05,0.017875503756885402,0.03572933516258715,0.0357076628114035
11,6,Rick Fox,2.0700794039498448e-06,0.0024196702495949594,0.004837270419785969,0.004835200340382019
11,6,Kyle Massey,2.0697725381809383e-06,0.0024194282946679484,0.0048367868167977154,0.004834717044259534
11,6,Jennifer Grey,1.3022079918231007e-07,0.000890146939240158,0.0017801636576811335,0.001780033436881951
11,6,Bristol Palin,0.0,0.0003274012717653242,0.0006553860398863184,0.0006553860398863184
11,6,Kurt Warner,0.0,8.116277737510027e-07,2.6209579024110447e-06,2.6209579024110447e-06
11,7,Bristol Palin,0.49266062435426894,0.5002000099999997,0.5077393956457305,0.015078771291461512
11,7,Kyle Massey,0.22970755110403676,0.25020000999999986,0.27069246889596293,0.04098491779192617
11,7,Jennifer Grey,0.0,0.12479998000000009,0.5363829584705888,0.5363829584705888
11,7,Brandy,0.0,0.12479998000000009,0.5363829584705888,0.5363829584705888
11,7,Rick Fox,0.0,1.000000025841441e-08,0.055702572534768804,0.055702572534768804
11,7,Kurt Warner,0.0,1.000000000861423e-08,0.09183736178506423,0.09183736178506423
11,8,Jennifer Grey,0.0,0.34990953687362575,0.7304699955609439,0.7304699955609439
11,8,Brandy,0.0,0.34990953687362575,0.7304699955609439,0.7304699955609439
11,8,Kyle Massey,0.0,0.19998090625274845,0.43080288529122235,0.43080288529122235
11,8,Bristol Palin,0.09763482179709512,0.10020000999999992,0.10276519820290472,0.0051303764058096
11,8,Kurt Warner,0.0,1.0000000057186485e-08,0.004228642454965534,0.004228642454965534
11,9,Bristol Palin,0.5530247237949585,0.571628581428571,0.5902324390621835,0.037207715267224994
11,9,Jennifer Grey,0.0,0.4091393915007616,1.0,1.0
11,9,Kyle Massey,0.0,0.019232017070667403,0.24586223202647398,0.24586223202647398
11,9,Brandy,0.0,9.999999999999999e-09,0.1374585767582736,0.1374585767582736
11,10,Jennifer Grey,0.0011705143422400255,0.9237047229159523,1.0,0.99882948565776
11,10,Kyle Massey,8.039118709553261e-05,0.06417363500387722,0.1282668788206589,0.12818648763356338
11,10,Bristol Palin,1.4374863130576718e-05,0.01212164208017061,0.024228909297210645,0.024214534434080066
12,1,Ralph Macchio,0.0008519906343840145,0.6725578429994343,1.0,0.999148009365616
12,1,Kirstie Alley,0.000312798519605334,0.2474202034381025,0.4945276083565997,0.4942148098369944
12,1,Hines Ward,4.1469108164035595e-05,0.03348468331075594,0.06692789751334785,0.06688642840518381
12,1,Chelsea Kane,4.1469108164035595e-05,0.03348468331075594,0.06692789751334785,0.06688642840518381
12,1,Romeo,4.748665416202773e-06,0.004531659099949433,0.009058569534482662,0.009053820869066458
12,1,Chris Jericho,4.748665416202773e-06,0.004531659099949433,0.009058569534482662,0.009053820869066458
12,1,Petra Nemcova,1.1156175244995178e-06,0.0016671042172688784,0.0033330928170132576,0.003331977199488758
12,1,Kendra Wilkinson,1.1156175244995178e-06,0.0016671042172688784,0.0033330928170132576,0.003331977199488758
12,1,Sugar Ray Leonard,0.0,0.0006132933678234299,0.001226807641750509,0.001226807641750509
12,1,Wendy Williams,0.0,3.0534078833382635e-05,6.202816373286822e-05,6.202816373286822e-05
12,1,Mike Catherwood,0.0,1.1232859857909567e-05,2.345020506606151e-05,2.345020506606151e-05
12,2,Romeo,0.00039234458775694314,0.31014001465834257,0.6198876847289282,0.6194953401411712
12,2,Chris Jericho,0.00039234458775694314,0.31014001465834257,0.6198876847289282,0.6194953401411712
12,2,Hines Ward,0.00039234458775694314,0.31014001465834257,0.6198876847289282,0.6194953401411712
12,2,Ralph Macchio,5.223449782768702e-05,0.041972886726794,0.08389353895576032,0.08384130445793264
12,2,Kirstie Alley,1.858467901559753e-05,0.015440962113405225,0.030863339547794855,0.03084475486877926
12,2,Kendra Wilkinson,6.2056024754857456e-06,0.005680412513428927,0.01135461942438237,0.011348413821906884
12,2,Petra Nemcova,1.6515947156904055e-06,0.002089706981063502,0.004177762367411313,0.004176110772695623
12,2,Chelsea Kane,1.6515947156904055e-06,0.002089706981063502,0.004177762367411313,0.004176110772695623
12,2,Sugar Ray Leonard,6.66429355525933e-05,0.0008354269030723695,0.0016042108705921457,0.0015375679350395524
12,2,Wendy Williams,6.66429355525933e-05,0.0008354269030723695,0.0016042108705921457,0.0015375679350395524
12,2,Mike Catherwood,0.0,0.0006354269030723696,0.0014042108705921458,0.0014042108705921458
12,3,Petra Nemcova,0.0005411993627506551,0.4275077690147678,0.8544743386667849,0.8539331393040342
12,3,Hines Ward,0.0005411993627506551,0.4275077690147678,0.8544743386667849,0.8539331393040342
12,3,Kendra Wilkinson,7.237980096258534e-05,0.057856885005466,0.11564139020996941,0.11556901040900683
12,3,Chelsea Kane,7.237980096258534e-05,0.057856885005466,0.11564139020996941,0.11556901040900683
12,3,Chris Jericho,8.931972781135375e-06,0.007830077919402871,0.015651223866024605,0.015642291893243468
12,3,Ralph Macchio,8.931972781135375e-06,0.007830077919402871,0.015651223866024605,0.015642291893243468
12,3,Kirstie Alley,8.931972781135375e-06,0.007830077919402871,0.015651223866024605,0.015642291893243468
12,3,Sugar Ray Leonard,2.6545703001590315e-06,0.002880524689318778,0.005758394808337397,0.005755740238037238
12,3,Romeo,2.6545703001590315e-06,0.002880524689318778,0.005758394808337397,0.005755740238037238
12,3,Wendy Williams,0.0,1.940882268618706e-05,3.979176134038001e-05,3.979176134038001e-05
12,4,Chelsea Kane,0.0,0.42884329712767916,0.951601138322429,0.951601138322429
12,4,Kendra Wilkinson,0.37502364588414977,0.37520000999999986,0.37537637411584995,0.0003527282317001834
12,4,Ralph Macchio,0.0,0.09797832143616038,0.2902908152417296,0.2902908152417296
12,4,Hines Ward,0.0,0.09797832143616034,0.2902908152417296,0.2902908152417296
12,4,Romeo,0.0,1.0000000178617125e-08,0.026027539387198963,0.026027539387198963
12,4,Chris Jericho,0.0,1.0000000029430906e-08,0.026027539387198814,0.026027539387198814
12,4,Petra Nemcova,0.0,1.0000000005144777e-08,0.02602753938719879,0.02602753938719879
12,4,Sugar Ray Leonard,0.0,9.999999999999995e-09,0.003523316629648555,0.003523316629648555
12,4,Kirstie Alley,0.0,9.999999999999995e-09,0.009575634284891103,0.009575634284891103
12,5,Hines Ward,0.00059105413436078,0.46681683779051975,0.9330426214466787,0.9324515673123179
12,5,Romeo,0.0002168053457955732,0.17173231741579625,0.3432478294857969,0.3430310241400013
12,5,Chris Jericho,0.0002168053457955732,0.17173231741579625,0.3432478294857969,0.3430310241400013
12,5,Chelsea Kane,0.0002168053457955732,0.17173231741579625,0.3432478294857969,0.3430310241400013
12,5,Kirstie Alley,9.845094774826521e-06,0.008550048628151959,0.01709025216152909,0.01708040706675426
12,5,Ralph Macchio,6.965715577558589e-05,0.003212053777979866,0.0063544504001841464,0.0062847932444085606
12,5,Kendra Wilkinson,6.965715577558589e-05,0.003212053777979866,0.0063544504001841464,0.0062847932444085606
12,5,Petra Nemcova,0.0,0.003012053777979866,0.006154450400184147,0.006154450400184147
12,6,Romeo,0.0004917662337385331,0.38853115342937833,0.7765705406250181,0.7760787743912796
12,6,Chelsea Kane,0.0004917662337385331,0.38853115342937833,0.7765705406250181,0.7760787743912796
12,6,Hines Ward,0.00018027936839959402,0.1429326236012956,0.2856849678341916,0.285504688465792
12,6,Kirstie Alley,6.568975444645048e-05,0.05258197369561274,0.10509825763677902,0.10503256788233256
12,6,Kendra Wilkinson,2.3534591301326013e-05,0.019343827098833494,0.03866411960636566,0.03864058501506434
12,6,Ralph Macchio,8.026573441006872e-06,0.007116196303235867,0.014224366033030726,0.014216339459589718
12,6,Chris Jericho,2.2271050731121483e-07,0.0009630724422657624,0.0019259221740242135,0.0019256994635169023
12,7,Ralph Macchio,0.0,0.30473397195884466,0.6964653538296415,0.6964653538296415
12,7,Hines Ward,0.0,0.30473397195884455,0.6964653538296413,0.6964653538296413
12,7,Kirstie Alley,0.14736257056782864,0.16686667666666666,0.18637078276550467,0.03900821219767603
12,7,Romeo,0.14736257056782864,0.16686667666666663,0.18637078276550462,0.03900821219767597
12,7,Chelsea Kane,0.0,0.056798692748977544,0.20090924591977827,0.20090924591977827
12,7,Kendra Wilkinson,0.0,1.0000000001675334e-08,0.03215619669263361,0.03215619669263361
12,8,Ralph Macchio,0.6618422876342922,0.6668666766666665,0.6718910656990409,0.010048778064748687
12,8,Chelsea Kane,0.0,0.25564130644461375,0.7078334894437974,0.7078334894437974
12,8,Hines Ward,0.0,0.07749199688871973,0.3517608129304228,0.3517608129304228
12,8,Romeo,0.0,1.0000000091880958e-08,0.10089850009503007,0.10089850009503007
12,8,Kirstie Alley,0.0,1.0000000000000002e-08,0.16635284890268942,0.16635284890268942
12,9,Chelsea Kane,0.0012652745891366113,0.9984204811507019,1.0,0.9987347254108634
12,9,Hines Ward,9.050332161906951e-07,0.0015010644824334908,0.003001223931650791,0.0030003188984346002
12,9,Kirstie Alley,0.0,7.473360001148852e-05,0.00015037114887118505,0.00015037114887118505
12,9,Ralph Macchio,0.0,3.7207668531485763e-06,8.435546468221614e-06,8.435546468221614e-06
12,10,Hines Ward,0.000578422151711222,0.45685687891977506,0.9131353356878389,0.9125569135361277
12,10,Chelsea Kane,0.000578422151711222,0.45685687891977506,0.9131353356878389,0.9125569135361277
12,10,Kirstie Alley,0.00010843608904380353,0.08628624216044997,0.17246404823185613,0.1723556121428123
13,1,J.R. Martinez,0.0004884946998293671,0.38595164203489657,0.7714147893699638,0.7709262946701344
13,1,Chynna Phillips,0.0004884946998293671,0.38595164203489657,0.7714147893699638,0.7709262946701344
13,1,Hope Solo,0.0001790758383333202,0.14198367439099832,0.2837882729436633,0.28360919710533
13,1,Ricki Lake,6.524700047823989e-05,0.052232874790428485,0.10440050258037872,0.10433525557990048
13,1,Kristin Cavallari,2.337171121892523e-05,0.01921540078868075,0.038407429866142574,0.03838405815492365
13,1,David Arquette,7.966653207314503e-06,0.007068950904025165,0.014129935154843015,0.0141219685016357
13,1,Carson Kressley,2.2994490747902524e-06,0.00260052170824114,0.00519874396740749,0.005196444518332699
13,1,Chaz Bono,2.2994490747902524e-06,0.00260052170824114,0.00519874396740749,0.005196444518332699
13,1,Rob Kardashian,2.1460118551283863e-07,0.0009566784727819551,0.0019131423443783974,0.0019129277431928844
13,1,Nancy Grace,2.1460118551283863e-07,0.0009566784727819551,0.0019131423443783974,0.0019129277431928844
13,1,Elisabetta Canalis,0.0,0.00035194234194777457,0.0007044370553864712,0.0007044370553864712
13,1,Metta World Peace (Ron),0.0,0.00012947235208031596,0.0002597792291311546,0.0002597792291311546
13,2,Ricki Lake,0.0005477132541677476,0.43264378704152984,0.8647398608288919,0.8641921475747241
13,2,J.R. Martinez,0.0002008611270102878,0.1591607546031345,0.3181206480792587,0.31791978695224843
13,2,Kristin Cavallari,0.0002008611270102878,0.1591607546031345,0.3181206480792587,0.31791978695224843
13,2,Rob Kardashian,7.326136030248731e-05,0.058551969459826186,0.11703067755934989,0.1169574161990474
13,2,Chynna Phillips,7.326136030248731e-05,0.058551969459826186,0.11703067755934989,0.1169574161990474
13,2,Nancy Grace,7.326136030248731e-05,0.058551969459826186,0.11703067755934989,0.1169574161990474
13,2,Elisabetta Canalis,7.326136030248731e-05,0.058551969459826186,0.11703067755934989,0.1169574161990474
13,2,Hope Solo,9.051278864091045e-06,0.007924147370907072,0.015839243462950053,0.01583019218408596
13,2,Carson Kressley,2.6984605552846444e-06,0.0029151309065694477,0.005827563352583611,0.005824864892028326
13,2,David Arquette,2.6984605552846444e-06,0.0029151309065694477,0.005827563352583611,0.005824864892028326
13,2,Chaz Bono,3.613893059782342e-07,0.0010724167288503686,0.002144472068394759,0.002144110679088781
13,3,Ricki Lake,0.0006474624627725856,0.5112931996202443,1.0,0.9993525375372274
13,3,J.R. Martinez,0.00023755681012918584,0.18809425655105422,0.3759509562919793,0.3757133994818501
13,3,Chynna Phillips,0.00023755681012918584,0.18809425655105422,0.3759509562919793,0.3757133994818501
13,3,Rob Kardashian,3.1286250100872465e-05,0.025455789485517015,0.050880292720933154,0.05084900647083228
13,3,David Arquette,3.1286250100872465e-05,0.025455789485517015,0.050880292720933154,0.05084900647083228
13,3,Hope Solo,3.1286250100872465e-05,0.025455789485517015,0.050880292720933154,0.05084900647083228
13,3,Kristin Cavallari,3.1286250100872465e-05,0.025455789485517015,0.050880292720933154,0.05084900647083228
13,3,Carson Kressley,1.087824934833774e-05,0.009364661610509875,0.01871844497167141,0.01870756672232307
13,3,Nancy Grace,6.086428739286026e-07,0.0012673691314733877,0.002534129620072847,0.002533520977198918
13,3,Chaz Bono,0.0,6.309859359598591e-05,0.0001271158924464136,0.0001271158924464136
13,4,Ricki Lake,0.0,0.8882888088888887,1.0,1.0
13,4,Carson Kressley,0.11119459460972797,0.11131112111111109,0.11142764761249421,0.00023305300276624252
13,4,Chaz Bono,0.0,0.00020001000000001754,0.000515045768671823,0.000515045768671823
13,4,Nancy Grace,0.0,0.00020001000000000713,0.0005150457686718126,0.0005150457686718126
13,4,J.R. Martinez,0.0,1.0000000022492015e-08,0.046608237460447025,0.046608237460447025
13,4,David Arquette,0.0,1.0000000013384717e-08,0.0023214460148770597,0.0023214460148770597
13,4,Rob Kardashian,0.0,9.999999999999999e-09,0.006308611232598811,0.006308611232598811
13,4,Hope Solo,0.0,9.999999999999999e-09,0.006308611232598811,0.006308611232598811
13,4,Chynna Phillips,0.0,9.999999999999999e-09,0.0003150457686718055,0.0003150457686718055
13,5,J.R. Martinez,0.0011117984379858115,0.8774089031976738,1.0,0.9988882015620142
13,5,Rob Kardashian,5.4404177044463375e-05,0.043683617050075105,0.08731282992310574,0.08725842574606127
13,5,David Arquette,5.4404177044463375e-05,0.043683617050075105,0.08731282992310574,0.08725842574606127
13,5,Ricki Lake,1.938285939338466e-05,0.016070304628728917,0.032121226398064445,0.03210184353867106
13,5,Hope Solo,1.938285939338466e-05,0.016070304628728917,0.032121226398064445,0.03210184353867106
13,5,Nancy Grace,1.7596166831924075e-06,0.002174879228627676,0.004347998840572159,0.004346239223888966
13,5,Chaz Bono,1.600794696560333e-08,0.0008000933552429271,0.0016001707025388885,0.001600154694591923
13,5,Carson Kressley,0.0,0.00010828086084753331,0.00021742312333777696,0.00021742312333777696
13,6,Ricki Lake,0.000629891301459351,0.4974388389195808,0.9942477865377022,0.9936178952362429
13,6,J.R. Martinez,0.000629891301459351,0.4974388389195808,0.9942477865377022,0.9936178952362429
13,6,Nancy Grace,3.2521718824241215e-06,0.0033517165319267486,0.006700180891971073,0.00669692872008865
13,6,David Arquette,5.650883195765927e-07,0.0012330276047302971,0.0024654901211410177,0.002464925032821441
13,6,Rob Kardashian,0.0,0.00045360550617714376,0.0009076344468341925,0.0009076344468341925
13,6,Hope Solo,0.0,6.138882965617082e-05,0.0001236985330203587,0.0001236985330203587
13,6,Chaz Bono,0.0,2.258368834808099e-05,4.6137466056379994e-05,4.6137466056379994e-05
13,7,Ricki Lake,0.0,0.4930125205943289,1.0,1.0
13,7,Nancy Grace,0.3271338630625057,0.3335333433333332,0.33993282360416066,0.012798960541654969
13,7,Rob Kardashian,0.0,0.12846582974851387,0.3403554364970176,0.3403554364970176
13,7,Hope Solo,0.0,0.04498828632382391,0.17350622226155663,0.17350622226155663
13,7,David Arquette,0.0,1.0000000025961462e-08,0.028677013512286003,0.028677013512286003
13,7,J.R. Martinez,0.0,1.0000000001675334e-08,0.04727974777213548,0.04727974777213548
13,8,J.R. Martinez,0.0012091014002908462,0.9541295201777965,1.0,0.9987908985997092
13,8,Ricki Lake,2.1165025313768515e-05,0.01747549174465773,0.03492981846400169,0.034908653438687924
13,8,Hope Solo,2.1165025313768515e-05,0.01747549174465773,0.03492981846400169,0.034908653438687924
13,8,Rob Kardashian,1.2444266454060549e-05,0.010599421536689933,0.021186398806925806,0.021173954540471746
13,8,Nancy Grace,0.0,0.0003200747961982063,0.0006407423807495143,0.0006407423807495143
13,9,Ricki Lake,0.0009233652487991018,0.7288346954706812,1.0,0.9990766347512009
13,9,Rob Kardashian,0.00033902176912004034,0.2680964894866378,0.5358539572041555,0.5355149354350355
13,9,J.R. Martinez,2.7793103762525397e-06,0.002978878689786328,0.0059549780691964035,0.005952198758820151
13,9,Hope Solo,0.0,8.993635289462565e-05,0.00018075737334191,0.00018075737334191
13,10,Rob Kardashian,0.0004938402383253826,0.39016644702955666,0.779839053820788,0.7793452135824626
13,10,J.R. Martinez,0.0004178594510144684,0.3302577583005989,0.6600976571501833,0.6596797976991688
13,10,Ricki Lake,0.0003535807031261884,0.27957579466984434,0.5587980086365625,0.5584444279334363
14,1,Jaleel White,0.0005374571140353557,0.42455711238999183,0.8485767676659484,0.8480393105519131
14,1,Katherine Jenkins,0.0005374571140353557,0.42455711238999183,0.8485767676659484,0.8480393105519131
14,1,William Levy,7.18733426727583e-05,0.057457557055417954,0.11484324076816316,0.1147713674254904
14,1,Jack Wagner,2.5809406282453762e-05,0.02113745398062342,0.042249098554964386,0.04222328914868193
14,1,Roshon Fegan,2.5809406282453762e-05,0.02113745398062342,0.042249098554964386,0.04222328914868193
14,1,Gladys Knight,2.5809406282453762e-05,0.02113745398062342,0.042249098554964386,0.04222328914868193
14,1,Sherri Sheperd,2.5809406282453762e-05,0.02113745398062342,0.042249098554964386,0.04222328914868193
14,1,Maria Menounos,2.629355226657637e-06,0.0028606433213685368,0.005718657287510416,0.005716027932283758
14,1,Donald Driver,2.629355226657637e-06,0.0028606433213685368,0.005718657287510416,0.005716027932283758
14,1,Gavin DeGraw,3.3596687630099015e-07,0.001052371866455876,0.002104407766035451,0.00210407179915915
14,1,Melissa Gilbert,3.3596687630099015e-07,0.001052371866455876,0.002104407766035451,0.00210407179915915
14,1,Martina Navratilova,3.3596687630099015e-07,0.001052371866455876,0.002104407766035451,0.00210407179915915
14,2,Roshon Fegan,0.0004280257747831806,0.3382736153051006,0.676119204835418,0.6756911790606348
14,2,Katherine Jenkins,0.0004280257747831806,0.3382736153051006,0.676119204835418,0.6756911790606348
14,2,William Levy,0.00015683056397908235,0.12444390856148385,0.24873098655898862,0.24857415599500954
14,2,Maria Menounos,0.00015683056397908235,0.12444390856148385,0.24873098655898862,0.24857415599500954
14,2,Donald Driver,5.706342138010051e-05,0.04578035553878875,0.0915036476561974,0.0914465842348173
14,2,Sherri Sheperd,2.0361140713517217e-05,0.01684165161223955,0.03366294208376558,0.03364258094305206
14,2,Jaleel White,6.859126212179281e-06,0.006195697383514805,0.01238453564081743,0.012377676514605251
14,2,Jack Wagner,1.892012662737478e-06,0.002279269691114794,0.00455664736956685,0.004554755356904113
14,2,Gavin DeGraw,1.892012662737478e-06,0.002279269691114794,0.00455664736956685,0.004554755356904113
14,2,Melissa Gilbert,6.4713705934011e-08,0.0008384964602463164,0.0016769282067866987,0.0016768634930807648
14,2,Gladys Knight,0.0,0.0003084656092196474,0.0006175387304524428,0.0006175387304524428
14,2,Martina Navratilova,0.0,4.1746280592495266e-05,8.443834707810654e-05,8.443834707810654e-05
14,3,Katherine Jenkins,0.0007802855472265335,0.6160204221747004,1.0,0.9992197144527735
14,3,William Levy,0.0002864196922127138,0.22662124865982475,0.4529560776274368,0.45266965793522407
14,3,Maria Menounos,0.00010473659745659225,0.08336929831455081,0.16663386003164504,0.16652912343418846
14,3,Donald Driver,3.789912208740365e-05,0.030669850874812218,0.06130180262753703,0.06126390350544963
14,3,Roshon Fegan,1.3310988999280793e-05,0.01128280760063739,0.022552304212275498,0.022538993223276217
14,3,Jaleel White,1.3310988999280793e-05,0.01128280760063739,0.022552304212275498,0.022538993223276217
14,3,Gavin DeGraw,4.4265520339371346e-05,0.004190712954967385,0.008337160389595397,0.008292894869256027
14,3,Melissa Gilbert,4.4265520339371346e-05,0.004190712954967385,0.008337160389595397,0.008292894869256027
14,3,Gladys Knight,4.4265520339371346e-05,0.004190712954967385,0.008337160389595397,0.008292894869256027
14,3,Sherri Sheperd,4.4265520339371346e-05,0.004190712954967385,0.008337160389595397,0.008292894869256027
14,3,Jack Wagner,0.0,0.003990712954967384,0.008137160389595399,0.008137160389595399
14,4,Donald Driver,0.0,0.5162476128729632,1.0,1.0
14,4,Roshon Fegan,0.0,0.17034758713494694,0.37139903237201444,0.37139903237201444
14,4,Maria Menounos,0.0,0.1703475871349469,0.3713990323720144,0.3713990323720144
14,4,Gladys Knight,0.1425577998935246,0.14305715285714288,0.14355650582076115,0.000998705927236554
14,4,Gavin DeGraw,0.0,1.000000002943091e-08,0.010010721057274576,0.010010721057274576
14,4,Jaleel White,0.0,1.0000000014252079e-08,0.003683376108334077,0.003683376108334077
14,4,Melissa Gilbert,0.0,1.0000000012517355e-08,0.003683376108334075,0.003683376108334075
14,4,Katherine Jenkins,0.0,1.0000000001675334e-08,0.027210227854371598,0.027210227854371598
14,4,William Levy,0.0,9.999999999999999e-09,0.0036833761083340626,0.0036833761083340626
14,4,Sherri Sheperd,0.0,9.999999999999999e-09,0.0013556759844188884,0.0013556759844188884
14,5,William Levy,0.0005436793640509197,0.4294631794705143,0.8583826795769778,0.8578390002129268
14,5,Katherine Jenkins,0.0005436793640509197,0.4294631794705143,0.8583826795769778,0.8578390002129268
14,5,Maria Menounos,7.271543264098651e-05,0.05812152103333829,0.11617032663403559,0.11609761120139461
14,5,Donald Driver,7.271543264098651e-05,0.05812152103333829,0.11617032663403559,0.11609761120139461
14,5,Roshon Fegan,2.6119193869380414e-05,0.021381712677778723,0.04273730616168807,0.042711186967818685
14,5,Jaleel White,2.6712804174779635e-06,0.0028937001413310557,0.005784729002244634,0.0057820577218271555
14,5,Gladys Knight,0.0,0.0003916197282288646,0.0007837415060485723,0.0007837415060485723
14,5,Melissa Gilbert,0.0,0.00014406884677254682,0.00028895370612313663,0.00028895370612313663
14,5,Gavin DeGraw,0.0,1.949759818353478e-05,3.9969199743190605e-05,3.9969199743190605e-05
14,6,Katherine Jenkins,0.001062888534012929,0.83884483566714,1.0,0.9989371114659871
14,6,Jaleel White,0.00014296835528827823,0.11351395146384759,0.22688493457240688,0.22674196621711862
14,6,William Levy,5.197439335915405e-05,0.041767801754733054,0.08348362911610696,0.0834316547227478
14,6,Donald Driver,6.169684286121135e-06,0.005652092043181747,0.011298014402077373,0.011291844717791252
14,6,Melissa Gilbert,0.0,0.00010353202951411351,0.00020793148350253614,0.00020793148350253614
14,6,Maria Menounos,0.0,0.00010352167682880502,0.00020791079126198758,0.00020791079126198758
14,6,Roshon Fegan,0.0,1.4008734511258282e-05,2.8998433795925887e-05,2.8998433795925887e-05
14,6,Gladys Knight,0.0,2.5663024351279456e-07,1.511666732308426e-06,1.511666732308426e-06
14,7,Maria Menounos,0.0,0.5337687231397505,1.0,1.0
14,7,Melissa Gilbert,0.3960766410514935,0.40020001,0.4043233789485065,0.008246737897013023
14,7,Katherine Jenkins,0.0,0.05786531199208947,0.19438046359363698,0.19438046359363698
14,7,William Levy,0.0,0.004082967434079973,0.08688398536604908,0.08688398536604908
14,7,Donald Driver,0.0,0.004082967434079959,0.08688398536604906,0.08688398536604906
14,7,Roshon Fegan,0.0,1.0000000022492017e-08,0.05022175900146717,0.05022175900146717
14,7,Jaleel White,0.0,1.000000000861423e-08,0.030461433524094503,0.030461433524094503
14,8,Maria Menounos,0.44671994004745147,0.5002000099999997,0.5536800799525479,0.1069601399050964
14,8,Katherine Jenkins,0.021494490432508145,0.1668666766666667,0.31223886290082525,0.2907443724683171
14,8,Donald Driver,0.02149449043250809,0.16686667666666666,0.31223886290082525,0.2907443724683172
14,8,William Levy,0.0,0.16606661666666656,0.5612274727677721,0.5612274727677721
14,8,Roshon Fegan,0.0,1.0000000300047773e-08,0.23967757771392517,0.23967757771392517
14,8,Melissa Gilbert,0.0,1.0000000022492017e-08,0.019674859566808228,0.019674859566808228
14,9,Maria Menounos,0.0005761358992664167,0.4550542339234112,0.909532331947556,0.9089561960482896
14,9,William Levy,0.00034905111675392897,0.27600434470659363,0.5516596382964334,0.5513105871796795
14,9,Donald Driver,0.00021131723380582446,0.16740509727844333,0.3345988773230808,0.33438756008927495
14,9,Katherine Jenkins,0.00012777741091654637,0.10153632409155179,0.20294487077218704,0.2028170933612705
14,10,Katherine Jenkins,0.0005202892850791896,0.4110207677759399,0.8215212462668006,0.8210009569817214
14,10,William Levy,0.0003724955536935082,0.29448961611203,0.5886067366703664,0.588234241116673
14,10,Donald Driver,0.0003724955536935082,0.29448961611203,0.5886067366703664,0.588234241116673
15,1,Emmitt Smith,0.0005985775932841331,0.4727488710682432,0.9448991645432023,0.9443005869499181
15,1,Gilles Marini,0.0003626626922314524,0.28673668464742424,0.5731107066026171,0.5727480439103856
15,1,Sabrina Bryan,8.014510004344944e-05,0.0639796023658096,0.12787905963157575,0.1277989145315323
15,1,Shawn Johnson,4.821749008974974e-05,0.03880559043108645,0.07756296337208315,0.0775147458819934
15,1,Apolo Anton Ohno,4.821749008974974e-05,0.03880559043108645,0.07756296337208315,0.0775147458819934
15,1,Drew Lachey,2.8852415761487088e-05,0.02353678036470512,0.04704470831364875,0.04701585589788726
15,1,Helio Castroneves,2.8852415761487088e-05,0.02353678036470512,0.04704470831364875,0.04701585589788726
15,1,Kelly Monaco,2.8852415761487088e-05,0.02353678036470512,0.04704470831364875,0.04701585589788726
15,1,Melissa Rycroft,1.710690445378381e-05,0.014275778922115954,0.028534450939778126,0.02851734403532434
15,1,Joey Fatone,9.982891731659393e-06,0.008658697607542695,0.01730741232335373,0.01729742943162207
15,1,Bristol Palin,3.041181776394352e-06,0.0031853568371353115,0.006367672492494229,0.006364631310717834
15,1,Kirstie Alley,1.4515996768075298e-06,0.0019320165838478279,0.0038625815680188485,0.0038611299683420407
15,1,Pamela Anderson,0.0,0.0002614700115928787,0.0005236071386150974,0.0005236071386150974
15,2,Bristol Palin,0.5625620038030836,0.5627000099999994,0.5628380161969151,0.0002760123938314596
15,2,Kirstie Alley,0.18494714276740382,0.18770000999999983,0.19045287723259585,0.005505734465192036
15,2,Sabrina Bryan,0.0,0.1737010790256699,0.5821155754067675,0.5821155754067675
15,2,Kelly Monaco,0.05521865712804564,0.06270000999999988,0.07018136287195412,0.014962705743908476
15,2,Gilles Marini,0.0,0.012798820974330462,0.26051512787087283,0.26051512787087283
15,2,Drew Lachey,0.0,0.00020000999999979745,0.012534027715091538,0.012534027715091538
15,2,Emmitt Smith,0.0,0.00020000999999978357,0.012534027715091524,0.012534027715091524
15,2,Helio Castroneves,0.0,1.000000052903127e-08,0.020334719461551774,0.020334719461551774
15,2,Joey Fatone,0.0,1.0000000230658833e-08,0.012334027715091971,0.012334027715091971
15,2,Apolo Anton Ohno,0.0,1.0000000078003167e-08,0.09113037786900872,0.09113037786900872
15,2,Melissa Rycroft,0.0,1.0000000057186485e-08,0.033525630124254045,0.033525630124254045
15,2,Shawn Johnson,0.0,9.999999999999999e-09,0.15024793801384936,0.15024793801384936
15,3,Melissa Rycroft,0.00033765359881710033,0.2670177261345978,0.5336977986703785,0.5333601450715614
15,3,Kelly Monaco,0.00033765359881710033,0.2670177261345978,0.5336977986703785,0.5333601450715614
15,3,Shawn Johnson,0.00020440428973250713,0.16195443758738487,0.32370447088503723,0.3235000665953047
15,3,Helio Castroneves,7.45648170247179e-05,0.059579707994882374,0.11908485117274004,0.11901028635571531
15,3,Apolo Anton Ohno,7.45648170247179e-05,0.059579707994882374,0.11908485117274004,0.11901028635571531
15,3,Sabrina Bryan,7.45648170247179e-05,0.059579707994882374,0.11908485117274004,0.11901028635571531
15,3,Gilles Marini,7.45648170247179e-05,0.059579707994882374,0.11908485117274004,0.11901028635571531
15,3,Emmitt Smith,4.4832877349021416e-05,0.036136919595622076,0.07222900631389513,0.07218417343654611
15,3,Drew Lachey,1.5861775010141826e-05,0.01329402978649479,0.026572197797979438,0.026556336022969296
15,3,Kirstie Alley,1.5861775010141826e-05,0.01329402978649479,0.026572197797979438,0.026556336022969296
15,3,Bristol Palin,2.7633558442293274e-06,0.0029662989952785788,0.005929834634712928,0.005927071278868699
15,4,Shawn Johnson,0.0,0.38987679522723667,0.829209197832598,0.829209197832598
15,4,Gilles Marini,0.0,0.38987679522723667,0.829209197832598,0.829209197832598
15,4,Kirstie Alley,0.21069244229824316,0.21072632578947365,0.21076020928070413,6.776698246097057e-05
15,4,Kelly Monaco,0.0,0.00952003375605303,0.06897807246575392,0.06897807246575392
15,4,Sabrina Bryan,0.0,1.0000000095350403e-08,0.008047644077553692,0.008047644077553692
15,4,Melissa Rycroft,0.0,1.0000000001675335e-08,0.036063526414126516,0.036063526414126516
15,4,Emmitt Smith,0.0,1e-08,0.013267667583961121,0.013267667583961121
15,4,Apolo Anton Ohno,0.0,1e-08,0.002961200446057797,0.002961200446057797
15,4,Bristol Palin,0.0,1e-08,0.00024399606452102694,0.00024399606452102694
15,5,Sabrina Bryan,0.00044589113911791545,0.35235994671643794,0.7042740022937579,0.7038281111546401
15,5,Shawn Johnson,0.00016340286422686368,0.12962598028924238,0.25908855771425787,0.258925154850031
15,5,Apolo Anton Ohno,0.00016340286422686368,0.12962598028924238,0.25908855771425787,0.258925154850031
15,5,Gilles Marini,0.00016340286422686368,0.12962598028924238,0.25908855771425787,0.258925154850031
15,5,Melissa Rycroft,0.00016340286422686368,0.12962598028924238,0.25908855771425787,0.258925154850031
15,5,Emmitt Smith,0.0001270373599408514,0.10095281495566044,0.20177859255138003,0.20165155519143918
15,5,Kirstie Alley,2.125060482906921e-05,0.01754296875726819,0.035064686909707314,0.035043436304878245
15,5,Kelly Monaco,1.2496173053934759e-05,0.010640348413663993,0.021268200654274053,0.02125570448122012
15,6,Apolo Anton Ohno,0.00042373935480799485,0.3348938951265802,0.6693640508983524,0.6689403115435444
15,6,Sabrina Bryan,0.00042373935480799485,0.3348938951265802,0.6693640508983524,0.6689403115435444
15,6,Melissa Rycroft,0.00025661794010559125,0.20312341514485818,0.40599021234961075,0.4057335944095052
15,6,Shawn Johnson,5.648331751868796e-05,0.0453229601511682,0.09058943698481771,0.09053295366729902
15,6,Kirstie Alley,3.386589352503619e-05,0.027489764920617447,0.05494566394770986,0.05491179805418482
15,6,Gilles Marini,3.386589352503619e-05,0.027489764920617447,0.05494566394770986,0.05491179805418482
15,6,Kelly Monaco,2.0147732429164067e-05,0.016673385252647308,0.03332662277286545,0.03330647504043629
15,6,Emmitt Smith,1.1827247129638646e-05,0.010112919356931064,0.02021401146673249,0.02020218421960285
15,7,Melissa Rycroft,0.0008826171134805882,0.696705950277579,1.0,0.9991173828865194
15,7,Shawn Johnson,0.0003240328668354109,0.2562781665508468,0.5122323002348581,0.5119082673680226
15,7,Kelly Monaco,4.2998310256905925e-05,0.03469041564688595,0.069337832983515,0.06929483467325809
15,7,Emmitt Smith,8.817353642095148e-06,0.007739703989806441,0.015470590625970788,0.015461773272328692
15,7,Gilles Marini,2.6120431797969045e-06,0.002846993265040442,0.005691374486901088,0.005688762443721291
15,7,Apolo Anton Ohno,1.1917520136460122e-06,0.0017271340955211279,0.0034530764390286097,0.0034518846870149637
15,7,Kirstie Alley,0.0,1.1636174320319938e-05,2.425632247659212e-05,2.425632247659212e-05
15,8,Shawn Johnson,0.27840097966854616,0.3211777877777774,0.3639545958870086,0.08555361621846247
15,8,Melissa Rycroft,0.0,0.29652397699284505,0.6699333811403515,0.6699333811403515
15,8,Kelly Monaco,0.13954029114283162,0.2100666766666662,0.2805930621905008,0.14105277104766917
15,8,Apolo Anton Ohno,0.0,0.10421148827800075,0.28555230913761,0.28555230913761
15,8,Emmitt Smith,0.0,0.06802005028471046,0.21321533390450909,0.21321533390450909
15,8,Gilles Marini,0.0,1.0000000105758742e-08,0.18134083085960936,0.18134083085960936
15,8,Kirstie Alley,0.0,9.999999999999999e-09,0.004149201414837926,0.004149201414837926
15,9,Kelly Monaco,0.5559562088824143,0.60020001,0.6444438111175858,0.08848760223517149
15,9,Shawn Johnson,0.0,0.32411255508313164,0.8064745074616289,0.8064745074616289
15,9,Melissa Rycroft,0.0,0.0756874149168685,0.30993929891815564,0.30993929891815564
15,9,Emmitt Smith,0.0,1.0000000001675335e-08,0.039595606948041345,0.039595606948041345
15,9,Apolo Anton Ohno,0.0,1e-08,0.19828349262556935,0.19828349262556935
15,10,Melissa Rycroft,0.000510686809034655,0.403449488657382,0.8063882905057294,0.8058776036966947
15,10,Kelly Monaco,0.0004087361244111687,0.3230642748819661,0.645719813639521,0.6453110775151099
15,10,Shawn Johnson,0.00034585745902043774,0.27348623646065184,0.5466266154622832,0.5462807580032627
16,1,Zendaya,0.0010549439293927598,0.8325807409913971,1.0,0.9989450560706072
16,1,Kellie Pickler,5.157355773813266e-05,0.04145175427350552,0.0828519349892729,0.08280036143153477
16,1,Alexandra Raisman,5.157355773813266e-05,0.04145175427350552,0.0828519349892729,0.08280036143153477
16,1,Dorothy Hamill,5.157355773813266e-05,0.04145175427350552,0.0828519349892729,0.08280036143153477
16,1,Jacoby Jones,1.834153274480471e-05,0.015249248197713153,0.0304801548626815,0.030461813329936697
16,1,Ingo Rademacher,1.834153274480471e-05,0.015249248197713153,0.0304801548626815,0.030461813329936697
16,1,Sean Lowe,6.116153961261729e-06,0.005609884905259339,0.011213653656557417,0.011207537502596156
16,1,Lisa Vanderpump,1.6186884462645115e-06,0.0020637613239829155,0.0041259039595195664,0.004124285271073302
16,1,Victor Ortiz,1.6186884462645115e-06,0.0020637613239829155,0.0041259039595195664,0.004124285271073302
16,1,Wynonna Judd,1.6186884462645115e-06,0.0020637613239829155,0.0041259039595195664,0.004124285271073302
16,1,Andy Dick,0.0,0.0007592153625780708,0.0015184665618102225,0.0015184665618102225
16,1,D. L. Hughley,0.0,5.115552873942497e-06,1.122334953535452e-05,1.122334953535452e-05
16,2,Kellie Pickler,0.0005771654371072854,0.45586599521489385,0.9111548249926804,0.9105776595555731
16,2,Zendaya,0.0005771654371072854,0.45586599521489385,0.9111548249926804,0.9105776595555731
16,2,Alexandra Raisman,7.724727982254265e-05,0.06169475358034799,0.12331225988087344,0.1232350126010509
16,2,Jacoby Jones,2.7786367278008484e-05,0.022696231470348258,0.04536467657341851,0.0453368902061405
16,2,Ingo Rademacher,4.343939685473499e-07,0.001129978827907094,0.002259523261845641,0.0022590888678770933
16,2,Sean Lowe,4.343939685473499e-07,0.001129978827907094,0.002259523261845641,0.0022590888678770933
16,2,Andy Dick,4.343939685473499e-07,0.001129978827907094,0.002259523261845641,0.0022590888678770933
16,2,Lisa Vanderpump,0.0,0.00015292600472618218,0.00030665678870434173,0.00030665678870434173
16,2,Victor Ortiz,0.0,0.00015292600472618218,0.00030665678870434173,0.00030665678870434173
16,2,Wynonna Judd,0.0,0.00015292600472618218,0.00030665678870434173,0.00030665678870434173
16,2,D. L. Hughley,0.0,2.0696284163861437e-05,4.236505143847914e-05,4.236505143847914e-05
16,2,Dorothy Hamill,0.0,7.613737452526717e-06,1.6216550303510346e-05,1.6216550303510346e-05
16,3,Jacoby Jones,0.0005087254256199158,0.4019029936468564,0.8032972618680929,0.8027885364424729
16,3,Zendaya,0.0005087254256199158,0.4019029936468564,0.8032972618680929,0.8027885364424729
16,3,Kellie Pickler,0.0001865558135898393,0.1478814220349109,0.29557628825623194,0.2953897324426421
16,3,Victor Ortiz,2.4384015788869035e-05,0.020013574136527722,0.04000276425726658,0.03997838024147771
16,3,Alexandra Raisman,2.4384015788869035e-05,0.020013574136527722,0.04000276425726658,0.03997838024147771
16,3,Lisa Vanderpump,2.436449600485939e-06,0.002708542724343926,0.005414648999087366,0.00541221254948688
16,3,Ingo Rademacher,2.436449600485939e-06,0.002708542724343926,0.005414648999087366,0.00541221254948688
16,3,Sean Lowe,2.436449600485939e-06,0.002708542724343926,0.005414648999087366,0.00541221254948688
16,3,Andy Dick,0.0,0.00013485040179419148,0.0002705285077043664,0.0002705285077043664
16,3,D. L. Hughley,0.0,1.825001732138793e-05,3.747562029649555e-05,3.747562029649555e-05
16,3,Wynonna Judd,0.0,6.713806173561334e-06,1.4417829107351176e-05,1.4417829107351176e-05
16,4,Alexandra Raisman,0.0006917584235990315,0.5524850089060246,1.0,0.999308241576401
16,4,Kellie Pickler,0.0002488227658756781,0.20324284671437923,0.4062368706628828,0.4059880478970071
16,4,Zendaya,0.0002488227658756781,0.20324284671437923,0.4062368706628828,0.4059880478970071
16,4,Jacoby Jones,2.5931020944010286e-05,0.027499048315437227,0.05497216560993044,0.05494623458898643
16,4,Ingo Rademacher,3.878553070385191e-06,0.010111304909461157,0.020218731265851927,0.02021485271278154
16,4,Andy Dick,0.0,0.0013615364033449334,0.00273029138016303,0.00273029138016303
16,4,D. L. Hughley,0.0,0.0013615364033449332,0.0027302913801630297,0.0027302913801630297
16,4,Sean Lowe,0.0,0.0004958516336287271,0.0010000197684563224,0.0010000197684563224
16,4,Victor Ortiz,0.00013091469459148563,0.00020000999999999992,0.0002691053054085142,0.00013819061081702855
16,4,Lisa Vanderpump,0.0,1.0000000000021927e-08,6.910530540851431e-05,6.910530540851431e-05
16,5,Zendaya,0.0010217683395371546,0.825820851020633,1.0,0.9989782316604628
16,5,Kellie Pickler,0.00011611808898571996,0.1117413991250129,0.22336668016104005,0.22325056207205435
16,5,Jacoby Jones,2.6514846563477357e-05,0.04109179217355748,0.08215706950055149,0.08213055465398801
16,5,Alexandra Raisman,0.0,0.01510125424927401,0.030208956842733982,0.030208956842733982
16,5,Sean Lowe,0.0,0.005539869681943431,0.01109831418826496,0.01109831418826496
16,5,Ingo Rademacher,0.0,0.0002524068747896157,0.0005300945392436411,0.0005300945392436411
16,5,Victor Ortiz,0.0,0.0002524068747896157,0.0005300945392436411,0.0005300945392436411
16,5,Andy Dick,0.00018523573746609731,0.00020001,0.0002147842625339027,2.954852506780538e-05
16,5,D. L. Hughley,0.0,1.0000000000016845e-08,1.4784262533902718e-05,1.4784262533902718e-05
16,6,Kellie Pickler,0.0007705770690941138,0.6083655634260998,1.0,0.9992294229309059
16,6,Alexandra Raisman,0.0002828481427027407,0.22380518350114328,0.44732751885958383,0.4470446707168811
16,6,Zendaya,0.00017116310027964765,0.1357447055960554,0.27131824809183114,0.2711470849915515
16,6,Ingo Rademacher,1.3133172019648767e-05,0.011142603972053754,0.022272074772087862,0.022258941600068215
16,6,Sean Lowe,1.3133172019648767e-05,0.011142603972053754,0.022272074772087862,0.022258941600068215
16,6,Jacoby Jones,7.572701176861325e-06,0.006758330938086373,0.013509089174995884,0.013501516473819024
16,6,Andy Dick,2.1545222219786393e-06,0.0024862510087548845,0.00497034749528779,0.004968192973065812
16,6,Victor Ortiz,0.0,0.0005547575857526726,0.0011098103171709338,0.0011098103171709338
16,7,Alexandra Raisman,0.001062003646723375,0.8381471272191976,1.0,0.9989379963532766
16,7,Zendaya,0.00014286299624488574,0.11343087885616336,0.22671889471608184,0.22657603171983695
16,7,Kellie Pickler,5.19250403675231e-05,0.04172888832519095,0.08340585161001438,0.08335392656964685
16,7,Jacoby Jones,6.163721962463772e-06,0.005647390920638698,0.011288618119314931,0.011282454397352468
16,7,Ingo Rademacher,0.0,0.0007642912497925131,0.0015286118986101915,0.0015286118986101915
16,7,Sean Lowe,0.0,0.00028116703786589296,0.0005629762098838579,0.0005629762098838579
16,7,Andy Dick,0.0,2.5639115113829155e-07,1.5111888507946808e-06,1.5111888507946808e-06
16,8,Zendaya,0.0007686472516321707,0.606843957271107,1.0,0.9992313527483678
16,8,Alexandra Raisman,0.0002821382025332553,0.22324541587916144,0.4462086935557896,0.44592655535325637
16,8,Kellie Pickler,0.00017073249980029126,0.13540518937100898,0.2706396462422177,0.27046891374241744
16,8,Jacoby Jones,3.7319685468960306e-05,0.030212981589281707,0.06038864349309445,0.06035132380762549
16,8,Ingo Rademacher,4.187102120495334e-06,0.004088882420808004,0.008173577739495513,0.008169390637375018
16,8,Sean Lowe,0.0,0.00020357346863292513,0.0004078874815251316,0.0004078874815251316
16,9,Jacoby Jones,0.0004584915409389656,0.36229500500257267,0.7241315184642063,0.7236730269232674
16,9,Alexandra Raisman,0.0004584915409389656,0.36229500500257267,0.7241315184642063,0.7236730269232674
16,9,Kellie Pickler,0.00027769620648604443,0.21974302839480223,0.4392083605831184,0.43893066437663236
16,9,Zendaya,6.118651447181711e-05,0.04903129711723319,0.09800140771999456,0.09794022120552275
16,9,Ingo Rademacher,7.41712618355754e-06,0.006635664482819264,0.01326391183945497,0.013256494713271413
16,10,Jacoby Jones,0.4462330941331078,0.5002250087500626,0.5542169233670173,0.10798382923390953
16,10,Kellie Pickler,0.0,0.24988749062496868,0.6488702918507194,0.6488702918507194
16,10,Zendaya,0.0,0.2498874906249687,0.6488702918507194,0.6488702918507194
16,10,Alexandra Raisman,0.0,9.999999999999999e-09,0.14677821127080098,0.14677821127080098
17,1,Amber Riley,0.0010972570126943637,0.8659434031379742,1.0,0.9989027429873056
17,1,Corbin Bleu,5.368020210932273e-05,0.0431127834147311,0.08617188662735287,0.08611820642524354
17,1,Elizabeth Berkley Lauren,5.368020210932273e-05,0.0431127834147311,0.08617188662735287,0.08611820642524354
17,1,Jack Osbourne,1.9116523898823207e-05,0.015860306669956702,0.031701496816014585,0.03168238029211576
17,1,"Nicole ""Snooki"" Polizzi",1.9116523898823207e-05,0.015860306669956702,0.031701496816014585,0.03168238029211576
17,1,Christina Milian,6.401257273917077e-06,0.005834680754551371,0.011662960251828825,0.011656558994554908
17,1,Brant Daugherty,6.401257273917077e-06,0.005834680754551371,0.011662960251828825,0.011656558994554908
17,1,Leah Remini,1.7235720935998393e-06,0.0021464590953981276,0.004291194618702655,0.004289471046609055
17,1,Valerie Harper,1.7235720935998393e-06,0.0021464590953981276,0.004291194618702655,0.004289471046609055
17,1,Bill Engvall,0.0,0.00010686590573140999,0.00021459500765997664,0.00021459500765997664
17,1,Keyshawn Johnson,0.0,3.931376968075114e-05,7.957641035125682e-05,7.957641035125682e-05
17,1,Bill Nye,0.0,1.9573173388940135e-06,4.910883981444897e-06,4.910883981444897e-06
17,2,Corbin Bleu,0.0,0.43888912396776897,0.892418082659802,0.892418082659802
17,2,Christina Milian,0.0,0.15184071970263452,0.3186853309001809,0.3186853309001809
17,2,Elizabeth Berkley Lauren,0.0,0.15184071970263452,0.3186853309001809,0.3186853309001809
17,2,Bill Nye,0.11125415258270109,0.11131112111111104,0.11136808963952098,0.00011393705681989053
17,2,Jack Osbourne,0.0,0.04624151315242263,0.10762084680109771,0.10762084680109771
17,2,Amber Riley,0.0,0.046241513152422614,0.10762084680109768,0.10762084680109768
17,2,Leah Remini,0.0,0.046241513152422586,0.10762084680109765,0.10762084680109765
17,2,Brant Daugherty,0.0,0.007393736058582902,0.02997456233958811,0.02997456233958811
17,2,Keyshawn Johnson,0.0,1.000000006445064e-08,0.00015315041299902748,0.00015315041299902748
17,2,"Nicole ""Snooki"" Polizzi",0.0,1.0000000006445823e-08,0.0011251921496540894,0.0011251921496540894
17,2,Bill Engvall,0.0,9.999999999999999e-09,0.003056856088539335,0.003056856088539335
17,2,Valerie Harper,0.0,9.999999999999999e-09,0.0004145726992859495,0.0004145726992859495
17,3,Brant Daugherty,0.0005649625378880696,0.46239397887886213,0.9242229952198362,0.9236580326819481
17,3,Corbin Bleu,0.00019424313020188766,0.17009227489733147,0.33999030666446106,0.3397960635342592
17,3,Christina Milian,0.00019424313020188766,0.17009227489733147,0.33999030666446106,0.3397960635342592
17,3,"Nicole ""Snooki"" Polizzi",5.786308167093912e-05,0.06256048738314565,0.12506311168462036,0.12500524860294943
17,3,Elizabeth Berkley Lauren,5.786308167093912e-05,0.06256048738314565,0.12506311168462036,0.12500524860294943
17,3,Amber Riley,7.69166563041948e-06,0.023001753484260673,0.04599581530289093,0.045988123637260514
17,3,Bill Engvall,7.69166563041948e-06,0.023001753484260673,0.04599581530289093,0.045988123637260514
17,3,Leah Remini,7.69166563041948e-06,0.023001753484260673,0.04599581530289093,0.045988123637260514
17,3,Jack Osbourne,0.0,0.0030952161074016883,0.006207987544468942,0.006207987544468942
17,3,Valerie Harper,0.00019129795490992562,0.00020001,0.00020872204509007439,1.7424090180148764e-05
17,3,Bill Nye,0.0,1.000000000002701e-08,8.7220450900744e-06,8.7220450900744e-06
17,4,Amber Riley,0.0003948145866662367,0.3120875385134353,0.6237802624402043,0.6233854478535381
17,4,Corbin Bleu,0.0003948145866662367,0.3120875385134353,0.6237802624402043,0.6233854478535381
17,4,Elizabeth Berkley Lauren,0.0003948145866662367,0.3120875385134353,0.6237802624402043,0.6233854478535381
17,4,Jack Osbourne,1.8707653020163736e-05,0.015537923616726776,0.031057139580433386,0.03103843192741322
17,4,Christina Milian,1.8707653020163736e-05,0.015537923616726776,0.031057139580433386,0.03103843192741322
17,4,"Nicole ""Snooki"" Polizzi",1.8707653020163736e-05,0.015537923616726776,0.031057139580433386,0.03103843192741322
17,4,Leah Remini,1.8707653020163736e-05,0.015537923616726776,0.031057139580433386,0.03103843192741322
17,4,Bill Engvall,0.0,0.0007735876654006238,0.0015471929394001481,0.0015471929394001481
17,4,Brant Daugherty,0.0,0.0007735876654006238,0.0015471929394001481,0.0015471929394001481
17,4,Valerie Harper,0.0,3.8514661985837116e-05,7.797920845100923e-05,7.797920845100923e-05
17,5,Corbin Bleu,0.0003725618002092812,0.29454184960460505,0.5887111374090008,0.5883385756087915
17,5,Christina Milian,0.0003725618002092812,0.29454184960460505,0.5887111374090008,0.5883385756087915
17,5,Jack Osbourne,0.00013642650800765876,0.10835589103414511,0.21657535556028257,0.2164389290522749
17,5,Brant Daugherty,0.00013642650800765876,0.10835589103414511,0.21657535556028257,0.2164389290522749
17,5,"Nicole ""Snooki"" Polizzi",0.00013642650800765876,0.10835589103414511,0.21657535556028257,0.2164389290522749
17,5,Amber Riley,4.9557188671701946e-05,0.039861904641275,0.0796742520938783,0.0796246949052066
17,5,Elizabeth Berkley Lauren,4.9557188671701946e-05,0.039861904641275,0.0796742520938783,0.0796246949052066
17,5,Bill Engvall,5.843268082548515e-06,0.005394722154977797,0.010783601041873047,0.0107777577737905
17,5,Leah Remini,0.0,0.00073009625082675,0.0014602652693952677,0.0014602652693952677
17,6,Amber Riley,0.0004992501154377216,0.39443198119219075,0.7883647122689438,0.7878654621535061
17,6,Elizabeth Berkley Lauren,0.0004992000930541529,0.3943925399661658,0.7882858798392774,0.7877866797462233
17,6,Brant Daugherty,0.00018305093866369249,0.14511792788835134,0.29005280483803897,0.2898697538993753
17,6,"Nicole ""Snooki"" Polizzi",6.670935816638357e-05,0.053385902215524354,0.10670509507288232,0.10663838571471594
17,6,Leah Remini,8.163645515695851e-06,0.0072242737336841575,0.014440383821852618,0.014432220176336923
17,6,Corbin Bleu,2.3719184951125766e-06,0.0026576617840172573,0.005312951649539402,0.0053105797310442895
17,6,Jack Osbourne,2.3715814469432543e-06,0.002657396031126722,0.0053124204808065005,0.005310048899359557
17,6,Bill Engvall,0.0,0.00013231718893952645,0.0002654652948095914,0.0002654652948095914
17,7,Bill Engvall,0.440896220578593,0.44464445444444434,0.44839268831029566,0.00749646773170265
17,7,Amber Riley,0.0,0.2177084723130906,0.5550248281275356,0.5550248281275356
17,7,Corbin Bleu,0.0,0.2177084723130906,0.5550248281275356,0.5550248281275356
17,7,Leah Remini,0.09451617963477975,0.11131112111111106,0.1281060625874424,0.033589882952662645
17,7,Brant Daugherty,0.0,0.004213729909131824,0.1283061137029924,0.1283061137029924
17,7,Jack Osbourne,0.0,0.00421372990913156,0.12830611370299214,0.12830611370299214
17,7,Elizabeth Berkley Lauren,0.0,0.00020000999999997266,0.027889539353678525,0.027889539353678525
17,7,"Nicole ""Snooki"" Polizzi",0.0,1.0000000001675334e-08,0.027689539353678554,0.027689539353678554
17,8,Bill Engvall,0.4991363698521922,0.5002000099999996,0.5012636501478069,0.002127280295614764
17,8,Elizabeth Berkley Lauren,0.33064378575010084,0.3335333433333333,0.33642290091656574,0.005779115166464899
17,8,Corbin Bleu,0.0,0.08313330833333359,0.5118344514712251,0.5118344514712251
17,8,Jack Osbourne,0.0,0.08313330833333331,0.5118344514712249,0.5118344514712249
17,8,Brant Daugherty,0.0,1.0000000123105977e-08,0.021344732130586578,0.021344732130586578
17,8,Amber Riley,0.0,1.0000000098819848e-08,0.05801926419850905,0.05801926419850905
17,8,Leah Remini,0.0,1.0000000001675334e-08,0.05801926419850895,0.05801926419850895
17,9,Corbin Bleu,0.0007588656362010893,0.5991314318437075,1.0,0.9992411343637989
17,9,Elizabeth Berkley Lauren,0.00027853974731475994,0.2204081363349092,0.44053773292250364,0.4402591931751889
17,9,Jack Osbourne,0.00010183772773106337,0.08108362202452547,0.16206540632131988,0.16196356859358882
17,9,Leah Remini,0.00010183772773106337,0.08108362202452547,0.16206540632131988,0.16196356859358882
17,9,Amber Riley,2.1947183943760856e-05,0.01809220156774712,0.03616245595155047,0.036140508767606716
17,9,Bill Engvall,0.0,0.00020098620458528478,0.0004027162347962685,0.0004027162347962685
17,10,Amber Riley,0.0,0.7366420652631579,1.0,1.0
17,10,Bill Engvall,0.2632921611072877,0.263357904736842,0.2634236483663963,0.00013148725910860914
17,10,Leah Remini,0.0,1.0000000038321369e-08,0.0007897630585348688,0.0007897630585348688
17,10,Jack Osbourne,0.0,1.0000000001675335e-08,0.01584356288621818,0.01584356288621818
17,10,Corbin Bleu,0.0,1e-08,0.1170625301296321,0.1170625301296321
17,11,Amber Riley,0.001032259204375996,0.8146944808190032,1.0,0.998967740795624
17,11,Corbin Bleu,0.00019413246461663647,0.1538553957726894,0.30751665908076214,0.3073225266161455
17,11,Jack Osbourne,3.586293371669533e-05,0.029064374285109804,0.05809288563650292,0.05805702270278622
17,11,Bill Engvall,2.02705803351369e-06,0.002385749123197718,0.004769471188361922,0.004767444130328409
18,1,Charlie White,0.0009746645923297548,0.7692827680998487,1.0,0.9990253354076702
18,1,Candace Cameron Bure,0.0001310429405809027,0.10411110130983849,0.20809115967909608,0.20796011673851517
18,1,Amy Purdy,4.757668489524525e-05,0.0383003337696068,0.07655309085431836,0.07650551416942311
18,1,Meryl Davis,4.757668489524525e-05,0.0383003337696068,0.07655309085431836,0.07650551416942311
18,1,Danica McKellar,4.757668489524525e-05,0.0383003337696068,0.07655309085431836,0.07650551416942311
18,1,Cody Simpson,5.575236043010509e-06,0.0051833865187665374,0.010361197801490064,0.010355622565447054
18,1,Drew Carey,1.4196958647782424e-06,0.0019068613358994217,0.0038123029759340654,0.0038108832800692874
18,1,James Maslow,1.4196958647782424e-06,0.0019068613358994217,0.0038123029759340654,0.0038108832800692874
18,1,NeNe Leakes,1.4196958647782424e-06,0.0019068613358994217,0.0038123029759340654,0.0038108832800692874
18,1,Sean Avery,0.0,0.0007014950826421093,0.0014030992072179738,0.0014030992072179738
18,1,Diana Nyad,0.0,9.493703569846089e-05,0.00019075239670065814,0.00019075239670065814
18,1,Billy Dee Williams,0.0,4.726636686961612e-06,1.044601041468725e-05,1.044601041468725e-05
18,2,Billy Dee Williams,0.6001872610566347,0.6002000100000003,0.600212758943366,2.5497886731340458e-05
18,2,Meryl Davis,0.0,0.13306663999999974,0.3918832735524363,0.3918832735524363
18,2,James Maslow,0.0,0.13306663999999974,0.3918832735524363,0.3918832735524363
18,2,Charlie White,0.0,0.13306663999999968,0.39188327355243624,0.39188327355243624
18,2,Drew Carey,0.0,0.0002000100000001843,0.004941382437858275,0.004941382437858275
18,2,Candace Cameron Bure,0.0,0.0002000100000001097,0.0049413824378582005,0.0049413824378582005
18,2,NeNe Leakes,0.0,0.00020000999999999434,0.004941382437858085,0.004941382437858085
18,2,Sean Avery,0.0,1.0000000189892831e-08,0.004741382437858281,0.004741382437858281
18,2,Amy Purdy,0.0,9.999999999999999e-09,0.09521395983599945,0.09521395983599945
18,2,Danica McKellar,0.0,9.999999999999999e-09,0.09521395983599945,0.09521395983599945
18,2,Cody Simpson,0.0,9.999999999999999e-09,0.012886680437214366,0.012886680437214366
18,3,Meryl Davis,0.0010395661801773093,0.8204558233153446,1.0,0.9989604338198227
18,3,Amy Purdy,5.0807944686592776e-05,0.04084809016821316,0.08164537239173973,0.08159456444705314
18,3,James Maslow,5.0807944686592776e-05,0.04084809016821316,0.08164537239173973,0.08159456444705314
18,3,Charlie White,5.0807944686592776e-05,0.04084809016821316,0.08164537239173973,0.08159456444705314
18,3,Danica McKellar,5.0807944686592776e-05,0.04084809016821316,0.08164537239173973,0.08159456444705314
18,3,Cody Simpson,1.8059879443251686e-05,0.015027172584002943,0.030036285288562635,0.030018225409119383
18,3,Candace Cameron Bure,0.0,0.0007481588688154453,0.001496367596977152,0.001496367596977152
18,3,NeNe Leakes,0.0,0.00027523226656728445,0.0005511141942181319,0.0005511141942181319
18,3,Drew Carey,0.0,0.00010125229241712205,0.0002033749006457393,0.0002033749006457393
18,4,Meryl Davis,0.0012277287807367365,0.96881667960938,1.0,0.9987722712192633
18,4,James Maslow,2.1506197687461148e-05,0.017744496453107883,0.035467486708528305,0.035445980510840844
18,4,Amy Purdy,7.280369131862363e-06,0.006527835439037968,0.013048390508944074,0.013041110139812212
18,4,Drew Carey,2.046979272628171e-06,0.002401456453372425,0.004800865927472222,0.004798818948199593
18,4,Charlie White,2.046979272628171e-06,0.002401456453372425,0.004800865927472222,0.004798818948199593
18,4,NeNe Leakes,1.2172273578078992e-07,0.0008834464580642014,0.0017667711933926221,0.0017666494706568413
18,4,Danica McKellar,1.2172273578078992e-07,0.0008834464580642014,0.0017667711933926221,0.0017666494706568413
18,4,Cody Simpson,0.0,0.0003250017892975485,0.0006505901181582034,0.0006505901181582034
18,4,Candace Cameron Bure,0.0,1.618088630343516e-05,3.333998249101683e-05,3.333998249101683e-05
18,5,Drew Carey,0.5001949562966431,0.5002000100000001,0.5002050637033572,1.0107406714032763e-05
18,5,James Maslow,0.0,0.45875390766343815,1.0,1.0
18,5,Danica McKellar,0.0,0.041046022336561544,0.28383496730965974,0.28383496730965974
18,5,NeNe Leakes,0.0,1.0000000064125374e-08,0.012088708810136076,0.012088708810136076
18,5,Meryl Davis,0.0,1.0000000036369798e-08,0.012088708810136049,0.012088708810136049
18,5,Candace Cameron Bure,0.0,1.0000000021624649e-08,0.004447825081617861,0.004447825081617861
18,5,Amy Purdy,0.0,1.0000000001675329e-08,0.032858784202735365,0.032858784202735365
18,5,Charlie White,0.0,1.0000000001675329e-08,0.032858784202735365,0.032858784202735365
18,5,Cody Simpson,0.0,9.999999999999994e-09,0.0016369010455146071,0.0016369010455146071
18,6,Meryl Davis,0.001073550296522674,0.847251332021049,1.0,0.9989264497034773
18,6,Amy Purdy,0.00014442566536591872,0.11466299899166606,0.2291815723179662,0.22903714665260028
18,6,Charlie White,1.8682320246198383e-05,0.015517949445296572,0.031017216570346944,0.030998534250100747
18,6,Danica McKellar,1.8682320246198383e-05,0.015517949445296572,0.031017216570346944,0.030998534250100747
18,6,James Maslow,6.241522676842491e-06,0.005708734570062405,0.011411227617447967,0.011404986094771124
18,6,NeNe Leakes,0.0,0.00077259320996205,0.0015452052897675368,0.0015452052897675368
18,6,Candace Cameron Bure,9.936173931742706e-05,0.00038422115833369855,0.00066908057734997,0.000569718838032543
18,6,Drew Carey,0.0,0.00018422115833369857,0.00046908057734997005,0.00046908057734997005
18,7,Meryl Davis,0.000868133736085519,0.6852862193322322,1.0,0.9991318662639145
18,7,Amy Purdy,0.00019293093500899472,0.15290802386711297,0.30562311679921694,0.30543018586420795
18,7,Candace Cameron Bure,0.00011662555697763977,0.09274340459147513,0.18537018362597263,0.185253558068995
18,7,Danica McKellar,4.227282587212361e-05,0.03411839185344885,0.06819451088102557,0.06815223805515344
18,7,Charlie White,2.5246794651798826e-05,0.02069385071920647,0.041362454643761135,0.04133720784910934
18,7,James Maslow,1.4919984703451114e-05,0.012551454928715051,0.025087989872726653,0.0250730698880232
18,7,NeNe Leakes,1.1556322729805793e-06,0.00169865470780923,0.0033961537833454795,0.003394998151072499
18,8,Amy Purdy,0.0005780483827044769,0.45656217269371535,0.9125462970047262,0.9119682486220217
18,8,Charlie White,0.0005780483827044769,0.45656217269371535,0.9125462970047262,0.9119682486220217
18,8,Danica McKellar,7.736677351502519e-05,0.06178897095662725,0.12350057513973947,0.12342320836622445
18,8,Meryl Davis,9.606886124011518e-06,0.008362227885313983,0.016714848884503954,0.016705241998379944
18,8,Candace Cameron Bure,9.606886124011518e-06,0.008362227885313983,0.016714848884503954,0.016705241998379944
18,8,James Maslow,9.606886124011518e-06,0.008362227885313983,0.016714848884503954,0.016705241998379944
18,9,Candace Cameron Bure,0.48915864138009824,0.5002000099999997,0.5112413786199012,0.02208273723980292
18,9,Meryl Davis,0.0,0.44055792610135625,1.0,1.0
18,9,Amy Purdy,0.0,0.05904204389864423,0.28079479966501675,0.28079479966501675
18,9,James Maslow,0.0,0.0002000099999998478,0.08177892118841544,0.08177892118841544
18,9,Charlie White,0.0,1.0000000022492017e-08,0.08157892118841562,0.08157892118841562
18,10,Candace Cameron Bure,0.7415136606101922,0.7502125093750314,0.7589113581398705,0.017397697529678346
18,10,Meryl Davis,0.0,0.19231178206539595,0.6672942886735417,0.6672942886735417
18,10,Amy Purdy,0.0,0.057475698559572796,0.39779313110977443,0.39779313110977443
18,10,James Maslow,0.0,1e-08,0.17473694041607069,0.17473694041607069
19,1,Alfonso Ribeiro,0.0,0.8028032811892324,1.0,1.0
19,1,Betsey Johnson,0.1251989162752114,0.12520000999999983,0.12520110372478827,2.1874495768625657e-06
19,1,Sadie Robertson,0.0,0.07199660881076758,0.18623667448509623,0.18623667448509623
19,1,Randy Couture,0.0,1.000000004938023e-08,0.005688636967875933,0.005688636967875933
19,1,Lea Thompson,0.0,1.000000003983925e-08,0.015461585213087286,0.015461585213087286
19,1,Janel Parrish,0.0,1.000000002476884e-08,0.0007707455100076879,0.0007707455100076879
19,1,Tavis Smiley,0.0,1.000000001945625e-08,0.0007707455100076826,0.0007707455100076826
19,1,Antonio Sabato Jr.,0.0,1.0000000017902791e-08,1.5106952593862248e-05,1.5106952593862248e-05
19,1,Michael Waltrip,0.0,1.0000000005813937e-08,1.510695259385016e-05,1.510695259385016e-05
19,1,Bethany Mota,0.0,1.000000000514478e-08,0.015461585213087251,0.015461585213087251
19,1,Jonathan Bennett,0.0,1.0000000001675334e-08,0.0020933702288301018,0.0020933702288301018
19,1,Lolo Jones,0.0,1.0000000000000008e-08,1.710640809753807e-06,1.710640809753807e-06
19,1,Tommy Chong,0.0,9.999999999999999e-09,0.00010518127663014917,0.00010518127663014917
19,2,Lea Thompson,0.0,0.5153150912658361,1.0,1.0
19,2,Michael Waltrip,0.36382494981029023,0.36383637363636345,0.3638477974624367,2.2847652146440467e-05
19,2,Janel Parrish,0.0,0.12024844509780024,0.3498774279326853,0.3498774279326853
19,2,Randy Couture,0.0,0.00020001000000004142,0.0007701995971426736,0.0007701995971426736
19,2,Tommy Chong,0.0,0.00020000999999997854,0.0007701995971426107,0.0007701995971426107
19,2,Betsey Johnson,0.0,0.00020000999999987142,0.0007701995971425036,0.0007701995971425036
19,2,Antonio Sabato Jr.,0.0,1.0000000168208783e-08,0.01143351287544246,0.01143351287544246
19,2,Sadie Robertson,0.0,1.000000001728784e-08,0.011433512875442309,0.011433512875442309
19,2,Tavis Smiley,0.0,1.0000000015336276e-08,0.0005701995971426475,0.0005701995971426475
19,2,Alfonso Ribeiro,0.0,1.0000000001675329e-08,0.031077776999377187,0.031077776999377187
19,2,Jonathan Bennett,0.0,9.999999999999994e-09,0.004206791967304913,0.004206791967304913
19,2,Bethany Mota,0.0,9.999999999999994e-09,0.08447642320091935,0.08447642320091935
19,3,Bethany Mota,0.0006319847062807304,0.4990894290525931,0.9975468733989055,0.9969148886926247
19,3,Janel Parrish,0.0006319847062807304,0.4990894290525931,0.9975468733989055,0.9969148886926247
19,3,Tommy Chong,5.702773513342578e-07,0.0012371190086152854,0.0024736677398792366,0.0024730974625279023
19,3,Jonathan Bennett,0.0,0.00016742585142834714,0.00033563809229257503,0.00033563809229257503
19,3,Sadie Robertson,0.0,0.00016742585142834714,0.00033563809229257503,0.00033563809229257503
19,3,Alfonso Ribeiro,0.0,0.00016742585142834714,0.00033563809229257503,0.00033563809229257503
19,3,Lea Thompson,0.0,6.159252866111327e-05,0.00012410567268356473,0.00012410567268356473
19,3,Antonio Sabato Jr.,0.0,8.33564231161095e-06,1.7659444446647537e-05,1.7659444446647537e-05
19,3,Betsey Johnson,0.0,8.33564231161095e-06,1.7659444446647537e-05,1.7659444446647537e-05
19,3,Michael Waltrip,0.0,3.0665114354004656e-06,7.127865409554058e-06,7.127865409554058e-06
19,3,Randy Couture,0.0,4.1500719365823374e-07,1.8282197668214136e-06,1.8282197668214136e-06
19,4,Alfonso Ribeiro,0.0,0.3741999099999998,1.0,1.0
19,4,Jonathan Bennett,0.31269893305142793,0.31270001000000003,0.3127010869485721,2.1538971441970034e-06
19,4,Michael Waltrip,0.2501987986528379,0.2502000099999998,0.2502012213471617,2.422694323822583e-06
19,4,Tommy Chong,0.06269474077303629,0.06270001000000014,0.06270527922696399,1.053845392770536e-05
19,4,Antonio Sabato Jr.,0.0001874028586659688,0.0002000100000000016,0.00021261714133403442,2.5214282668065623e-05
19,4,Janel Parrish,0.0,1.0000000102289292e-08,0.0127311756273495,0.0127311756273495
19,4,Sadie Robertson,0.0,1.000000007106427e-08,0.034605190077354506,0.034605190077354506
19,4,Bethany Mota,0.0,1.0000000000049027e-08,0.0006348064212902618,0.0006348064212902618
19,4,Lea Thompson,0.0,9.999999999999995e-09,0.2556932459521605,0.2556932459521605
19,4,Betsey Johnson,0.0,9.999999999999995e-09,1.2617141334032823e-05,1.2617141334032823e-05
19,5,Sadie Robertson,0.0009461002503735605,0.7467605972778937,1.0,0.9990538997496264
19,5,Lea Thompson,0.00012717717727180056,0.10106305694254582,0.20199893670781982,0.20187175953054803
19,5,Alfonso Ribeiro,0.00012717717727180056,0.10106305694254582,0.20199893670781982,0.20187175953054803
19,5,Janel Parrish,4.615455004938762e-05,0.03717902091110141,0.07431188727215343,0.07426573272210404
19,5,Bethany Mota,1.6347991224565858e-05,0.013677397436077352,0.027338446880930137,0.02732209888970557
19,5,Antonio Sabato Jr.,0.0,0.00025051027237689156,0.0005017015601637774,0.0005017015601637774
19,5,Jonathan Bennett,0.0,4.588255686773587e-06,1.0169423919693911e-05,1.0169423919693911e-05
19,5,Tommy Chong,0.0,1.6879249380019594e-06,4.372440843735727e-06,4.372440843735727e-06
19,5,Michael Waltrip,0.0,8.403683428812606e-08,1.166698810039189e-06,1.166698810039189e-06
19,6,Antonio Sabato Jr.,0.363819822873293,0.36383637363636323,0.36385292439943345,3.310152614044437e-05
19,6,Tommy Chong,0.36381982287329284,0.36383637363636306,0.3638529243994333,3.310152614044437e-05
19,6,Michael Waltrip,0.18190227825438396,0.18201819181818144,0.1821341053819789,0.0002318271275949524
19,6,Alfonso Ribeiro,0.0,0.09010901090909042,1.0,1.0
19,6,Lea Thompson,0.0,0.00020001000000048977,0.0010501208725184202,0.0010501208725184202
19,6,Janel Parrish,0.0,1.000000049346943e-08,0.002309134834369603,0.002309134834369603
19,6,Jonathan Bennett,0.0,1.000000044912556e-08,0.0008501208725183797,0.0008501208725183797
19,6,Sadie Robertson,0.0,1.0000000428417299e-08,0.01705588198757906,0.01705588198757906
19,6,Bethany Mota,0.0,1.0000000001675324e-08,0.04636096078978681,0.04636096078978681
19,7,Bethany Mota,0.0,0.8260110561417211,1.0,1.0
19,7,Michael Waltrip,0.1580277705130064,0.15809474684210514,0.1581617231712039,0.00013395265819748925
19,7,Lea Thompson,0.0,0.015894147016173754,0.0882483667431139,0.0882483667431139
19,7,Antonio Sabato Jr.,0.0,1.0000000042549757e-08,0.0002966998087675854,0.0002966998087675854
19,7,Tommy Chong,0.0,1.0000000022329387e-08,0.000488520900002323,0.000488520900002323
19,7,Janel Parrish,0.0,1.0000000001675335e-08,0.01614519451964086,0.01614519451964086
19,7,Alfonso Ribeiro,0.0,1.0000000001675335e-08,0.026618271238397613,0.026618271238397613
19,7,Sadie Robertson,0.0,1e-08,0.0013262041999085822,0.0013262041999085822
19,8,Janel Parrish,0.0010631007401826764,0.8390121541935994,1.0,0.9989368992598173
19,8,Alfonso Ribeiro,0.00014301147169892836,0.11354794752675135,0.22695288358180377,0.22680987211010484
19,8,Bethany Mota,5.1979661434581326e-05,0.04177195548230554,0.0834919313031765,0.08343995164174192
19,8,Sadie Robertson,6.171114120046006e-06,0.0056532194265449965,0.011300267738969947,0.011294096624849901
19,8,Lea Thompson,0.0,1.4012929958720954e-05,2.9006819369863435e-05,2.9006819369863435e-05
19,8,Tommy Chong,0.0,6.976627018889289e-07,2.3931722979193484e-06,2.3931722979193484e-06
19,8,Michael Waltrip,0.0,1.277813811393623e-08,1.0242717934268328e-06,1.0242717934268328e-06
19,9,Tommy Chong,0.6501800293141023,0.6502000099999996,0.6502199906858969,3.9961371794516864e-05
19,9,Janel Parrish,0.0,0.17489998,0.5930063430593666,0.5930063430593666
19,9,Alfonso Ribeiro,0.0,0.17489997999999998,0.5930063430593666,0.5930063430593666
19,9,Bethany Mota,0.0,1.0000000411070076e-08,0.09329292563306846,0.09329292563306846
19,9,Sadie Robertson,0.0,1.0000000001675335e-08,0.05658541663575215,0.05658541663575215
19,9,Lea Thompson,0.0,1e-08,0.012626696729253421,0.012626696729253421
19,10,Janel Parrish,0.0007335185688902568,0.5791459905307029,1.0,0.9992664814311097
19,10,Bethany Mota,0.0002692150823570827,0.21305590335311644,0.42584259162387583,0.4255733765415187
19,10,Alfonso Ribeiro,0.00016289423119431046,0.12922493761643677,0.25828698100167924,0.25812408677048493
19,10,Sadie Robertson,9.840737519732634e-05,0.0783788866638213,0.15665936595244528,0.15656095857724794
19,10,Tommy Chong,0.0,0.00019428183592263285,0.00038931600046477433,0.00038931600046477433
19,11,Alfonso Ribeiro,0.0006279539030141779,0.4959112553750436,0.991194556847073,0.9905666029440588
19,11,Sadie Robertson,0.0003218732655417833,0.25457538238318156,0.5088288915008213,0.5085070182352796
19,11,Janel Parrish,0.0002303337409456374,0.18239907203536912,0.3645678103297926,0.36433747658884696
19,11,Bethany Mota,8.412075124120122e-05,0.06711429020640569,0.13414445966157018,0.13406033891032898
20,1,Rumer Willis,0.0008269698863180297,0.652829695125572,1.0,0.999173030113682
20,1,Riker Lynch,0.00030359390078918413,0.2401626234229185,0.48002165294504784,0.4797180590442587
20,1,Nastia Liukin,0.00011105463571026153,0.0883508916950908,0.17659072875447135,0.1764796741187611
20,1,Robert Herjavec,1.4166042495839665e-05,0.011956992951762403,0.023899819861028966,0.023885653818533126
20,1,Michael Sam,1.0535972907695697e-06,0.0016182030277849468,0.0032353524582791242,0.0032342988609883544
20,1,Noah Galloway,1.0535972907695697e-06,0.0016182030277849468,0.0032353524582791242,0.0032342988609883544
20,1,Chris Soules,1.0535972907695697e-06,0.0016182030277849468,0.0032353524582791242,0.0032342988609883544
20,1,Patti LaBelle,0.0,0.0005953036255634622,0.0011908509731994995,0.0011908509731994995
20,1,Willow Shields,0.0,0.0005953036255634622,0.0011908509731994995,0.0011908509731994995
20,1,Suzanne Somers,0.0,0.0005953036255634622,0.0011908509731994995,0.0011908509731994995
20,1,Redfoo,0.0,2.9638422305565368e-05,6.023798661743848e-05,6.023798661743848e-05
20,1,Charlotte McKinney,0.0,2.9638422305565368e-05,6.023798661743848e-05,6.023798661743848e-05
20,2,Nastia Liukin,0.0008635638477810792,0.6816829924423302,1.0,0.9991364361522189
20,2,Riker Lynch,0.00011600708984960129,0.09225576085976447,0.18439551462967935,0.18427950753982975
20,2,Willow Shields,0.00011600708984960129,0.09225576085976447,0.18439551462967935,0.18427950753982975
20,2,Rumer Willis,0.00011600708984960129,0.09225576085976447,0.18439551462967935,0.18427950753982975
20,2,Redfoo,4.204530453067595e-05,0.033938997749936375,0.06783595019534208,0.06779390489081141
20,2,Patti LaBelle,1.1443046523985922e-06,0.0016897232013128626,0.0033783020979733266,0.003377157793320928
20,2,Robert Herjavec,1.1443046523985922e-06,0.0016897232013128626,0.0033783020979733266,0.003377157793320928
20,2,Michael Sam,1.1443046523985922e-06,0.0016897232013128626,0.0033783020979733266,0.003377157793320928
20,2,Suzanne Somers,1.1443046523985922e-06,0.0016897232013128626,0.0033783020979733266,0.003377157793320928
20,2,Noah Galloway,0.0,0.0006216144270333965,0.001243439206765862,0.001243439206765862
20,2,Charlotte McKinney,0.0,0.0002286791680411522,0.00045806703937081004,0.00045806703937081004
20,2,Chris Soules,0.0,1.5408281140562424e-06,4.078433755302219e-06,4.078433755302219e-06
20,3,Riker Lynch,0.000477957943461782,0.3950898108858105,0.7897016638281593,0.7892237058846976
20,3,Nastia Liukin,0.000477957943461782,0.3950898108858105,0.7897016638281593,0.7892237058846976
20,3,Rumer Willis,0.00016119521672922077,0.14533141447564296,0.29050163373455673,0.29034043851782754
20,3,Willow Shields,4.4664721834890286e-05,0.05345043517639496,0.10685620563095502,0.10681154090912012
20,3,Noah Galloway,0.0,0.007214573499981662,0.014443122139001816,0.014443122139001816
20,3,Robert Herjavec,0.0,0.0026400889019037106,0.005299954654562159,0.005299954654562159
20,3,Chris Soules,0.0,0.0009572300643154236,0.0019363713098495944,0.0019363713098495944
20,3,Patti LaBelle,0.00019658669539138917,0.00020000999999999984,0.0002034333046086105,6.846609217221343e-06
20,3,Suzanne Somers,0.0,2.660611014030186e-05,7.630369007232477e-05,7.630369007232477e-05
20,3,Michael Sam,0.0,1.0000000000001598e-08,1.8924036788088906e-05,1.8924036788088906e-05
20,3,Charlotte McKinney,0.0,1e-08,3.433304608610685e-06,3.433304608610685e-06
20,4,Willow Shields,0.0,0.5827332433333332,1.0,1.0
20,4,Chris Soules,0.25019334388219877,0.25020001000000003,0.2502066761178013,1.3332235602514508e-05
20,4,Suzanne Somers,0.16685027238235284,0.16686667666666657,0.1668830809509803,3.280856862747372e-05
20,4,Patti LaBelle,8.517877595136444e-05,0.00020000999999979802,0.0003148412240482316,0.00022966244809686712
20,4,Michael Sam,0.0,1.0000000286183531e-08,0.00011484122404871976,0.00011484122404871976
20,4,Noah Galloway,0.0,1.0000000096434599e-08,0.0008421234033941833,0.0008421234033941833
20,4,Robert Herjavec,0.0,1.0000000078003162e-08,0.006216052226331739,0.006216052226331739
20,4,Riker Lynch,0.0,1.0000000004277414e-08,0.006216052226331665,0.006216052226331665
20,4,Nastia Liukin,0.0,1.0000000001675329e-08,0.04592431377067775,0.04592431377067775
20,4,Rumer Willis,0.0,1.0000000001675329e-08,0.016895248526199617,0.016895248526199617
20,5,Rumer Willis,0.0,0.4415716769815611,1.0,1.0
20,5,Robert Herjavec,0.2668655026082039,0.2668666766666665,0.26686785072512914,2.348116925232624e-06
20,5,Nastia Liukin,0.0,0.0788141315092196,0.28966381790665546,0.28966381790665546
20,5,Riker Lynch,0.0,0.07881413150921938,0.28966381790665524,0.28966381790665524
20,5,Chris Soules,0.06686215640324994,0.06686667666666676,0.06687119693008359,9.040526833647977e-06
20,5,Patti LaBelle,0.0668621564032496,0.06686667666666643,0.06687119693008325,9.040526833647977e-06
20,5,Noah Galloway,0.0001894387526661146,0.00020001000000006243,0.00021058124733401026,2.1142494667895657e-05
20,5,Willow Shields,0.0,1.0000000042441335e-08,0.0038628371551721443,0.0038628371551721443
20,5,Suzanne Somers,0.0,1.0000000035944593e-08,1.058124733398376e-05,1.058124733398376e-05
20,6,Riker Lynch,0.0,0.5986246615053955,1.0,1.0
20,6,Nastia Liukin,0.0,0.12080751247664426,0.2578716248537027,0.2578716248537027
20,6,Willow Shields,0.0,0.12080751247664426,0.2578716248537027,0.2578716248537027
20,6,Robert Herjavec,0.1044861517696151,0.1113111211111111,0.11813609045260712,0.013649938682992024
20,6,Rumer Willis,0.0,0.034057076938012076,0.08448077732279922,0.08448077732279922
20,6,Chris Soules,0.0,0.014192095492192816,0.044776008722042265,0.044776008722042265
20,6,Noah Galloway,0.0,0.0002000099999999571,0.011451834226687975,0.011451834226687975
20,6,Patti LaBelle,0.0,1e-08,0.011251834226688018,0.011251834226688018
20,7,Nastia Liukin,0.0010370029625051957,0.8184347991182539,1.0,0.9989629970374948
20,7,Willow Shields,0.00013947952156512233,0.11076310534936912,0.2213867311771731,0.221247251655608
20,7,Noah Galloway,5.068032959310714e-05,0.0407474692983395,0.0814442582670859,0.0813935779374928
20,7,Riker Lynch,1.8012932473976048e-05,0.014990156234623637,0.029962299536773297,0.02994428660429932
20,7,Rumer Willis,1.8012932473976048e-05,0.014990156234623637,0.029962299536773297,0.02994428660429932
20,7,Robert Herjavec,0.0,3.715688239514213e-05,7.52653713096853e-05,7.52653713096853e-05
20,7,Chris Soules,0.0,3.715688239514213e-05,7.52653713096853e-05,7.52653713096853e-05
20,8,Rumer Willis,0.0,0.6465095811142051,1.0,1.0
20,8,Riker Lynch,0.0,0.2261822994153608,0.47049373866707284,0.47049373866707284
20,8,Nastia Liukin,0.0,0.07155253391487856,0.16143032097744428,0.16143032097744428
20,8,Noah Galloway,0.05561944253771662,0.05575556555555557,0.055891688573394514,0.00027224603567789496
20,8,Robert Herjavec,0.0,1.0000000007015031e-08,8.296575412427507e-05,8.296575412427507e-05
20,8,Chris Soules,0.0,1e-08,0.00022379101643026927,0.00022379101643026927
20,9,Riker Lynch,0.0005056603955459482,0.39948630465030277,0.7984669489050595,0.7979612885095135
20,9,Nastia Liukin,0.0005056603955459482,0.39948630465030277,0.7984669489050595,0.7979612885095135
20,9,Rumer Willis,0.00018539074488085894,0.14696279851039795,0.293740206275915,0.29355481553103413
20,9,Noah Galloway,6.757012477000279e-05,0.05406459218899647,0.10806161425322294,0.10799404412845294
20,10,Riker Lynch,0.0006273849379065388,0.4954626425778431,0.9902979002177796,0.989670515279873
20,10,Rumer Willis,0.0006273849379065388,0.4954626425778431,0.9902979002177796,0.989670515279873
20,10,Noah Galloway,1.0510516653107482e-05,0.009074714844313747,0.018138919171974386,0.01812840865532128
21,1,Bindi Irwin,0.0004072802893074212,0.3219163903291094,0.6434255003689113,0.643018220079604
21,1,Nick Carter,0.0004072802893074212,0.3219163903291094,0.6434255003689113,0.643018220079604
21,1,Tamar Braxton,0.0001491987263754213,0.11842642177820065,0.23670364483002587,0.23655444610365045
21,1,Carlos PenaVega,0.0001491987263754213,0.11842642177820065,0.23670364483002587,0.23655444610365045
21,1,Alek Skarlatos,5.425582522736172e-05,0.04356664586369799,0.08707903590216862,0.08702478007694125
21,1,Alexa PenaVega,5.425582522736172e-05,0.04356664586369799,0.08707903590216862,0.08702478007694125
21,1,Andy Grammer,1.932828380981147e-05,0.016027273334051344,0.03203521838429288,0.03201589010048307
21,1,Hayes Grier,1.932828380981147e-05,0.016027273334051344,0.03203521838429288,0.03201589010048307
21,1,Gary Busey,0.0,3.972763866280646e-05,8.040362341502717e-05,8.040362341502717e-05
21,1,Victor Espinoza,0.0,3.972763866280646e-05,8.040362341502717e-05,8.040362341502717e-05
21,1,Paula Deen,0.0,3.972763866280646e-05,8.040362341502717e-05,8.040362341502717e-05
21,1,Chaka Khan,0.0,5.3765512307527165e-06,1.1745015230869605e-05,1.1745015230869605e-05
21,1,Kim Zolciak-Biermann,0.0,1.9779226621989397e-06,4.95206849480562e-06,4.95206849480562e-06
21,2,Tamar Braxton,0.0,0.38035762403430545,0.7861931218753619,0.7861931218753619
21,2,Bindi Irwin,0.0,0.22047141146381324,0.4666234766744667,0.4666234766744667
21,2,Gary Busey,0.2105891847501857,0.21072632578947384,0.21086346682876198,0.0002742820785762712
21,2,Alexa PenaVega,0.0,0.0646766709430272,0.15523158645477392,0.15523158645477392
21,2,Alek Skarlatos,0.0,0.02900123472664741,0.08392596034252128,0.08392596034252128
21,2,Nick Carter,0.0,0.029001234726647406,0.08392596034252127,0.08392596034252127
21,2,Hayes Grier,0.0,0.0290012347266474,0.08392596034252127,0.08392596034252127
21,2,Carlos PenaVega,0.0,0.02900123472664739,0.08392596034252126,0.08392596034252126
21,2,Andy Grammer,0.0,0.007362988862790604,0.04067691189543429,0.04067691189543429
21,2,Paula Deen,0.0,0.00020001000000003082,0.001206971879757004,0.001206971879757004
21,2,Kim Zolciak-Biermann,0.0,0.0002000100000000178,0.001206971879756991,0.001206971879756991
21,2,Victor Espinoza,0.0,1.0000000103156659e-08,0.0010069718797570764,0.0010069718797570764
21,2,Chaka Khan,0.0,1.0000000000001598e-08,3.138618661330435e-05,3.138618661330435e-05
21,3,Alexa PenaVega,0.0005949860550502062,0.4699170453697287,0.9392391046844073,0.938644118629357
21,3,Nick Carter,0.0005949860550502062,0.4699170453697287,0.9392391046844073,0.938644118629357
21,3,Alek Skarlatos,2.8673603601890585e-05,0.02339579206504731,0.04676291052649273,0.04673423692289084
21,3,Tamar Braxton,2.8673603601890585e-05,0.02339579206504731,0.04676291052649273,0.04673423692289084
21,3,Bindi Irwin,9.917110414313021e-06,0.008606830910652867,0.017203744710891422,0.017193827600477107
21,3,Carlos PenaVega,3.0169821821296808e-06,0.003166276145668073,0.0063295353091540165,0.006326518326971887
21,3,Hayes Grier,4.78566864062788e-07,0.001164807899062839,0.002329137231261615,0.0023286586643975525
21,3,Andy Grammer,0.0,0.00042850887897931904,0.0008574730219032468,0.0008574730219032468
21,3,Gary Busey,0.0,7.848413888001503e-06,1.668560553983114e-05,1.668560553983114e-05
21,3,Paula Deen,0.0,5.288219680424044e-08,1.1044290477687347e-06,1.1044290477687347e-06
21,4,Bindi Irwin,0.0005809283636564744,0.45883295572335026,0.9170849830830441,0.9165040547193877
21,4,Hayes Grier,0.00021308028292743586,0.16879521134254724,0.33737734240216705,0.3371642621192396
21,4,Nick Carter,0.00021308028292743586,0.16879521134254724,0.33737734240216705,0.3371642621192396
21,4,Tamar Braxton,0.00021308028292743586,0.16879521134254724,0.33737734240216705,0.3371642621192396
21,4,Carlos PenaVega,2.797371235937346e-05,0.022843947736027527,0.04565992175969568,0.04563194804733631
21,4,Alek Skarlatos,9.65963481513489e-06,0.008403818727279442,0.01679797781974375,0.016788318184928618
21,4,Andy Grammer,2.9222622025888885e-06,0.003091592137097663,0.006180262011992737,0.006177339749790149
21,4,Alexa PenaVega,0.0,0.00041840149752619694,0.0008372710779522619,0.0008372710779522619
21,4,Paula Deen,0.0,2.0830983962553423e-05,4.263428019926208e-05,4.263428019926208e-05
21,4,Gary Busey,0.0,2.819167114669504e-06,6.633490469103203e-06,6.633490469103203e-06
21,5,Alexa PenaVega,0.0008780398215926244,0.6930968858726851,1.0,0.9991219601784074
21,5,Carlos PenaVega,0.0003223814800386582,0.25497609505251034,0.509629808624982,0.5093074271449434
21,5,Bindi Irwin,4.27660208285191e-05,0.03450726204249697,0.06897175806416542,0.0689289920433369
21,5,Andy Grammer,1.5101420988400394e-05,0.012694512276550307,0.025373923132112213,0.025358821711123813
21,5,Nick Carter,4.9241834589848835e-06,0.004670050082241342,0.009335175981023697,0.009330251797564713
21,5,Hayes Grier,0.0,3.1466549937216886e-05,6.389192330926707e-05,6.389192330926707e-05
21,5,Alek Skarlatos,0.0,1.157589680649663e-05,2.413584389750505e-05,2.413584389750505e-05
21,5,Tamar Braxton,0.0,1.157589680649663e-05,2.413584389750505e-05,2.413584389750505e-05
21,5,Paula Deen,0.0,5.763299657243856e-07,2.1506607090588532e-06,2.1506607090588532e-06
21,6,Andy Grammer,0.0003609894262082136,0.2854173620016332,0.5704737345770582,0.57011274515085
21,6,Bindi Irwin,0.0003609894262082136,0.2854173620016332,0.5704737345770582,0.57011274515085
21,6,Tamar Braxton,0.0003609894262082136,0.2854173620016332,0.5704737345770582,0.57011274515085
21,6,Nick Carter,0.00013216926952715202,0.10499917963378809,0.209866189998049,0.20973402072852187
21,6,Carlos PenaVega,4.7991038158563815e-05,0.03862703952713785,0.07720608801611714,0.07715809697795858
21,6,Hayes Grier,0.0,9.574685830607041e-05,0.00019237101483682387,0.00019237101483682387
21,6,Alek Skarlatos,0.0,1.295792818786786e-05,2.689815386220314e-05,2.689815386220314e-05
21,6,Alexa PenaVega,0.0,1.295792818786786e-05,2.689815386220314e-05,2.689815386220314e-05
21,6,Paula Deen,0.0,3.2119492700763826e-08,1.0629299724132918e-06,1.0629299724132918e-06
21,7,Bindi Irwin,0.0004723228599314844,0.3732006064520351,0.7459288900441388,0.7454565671842073
21,7,Andy Grammer,0.00017312655090898077,0.13729283054641805,0.27441253454192716,0.2742394079910182
21,7,Hayes Grier,0.00017312655090898077,0.13729283054641805,0.27441253454192716,0.2742394079910182
21,7,Carlos PenaVega,0.00017312655090898077,0.13729283054641805,0.27441253454192716,0.2742394079910182
21,7,Alexa PenaVega,0.00010461359082425403,0.08327231108513372,0.1664400085794432,0.16633539498861893
21,7,Nick Carter,6.305837994520502e-05,0.0505072097782618,0.1009513611765784,0.10088830279663319
21,7,Tamar Braxton,6.305837994520502e-05,0.0505072097782618,0.1009513611765784,0.10088830279663319
21,7,Alek Skarlatos,3.785387047623712e-05,0.0306341712670535,0.06123048866363076,0.061192634793154524
21,8,Nick Carter,0.0012247149787514289,0.9664403825031825,1.0,0.9987752850212486
21,8,Carlos PenaVega,2.1446508481640092e-05,0.017697433212803614,0.03537341991712559,0.03535197340864395
21,8,Bindi Irwin,7.260062293818793e-06,0.0065118240750823295,0.01301638808787084,0.013009128025577021
21,8,Tamar Braxton,7.260062293818793e-06,0.0065118240750823295,0.01301638808787084,0.013009128025577021
21,8,Alexa PenaVega,2.0389012170521532e-06,0.0023950871364158137,0.004788135371614575,0.004786096470397523
21,8,Alek Skarlatos,0.0,0.0003242046304256264,0.0006489968114322931,0.0006489968114322931
21,8,Andy Grammer,0.0,0.00011924436700772559,0.00023933623089998014,0.00023933623089998014
21,9,Bindi Irwin,0.000589702953142146,0.46575146984803373,0.9309132367429254,0.9303235337897833
21,9,Alexa PenaVega,0.000589702953142146,0.46575146984803373,0.9309132367429254,0.9303235337897833
21,9,Nick Carter,4.7489015265911316e-05,0.0382312087615547,0.07641492850784348,0.07636743949257757
21,9,Carlos PenaVega,2.8410573446002035e-05,0.02318840027175718,0.04634838997006836,0.04631997939662236
21,9,Alek Skarlatos,5.563371248892834e-06,0.005174031466223073,0.010342499561197253,0.01033693618994836
21,9,Tamar Braxton,1.4153310509488603e-06,0.001903419804397602,0.0038054242777442555,0.0038040089466933064
21,10,Bindi Irwin,0.0006144018259433559,0.48522582823484584,0.9698372546437484,0.9692228528178051
21,10,Carlos PenaVega,0.0006144018259433559,0.48522582823484584,0.9698372546437484,0.9692228528178051
21,10,Alek Skarlatos,2.964025791476338e-05,0.024157971484181674,0.048286302710448585,0.04825666245253382
21,10,Nick Carter,5.837750941339349e-06,0.005390372046126658,0.010774906341311976,0.010769068590370637
21,11,Bindi Irwin,0.000403513687928847,0.31894653232231235,0.6374895509566958,0.637086037268767
21,11,Nick Carter,0.000403513687928847,0.31894653232231235,0.6374895509566958,0.637086037268767
21,11,Carlos PenaVega,0.000403513687928847,0.31894653232231235,0.6374895509566958,0.637086037268767
21,11,Alek Skarlatos,5.374059695637673e-05,0.04316040303306309,0.08626706546916979,0.08621332487221342
22,1,Wanya Morris,0.00034721767510725865,0.27455872813957466,0.5487702386040421,0.5484230209289348
22,1,Nyle DiMarco,0.00034721767510725865,0.27455872813957466,0.5487702386040421,0.5484230209289348
22,1,Ginger Zee,0.00034721767510725865,0.27455872813957466,0.5487702386040421,0.5484230209289348
22,1,Paige VanZant,4.6127234322651534e-05,0.037157483237853485,0.07426883924138432,0.07422271200706167
22,1,Antonio Brown,4.6127234322651534e-05,0.037157483237853485,0.07426883924138432,0.07422271200706167
22,1,Marla Maples,4.6127234322651534e-05,0.037157483237853485,0.07426883924138432,0.07422271200706167
22,1,Von Miller,4.6127234322651534e-05,0.037157483237853485,0.07426883924138432,0.07422271200706167
22,1,Jodie Sweetin,1.6337942330277994e-05,0.013669474168878773,0.027322610395427268,0.02730627245309699
22,1,Kim Fields,1.6337942330277994e-05,0.013669474168878773,0.027322610395427268,0.02730627245309699
22,1,Mischa Barton,0.0,0.0002503651526760634,0.0005014115048140402,0.0005014115048140402
22,1,Doug Flutie,0.0,9.210419245527304e-05,0.00018509030304304428,0.00018509030304304428
22,1,Geraldo Rivera,0.0,1.2464946973213864e-05,2.5912816669427835e-05,2.5912816669427835e-05
22,2,Wanya Morris,0.000579062565242372,0.45736182676582565,0.914144590966409,0.9135655284011666
22,2,Paige VanZant,0.000579062565242372,0.45736182676582565,0.914144590966409,0.9135655284011666
22,2,Jodie Sweetin,2.7880819726169848e-05,0.022770704538041305,0.04551352825635644,0.04548564743663027
22,2,Ginger Zee,2.7880819726169848e-05,0.022770704538041305,0.04551352825635644,0.04548564743663027
22,2,Doug Flutie,9.625461525145443e-06,0.008376874060534662,0.016744122659544176,0.016734497198019033
22,2,Nyle DiMarco,9.625461525145443e-06,0.008376874060534662,0.016744122659544176,0.016734497198019033
22,2,Marla Maples,9.625461525145443e-06,0.008376874060534662,0.016744122659544176,0.016734497198019033
22,2,Von Miller,9.625461525145443e-06,0.008376874060534662,0.016744122659544176,0.016734497198019033
22,2,Kim Fields,2.909690551763499e-06,0.003081679748153042,0.006160449805754321,0.006157540115202557
22,2,Antonio Brown,2.909690551763499e-06,0.003081679748153042,0.006160449805754321,0.006157540115202557
22,2,Mischa Barton,0.0,5.644293343789642e-05,0.0001138130133481884,0.0001138130133481884
22,2,Geraldo Rivera,0.0,7.63872038352299e-06,1.626648448023642e-05,1.626648448023642e-05
22,3,Nyle DiMarco,0.0007253519297455435,0.5727068279503515,1.0,0.9992746480702545
22,3,Wanya Morris,0.00026621074371227516,0.2106870678214447,0.42110792489917714,0.4208417141554649
22,3,Jodie Sweetin,9.73021407755792e-05,0.07750744077220284,0.1549175794036301,0.15482027726285452
22,3,Paige VanZant,9.73021407755792e-05,0.07750744077220284,0.1549175794036301,0.15482027726285452
22,3,Kim Fields,3.516413831818055e-05,0.028513393997906644,0.05699162385749511,0.05695645971917693
22,3,Marla Maples,1.230484469864554e-05,0.010489491449851052,0.02096667805500346,0.020954373210304814
22,3,Ginger Zee,1.230484469864554e-05,0.010489491449851052,0.02096667805500346,0.020954373210304814
22,3,Doug Flutie,3.8953805363154195e-06,0.0038588682527438277,0.00771384112495134,0.007709945744415025
22,3,Antonio Brown,3.8953805363154195e-06,0.0038588682527438277,0.00771384112495134,0.007709945744415025
22,3,Von Miller,3.8953805363154195e-06,0.0038588682527438277,0.00771384112495134,0.007709945744415025
22,3,Mischa Barton,0.0,0.0005222410279578587,0.0010448184415702676,0.0010448184415702676
22,4,Doug Flutie,0.3335302345541845,0.3335333433333333,0.33353645211248206,6.2175582975498855e-06
22,4,Paige VanZant,0.0,0.2544126788364747,0.5978340061707184,0.5978340061707184
22,4,Ginger Zee,0.0,0.25441267883647456,0.5978340061707181,0.5978340061707181
22,4,Jodie Sweetin,0.08348996316613766,0.08353334333333329,0.08357672350052892,8.676033439125597e-05
22,4,Wanya Morris,0.0,0.03705395783019193,0.16339223513512358,0.16339223513512358
22,4,Antonio Brown,0.0,0.03705395783019187,0.16339223513512352,0.16339223513512352
22,4,Marla Maples,0.0,1.0000000211265168e-08,0.0001162134176317692,0.0001162134176317692
22,4,Kim Fields,0.0,1.0000000037237167e-08,0.006290971457457639,0.006290971457457639
22,4,Von Miller,0.0,1.0000000023359379e-08,0.006290971457457625,0.006290971457457625
22,4,Nyle DiMarco,0.0,1.0000000001675335e-08,0.04647789617235609,0.04647789617235609
22,5,Nyle DiMarco,0.0011056391716876002,0.8725524969860409,1.0,0.9988943608283124
22,5,Jodie Sweetin,0.00014876842237510068,0.11808713931841949,0.23602551021446389,0.23587674179208878
22,5,Ginger Zee,6.457735816950416e-06,0.005879212478611625,0.0117519672214063,0.01174550948558935
22,5,Paige VanZant,1.7443493884492997e-06,0.002162841401159815,0.004323938452931181,0.004322194103542731
22,5,Wanya Morris,1.0391423107191863e-08,0.000795664886001132,0.0015913193805791568,0.0015913089891560496
22,5,Von Miller,0.0,0.0002927087536218358,0.0005860450033078693,0.0005860450033078693
22,5,Doug Flutie,0.0,0.00010768153270839035,0.0002162252271733382,0.0002162252271733382
22,5,Kim Fields,0.0,0.00010768153270839035,0.0002162252271733382,0.0002162252271733382
22,5,Antonio Brown,0.0,1.4573110728442582e-05,3.0126470445151608e-05,3.0126470445151608e-05
22,6,Wanya Morris,0.0008117931184657978,0.6408632455353764,1.0,0.9991882068815342
22,6,Paige VanZant,0.00029801067991286345,0.2357604126348711,0.47122281458982934,0.4709248039099165
22,6,Antonio Brown,0.0001090006835343521,0.08673140885046504,0.17335381701739572,0.17324481633386135
22,6,Jodie Sweetin,1.3888070296357372e-05,0.01173781978228814,0.023461751494279925,0.02344786342398357
22,6,Nyle DiMarco,1.3888070296357372e-05,0.01173781978228814,0.023461751494279925,0.02344786342398357
22,6,Kim Fields,4.4778166844510955e-06,0.004318102582079262,0.008631727347474073,0.00862724953078962
22,6,Ginger Zee,4.4778166844510955e-06,0.004318102582079262,0.008631727347474073,0.00862724953078962
22,6,Von Miller,4.4778166844510955e-06,0.004318102582079262,0.008631727347474073,0.00862724953078962
22,6,Doug Flutie,0.0,0.00021498566847343007,0.0004306974073802703,0.0004306974073802703
22,7,Nyle DiMarco,0.0,0.28361590929153485,0.5855599223647467,0.5855599223647467
22,7,Jodie Sweetin,0.17541401935155973,0.20020001000000007,0.2249860006484404,0.049571981296880674
22,7,Wanya Morris,0.0,0.16465972128600873,0.3477984157018963,0.3477984157018963
22,7,Ginger Zee,0.0,0.16465972128600867,0.3477984157018962,0.3477984157018962
22,7,Paige VanZant,0.0,0.16465972128600864,0.3477984157018962,0.3477984157018962
22,7,Antonio Brown,0.0,0.022204896850439033,0.0630694389493844,0.0630694389493844
22,7,Von Miller,0.0,1.0000000029430911e-08,0.04086455209894539,0.04086455209894539
22,7,Kim Fields,0.0,1.0000000001675335e-08,0.040864552098945364,0.040864552098945364
22,8,Jodie Sweetin,0.000494472181951644,0.3906647165964997,0.7808349610110478,0.7803404888290961
22,8,Ginger Zee,0.000494472181951644,0.3906647165964997,0.7808349610110478,0.7803404888290961
22,8,Nyle DiMarco,0.00018127483111604614,0.1437175176269202,0.2872537604227243,0.28707248559160825
22,8,Paige VanZant,6.605596471429692e-05,0.05287072007113832,0.10567538417756234,0.10560932821284805
22,8,Antonio Brown,2.3669312530012754e-05,0.019450050954102124,0.038876432595674235,0.03885276328314422
22,8,Wanya Morris,2.3397250325180377e-06,0.0026322781548399595,0.005262216584647401,0.005259876859614883
22,9,Wanya Morris,0.0006185549276649938,0.4885004307640816,0.9763823066004982,0.9757637516728332
22,9,Paige VanZant,0.0003747795580328339,0.296290488541244,0.5922061975244552,0.5918314179664224
22,9,Nyle DiMarco,0.0001372423755164609,0.10899917934896648,0.2178611163224165,0.21772387394690004
22,9,Ginger Zee,8.284873825019357e-05,0.06611134415866429,0.13213983957907838,0.13205699084082817
22,9,Antonio Brown,4.985732955491151e-05,0.04009855718704361,0.08014725704453231,0.0800973997149774
22,10,Paige VanZant,0.0007127479259625424,0.5627689296197775,1.0,0.9992872520740375
22,10,Nyle DiMarco,0.0003654021642750527,0.28889668040096966,0.5774279586376643,0.5770625564733892
22,10,Ginger Zee,0.00018713030222861082,0.1483343899792528,0.296481649656277,0.2962945193540484
23,1,James Hinchcliffe,0.0006155218809747454,0.4861089597554548,0.9716023976299348,0.9709868757489601
23,1,Laurie Hernandez,0.0006155218809747454,0.4861089597554548,0.9716023976299348,0.9709868757489601
23,1,Marilu Henner,1.0293237186228751e-05,0.008903396167459126,0.017796499097732024,0.017786205860545794
23,1,Jana Kramer,1.0293237186228751e-05,0.008903396167459126,0.017796499097732024,0.017786205860545794
23,1,Babyface,3.155351488791109e-06,0.0032753764066128246,0.006547597461736858,0.006544442110248067
23,1,Calvin Johnson Jr.,3.155351488791109e-06,0.0032753764066128246,0.006547597461736858,0.006544442110248067
23,1,Terra Jole,5.294700872729083e-07,0.001204943642090853,0.002409357814094433,0.00240882834400716
23,1,Vanilla Ice,5.294700872729083e-07,0.001204943642090853,0.002409357814094433,0.00240882834400716
23,1,Ryan Lochte,0.0,0.0004432739936954653,0.000886984525086231,0.000886984525086231
23,1,Amber Rose,0.0,0.0004432739936954653,0.000886984525086231,0.000886984525086231
23,1,Maureen McCormick,0.0,5.999061148820028e-05,0.00012090387001178443,0.00012090387001178443
23,1,Jake T. Austin,0.0,5.999061148820028e-05,0.00012090387001178443,0.00012090387001178443
23,1,Rick Perry,0.0,8.118846397293176e-06,1.7226127575194414e-05,1.7226127575194414e-05
23,2,Laurie Hernandez,0.0,0.5718360944829096,1.0,1.0
23,2,Rick Perry,0.2001712594539555,0.20020001000000004,0.20022876054604458,5.7501092089073946e-05
23,2,Terra Jole,0.0,0.18494630291670147,0.40982258223501644,0.40982258223501644
23,2,Babyface,0.0,0.04261750260038903,0.12534549388757904,0.12534549388757904
23,2,Amber Rose,0.0,0.00020000999999997978,0.0004060684445893166,0.0004060684445893166
23,2,Ryan Lochte,0.0,0.00020000999999982192,0.0004060684445891587,0.0004060684445891587
23,2,Marilu Henner,0.0,1.0000000039839252e-08,0.004119743165950238,0.004119743165950238
23,2,Calvin Johnson Jr.,0.0,1.0000000022492017e-08,0.011196889700530654,0.011196889700530654
23,2,James Hinchcliffe,0.0,1.0000000015553123e-08,0.030434568522822544,0.030434568522822544
23,2,Jana Kramer,0.0,1.000000000861423e-08,0.030434568522822537,0.030434568522822537
23,2,Maureen McCormick,0.0,1e-08,0.001516206453720339,0.001516206453720339
23,2,Jake T. Austin,0.0,1e-08,0.0002060684445893368,0.0002060684445893368
23,2,Vanilla Ice,0.0,1e-08,0.001516206453720339,0.001516206453720339
23,3,Calvin Johnson Jr.,0.0007895836694562508,0.6269176588873894,1.0,0.9992104163305437
23,3,Laurie Hernandez,0.00028697782901199176,0.23062725556079117,0.46096753329257034,0.46068055546355835
23,3,Terra Jole,0.00010207947329991807,0.08484016344339679,0.16957824741349364,0.1694761679401937
23,3,James Hinchcliffe,3.405916952702731e-05,0.031208089465240143,0.06238211976095326,0.06234806059142623
23,3,Maureen McCormick,9.035898186749922e-06,0.011477952061290424,0.022946868224394096,0.022937832326207344
23,3,Marilu Henner,9.035898186749922e-06,0.011477952061290424,0.022946868224394096,0.022937832326207344
23,3,Jana Kramer,0.0,0.0015494564050288092,0.0031024689904621573,0.0031024689904621573
23,3,Babyface,0.0,0.0005671507051910147,0.0011391034261075748,0.0011391034261075748
23,3,Ryan Lochte,0.0,0.0005671507051910147,0.0011391034261075748,0.0011391034261075748
23,3,Amber Rose,0.0,0.0005671507051910147,0.0011391034261075748,0.0011391034261075748
23,3,Vanilla Ice,0.00012174104843405908,0.00020001,0.0002782789515659409,0.00015653790313188183
23,3,Rick Perry,0.0,1.0000000000000002e-08,7.827895156594092e-05,7.827895156594092e-05
23,4,Laurie Hernandez,0.0,0.7491998999999998,1.0,1.0
23,4,Marilu Henner,0.16675852272545327,0.1668666766666667,0.16697483060788015,0.00021630788242688048
23,4,Ryan Lochte,0.08324106654282848,0.08353334333333334,0.08382562012383821,0.000584553581009728
23,4,Jana Kramer,0.0,0.00020001000000000732,0.0009927845859378699,0.0009927845859378699
23,4,Calvin Johnson Jr.,0.0,0.0002000100000000019,0.0009927845859378644,0.0009927845859378644
23,4,Amber Rose,0.0,1.0000000092314632e-08,0.0021532786484472826,0.0021532786484472826
23,4,Vanilla Ice,0.0,1.0000000031924571e-08,0.0007927845859378945,0.0007927845859378945
23,4,Babyface,0.0,9.999999999999995e-09,6.34367546426495e-06,6.34367546426495e-06
23,4,Maureen McCormick,0.0,9.999999999999995e-09,0.0021532786484471903,0.0021532786484471903
23,4,Terra Jole,0.0,9.999999999999995e-09,0.00585148493629272,0.00585148493629272
23,4,James Hinchcliffe,0.0,9.999999999999995e-09,0.1175109645568311,0.1175109645568311
23,5,James Hinchcliffe,0.0009276483460662899,0.732211795788591,1.0,0.9990723516539337
23,5,Marilu Henner,0.0001246799835760981,0.09909409077223777,0.19806350156089944,0.19793882157732334
23,5,Terra Jole,0.0001246799835760981,0.09909409077223777,0.19806350156089944,0.19793882157732334
23,5,Jana Kramer,4.523588382811944e-05,0.03645467873668301,0.0728641215895379,0.07281888570570977
23,5,Laurie Hernandez,1.601003280846114e-05,0.013410926841735404,0.026805843650662346,0.026789833617853885
23,5,Maureen McCormick,5.258443067590601e-06,0.004933604272128717,0.009861950101189844,0.009856691658122254
23,5,Ryan Lochte,5.258443067590601e-06,0.004933604272128717,0.009861950101189844,0.009856691658122254
23,5,Calvin Johnson Jr.,5.258443067590601e-06,0.004933604272128717,0.009861950101189844,0.009856691658122254
23,5,Amber Rose,5.258443067590601e-06,0.004933604272128717,0.009861950101189844,0.009856691658122254
23,6,Jana Kramer,0.0010237813671257756,0.8080099473876947,1.0,0.9989762186328742
23,6,James Hinchcliffe,0.0001376901732095953,0.10935225508771419,0.21856682000221878,0.2184291298290092
23,6,Calvin Johnson Jr.,5.002206512002422e-05,0.04022844649250531,0.0804068709198906,0.08035684885477057
23,6,Laurie Hernandez,5.002206512002422e-05,0.04022844649250531,0.0804068709198906,0.08035684885477057
23,6,Marilu Henner,1.5414441772144093e-06,0.0020028564158553184,0.004004171387533423,0.004002629943356208
23,6,Maureen McCormick,0.0,9.971634930720366e-05,0.00020030496242658878,0.00020030496242658878
23,6,Ryan Lochte,0.0,3.668359485879043e-05,7.431939649648346e-05,7.431939649648346e-05
23,6,Terra Jole,0.0,3.668359485879043e-05,7.431939649648346e-05,7.431939649648346e-05
23,6,Amber Rose,0.0,4.9645847003515516e-06,1.0921604657572671e-05,1.0921604657572671e-05
23,7,Calvin Johnson Jr.,0.0,0.39979997,0.8359999372810679,0.8359999372810679
23,7,James Hinchcliffe,0.0,0.39979997,0.8359999372810679,0.8359999372810679
23,7,Marilu Henner,0.19725992573713533,0.20020000999999998,0.20314009426286464,0.005880168525729312
23,7,Ryan Lochte,0.0,0.00020000999999999008,0.008190271523311513,0.008190271523311513
23,7,Maureen McCormick,0.0,1.0000000065860106e-08,0.007990271523311589,0.007990271523311589
23,7,Terra Jole,0.0,1.0000000029430913e-08,0.035806400464842465,0.035806400464842465
23,7,Jana Kramer,0.0,1.0000000022492019e-08,0.03580640046484246,0.03580640046484246
23,7,Laurie Hernandez,0.0,1.0000000015553125e-08,0.03580640046484245,0.03580640046484245
23,8,James Hinchcliffe,0.0,0.5829263287731462,1.0,1.0
23,8,Marilu Henner,0.2501978362155045,0.250204176736112,0.2502105172567195,1.2681041214990252e-05
23,8,Terra Jole,0.1668539352713632,0.16686945449074161,0.16688497371012004,3.103843875684742e-05
23,8,Ryan Lochte,0.0,1.0000000091772534e-08,0.00010830142959012957,0.00010830142959012957
23,8,Laurie Hernandez,0.0,1.0000000078003167e-08,0.11766173886951128,0.11766173886951128
23,8,Calvin Johnson Jr.,0.0,1.0000000003410057e-08,0.005858991547306246,0.005858991547306246
23,8,Jana Kramer,0.0,9.999999999999999e-09,0.005858991547306243,0.005858991547306243
23,9,Jana Kramer,0.0005698461049246095,0.45009491006353547,0.8996199740221463,0.8990501279172217
23,9,Laurie Hernandez,0.0005698461049246095,0.45009491006353547,0.8996199740221463,0.8990501279172217
23,9,Terra Jole,7.625671592849381e-05,0.06091372213680629,0.12175118755768409,0.1216749308417556
23,9,Calvin Johnson Jr.,2.742195918621973e-05,0.022408906059360814,0.04479039015953541,0.044762968200349196
23,9,James Hinchcliffe,0.00010945665616613094,0.008343775838381003,0.016578095020595873,0.016468638364429744
23,9,Marilu Henner,0.0,0.008143775838381004,0.016378095020595874,0.016378095020595874
23,10,Terra Jole,0.0004068406348410325,0.3215697352928976,0.6427326299509541,0.6423257893161132
23,10,Laurie Hernandez,0.0004068406348410325,0.3215697352928976,0.6427326299509541,0.6423257893161132
23,10,James Hinchcliffe,0.00024636834833569043,0.19504190369081809,0.3898374390333005,0.3895910706849648
23,10,Jana Kramer,0.0001490369865360247,0.11829889451719981,0.2364487520478636,0.23629971506132758
23,10,Calvin Johnson Jr.,5.419632446562045e-05,0.04351973120618687,0.08698526608790813,0.0869310697634425
23,11,Laurie Hernandez,0.0006012314628757731,0.47484137172431934,0.949081511985763,0.9484802805228871
23,11,James Hinchcliffe,0.0004304892920527492,0.34021602857165695,0.6800015678512612,0.6795710785592084
23,11,Calvin Johnson Jr.,0.00022052722201926223,0.1746669109105684,0.34911329459911755,0.3488927673770983
23,11,Jana Kramer,1.2033683795167893e-05,0.010275688793455402,0.020539343903115636,0.020527310219320468
24,1,Simone Biles,0.0008857196030395142,0.6991521750121675,1.0,0.9991142803969605
24,1,Rashad Jennings,0.000325206713745696,0.2572037114372746,0.5140822161608035,0.5137570094470578
24,1,Nancy Kerrigan,1.5242081092124715e-05,0.012805418765795938,0.02559559545049975,0.025580353369407626
24,1,David Ross,1.5242081092124715e-05,0.012805418765795938,0.02559559545049975,0.025580353369407626
24,1,Heather Morris,1.5242081092124715e-05,0.012805418765795938,0.02559559545049975,0.025580353369407626
24,1,Normani,4.975929419338311e-06,0.004710850299527311,0.009416724669635283,0.009411748740215945
24,1,Erika Jayne,0.0,0.00023453942593333857,0.0004697801227273006,0.0004697801227273006
24,1,Nick Viall,0.0,0.00023453942593333857,0.0004697801227273006,0.0004697801227273006
24,1,Bonner Bolton,0.0,3.1741459638840925e-05,6.444139405097687e-05,6.444139405097687e-05
24,1,Charo,0.0,1.1677030433902687e-05,2.4337982886905303e-05,2.4337982886905303e-05
24,1,Mr. T,0.0,4.295739430566046e-06,9.584762398798083e-06,9.584762398798083e-06
24,1,Chris Kattan,0.0,2.1387227272012063e-07,1.4262050196563695e-06,1.4262050196563695e-06
24,2,Rashad Jennings,0.0005470360016259224,0.44468111189404264,0.8888151877864594,0.8882681517848334
24,2,Normani,0.0005470360016259224,0.44468111189404264,0.8888151877864594,0.8882681517848334
24,2,Heather Morris,5.936606102324021e-05,0.06016724058503745,0.12027511510905167,0.12021574904802843
24,2,Simone Biles,1.1116962783323803e-05,0.02212419957153597,0.04423728218028861,0.04422616521750529
24,2,Nancy Kerrigan,0.0,0.008128946903026785,0.01626452669456777,0.01626452669456777
24,2,Erika Jayne,0.0,0.008128946903026785,0.01626452669456777,0.01626452669456777
24,2,Bonner Bolton,0.0,0.008128946903026785,0.01626452669456777,0.01626452669456777
24,2,David Ross,0.0,0.00298038117228249,0.0059739250384553905,0.0059739250384553905
24,2,Charo,0.0,0.0003895470869892433,0.0007955427620817243,0.0007955427620817243
24,2,Nick Viall,0.0,0.0003895470869892433,0.0007955427620817243,0.0007955427620817243
24,2,Mr. T,0.00017884765776829588,0.00020000999999999998,0.00022117234223170408,4.23246844634082e-05
24,2,Chris Kattan,0.0,1.0000000000008375e-08,2.1172342231704117e-05,2.1172342231704117e-05
24,3,Normani,0.0006169756548098926,0.5196642243796206,1.0,0.9993830243451901
24,3,Nancy Kerrigan,0.0002003259258584189,0.1911477690471715,0.38209521216848463,0.38189488624262624
24,3,Heather Morris,0.0002003259258584189,0.1911477690471715,0.38209521216848463,0.38189488624262624
24,3,Simone Biles,4.704905640752488e-05,0.07029331904384707,0.1405395890312866,0.1404925399748791
24,3,David Ross,0.0,0.02583345151354206,0.05167624137975471,0.05167624137975471
24,3,Rashad Jennings,0.0,0.001247065062703519,0.002534650816387807,0.002534650816387807
24,3,Bonner Bolton,0.0001754466049834204,0.00020001000000000009,0.00022457339501657977,4.9126790033159366e-05
24,3,Mr. T,0.00017544660498342027,0.00020000999999999995,0.00022457339501657963,4.9126790033159366e-05
24,3,Nick Viall,0.0,0.00013318595297193828,0.0003083053037209758,0.0003083053037209758
24,3,Erika Jayne,0.0,0.00013318595297193825,0.0003083053037209758,0.0003083053037209758
24,3,Charo,0.0,1.0000000000001598e-08,2.457339501657968e-05,2.457339501657968e-05
24,4,Rashad Jennings,0.0011809878616249048,0.9319627949224396,1.0,0.9988190121383751
24,4,Simone Biles,5.784891560951799e-05,0.046399695387109065,0.09274154185860861,0.0926836929429991
24,4,Heather Morris,2.065010789167876e-05,0.017069494009534832,0.034118337911177986,0.03409768780328631
24,4,Nancy Kerrigan,1.931120117639948e-06,0.00231010480648606,0.00461827849285448,0.00461634737273684
24,4,Bonner Bolton,7.910053458916842e-08,0.0008498400652575547,0.0016996010299805203,0.001699521929445931
24,4,Normani,7.910053458916842e-08,0.0008498400652575547,0.0016996010299805203,0.001699521929445931
24,4,David Ross,0.0,0.00031263868829205135,0.0006258795959787648,0.0006258795959787648
24,4,Erika Jayne,0.0,0.00011501334593745258,0.00023087955486439935,0.00023087955486439935
24,4,Nick Viall,0.0,0.00011501334593745258,0.00023087955486439935,0.00023087955486439935
24,4,Mr. T,0.0,1.5565363748435663e-05,3.21097180338635e-05,3.21097180338635e-05
24,5,Normani,0.0,0.4702376564540508,1.0,1.0
24,5,David Ross,0.30016737269213684,0.3002000099999998,0.30023264730786275,6.527461572591875e-05
24,5,Bonner Bolton,0.20011300870167797,0.20020000999999987,0.20028701129832177,0.00017400259664379636
24,5,Simone Biles,0.0,0.029162273545949267,0.2855333100855165,0.2855333100855165
24,5,Rashad Jennings,0.0,0.0002000099999997171,0.0008364865209713592,0.0008364865209713592
24,5,Erika Jayne,0.0,1.0000000492059976e-08,0.000636486520972134,0.000636486520972134
24,5,Nancy Kerrigan,0.0,1.0000000050247591e-08,0.03469692041182912,0.03469692041182912
24,5,Heather Morris,0.0,9.999999999999999e-09,0.00469658976610301,0.00469658976610301
24,5,Nick Viall,0.0,9.999999999999999e-09,0.00469658976610301,0.00469658976610301
24,6,Heather Morris,0.0007801684850887725,0.6159281220100398,1.0,0.9992198315149112
24,6,Normani,0.000286376627458923,0.2265872933268294,0.45288821002619983,0.45260183339874094
24,6,Rashad Jennings,0.00010472075481902932,0.08335680684562369,0.16660889293642833,0.1665041721816093
24,6,Simone Biles,6.312337819365521e-05,0.05055845904761469,0.10105379471703572,0.10099067133884207
24,6,Nancy Kerrigan,2.2590474239612274e-05,0.018599417660925745,0.03717624484761188,0.03715365437337227
24,6,Bonner Bolton,2.1937201469205553e-06,0.0025171574571774416,0.005032121194207963,0.005029927474061042
24,6,David Ross,9.375882156015605e-07,0.0015267331731024087,0.0030525287579892158,0.003051591169773614
24,6,Nick Viall,1.7570568661238063e-07,0.0009260104786869659,0.0018518452516873194,0.0018516695460007071
24,7,Bonner Bolton,0.4547293354118461,0.454745464545454,0.4547615936790619,3.225826721575675e-05
24,7,David Ross,0.3637942462081403,0.3638363736363635,0.3638785010645867,8.42548564463641e-05
24,7,Normani,0.0,0.18141812181818176,1.0,1.0
24,7,Nancy Kerrigan,0.0,1.0000000723320296e-08,0.0022465594738856885,0.0022465594738856885
24,7,Rashad Jennings,0.0,1.000000000167533e-08,0.045104101076300744,0.045104101076300744
24,7,Simone Biles,0.0,1.000000000167533e-08,0.045104101076300744,0.045104101076300744
24,7,Nick Viall,0.0,9.999999999999995e-09,0.00030491097743603194,0.00030491097743603194
24,8,Normani,0.0010862768266592937,0.8572858388948946,1.0,0.9989137231733407
24,8,Rashad Jennings,0.00014614801392656696,0.1160210218215777,0.23189589562922883,0.23174974761530226
24,8,Simone Biles,3.183414519878497e-05,0.0258877891796331,0.05174374421406742,0.05171191006886863
24,8,David Ross,0.0,0.0007817434958135289,0.0015634942563771928,0.0015634942563771928
24,8,Bonner Bolton,0.0,2.360660808098477e-05,4.818200817703928e-05,4.818200817703928e-05
24,9,Simone Biles,0.0009280032005671845,0.7324915884647998,1.0,0.9990719967994328
24,9,Rashad Jennings,0.0002062896182067897,0.16344096544152853,0.32667564126485027,0.3264693516466435
24,9,Normani,0.0001247280079104962,0.09913195659332003,0.19813918517872955,0.19801445717081906
24,9,David Ross,5.260834058409998e-06,0.004935489500351745,0.009865718166645079,0.00986045733258667
24,10,Rashad Jennings,0.0007228378527596169,0.5707245497860871,1.0,0.9992771621472404
24,10,Normani,0.0005176182691782882,0.40891474774295944,0.8173118772167406,0.8167942589475623
24,10,David Ross,2.4824270528332054e-05,0.020360702470953458,0.04069658067137859,0.04067175640085026
25,1,Jordan Fisher,0.00047433170544219916,0.3747845239747233,0.7490947162440044,0.7486203845385622
25,1,Lindsey Stirling,0.00047433170544219916,0.3747845239747233,0.7490947162440044,0.7486203845385622
25,1,Vanessa Lachey,0.00017386556387283258,0.13787552123952623,0.27557717691517963,0.2754033113513068
25,1,Nikki Bella,6.333024762137512e-05,0.05072156970481824,0.10137980916201511,0.10131647891439374
25,1,Victoria Arlen,2.2666577249075975e-05,0.01865942271834689,0.03729617885944471,0.03727351228219564
25,1,Frankie Muniz,2.2666577249075975e-05,0.01865942271834689,0.03729617885944471,0.03727351228219564
25,1,Sasha Pieterse,7.707248916536714e-06,0.006864418002207169,0.013721128755497802,0.013713421506581266
25,1,Nick Lachey,7.707248916536714e-06,0.006864418002207169,0.013721128755497802,0.013713421506581266
25,1,Derek Fisher,7.707248916536714e-06,0.006864418002207169,0.013721128755497802,0.013713421506581266
25,1,Debbie Gibson,2.204019569261584e-06,0.002525278258619162,0.005048352497669062,0.0050461484780998005
25,1,Drew Scott,1.7949463234755852e-07,0.0009289979545832104,0.0018578164145340733,0.0018576369199017257
25,1,Terrell Owens,0.0,0.0003417592483814844,0.0006840837832330507,0.0006840837832330507
25,1,Barbara Corcoran,0.0,0.00012572620130975264,0.000252291678745344,0.000252291678745344
25,2,Derek Fisher,0.2124362805988562,0.21448572428571436,0.21653516797257252,0.004098887373716331
25,2,Nick Lachey,0.2124362805988557,0.21448572428571386,0.21653516797257202,0.004098887373716331
25,2,Terrell Owens,0.13967883935603068,0.14305715285714313,0.14643546635825558,0.006756627002224902
25,2,Nikki Bella,0.13967883935603012,0.14305715285714257,0.14643546635825502,0.006756627002224902
25,2,Jordan Fisher,0.0,0.13482904649947686,0.43884623227048525,0.43884623227048525
25,2,Frankie Muniz,0.0,0.13482904649947675,0.43884623227048514,0.43884623227048514
25,2,Vanessa Lachey,0.0,0.015056092715332255,0.19945222993531256,0.19945222993531256
25,2,Drew Scott,0.0,0.00020001000000019643,0.009381502098340194,0.009381502098340194
25,2,Lindsey Stirling,0.0,1.0000000064125379e-08,0.06783618923351413,0.06783618923351413
25,2,Victoria Arlen,0.0,1.0000000050247591e-08,0.041145125513200126,0.041145125513200126
25,2,Barbara Corcoran,0.0,1.000000003463508e-08,0.0002782356099212197,0.0002782356099212197
25,2,Debbie Gibson,0.0,9.999999999999999e-09,0.009181502098339997,0.009181502098339997
25,2,Sasha Pieterse,0.0,9.999999999999999e-09,0.06783618923351406,0.06783618923351406
25,3,Lindsey Stirling,0.001063497390955348,0.839324902040949,1.0,0.9989365026090447
25,3,Jordan Fisher,0.00014306515254357277,0.11359027334525403,0.2270374815379645,0.2268944163854209
25,3,Drew Scott,1.8498194858027756e-05,0.015372771816104209,0.03072704543735039,0.030708547242492362
25,3,Vanessa Lachey,1.8498194858027756e-05,0.015372771816104209,0.03072704543735039,0.030708547242492362
25,3,Victoria Arlen,6.173786731927811e-06,0.005655326704964515,0.011304479623197103,0.011298305836465175
25,3,Nikki Bella,1.6398903577301456e-06,0.0020804784278642802,0.00415931696537083,0.0041576770750131
25,3,Terrell Owens,1.6398903577301456e-06,0.0020804784278642802,0.00415931696537083,0.0041576770750131
25,3,Nick Lachey,1.6398903577301456e-06,0.0020804784278642802,0.00415931696537083,0.0041576770750131
25,3,Derek Fisher,1.6398903577301456e-06,0.0020804784278642802,0.00415931696537083,0.0041576770750131
25,3,Frankie Muniz,1.6398903577301456e-06,0.0020804784278642802,0.00415931696537083,0.0041576770750131
25,3,Sasha Pieterse,0.0,0.0002815621373026751,0.0005637659076620568,0.0005637659076620568
25,4,Jordan Fisher,0.0,0.7779083109099879,1.0,1.0
25,4,Nick Lachey,0.1423150886932853,0.1430571528571429,0.1437992170210005,0.0014841283277152173
25,4,Victoria Arlen,0.0,0.074322906455403,0.18430776707187713,0.18430776707187713
25,4,Lindsey Stirling,0.0,0.004711559777466053,0.045173360157228656,0.045173360157228656
25,4,Sasha Pieterse,0.0,1.0000000026828824e-08,0.005476782782741228,0.005476782782741228
25,4,Nikki Bella,0.0,1.0000000011216313e-08,0.0054767827827412125,0.0054767827827412125
25,4,Terrell Owens,0.0,9.999999999999999e-09,0.005476782782741201,0.005476782782741201
25,4,Drew Scott,0.0,9.999999999999999e-09,0.005476782782741201,0.005476782782741201
25,4,Vanessa Lachey,0.0,9.999999999999999e-09,0.005476782782741201,0.005476782782741201
25,4,Derek Fisher,0.0,9.999999999999999e-09,0.0020154334295929216,0.0020154334295929216
25,4,Frankie Muniz,0.0,9.999999999999999e-09,0.005476782782741201,0.005476782782741201
25,5,Jordan Fisher,0.0,0.5575512964235991,1.0,1.0
25,5,Nick Lachey,0.24999239687278832,0.2502000099999998,0.2504076231272113,0.0004152262544230012
25,5,Frankie Muniz,0.0,0.1677282576230502,0.3943094534556571,0.3943094534556571
25,5,Lindsey Stirling,0.0,0.024320375953350792,0.1076755709750625,0.1076755709750625
25,5,Vanessa Lachey,0.0,0.00020000999999998268,0.0017276940908314865,0.0017276940908314865
25,5,Drew Scott,0.0,1.0000000116167085e-08,0.004150969801161526,0.004150969801161526
25,5,Victoria Arlen,0.0,1.000000006412538e-08,0.030665303882179078,0.030665303882179078
25,5,Terrell Owens,0.0,1.0000000002542697e-08,0.004150969801161412,0.004150969801161412
25,5,Nikki Bella,0.0,1.0000000001675335e-08,0.030665303882179015,0.030665303882179015
25,5,Sasha Pieterse,0.0,1e-08,0.0015276940908315038,0.0015276940908315038
25,6,Lindsey Stirling,0.0008709142173818352,0.6874785497146108,1.0,0.9991290857826182
25,6,Jordan Fisher,0.00031976011674361704,0.2529092246863647,0.5054986892559857,0.5051789291392421
25,6,Terrell Owens,4.241125788451844e-05,0.03422754155608128,0.06841267185427805,0.06837026059639353
25,6,Nikki Bella,1.497091099481214e-05,0.012591608860323499,0.025168246809652184,0.025153275898657373
25,6,Vanessa Lachey,1.497091099481214e-05,0.012591608860323499,0.025168246809652184,0.025153275898657373
25,6,Victoria Arlen,0.0,8.484159313407472e-05,0.00017057431538533208,0.00017057431538533208
25,6,Frankie Muniz,0.0,8.484159313407472e-05,0.00017057431538533208,0.00017057431538533208
25,6,Drew Scott,0.0,3.121147787025828e-05,6.338210267728053e-05,6.338210267728053e-05
25,6,Nick Lachey,0.0,5.716581578553688e-07,2.141323018465362e-06,2.141323018465362e-06
25,7,Terrell Owens,0.4142551471727366,0.41686667666666627,0.41947820616059595,0.0052230589878593525
25,7,Frankie Muniz,0.0,0.33273326333333353,0.9715100785045021,0.9715100785045021
25,7,Lindsey Stirling,0.2431028529347378,0.2502000099999999,0.257297167065262,0.014194314130524216
25,7,Jordan Fisher,0.0,0.00020000999999999347,0.032003783976532175,0.032003783976532175
25,7,Drew Scott,0.0,1.000000024453662e-08,0.14253115895280108,0.14253115895280108
25,7,Victoria Arlen,0.0,1.0000000050247591e-08,0.14253115895280088,0.14253115895280088
25,7,Vanessa Lachey,0.0,1.0000000001675334e-08,0.031803783976532184,0.031803783976532184
25,7,Nikki Bella,0.0,9.999999999999999e-09,0.0015843756771245173,0.0015843756771245173
25,8,Jordan Fisher,0.0,0.4611384115384614,1.0,1.0
25,8,Drew Scott,0.3065201511966277,0.30789231769230774,0.3092644841879878,0.002744332991360121
25,8,Victoria Arlen,0.22870756857937344,0.23096924076923048,0.23323091295908752,0.004523344379714078
25,8,Lindsey Stirling,0.0,1.0000000397192286e-08,0.04540784894633737,0.04540784894633737
25,8,Frankie Muniz,0.0,1.0000000001675334e-08,0.027541649482559112,0.027541649482559112
25,8,Terrell Owens,0.0,9.999999999999999e-09,0.0101326442606443,0.0101326442606443
25,9,Jordan Fisher,0.0006295625671445815,0.49717964126676234,0.9937297199663802,0.9931001573992355
25,9,Lindsey Stirling,0.0003814560288682989,0.3015546958132198,0.6027279355975713,0.602346479568703
25,9,Victoria Arlen,0.00023097180652850713,0.18290216859103473,0.36557336537554097,0.36534239356901244
25,9,Frankie Muniz,1.804256958977922e-05,0.015013524257103188,0.0300090059446166,0.029990963375026818
25,9,Drew Scott,3.2499568880343943e-06,0.0033499700718797702,0.006696690186871506,0.006693440229983472
25,10,Jordan Fisher,0.0005249917588983077,0.4147285345714181,0.8289320773839379,0.8284070856250396
25,10,Lindsey Stirling,0.0005249917588983077,0.4147285345714181,0.8289320773839379,0.8284070856250396
25,10,Frankie Muniz,0.000172120945970744,0.13649993966757734,0.27282775838918394,0.2726556374432132
25,10,Drew Scott,4.217719697545419e-05,0.034042991189586425,0.0680438051821974,0.06800162798522194
26,1,Adam Rippon,0.0,0.2888862405202775,0.6376335417832751,0.6376335417832751
26,1,Josh Norman,0.0,0.28888624052027745,0.637633541783275,0.637633541783275
26,1,Kareem Abdul-Jabbar,0.2855952815187302,0.2859142957142857,0.28623330990984125,0.0006380283911110451
26,1,Mirai Nagasu,0.0,0.06815658662257967,0.19645418024011502,0.19645418024011502
26,1,Tonya Harding,0.0,0.06815658662257967,0.19645418024011502,0.19645418024011502
26,1,Jamie Anderson,0.0,1.0000000147392107e-08,0.0023508428343063112,0.0023508428343063112
26,1,Chris Mazdzer,0.0,1.0000000015553123e-08,0.01736406473888774,0.01736406473888774
26,1,Jennie Finch Daigle,0.0,1.0000000001675335e-08,0.017364064738887727,0.017364064738887727
26,1,Johnny Damon,0.0,1.0000000000049032e-08,0.0008654643882271528,0.0008654643882271528
26,1,Arike Ogunbowale,0.0,1e-08,0.0063885200726674736,0.0063885200726674736
26,2,Mirai Nagasu,0.0005805945866139139,0.45856978202301846,0.916558969459423,0.915978374872809
26,2,Adam Rippon,0.0005805945866139139,0.45856978202301846,0.916558969459423,0.915978374872809
26,2,Arike Ogunbowale,7.771136474227919e-05,0.06206067133383695,0.12404363130293161,0.12396591993818934
26,2,Tonya Harding,9.653521475356044e-06,0.008398998532819153,0.016788343544162948,0.016778690022687594
26,2,Chris Mazdzer,9.653521475356044e-06,0.008398998532819153,0.016788343544162948,0.016778690022687594
26,2,Jennie Finch Daigle,1.3781072387701772e-06,0.0018740698877143646,0.003746761668189959,0.003745383560951189
26,2,Josh Norman,1.3781072387701772e-06,0.0018740698877143646,0.003746761668189959,0.003745383560951189
26,2,Kareem Abdul-Jabbar,0.0,0.00025362777905903053,0.0005079326196673187,0.0005079326196673187
26,3,Adam Rippon,0.0012010609788520865,0.947789876667374,1.0,0.9987989390211479
26,3,Josh Norman,5.884829726927193e-05,0.047187679388007886,0.09431651047874651,0.09425766218147724
26,3,Tonya Harding,0.00010198087640065972,0.002449336219811593,0.004796691563222526,0.004694710686821866
26,3,Mirai Nagasu,0.0,0.002249336219811593,0.004596691563222526,0.004596691563222526
26,3,Chris Mazdzer,0.0,0.00031794808272623485,0.0006364916510664767,0.0006364916510664767
26,3,Jennie Finch Daigle,0.0,5.82342226857909e-06,1.2638190550447396e-05,1.2638190550447396e-05
26,4,Adam Rippon,0.0006413584903494085,0.506480391055654,1.0,0.9993586415096506
26,4,Josh Norman,0.00038861061795159024,0.3071958857184984,0.6140031608190452,0.6136145502010936
26,4,Tonya Harding,0.00023531128416517944,0.1863237232258476,0.37241213516753,0.3721768238833648
27,1,Joe Amabile,0.38904597358416226,0.3890888988888889,0.3891318241936156,8.585060945331957e-05
27,1,Tinashe,0.0,0.26024070502359503,0.5999762435961886,0.5999762435961886
27,1,DeMarcus Ware,0.0,0.26024070502359486,0.5999762435961884,0.5999762435961884
27,1,Alexis Ren,0.0,0.045214805531960535,0.17019715692698037,0.17019715692698037
27,1,Juan Pablo Di Pace,0.0,0.045214805531960535,0.17019715692698037,0.17019715692698037
27,1,Bobby Bones,0.0,1.0000000022492012e-08,0.016915395493705635,0.016915395493705635
27,1,Danelle Umstead,0.0,1.0000000019889927e-08,0.0022901220549299056,0.0022901220549299056
27,1,Evanna Lynch,0.0,1.000000001642048e-08,0.002290122054929902,0.002290122054929902
27,1,Milo Manheim,0.0,1.0000000012083671e-08,0.016915395493705625,0.016915395493705625
27,1,Mary Lou Retton,0.0,1.0000000005144777e-08,0.016915395493705618,0.016915395493705618
27,1,John Schneider,0.0,9.999999999999995e-09,0.0022901220549298856,0.0022901220549298856
27,1,Nikki Glaser,0.0,9.999999999999995e-09,0.001389426145804813,0.001389426145804813
27,1,Nancy McKeon,0.0,9.999999999999995e-09,0.010260102893103107,0.010260102893103107
27,2,Tinashe,0.0,0.2686332527935514,0.5533522056511844,0.5533522056511844
27,2,Juan Pablo Di Pace,0.0,0.2686332527935514,0.5533522056511844,0.5533522056511844
27,2,Milo Manheim,0.0,0.2686332527935514,0.5533522056511844,0.5533522056511844
27,2,Joe Amabile,0.11778813899405187,0.11784706882352933,0.11790599865300679,0.00011785965895491635
27,2,Alexis Ren,0.0,0.047163576563655496,0.11069373799662642,0.11069373799662642
27,2,Evanna Lynch,0.0,0.022135055739602554,0.06066843943550485,0.06066843943550485
27,2,DeMarcus Ware,0.0,0.00695449049255834,0.03032656209690633,0.03032656209690633
27,2,Nancy McKeon,0.0,1.0000000009047909e-08,0.0011645859346631111,0.0011645859346631111
27,2,Bobby Bones,0.0,1.0000000002651116e-08,0.00042906486290069816,0.00042906486290069816
27,2,John Schneider,0.0,1.0000000002542696e-08,0.003163939498483577,0.003163939498483577
27,2,Danelle Umstead,0.0,9.999999999999999e-09,0.00015848178205092088,0.00015848178205092088
27,2,Mary Lou Retton,0.0,9.999999999999999e-09,0.014176280979348425,0.014176280979348425
27,3,Juan Pablo Di Pace,0.0,0.5829332333333332,1.0,1.0
27,3,Joe Amabile,0.3335271872881519,0.33353334333333323,0.33353949937851457,1.2312090362676109e-05
27,3,John Schneider,0.08342875719172622,0.08353334333333325,0.08363792947494027,0.00020917228321404302
27,3,Tinashe,0.0,1.0000000133514315e-08,0.04179115252210411,0.04179115252210411
27,3,DeMarcus Ware,0.0,1.0000000078003163e-08,0.015374743475802907,0.015374743475802907
27,3,Mary Lou Retton,0.0,1.0000000047211822e-08,0.002081617477718001,0.002081617477718001
27,3,Evanna Lynch,0.0,1.000000000167533e-08,0.041791152522103976,0.041791152522103976
27,3,Milo Manheim,0.0,1.000000000167533e-08,0.041791152522103976,0.041791152522103976
27,3,Bobby Bones,0.0,1.0000000000049027e-08,0.0007664219144962997,0.0007664219144962997
27,3,Alexis Ren,0.0,9.999999999999995e-09,0.01537474347580283,0.01537474347580283
27,3,Nancy McKeon,0.0,9.999999999999995e-09,0.00028258850566715725,0.00028258850566715725
27,4,Milo Manheim,0.001118657730023287,0.8828172597849493,1.0,0.9988813422699767
27,4,Tinashe,5.474568108609218e-05,0.04395288326924358,0.08785102085740107,0.08779627517631497
27,4,Mary Lou Retton,5.474568108609218e-05,0.04395288326924358,0.08785102085740107,0.08779627517631497
27,4,Alexis Ren,1.950849170937602e-05,0.01616936213496296,0.032319215778216545,0.03229970728650717
27,4,Juan Pablo Di Pace,6.545454173021402e-06,0.005948375906308855,0.011890206358444688,0.011883660904271665
27,4,Evanna Lynch,6.545454173021402e-06,0.005948375906308855,0.011890206358444688,0.011883660904271665
27,4,DeMarcus Ware,2.2262811670992894e-08,0.0008050251380781516,0.0016100280133446322,0.0016100057505329612
27,4,John Schneider,0.0,0.0002961521979251536,0.000592927524674714,0.000592927524674714
27,4,Bobby Bones,0.0,0.00010894830507439989,0.00021875716528762357,0.00021875716528762357
27,4,Joe Amabile,0.0,7.340879052315006e-07,2.4659765073718926e-06,2.4659765073718926e-06
27,5,Alexis Ren,0.0005710041757425732,0.45100801595012435,0.9014450277245061,0.9008740235487636
27,5,Juan Pablo Di Pace,0.0005710041757425732,0.45100801595012435,0.9014450277245061,0.9008740235487636
27,5,Milo Manheim,7.641344377065651e-05,0.06103729758059282,0.12199818171741499,0.12192176827364433
27,5,DeMarcus Ware,2.7479616137211088e-05,0.022454366924563516,0.04488125423298982,0.04485377461685261
27,5,Mary Lou Retton,9.477866973041024e-06,0.008260499956066944,0.016511522045160848,0.016502044178187805
27,5,John Schneider,2.8553935504157385e-06,0.003038868107634631,0.006074880821718846,0.00607202542816843
27,5,Evanna Lynch,2.8553935504157385e-06,0.003038868107634631,0.006074880821718846,0.00607202542816843
27,5,Bobby Bones,0.0,0.0001512963342357267,0.0003033995145963593,0.0003033995145963593
27,5,Joe Amabile,0.0,2.7710890230508005e-06,6.5373952621837725e-06,6.5373952621837725e-06
27,6,John Schneider,0.4547376271492442,0.4547454645454547,0.45475330194166524,1.5674792421038752e-05
27,6,Bobby Bones,0.18187983483839795,0.18201819181818202,0.18215654879796608,0.00027671395956813116
27,6,Joe Amabile,0.18187983483839773,0.1820181918181818,0.18215654879796586,0.00027671395956813116
27,6,Juan Pablo Di Pace,0.0,0.09060905590909067,0.5000692212832452,0.5000692212832452
27,6,Milo Manheim,0.0,0.09060905590909067,0.5000692212832452,0.5000692212832452
27,6,Mary Lou Retton,0.0,1.0000000180135011e-08,0.0010159565322945118,0.0010159565322945118
27,6,DeMarcus Ware,0.0,1.0000000013818398e-08,0.007500514967628226,0.007500514967628226
27,6,Alexis Ren,0.0,1.0000000001675334e-08,0.020386780255198727,0.020386780255198727
27,6,Evanna Lynch,0.0,9.999999999999999e-09,0.15063261813866546,0.15063261813866546
27,7,Joe Amabile,0.5823804348351164,0.5835333433333332,0.58468625183155,0.0023058169964336184
27,7,Evanna Lynch,0.0,0.25800800681904545,0.7227225728596874,0.7227225728596874
27,7,Bobby Bones,0.06039561845452712,0.0835333433333336,0.10667106821214009,0.04627544975761297
27,7,Milo Manheim,0.0,0.07492526651428777,0.3567892918033008,0.3567892918033008
27,7,John Schneider,0.0,1.000000000167533e-08,0.0381470212647831,0.0381470212647831
27,7,DeMarcus Ware,0.0,1.000000000167533e-08,0.02313773487880649,0.02313773487880649
27,7,Alexis Ren,0.0,9.999999999999995e-09,0.06289315098737258,0.06289315098737258
27,7,Juan Pablo Di Pace,0.0,9.999999999999995e-09,0.10369262142851053,0.10369262142851053
27,8,Juan Pablo Di Pace,0.0006961212704779118,0.5496592848887168,1.0,0.9993038787295221
27,8,Alexis Ren,0.0002554573851158426,0.20220835055955577,0.4041612437339957,0.40390578634887986
27,8,Evanna Lynch,0.0002554573851158426,0.20220835055955577,0.4041612437339957,0.40390578634887986
27,8,Milo Manheim,5.622436269797637e-05,0.04511878164370352,0.09018133892470906,0.09012511456201108
27,8,Joe Amabile,0.0,0.0005012243890896129,0.0010028118187448034,0.0010028118187448034
27,8,Bobby Bones,0.0,0.0003040079593785846,0.0006086290843032466,0.0006086290843032466
27,9,Evanna Lynch,0.0005569963293041713,0.4399632276327001,0.8793694589360961,0.8788124626067919
27,9,Milo Manheim,0.0005569963293041713,0.4399632276327001,0.8793694589360961,0.8788124626067919
27,9,Alexis Ren,0.00012350679560571565,0.09816906544110447,0.19621462408660323,0.1960911172909975
27,9,Bobby Bones,2.678220652889765e-05,0.02190447929349533,0.043782176380461765,0.04375539417393287
28,1,James Van Der Beek,0.0007876151013905819,0.6217995670673454,1.0,0.9992123848986094
28,1,Hannah Brown,0.0002891160845026608,0.2287472772533798,0.4572054384222569,0.45691632233775425
28,1,Lauren Alaina,0.00010572854474538707,0.08415142052546234,0.1681971125061793,0.16809138396143392
28,1,Sailor Brinkley-Cook,3.826403910167642e-05,0.030957577556690125,0.06187689107427857,0.061838627035176896
28,1,Mary Wilson,1.3445234466565037e-05,0.011388656331576747,0.02276386742868693,0.022750422194220365
28,1,Karamo Brown,1.3445234466565037e-05,0.011388656331576747,0.02276386742868693,0.022750422194220365
28,1,Ally Brooke,4.314906486856118e-06,0.004189652526954062,0.008374990147421268,0.008370675240934412
28,1,Kel Mitchell,4.314906486856118e-06,0.004189652526954062,0.008374990147421268,0.008370675240934412
28,1,Ray Lewis,9.56046531968473e-07,0.0015412870303183816,0.003081618014104795,0.0030806619675728267
28,1,Kate Flannery,9.56046531968473e-07,0.0015412870303183816,0.003081618014104795,0.0030806619675728267
28,1,Sean Spicer,0.0,7.673616275296327e-05,0.00015437373455069424,0.00015437373455069424
28,1,Lamar Odom,0.0,2.822965667120097e-05,5.74222420531812e-05,5.74222420531812e-05
28,2,Hannah Brown,0.0,0.7495998899999997,1.0,1.0
28,2,Lamar Odom,0.25019353856217685,0.25020000999999975,0.25020648143782265,1.2942875645793883e-05
28,2,Ray Lewis,8.908902784566603e-05,0.00020000999999998748,0.00031093097215430894,0.0002218419443086429
28,2,Kel Mitchell,0.0,1.0000000095350398e-08,0.016314915689707696,0.016314915689707696
28,2,Karamo Brown,0.0,1.0000000084942057e-08,0.006002559706749625,0.006002559706749625
28,2,Sean Spicer,0.0,1.0000000053391774e-08,0.00029980836043031216,0.00029980836043031216
28,2,Mary Wilson,0.0,1.0000000023467794e-08,0.00011093097215434492,0.00011093097215434492
28,2,James Van Der Beek,0.0,1.0000000022492012e-08,0.016314915689707624,0.016314915689707624
28,2,Kate Flannery,0.0,1.0000000008614224e-08,0.04434680556678342,0.04434680556678342
28,2,Ally Brooke,0.0,1.000000000167533e-08,0.016314915689707603,0.016314915689707603
28,2,Sailor Brinkley-Cook,0.0,1.000000000167533e-08,0.002208855950577951,0.002208855950577951
28,2,Lauren Alaina,0.0,9.999999999999995e-09,0.00600255970674954,0.00600255970674954
28,3,Kate Flannery,0.0004483237390301431,0.3542779825266298,0.7081076413142294,0.7076593175751993
28,3,Ally Brooke,0.0004483237390301431,0.3542779825266298,0.7081076413142294,0.7076593175751993
28,3,James Van Der Beek,0.00016429776772319826,0.13033158623124258,0.26049887469476196,0.26033457692703876
28,3,Sailor Brinkley-Cook,0.00016429776772319826,0.13033158623124258,0.26049887469476196,0.26033457692703876
28,3,Hannah Brown,2.137171684720926e-05,0.017638462137282224,0.03525555255771724,0.03523418084087003
28,3,Lauren Alaina,7.230896395502527e-06,0.006488827594187028,0.012970424291978554,0.01296319339558305
28,3,Kel Mitchell,7.230896395502527e-06,0.006488827594187028,0.012970424291978554,0.01296319339558305
28,3,Karamo Brown,0.0,0.0001188470230263834,0.00023854204687936455,0.00023854204687936455
28,3,Sean Spicer,0.0,4.372137641583546e-05,8.838603375699585e-05,8.838603375699585e-05
28,3,Lamar Odom,0.0,2.1767591567523145e-06,5.349489304241561e-06,5.349489304241561e-06
28,4,Hannah Brown,0.0002867873002631305,0.22691109714709107,0.45353540699391903,0.45324861969365593
28,4,Lauren Alaina,0.0002867873002631305,0.22691109714709107,0.45353540699391903,0.45324861969365593
28,4,Ally Brooke,0.0002867873002631305,0.22691109714709107,0.45353540699391903,0.45324861969365593
28,4,Kel Mitchell,0.0002867873002631305,0.22691109714709107,0.45353540699391903,0.45324861969365593
28,4,Sailor Brinkley-Cook,0.00010487183290074087,0.08347592761407073,0.16684698339524073,0.16674211156233998
28,4,James Van Der Beek,4.272253315674469e-06,0.004156021715192601,0.008307771177069528,0.008303498923753854
28,4,Karamo Brown,4.272253315674469e-06,0.004156021715192601,0.008307771177069528,0.008303498923753854
28,4,Kate Flannery,0.0,0.0005624563759631036,0.0011251981333964187,0.0011251981333964187
28,4,Sean Spicer,0.0,3.7898012505370805e-06,8.573527708288673e-06,8.573527708288673e-06
28,4,Lamar Odom,0.0,1.3941899661984145e-06,3.785343437316345e-06,3.785343437316345e-06
28,5,Ally Brooke,0.0006357508223467923,0.5020589044042263,1.0,0.9993642491776532
28,5,James Van Der Beek,0.00023324833839410974,0.18469714918737337,0.36916105003635263,0.3689278016979585
28,5,Kel Mitchell,0.00023324833839410974,0.18469714918737337,0.36916105003635263,0.3689278016979585
28,5,Hannah Brown,8.517594952747731e-05,0.06794628402900943,0.13580739210849138,0.1357222161589639
28,5,Kate Flannery,3.07031618582837e-05,0.02499604099826808,0.049961378834677876,0.04993067567281959
28,5,Sailor Brinkley-Cook,3.07031618582837e-05,0.02499604099826808,0.049961378834677876,0.04993067567281959
28,5,Lauren Alaina,1.0663743171499332e-05,0.009195529593941322,0.018380395444711144,0.018369731701539646
28,5,Karamo Brown,5.796126197306697e-07,0.0012444796021067032,0.0024883795915936757,0.002487799978973945
28,5,Sean Spicer,0.0,0.00016842199943329774,0.00033762912491128367,0.00033762912491128367
28,6,James Van Der Beek,0.000311485084741131,0.24638459742200067,0.4924577097592602,0.4921462246745191
28,6,Kate Flannery,0.000311485084741131,0.24638459742200067,0.4924577097592602,0.4921462246745191
28,6,Sailor Brinkley-Cook,0.000311485084741131,0.24638459742200067,0.4924577097592602,0.4921462246745191
28,6,Lauren Alaina,0.00011395764005267539,0.0906398280128564,0.18116569838566013,0.18105174074560745
28,6,Kel Mitchell,0.00011395764005267539,0.0906398280128564,0.18116569838566013,0.18105174074560745
28,6,Karamo Brown,4.129135408467016e-05,0.03334452927724526,0.06664776720040586,0.06660647584632118
28,6,Ally Brooke,4.129135408467016e-05,0.03334452927724526,0.06664776720040586,0.06660647584632118
28,6,Hannah Brown,1.4558921410759776e-05,0.012266766796637782,0.024518974671864806,0.024504415750454048
28,6,Sean Spicer,0.0,0.0006107263571568486,0.001221676876096875,0.001221676876096875
28,7,Sean Spicer,0.5828678160315152,0.5835333433333332,0.5841988706351512,0.0013310546036360282
28,7,Ally Brooke,0.0,0.11097776111111124,0.3790687191175549,0.3790687191175549
28,7,Lauren Alaina,0.0,0.11097776111111121,0.3790687191175549,0.3790687191175549
28,7,James Van Der Beek,0.0,0.11097776111111118,0.37906871911755485,0.37906871911755485
28,7,Kate Flannery,0.07018493147046145,0.08353334333333323,0.09688175519620501,0.026696823725743557
28,7,Karamo Brown,0.0,1.0000000036369805e-08,0.02200717266986995,0.02200717266986995
28,7,Kel Mitchell,0.0,1.0000000029430911e-08,0.05981996427887781,0.05981996427887781
28,7,Hannah Brown,0.0,1e-08,0.09862579313338225,0.09862579313338225
28,8,Sean Spicer,0.5001869385146274,0.5001916765277751,0.5001964145409228,9.47602629541855e-06
28,8,James Van Der Beek,0.0,0.3329554959259324,0.9414207578968383,0.9414207578968383
28,8,Lauren Alaina,0.1666476309663513,0.16685278754629246,0.16705794412623362,0.0004103131598823251
28,8,Kate Flannery,0.0,1.0000000115082881e-08,0.001509240848651343,0.001509240848651343
28,8,Hannah Brown,0.0,9.999999999999999e-09,0.22384250186494725,0.22384250186494725
28,8,Ally Brooke,0.0,9.999999999999999e-09,0.08236416312027943,0.08236416312027943
28,8,Kel Mitchell,0.0,9.999999999999999e-09,0.08234769213655505,0.08234769213655505
28,9,Ally Brooke,0.001166897247106724,0.9208527463293711,1.0,0.9988331027528933
28,9,Kel Mitchell,5.7147385221160973e-05,0.045846558638235675,0.0916359698912502,0.09157882250602903
28,9,James Van Der Beek,2.0392029284443947e-05,0.016866006371467897,0.03371162071365135,0.03369122868436691
28,9,Hannah Brown,1.1975420662439784e-05,0.010229749971203904,0.020447524521745367,0.020435549101082928
28,9,Lauren Alaina,6.87048948239035e-06,0.006204656998729597,0.012402443507976802,0.012395573018494411
28,9,Sean Spicer,0.0,2.8169099194263377e-07,1.5617564452076022e-06,1.5617564452076022e-06
28,10,Ally Brooke,0.0008170515495938835,0.6450093688490339,1.0,0.9991829484504061
28,10,Kel Mitchell,0.0002999451486177529,0.23728568616252732,0.4742714271764369,0.47397148202781914
28,10,Hannah Brown,6.615092449280269e-05,0.05294559315437478,0.10582503538425676,0.10575888445976396
28,10,Lauren Alaina,6.615092449280269e-05,0.05294559315437478,0.10582503538425676,0.10575888445976396
28,10,James Van Der Beek,1.3984381822025257e-05,0.011813758679689253,0.02361353297755648,0.023599548595734453
28,11,Ally Brooke,0.0005761358992664722,0.45505423392341127,0.9095323319475561,0.9089561960482897
28,11,Kel Mitchell,0.00034905111675392897,0.27600434470659363,0.5516596382964334,0.5513105871796795
28,11,Hannah Brown,0.00021131723380582446,0.16740509727844333,0.3345988773230808,0.33438756008927495
28,11,Lauren Alaina,0.00012777741091656025,0.1015363240915518,0.20294487077218704,0.20281709336127046
29,1,Skai Jackson,0.00040219356281551155,0.31790565123519166,0.6354091089075677,0.6350069153447522
29,1,Justina Machado,0.00040219356281551155,0.31790565123519166,0.6354091089075677,0.6350069153447522
29,1,Kaitlyn Bristowe,0.00014732742427620016,0.11695095332164578,0.23375457921901535,0.23360725179473915
29,1,Nev Schulman,0.00014732742427620016,0.11695095332164578,0.23375457921901535,0.23360725179473915
29,1,Monica Aldama,5.356741165683104e-05,0.04302385135243448,0.08599413529321212,0.0859405678815553
29,1,Jeannie Mai,1.9075030610191807e-05,0.0158275903925768,0.03163610575454341,0.03161703072393322
29,1,Johnny Weir,1.9075030610191807e-05,0.0158275903925768,0.03163610575454341,0.03161703072393322
29,1,AJ McLean,1.9075030610191807e-05,0.0158275903925768,0.03163610575454341,0.03161703072393322
29,1,Anne Heche,1.9075030610191807e-05,0.0158275903925768,0.03163610575454341,0.03161703072393322
29,1,Jesse Metcalfe,1.9075030610191807e-05,0.0158275903925768,0.03163610575454341,0.03161703072393322
29,1,Veron Davis,6.385992746081766e-06,0.005822645108711642,0.011638904224677202,0.011632518231931122
29,1,Nelly,1.717956587630326e-06,0.002142031428732471,0.0042823449008773115,0.004280626944289681
29,1,Chrishell Stause,0.0,0.00010664546518841682,0.0002141544061535699,0.0002141544061535699
29,1,Charles Oakley,0.0,3.923267413698328e-05,7.941432211530061e-05,7.941432211530061e-05
29,1,Carole Baskin,0.0,1.443289423717471e-05,2.9846215295908937e-05,2.9846215295908937e-05
29,2,Kaitlyn Bristowe,0.0006214510948159835,0.49078397615106695,0.980946501207318,0.980325050112502
29,2,Nev Schulman,0.00022798776262117348,0.180549334882353,0.36087068200208483,0.36064269423946366
29,2,Justina Machado,0.00022798776262117348,0.180549334882353,0.36087068200208483,0.36064269423946366
29,2,Jesse Metcalfe,8.324069185189353e-05,0.06642038842039563,0.13275753614893937,0.13267429545708748
29,2,AJ McLean,2.9991220346074765e-05,0.024434695374485282,0.04883939952862449,0.048809408308278415
29,2,Jeannie Mai,1.0401834525846157e-05,0.008989022079560077,0.01796764232459431,0.017957240490068464
29,2,Johnny Weir,1.0401834525846157e-05,0.008989022079560077,0.01796764232459431,0.017957240490068464
29,2,Nelly,1.0401834525846157e-05,0.008989022079560077,0.01796764232459431,0.017957240490068464
29,2,Chrishell Stause,1.0401834525846157e-05,0.008989022079560077,0.01796764232459431,0.017957240490068464
29,2,Anne Heche,1.0401834525846157e-05,0.008989022079560077,0.01796764232459431,0.017957240490068464
29,2,Veron Davis,1.0401834525846157e-05,0.008989022079560077,0.01796764232459431,0.017957240490068464
29,2,Carole Baskin,5.44167138995244e-07,0.0012165318491574348,0.0024325195311758743,0.002431975364036879
29,2,Monica Aldama,5.44167138995244e-07,0.0012165318491574348,0.0024325195311758743,0.002431975364036879
29,2,Skai Jackson,9.956886904787882e-05,0.0005475370568353031,0.0009955052446227275,0.0008959363755748487
29,2,Charles Oakley,0.0,0.00034753705683530315,0.0007955052446227274,0.0007955052446227274
29,3,Johnny Weir,0.0004357957841333304,0.34440004657886203,0.6883642973735907,0.6879285015894574
29,3,Nev Schulman,0.0004357957841333304,0.34440004657886203,0.6883642973735907,0.6879285015894574
29,3,Kaitlyn Bristowe,0.0001596889906766985,0.12669769667485048,0.25323570435902426,0.25307601536834756
29,3,Jeannie Mai,5.811497779625169e-05,0.0466094778504529,0.09316084072310954,0.09310272574531328
29,3,Chrishell Stause,5.811497779625169e-05,0.0466094778504529,0.09316084072310954,0.09310272574531328
29,3,Veron Davis,5.811497779625169e-05,0.0466094778504529,0.09316084072310954,0.09310272574531328
29,3,AJ McLean,2.0747986700254267e-05,0.017146668664917333,0.034272589343134416,0.034251841356434165
29,3,Monica Aldama,2.0747986700254267e-05,0.017146668664917333,0.034272589343134416,0.034251841356434165
29,3,Jesse Metcalfe,7.0014388975983555e-06,0.0063079068864016685,0.012608812333905739,0.01260181089500814
29,3,Justina Machado,1.9443665739216423e-06,0.002320549260330939,0.004639154154087956,0.004637209787514035
29,3,Skai Jackson,8.39736335234197e-08,0.0008536823651013496,0.0017072807565691756,0.0017071967829356523
29,3,Nelly,8.39736335234197e-08,0.0008536823651013496,0.0017072807565691756,0.0017071967829356523
29,3,Anne Heche,0.0,4.2502342275740676e-05,8.59495115492657e-05,8.59495115492657e-05
29,3,Carole Baskin,0.0,2.116067020676655e-06,5.22818200650548e-06,5.22818200650548e-06
29,4,Skai Jackson,0.001101878962701086,0.8695876791986584,1.0,0.9988981210372989
29,4,Kaitlyn Bristowe,5.391031545029512e-05,0.04329422123611575,0.08653453215678121,0.08648062184133092
29,4,Johnny Weir,1.92011778661072e-05,0.01592705391429505,0.03183490665072399,0.031815705472857884
29,4,AJ McLean,1.92011778661072e-05,0.01592705391429505,0.03183490665072399,0.031815705472857884
29,4,Nev Schulman,1.92011778661072e-05,0.01592705391429505,0.03183490665072399,0.031815705472857884
29,4,Justina Machado,1.92011778661072e-05,0.01592705391429505,0.03183490665072399,0.031815705472857884
29,4,Monica Aldama,1.92011778661072e-05,0.01592705391429505,0.03183490665072399,0.031815705472857884
29,4,Chrishell Stause,1.7350287622392227e-06,0.002155492352615922,0.0043092496764696045,0.004307514647707365
29,4,Veron Davis,1.7350287622392227e-06,0.002155492352615922,0.0043092496764696045,0.004307514647707365
29,4,Jeannie Mai,5.000696255634562e-05,0.0008429613221296628,0.00163591568170298,0.0015859087191466344
29,4,Nelly,5.000696255634562e-05,0.0008429613221296628,0.00163591568170298,0.0015859087191466344
29,4,Jesse Metcalfe,5.000696255634562e-05,0.0008429613221296628,0.00163591568170298,0.0015859087191466344
29,4,Anne Heche,0.0,0.0006429613221296628,0.00143591568170298,0.00143591568170298
29,5,Johnny Weir,0.0009855642716396495,0.787993434319733,1.0,0.9990144357283604
29,5,Kaitlyn Bristowe,0.00012140977848133783,0.10663220634896609,0.21314300291945082,0.21302159314096947
29,5,Nev Schulman,3.591204412574378e-05,0.03921967568405597,0.07840343932398619,0.07836752727986045
29,5,Monica Aldama,3.591204412574378e-05,0.03921967568405597,0.07840343932398619,0.07836752727986045
29,5,Skai Jackson,0.0,0.005296697643863665,0.010600506962432855,0.010600506962432855
29,5,Jeannie Mai,0.0,0.005296697643863665,0.010600506962432855,0.010600506962432855
29,5,AJ McLean,0.0,0.005296697643863665,0.010600506962432855,0.010600506962432855
29,5,Nelly,0.0,0.005296697643863665,0.010600506962432855,0.010600506962432855
29,5,Justina Machado,0.0,0.005296697643863665,0.010600506962432855,0.010600506962432855
29,5,Veron Davis,0.0,0.000251499743870459,0.0005165098688229948,0.0005165098688229948
29,5,Chrishell Stause,0.00016328121159623138,0.0002000099999999999,0.0002367387884037684,7.345757680753703e-05
29,5,Jesse Metcalfe,0.0,1.0000000000015146e-08,3.6738788403768526e-05,3.6738788403768526e-05
29,6,Skai Jackson,0.33350562087226066,0.33353334333333334,0.33356106579440603,5.5444922145375664e-05
29,6,AJ McLean,0.0,0.16070454781564983,0.3772501683222483,0.3772501683222483
29,6,Monica Aldama,0.0,0.16070454781564983,0.3772501683222483,0.3772501683222483
29,6,Justina Machado,0.0,0.16070454781564966,0.3772501683222481,0.3772501683222481
29,6,Kaitlyn Bristowe,0.0,0.1607045478156496,0.37725016832224806,0.37725016832224806
29,6,Nev Schulman,0.0,0.02364841540406747,0.10331172858301325,0.10331172858301325
29,6,Jeannie Mai,0.0,1.0000000105758739e-08,0.029307136452991406,0.029307136452991406
29,6,Nelly,0.0,1.0000000025961459e-08,0.01078213062072238,0.01078213062072238
29,6,Johnny Weir,0.0,1.000000001164999e-08,0.0014600749161795407,0.0014600749161795407
29,6,Veron Davis,0.0,1.0000000000049027e-08,0.0005377691842932773,0.0005377691842932773
29,6,Chrishell Stause,0.0,9.999999999999995e-09,0.010782130620722355,0.010782130620722355
29,7,Nev Schulman,0.001043830401249446,0.823818040290542,1.0,0.9989561695987506
29,7,Skai Jackson,5.102024775264363e-05,0.0410154850946249,0.08197994994149715,0.08192892969374452
29,7,Johnny Weir,5.102024775264363e-05,0.0410154850946249,0.08197994994149715,0.08192892969374452
29,7,Nelly,5.102024775264363e-05,0.0410154850946249,0.08197994994149715,0.08192892969374452
29,7,AJ McLean,1.8137981376547402e-05,0.01508875373598623,0.030159369490595913,0.030141231509219366
29,7,Chrishell Stause,1.8137981376547402e-05,0.01508875373598623,0.030159369490595913,0.030141231509219366
29,7,Justina Machado,1.8137981376547402e-05,0.01508875373598623,0.030159369490595913,0.030141231509219366
29,7,Jeannie Mai,6.041271597659326e-06,0.005550842292368127,0.011095643313138595,0.011089602041540936
29,7,Kaitlyn Bristowe,1.5911407641889391e-06,0.002042040760547195,0.004082490380330201,0.004080899239566012
29,7,Monica Aldama,0.0,0.0002763601647093626,0.0005533685600154814,0.0005533685600154814
29,8,Nelly,0.4992665685835301,0.5002000099999999,0.5011334514164697,0.0018668828329396203
29,8,Nev Schulman,0.0,0.24582791747449415,0.6220031435145851,0.6220031435145851
29,8,Johnny Weir,0.0,0.2458279174744941,0.6220031435145851,0.6220031435145851
29,8,Justina Machado,0.0,0.007710781717678358,0.14607087038934896,0.14607087038934896
29,8,Skai Jackson,0.0,0.00023334333333323634,0.01895920869043937,0.01895920869043937
29,8,AJ McLean,0.0,0.00020001000000006977,0.018929620704953572,0.018929620704953572
29,8,Kaitlyn Bristowe,0.0,1.0000000022492012e-08,0.05091065433081529,0.05091065433081529
29,8,Chrishell Stause,0.0,1.000000000167533e-08,0.018729620704953504,0.018729620704953504
29,9,Johnny Weir,0.0,0.32268947097202777,0.684138698323459,0.684138698323459
29,9,Kaitlyn Bristowe,0.0,0.3226894709720277,0.6841386983234589,0.6841386983234589
29,9,Nelly,0.16593640401816678,0.1668333433333335,0.1677302826485002,0.001793878630333423
29,9,Nev Schulman,0.0,0.09389384736130552,0.2268376272347936,0.2268376272347936
29,9,Skai Jackson,0.0,0.09389384736130543,0.2268376272347935,0.2268376272347935
29,9,AJ McLean,0.0,1.0000000046778146e-08,0.0024359407039800406,0.0024359407039800406
29,9,Justina Machado,0.0,1e-08,0.0066198400654424215,0.0066198400654424215
29,10,Kaitlyn Bristowe,0.0,0.32137208777418763,0.659986469658737,0.659986469658737
29,10,Nev Schulman,0.0,0.32137208777418763,0.659986469658737,0.659986469658737
29,10,Nelly,0.2043726731515813,0.2502000100000001,0.29602734684841886,0.09165467369683755
29,10,Justina Machado,0.0,0.10705579445162472,0.2316256953507812,0.2316256953507812
29,10,Skai Jackson,0.0,1.0000000000000002e-08,0.07555586714301507,0.07555586714301507
29,10,Johnny Weir,0.0,1.0000000000000002e-08,0.07555586714301507,0.07555586714301507
29,11,Kaitlyn Bristowe,0.00039249347138947677,0.310257405166023,0.6201223168606566,0.6197298233892671
29,11,Nev Schulman,0.00039249347138947677,0.310257405166023,0.6201223168606566,0.6197298233892671
29,11,Justina Machado,0.00039249347138947677,0.310257405166023,0.6201223168606566,0.6197298233892671
29,11,Nelly,8.680124657432786e-05,0.06922778450193098,0.13836876775728763,0.13828196651071328
30,1,JoJo Siwa,0.000622080275704151,0.49128006737761903,0.981938054479534,0.9813159742038298
30,1,Amanda Kloots,0.00022821922533469707,0.18073183664554704,0.3612354540657594,0.36100723484042474
30,1,Suni Lee,0.00022821922533469707,0.18073183664554704,0.3612354540657594,0.36100723484042474
30,1,Melanie C,8.332584222559003e-05,0.06648752706705226,0.13289172829187892,0.13280840244965333
30,1,Melora Hardin,3.002254541796187e-05,0.024459394302298324,0.04888876605917869,0.048858743513760725
30,1,Kenya Moore,3.002254541796187e-05,0.024459394302298324,0.04888876605917869,0.048858743513760725
30,1,Christine Chiu,1.0413358375782958e-05,0.008998108307321468,0.017985803256267155,0.017975389897891374
30,1,Olivia Jade,1.0413358375782958e-05,0.008998108307321468,0.017985803256267155,0.017975389897891374
30,1,Cody Rigsby,3.199541604877003e-06,0.0033102190556975344,0.006617238569790192,0.006614039028185315
30,1,Matt James,3.199541604877003e-06,0.0033102190556975344,0.006617238569790192,0.006614039028185315
30,1,Brian Austin Green,3.199541604877003e-06,0.0033102190556975344,0.006617238569790192,0.006614039028185315
30,1,"Mike ""The Miz"" Mizanin",3.199541604877003e-06,0.0033102190556975344,0.006617238569790192,0.006614039028185315
30,1,Jimmie Allen,0.0,0.00044798943347805844,0.0008964094241695406,0.0008964094241695406
30,1,Iman Shumpert,0.0,0.00016480610243861917,0.0003304019168794282,0.0003304019168794282
30,1,Martin Kove,0.0,5.528628821842975e-08,1.1092341815442584e-06,1.1092341815442584e-06
30,2,Amanda Kloots,0.0008191967815367462,0.6467008231926014,1.0,0.9991808032184633
30,2,JoJo Siwa,0.00030073433534602567,0.2379079374412059,0.4755151405470658,0.47521440621171973
30,2,Melanie C,0.00011000266037304585,0.0875214390761213,0.17493287549186953,0.1748228728314965
30,2,Suni Lee,1.402367311561896e-05,0.011844738746642812,0.023675453820170007,0.023661430147054387
30,2,Melora Hardin,4.527702173821521e-06,0.004357435870936689,0.008710344039699556,0.008705816337525735
30,2,Jimmie Allen,4.527702173821521e-06,0.004357435870936689,0.008710344039699556,0.008705816337525735
30,2,Olivia Jade,4.527702173821521e-06,0.004357435870936689,0.008710344039699556,0.008705816337525735
30,2,"Mike ""The Miz"" Mizanin",1.034329690372893e-06,0.0016030110731405861,0.0032049878165907996,0.003203953486900427
30,2,Iman Shumpert,0.0,0.000589714817778593,0.0011796804457838276,0.0011796804457838276
30,2,Kenya Moore,0.0,0.00021694395761490769,0.0004346115020109557,0.0004346115020109557
30,2,Cody Rigsby,0.0,0.00021694395761490769,0.0004346115020109557,0.0004346115020109557
30,2,Christine Chiu,0.0,0.00021694395761490769,0.0004346115020109557,0.0004346115020109557
30,2,Brian Austin Green,0.0,7.980922189289332e-05,0.0001605159553415948,0.0001605159553415948
30,2,Matt James,0.0,2.936017195028523e-05,5.968183880528932e-05,5.968183880528932e-05
30,2,Martin Kove,0.0,2.677301130704467e-08,1.0522437904430318e-06,1.0522437904430318e-06
30,3,Amanda Kloots,0.00032923887619368264,0.2603829567906192,0.5204366747050446,0.5201074358288509
30,3,JoJo Siwa,0.00032923887619368264,0.2603829567906192,0.5204366747050446,0.5201074358288509
30,3,Olivia Jade,0.00032923887619368264,0.2603829567906192,0.5204366747050446,0.5201074358288509
30,3,Melora Hardin,0.00012048889493092296,0.0957895366347008,0.19145858437447066,0.19133809547953973
30,3,Melanie C,4.36940684794343e-05,0.03523900120724514,0.07043430834601083,0.0703906142775314
30,3,"Mike ""The Miz"" Mizanin",4.36940684794343e-05,0.03523900120724514,0.07043430834601083,0.0703906142775314
30,3,Kenya Moore,1.5442830639596228e-05,0.01296370407156112,0.025911965312482643,0.025896522481843046
30,3,Christine Chiu,1.5442830639596228e-05,0.01296370407156112,0.025911965312482643,0.025896522481843046
30,3,Suni Lee,1.5442830639596228e-05,0.01296370407156112,0.025911965312482643,0.025896522481843046
30,3,Jimmie Allen,5.049781050676418e-06,0.004769080209357856,0.009533110637665036,0.00952806085661436
30,3,Matt James,5.049781050676418e-06,0.004769080209357856,0.009533110637665036,0.00952806085661436
30,3,Iman Shumpert,1.2263917758376878e-06,0.0017544465623203533,0.003507666732864869,0.0035064403410890316
30,3,Brian Austin Green,1.2263917758376878e-06,0.0017544465623203533,0.003507666732864869,0.0035064403410890316
30,3,Cody Rigsby,0.0,0.0006454248209115696,0.00129102979635711,0.00129102979635711
30,4,Melora Hardin,0.0007513193733712509,0.5931814183346142,1.0,0.9992486806266287
30,4,JoJo Siwa,0.00016686612754893138,0.13235666487007522,0.2645464636126015,0.2643795974850526
30,4,Olivia Jade,0.00016686612754893138,0.13235666487007522,0.2645464636126015,0.2643795974850526
30,4,Amanda Kloots,6.075529889801312e-05,0.048691295907719145,0.09732183651654028,0.09726108121764226
30,4,Suni Lee,6.075529889801312e-05,0.048691295907719145,0.09732183651654028,0.09726108121764226
30,4,Melanie C,2.171930655168325e-05,0.017912526728445056,0.03580333415033843,0.035781614843786745
30,4,Jimmie Allen,1.278045501896044e-05,0.010864496653723958,0.021716212852428956,0.021703432397409995
30,4,"Mike ""The Miz"" Mizanin",1.278045501896044e-05,0.010864496653723958,0.021716212852428956,0.021703432397409995
30,4,Iman Shumpert,4.070347795168648e-06,0.003996824957580975,0.007989579567366782,0.007985509219571613
30,4,Kenya Moore,0.0,0.0005409114376813838,0.0010821355817737838,0.0010821355817737838
30,4,Cody Rigsby,0.0,0.00032807937114299877,0.0006567413786241027,0.0006567413786241027
30,4,Matt James,0.0,0.0001989901974174689,0.00039872675194979645,0.00039872675194979645
30,4,Brian Austin Green,0.0,1.6334110081182285e-05,3.3646235716381096e-05,3.3646235716381096e-05
30,5,JoJo Siwa,0.0008661316651294992,0.6837076433532898,1.0,0.9991338683348705
30,5,Amanda Kloots,0.00031800071409360253,0.25152198576145207,0.5027259708088105,0.5024079700947169
30,5,Melora Hardin,1.4883315494790272e-05,0.012522542301126312,0.025030201286757835,0.025015317971263044
30,5,Kenya Moore,1.4883315494790272e-05,0.012522542301126312,0.025030201286757835,0.025015317971263044
30,5,Melanie C,1.4883315494790272e-05,0.012522542301126312,0.025030201286757835,0.025015317971263044
30,5,Suni Lee,1.4883315494790272e-05,0.012522542301126312,0.025030201286757835,0.025015317971263044
30,5,Olivia Jade,1.4883315494790272e-05,0.012522542301126312,0.025030201286757835,0.025015317971263044
30,5,Jimmie Allen,1.1506696352403794e-06,0.0016947418091653934,0.0033883329486955466,0.003387182279060306
30,5,Cody Rigsby,0.0,0.00022935836275632794,0.0004594245673944058,0.0004594245673944058
30,5,"Mike ""The Miz"" Mizanin",0.0,0.00022935836275632794,0.0004594245673944058,0.0004594245673944058
30,5,Iman Shumpert,0.0,4.2008449483562016e-06,9.395093786828476e-06,9.395093786828476e-06
30,6,Iman Shumpert,0.0005431133715840253,0.4290169105159031,0.8574907076602223,0.8569475942886382
30,6,JoJo Siwa,0.0005431133715840253,0.4290169105159031,0.8574907076602223,0.8569475942886382
30,6,Amanda Kloots,7.263883389016512e-05,0.05806112509796627,0.11604961136204238,0.11597697252815221
30,6,Jimmie Allen,7.263883389016512e-05,0.05806112509796627,0.11604961136204238,0.11597697252815221
30,6,Cody Rigsby,8.967029075756042e-06,0.007857718810169665,0.015706470591263573,0.01569750356218782
30,6,Suni Lee,8.967029075756042e-06,0.007857718810169665,0.015706470591263573,0.01569750356218782
30,6,Olivia Jade,8.967029075756042e-06,0.007857718810169665,0.015706470591263573,0.01569750356218782
30,6,Melora Hardin,3.499873370115935e-07,0.001063426600767971,0.0021265032141989304,0.0021261532268619186
30,6,"Mike ""The Miz"" Mizanin",3.499873370115935e-07,0.001063426600767971,0.0021265032141989304,0.0021261532268619186
30,6,Kenya Moore,0.0,0.00014391914021628162,0.00028865448287992653,0.00028865448287992653
30,7,Olivia Jade,0.0011626123364368857,0.9174742161952271,1.0,0.9988373876635631
30,7,JoJo Siwa,5.693405208069546e-05,0.04567835152746416,0.09129976900284763,0.09124283495076693
30,7,Melora Hardin,2.0313548407948495e-05,0.01680412643355621,0.03358793931870448,0.033567625770296525
30,7,Jimmie Allen,2.0313548407948495e-05,0.01680412643355621,0.03358793931870448,0.033567625770296525
30,7,Cody Rigsby,1.885571744583616e-06,0.0022741912104291807,0.004546496849113778,0.004544611277369194
30,7,Amanda Kloots,0.0,0.0003077783115976482,0.0006161650068919272,0.0006161650068919272
30,7,Iman Shumpert,0.0,0.0003077783115976482,0.0006161650068919272,0.0006161650068919272
30,7,Suni Lee,0.0,0.0003077783115976482,0.0006161650068919272,0.0006161650068919272
30,7,"Mike ""The Miz"" Mizanin",0.0,4.165326497415416e-05,8.425243381095533e-05,8.425243381095533e-05
30,8,Melora Hardin,0.0,0.27157162356014614,0.5662158120031096,0.5662158120031096
30,8,Suni Lee,0.0,0.27157162356014614,0.5662158120031096,0.5662158120031096
30,8,Amanda Kloots,0.0,0.2715716235601461,0.5662158120031094,0.5662158120031094
30,8,Iman Shumpert,0.09993033145730548,0.10020001000000003,0.10046968854269459,0.0005393570853891028
30,8,JoJo Siwa,0.0,0.08508508931956162,0.19347926002722726,0.19347926002722726
30,8,Cody Rigsby,0.0,1.0000000040706614e-08,0.005397586995499322,0.005397586995499322
30,8,Olivia Jade,0.0,1.000000000373532e-08,0.000731356179560071,0.000731356179560071
30,8,Jimmie Allen,0.0,1.000000000271888e-08,1.4385511841299877e-05,1.4385511841299877e-05
30,9,Cody Rigsby,0.43848004736279106,0.44464445444444445,0.45080886152609784,0.012328814163306778
30,9,JoJo Siwa,0.0,0.3868671894499282,0.9416805268760324,0.9416805268760324
30,9,Amanda Kloots,0.0,0.16828832610562752,0.5048000186423628,0.5048000186423628
30,9,Iman Shumpert,0.0,0.0002000099999999172,0.04574277878997366,0.04574277878997366
30,9,Suni Lee,0.0,1.0000000001675335e-08,0.045542778789973745,0.045542778789973745
30,9,Melora Hardin,0.0,1e-08,0.010162751178263771,0.010162751178263771
30,10,Iman Shumpert,0.0005056603955459482,0.39948630465030277,0.7984669489050595,0.7979612885095135
30,10,JoJo Siwa,0.0005056603955459482,0.39948630465030277,0.7984669489050595,0.7979612885095135
30,10,Amanda Kloots,0.00018539074488085894,0.14696279851039795,0.293740206275915,0.29355481553103413
30,10,Cody Rigsby,6.757012477000279e-05,0.05406459218899647,0.10806161425322294,0.10799404412845294
31,1,Charli D'Amelio,0.0,0.8856660308677013,1.0,1.0
31,1,Vinny Guadagnino,0.06686540379889695,0.06686667666666667,0.06686794953443638,2.545735539427607e-06
31,1,Wayne Brady,0.0,0.033046130280214386,0.07766408404739483,0.07766408404739483
31,1,Shangela,0.0,0.004807020728472494,0.021221679945411208,0.021221679945411208
31,1,Selma Blair,0.0,0.004807020728472487,0.0212216799454112,0.0212216799454112
31,1,Gabby Windey,0.0,0.004807020728472487,0.0212216799454112,0.0212216799454112
31,1,Jason Lewis,0.0,1.0000000041434849e-08,1.7539107566278461e-06,1.7539107566278461e-06
31,1,Heidi D'Amelio,0.0,1.0000000031924574e-08,0.0003016354100129333,0.0003016354100129333
31,1,Jessie James Decker,0.0,1.0000000011012178e-08,6.514901403293318e-06,6.514901403293318e-06
31,1,Teresa Giudice,0.0,1.0000000003299096e-08,6.514901403285605e-06,6.514901403285605e-06
31,1,Jordin Sparks,0.0,9.999999999999999e-09,0.002222356122439623,0.002222356122439623
31,1,Daniel Durant,0.0,9.999999999999999e-09,0.006039256978602203,0.006039256978602203
31,1,Sam Champion,0.0,9.999999999999999e-09,6.514901403282306e-06,6.514901403282306e-06
31,1,Joseph Baena,0.0,9.999999999999999e-09,0.00011160310613377653,0.00011160310613377653
31,1,Trevor Donovan,0.0,9.999999999999999e-09,1.597605270861499e-05,1.597605270861499e-05
31,1,Cheryl Ladd,0.0,9.999999999999999e-09,1.597605270861499e-05,1.597605270861499e-05
31,2,Charli D'Amelio,0.0,0.2708567657285562,0.5774606493288301,0.5774606493288301
31,2,Gabby Windey,0.0,0.2708567657285562,0.5774606493288301,0.5774606493288301
31,2,Wayne Brady,0.0,0.2708567657285562,0.5774606493288301,0.5774606493288301
31,2,Cheryl Ladd,0.18201207229681396,0.18201819181818188,0.1820243113395498,1.2239042735839867e-05
31,2,Trevor Donovan,0.0,0.005411410996149481,0.04690659799272074,0.04690659799272074
31,2,Jordin Sparks,0.0,1.0000000056752806e-08,0.0020668827197344664,0.0020668827197344664
31,2,Vinny Guadagnino,0.0,1.000000002422674e-08,0.002066882719734434,0.002066882719734434
31,2,Sam Champion,0.0,1.0000000008397389e-08,0.0007610012999635253,0.0007610012999635253
31,2,Joseph Baena,0.0,1.0000000006459378e-08,0.00010386254120391407,0.00010386254120391407
31,2,Jessie James Decker,0.0,1.0000000005795304e-08,0.0002805943730220371,0.0002805943730220371
31,2,Daniel Durant,0.0,1.0000000003410059e-08,0.015265867522458258,0.015265867522458258
31,2,Teresa Giudice,0.0,1.0000000000001598e-08,3.884653367745095e-05,3.884653367745095e-05
31,2,Heidi D'Amelio,0.0,1e-08,0.005616636453219925,0.005616636453219925
31,2,Shangela,0.0,1e-08,0.005616636453219925,0.005616636453219925
31,2,Selma Blair,0.0,1e-08,0.005616636453219925,0.005616636453219925
31,3,Charli D'Amelio,0.0,0.263108577529605,0.5405145636926694,0.5405145636926694
31,3,Gabby Windey,0.0,0.263108577529605,0.5405145636926694,0.5405145636926694
31,3,Wayne Brady,0.0,0.263108577529605,0.5405145636926694,0.5405145636926694
31,3,Vinny Guadagnino,0.10018641710133147,0.10020001000000003,0.1002136028986686,2.7185797337125894e-05
31,3,Heidi D'Amelio,0.0,0.08753250282778328,0.18958509331391943,0.18958509331391943
31,3,Daniel Durant,0.0,0.022941674583401697,0.060485355860394635,0.060485355860394635
31,3,Jordin Sparks,0.0,1.0000000051982316e-08,0.00508185830744975,0.00508185830744975
31,3,Sam Champion,0.0,1.0000000008790412e-08,9.406773780040208e-05,9.406773780040208e-05
31,3,Trevor Donovan,0.0,1.0000000006120564e-08,0.0006886269481369589,0.0006886269481369589
31,3,Shangela,0.0,1.0000000005144782e-08,0.013812189806554031,0.013812189806554031
31,3,Jessie James Decker,0.0,1.0000000004711102e-08,0.00025396933691693423,0.00025396933691693423
31,3,Selma Blair,0.0,1.0000000001024814e-08,0.0018701488343177593,0.0018701488343177593
31,3,Cheryl Ladd,0.0,1.0000000000001598e-08,3.5243226874981964e-05,3.5243226874981964e-05
31,3,Joseph Baena,0.0,1e-08,0.005081858307449698,0.005081858307449698
31,4,Charli D'Amelio,0.0003814095345706092,0.30151803638245384,0.6026546632303371,0.6022732536957665
31,4,Gabby Windey,0.0003814095345706092,0.30151803638245384,0.6026546632303371,0.6022732536957665
31,4,Wayne Brady,0.0003814095345706092,0.30151803638245384,0.6026546632303371,0.6022732536957665
31,4,Heidi D'Amelio,5.075459930749954e-05,0.04080602885476668,0.08156130311022586,0.08151054851091835
31,4,Jordin Sparks,5.075459930749954e-05,0.04080602885476668,0.08156130311022586,0.08151054851091835
31,4,Shangela,6.005319990095952e-06,0.005522495472821238,0.011038985625652382,0.011032980305662285
31,4,Selma Blair,6.005319990095952e-06,0.005522495472821238,0.011038985625652382,0.011032980305662285
31,4,Jessie James Decker,1.5779149068885327e-06,0.0020316125484132973,0.0040616471819197066,0.004060069267012818
31,4,Daniel Durant,0.0,0.00027494885966657015,0.0005505477398550403,0.0005505477398550403
31,4,Vinny Guadagnino,0.0,0.00027494885966657015,0.0005505477398550403,0.0005505477398550403
31,4,Joseph Baena,0.0,0.00010114803284486314,0.000203166513731196,0.000203166513731196
31,4,Trevor Donovan,0.0,0.00010114803284486314,0.000203166513731196,0.000203166513731196
31,4,Sam Champion,0.0,5.0358640265221485e-06,1.1064072908013302e-05,1.1064072908013302e-05
31,5,Charli D'Amelio,0.0,0.38168611562671945,0.8915897018102847,0.8915897018102847
31,5,Vinny Guadagnino,0.3638268586641921,0.36383637363636334,0.36384588860853456,1.902994434244132e-05
31,5,Daniel Durant,0.13645889858408966,0.13656364636363622,0.13666839414318277,0.00020949555909310913
31,5,Gabby Windey,0.0,0.058956897186640184,0.2465405748420197,0.2465405748420197
31,5,Wayne Brady,0.0,0.058956897186640184,0.2465405748420197,0.2465405748420197
31,5,Heidi D'Amelio,0.0,1.0000000254944958e-08,0.025387563714139243,0.025387563714139243
31,5,Jordin Sparks,0.0,1.0000000238681925e-08,0.0007676162662994242,0.0007676162662994242
31,5,Jessie James Decker,0.0,9.999999999999995e-09,0.0012649308802574735,0.0012649308802574735
31,5,Joseph Baena,0.0,9.999999999999995e-09,0.0004659797054103316,0.0004659797054103316
31,5,Trevor Donovan,0.0,9.999999999999995e-09,0.0012649308802574735,0.0012649308802574735
31,5,Shangela,0.0,9.999999999999995e-09,0.01539873267303897,0.01539873267303897
31,5,Selma Blair,0.0,9.999999999999995e-09,0.06900881982760011,0.06900881982760011
31,6,Charli D'Amelio,0.0,0.6664665766666665,1.0,1.0
31,6,Vinny Guadagnino,0.33352674912436564,0.33353334333333345,0.33353993754230127,1.318841793562786e-05
31,6,Heidi D'Amelio,0.0,1.0000000032900356e-08,0.016680891314724527,0.016680891314724527
31,6,Trevor Donovan,0.0,1.000000001945625e-08,0.0022583853654473264,0.0022583853654473264
31,6,Gabby Windey,0.0,1.0000000008614228e-08,0.04534163045792579,0.04534163045792579
31,6,Shangela,0.0,1.0000000001675334e-08,0.016680891314724496,0.016680891314724496
31,6,Jessie James Decker,0.0,9.999999999999999e-09,0.0003065114378201469,0.0003065114378201469
31,6,Jordin Sparks,0.0,9.999999999999999e-09,0.002258385365447307,0.002258385365447307
31,6,Daniel Durant,0.0,9.999999999999999e-09,0.002258385365447307,0.002258385365447307
31,6,Wayne Brady,0.0,9.999999999999999e-09,0.002258385365447307,0.002258385365447307
31,7,Vinny Guadagnino,0.3999859190390668,0.40020001,0.4004141009609332,0.000428181921866444
31,7,Trevor Donovan,0.0,0.2812174959179382,0.666498283252007,0.666498283252007
31,7,Charli D'Amelio,0.0,0.28121749591793815,0.666498283252007,0.666498283252007
31,7,Wayne Brady,0.0,0.0373649481641234,0.17910246022152912,0.17910246022152912
31,7,Heidi D'Amelio,0.0,1.0000000136983765e-08,0.0070576542108919515,0.0070576542108919515
31,7,Shangela,0.0,1.0000000126575424e-08,0.03162669964896309,0.03162669964896309
31,7,Gabby Windey,0.0,1.0000000024226739e-08,0.01163545023301828,0.01163545023301828
31,7,Daniel Durant,0.0,1.0000000001675334e-08,0.03162669964896297,0.03162669964896297
31,7,Jordin Sparks,0.0,9.999999999999999e-09,0.004281080569561596,0.004281080569561596
31,8,Charli D'Amelio,0.0006142131731527445,0.4850770808777216,0.9695399485822904,0.9689257354091376
31,8,Wayne Brady,0.0006142131731527445,0.4850770808777216,0.9695399485822904,0.9689257354091376
31,8,Shangela,2.9630865445377796e-05,0.024150565789342996,0.048271500713240614,0.048241869847795237
31,8,Gabby Windey,3.1465334848490567e-06,0.0032684236614251828,0.0065337007893655165,0.006530554255880667
31,8,Daniel Durant,5.262261249102881e-07,0.0012023858700766156,0.002404245514028321,0.0024037192879034107
31,8,Trevor Donovan,5.262261249102881e-07,0.0012023858700766156,0.002404245514028321,0.0024037192879034107
31,8,Heidi D'Amelio,0.0,2.2022465401239747e-05,4.501573194862144e-05,4.501573194862144e-05
31,8,Vinny Guadagnino,0.0,5.458823404888259e-08,1.1078389585309244e-06,1.1078389585309244e-06
31,9,Charli D'Amelio,0.0006131684951714012,0.4842533820160145,0.9678935955368575,0.9672804270416862
31,9,Gabby Windey,0.0006131684951714012,0.4842533820160145,0.9678935955368575,0.9672804270416862
31,9,Shangela,1.7547511512552502e-05,0.014623185050292064,0.029228822589071578,0.029211275077559024
31,9,Wayne Brady,1.7547511512552502e-05,0.014623185050292064,0.029228822589071578,0.029211275077559024
31,9,Daniel Durant,1.5112293579016417e-06,0.0019790328906026766,0.0039565545518474516,0.00395504332248955
31,9,Trevor Donovan,0.0,0.00026783297678428564,0.0005363249989981311,0.0005363249989981311
31,10,Charli D'Amelio,0.0005575484245056161,0.4403985389889412,0.8802395295533768,0.8796819811288712
31,10,Gabby Windey,0.0005575484245056161,0.4403985389889412,0.8802395295533768,0.8796819811288712
31,10,Shangela,7.45924058658462e-05,0.05960146101105878,0.11912832961625172,0.11905373721038587
31,10,Wayne Brady,7.45924058658462e-05,0.05960146101105878,0.11912832961625172,0.11905373721038587
32,1,Charity Lawson,0.0006611209921595362,0.5453821022210701,1.0,0.9993388790078405
32,1,Jason Mraz,0.00022386239898999905,0.20061614388669646,0.40100842537440295,0.400784562975413
32,1,Ariana Madix,0.00022386239898999905,0.20061614388669646,0.40100842537440295,0.400784562975413
32,1,Lele Pons,3.827436533144352e-06,0.027124837178185666,0.05424584691983819,0.05424201948330505
32,1,Adrian Peterson,0.0,0.00995995083968007,0.019937844066299563,0.019937844066299563
32,1,Xochitl Gomez,0.0,0.00995995083968007,0.019937844066299563,0.019937844066299563
32,1,Mira Sorvino,0.0,0.00364534204569931,0.007316635148831532,0.007316635148831532
32,1,Barry Williams,0.0,0.0013223272913533918,0.0026735518653653676,0.0026735518653653676
32,1,Jamie Lynn Spears,0.0,0.00046773792169160024,0.0009654569817313693,0.0009654569817313693
32,1,Mauricio Umansky,0.0,0.00046773792169160024,0.0009654569817313693,0.0009654569817313693
32,1,Tyson Beckford,0.00017428101933099344,0.00020001000000000009,0.00022573898066900673,5.1457961338013296e-05
32,1,Harry Jowsey,0.0001742810193309934,0.00020001000000000006,0.0002257389806690067,5.1457961338013296e-05
32,1,Alyson Hannigan,0.0,3.769596755518816e-05,0.00010591848560067791,0.00010591848560067791
32,1,Matt Walsh,0.0,1.000000000005242e-08,2.5738980669006694e-05,2.5738980669006694e-05
32,2,Mauricio Umansky,0.33352946405508876,0.33353334333333245,0.33353722261157615,7.758556487380552e-06
32,2,Jason Mraz,0.0,0.20793327833333333,0.6767570251461854,0.6767570251461854
32,2,Xochitl Gomez,0.0,0.20793327833333317,0.6767570251461853,0.6767570251461853
32,2,Harry Jowsey,0.083474487278118,0.08353334333333348,0.08359219938854896,0.00011771211043096197
32,2,Barry Williams,0.08347448727811783,0.08353334333333332,0.0835921993885488,0.00011771211043096197
32,2,Adrian Peterson,0.08347448727811776,0.08353334333333325,0.08359219938854873,0.00011771211043096197
32,2,Jamie Lynn Spears,0.0,1.0000000863805793e-08,0.0001582812428160489,0.0001582812428160489
32,2,Ariana Madix,0.0,1.0000000065860099e-08,0.008587796888401425,0.008587796888401425
32,2,Mira Sorvino,0.0,1.0000000065209578e-08,0.001163104139000279,0.001163104139000279
32,2,Tyson Beckford,0.0,1.0000000038971885e-08,0.0011631041390002528,0.0011631041390002528
32,2,Charity Lawson,0.0,1.000000000167533e-08,0.023342318942848425,0.023342318942848425
32,2,Lele Pons,0.0,1.000000000167533e-08,0.023342318942848425,0.023342318942848425
32,2,Alyson Hannigan,0.0,9.999999999999995e-09,0.003159911560259655,0.003159911560259655
32,3,Jason Mraz,0.0005571833210464838,0.440110665300528,0.8796641472800095,0.879106963958963
32,3,Ariana Madix,0.0005571833210464838,0.440110665300528,0.8796641472800095,0.879106963958963
32,3,Charity Lawson,7.454299448578922e-05,0.05956250154390101,0.11905046009331624,0.11897591709883046
32,3,Xochitl Gomez,7.454299448578922e-05,0.05956250154390101,0.11905046009331624,0.11897591709883046
32,3,Lele Pons,0.0,0.0004013289785357513,0.000803147692647498,0.000803147692647498
32,3,Mira Sorvino,0.0,0.00014764068034963794,0.00029609284320441804,0.00029609284320441804
32,3,Barry Williams,0.0,5.431397098119636e-05,0.00010955778854802804,0.00010955778854802804
32,3,Harry Jowsey,0.0,1.998099329236445e-05,4.093537688215084e-05,4.093537688215084e-05
32,3,Alyson Hannigan,0.0,1.998099329236445e-05,4.093537688215084e-05,4.093537688215084e-05
32,3,Mauricio Umansky,0.0,7.350596646445371e-06,1.569060242667126e-05,1.569060242667126e-05
32,3,Adrian Peterson,0.0,2.7041333865710013e-06,6.403568907490332e-06,6.403568907490332e-06
32,3,Tyson Beckford,0.0,3.659646577811671e-07,1.7301968945673316e-06,1.7301968945673316e-06
32,4,Alyson Hannigan,0.3334337156114491,0.33353334333333345,0.33363297105521783,0.00019925544376875326
32,4,Barry Williams,0.3334337156114478,0.3335333433333322,0.33363297105521655,0.00019925544376875326
32,4,Mauricio Umansky,0.22215313209878484,0.22242223222222207,0.2226913323456593,0.000538200246874454
32,4,Xochitl Gomez,0.0,0.11011101111111074,0.9093109948091032,0.9093109948091032
32,4,Harry Jowsey,0.0,0.00020001000000014575,0.002182024955298242,0.002182024955298242
32,4,Mira Sorvino,0.0,0.00020001000000012927,0.0021820249552982254,0.0021820249552982254
32,4,Charity Lawson,0.0,1.000000068862581e-08,0.0397907832357672,0.0397907832357672
32,4,Lele Pons,0.0,1.00000004440298e-08,0.00538596913414948,0.00538596913414948
32,4,Ariana Madix,0.0,1.000000036943669e-08,0.10816082972454716,0.10816082972454716
32,4,Jason Mraz,0.0,1.0000000001675314e-08,0.039790783235766514,0.039790783235766514
32,4,Adrian Peterson,0.0,9.999999999999979e-09,0.001982024955298096,0.001982024955298096
32,5,Harry Jowsey,0.40018046313869216,0.40020001,0.40021955686130783,3.909372261567956e-05
32,5,Xochitl Gomez,0.0,0.24979996000000002,0.6583507005807053,0.6583507005807053
32,5,Charity Lawson,0.0,0.2497999599999998,0.6583507005807051,0.6583507005807051
32,5,Alyson Hannigan,0.09982646212665258,0.10020001000000003,0.10057355787334749,0.0007470957466949035
32,5,Mira Sorvino,0.0,1.0000000098819845e-08,0.0010137022936081539,0.0010137022936081539
32,5,Mauricio Umansky,0.0,1.000000004157397e-08,0.007483858271514977,0.007483858271514977
32,5,Lele Pons,0.0,9.999999999999995e-09,0.007483858271514935,0.007483858271514935
32,5,Jason Mraz,0.0,9.999999999999995e-09,0.1502980594538639,0.1502980594538639
32,5,Ariana Madix,0.0,9.999999999999995e-09,0.007483858271514935,0.007483858271514935
32,5,Barry Williams,0.0,9.999999999999995e-09,0.007483858271514935,0.007483858271514935
32,6,Xochitl Gomez,0.0,0.4495131739752234,1.0,1.0
32,6,Harry Jowsey,0.3078897544374882,0.3078923176923079,0.30789488094712764,5.1265096394637055e-06
32,6,Alyson Hannigan,0.15403360476550348,0.15404616384615383,0.15405872292680417,2.511816130068567e-05
32,6,Barry Williams,0.07709066390493476,0.07712308692307691,0.07715550994121907,6.484603628431618e-05
32,6,Ariana Madix,0.0,0.011425217563237883,0.2660598465102804,0.2660598465102804
32,6,Jason Mraz,0.0,1.000000000167533e-08,0.03446192319848053,0.03446192319848053
32,6,Charity Lawson,0.0,9.999999999999995e-09,0.01267847068801089,0.01267847068801089
32,6,Lele Pons,0.0,9.999999999999995e-09,0.00466478635167467,0.00466478635167467
32,6,Mauricio Umansky,0.0,9.999999999999995e-09,8.642879846779977e-05,8.642879846779977e-05
32,7,Ariana Madix,0.00036183543531126405,0.2860844161058333,0.5718069967763553,0.5714451613410441
32,7,Xochitl Gomez,0.00036183543531126405,0.2860844161058333,0.5718069967763553,0.5714451613410441
32,7,Lele Pons,0.00021907131497439503,0.1735189696341746,0.3468188679533748,0.3465997966384004
32,7,Charity Lawson,0.00013248049888321678,0.10524457512487234,0.21035666975086148,0.21022418925197828
32,7,Jason Mraz,0.00013248049888321678,0.10524457512487234,0.21035666975086148,0.21022418925197828
32,7,Alyson Hannigan,4.810553304014642e-05,0.03871731548326392,0.07738652543348769,0.07733841990044754
32,7,Barry Williams,3.0319917821318085e-06,0.0031781107881647735,0.006353189584547415,0.006350157592765283
32,7,Harry Jowsey,1.4460256635246901e-06,0.0019276216329854176,0.0038537972403073105,0.0038523512146437858
32,8,Harry Jowsey,0.5001983125907558,0.5002000099999998,0.5002017074092439,3.394818488100526e-06
32,8,Ariana Madix,0.0,0.35674279714285684,1.0,1.0
32,8,Jason Mraz,0.14295246118739494,0.1430571528571431,0.14316184452689126,0.00020938333949632737
32,8,Alyson Hannigan,0.0,1.000000019639804e-08,0.002083737067093637,0.002083737067093637
32,8,Charity Lawson,0.0,1.000000007106427e-08,0.041833725612767374,0.041833725612767374
32,8,Barry Williams,0.0,1.0000000000049027e-08,0.0007672016678512667,0.0007672016678512667
32,8,Xochitl Gomez,0.0,9.999999999999995e-09,0.11371412286453697,0.11371412286453697
32,9,Jason Mraz,0.0011070816313106802,0.8736898353531315,1.0,0.9988929183686893
32,9,Xochitl Gomez,0.0001489636380567344,0.11824106132846555,0.23633315901887436,0.23618419538081764
32,9,Charity Lawson,6.467455033438464e-06,0.005886875804249107,0.011767284153464775,0.011760816698431337
32,9,Ariana Madix,1.7479248883797184e-06,0.002165660581112847,0.0043295732373373145,0.004327825312448935
32,9,Alyson Hannigan,0.0,1.4592106213546994e-05,3.016443732383141e-05,3.016443732383141e-05
32,9,Harry Jowsey,0.0,1.9748268274291185e-06,4.945880751640736e-06,4.945880751640736e-06
32,10,Xochitl Gomez,0.0005732330451370671,0.45276541604432086,0.9049575990435046,0.9043843659983675
32,10,Charity Lawson,0.0003472904467237692,0.2746161064884269,0.54888492253013,0.5485376320834062
32,10,Ariana Madix,0.00021024933345090147,0.16656308823614036,0.3329159271388298,0.33270567780537885
32,10,Jason Mraz,0.00012712969660977347,0.10102561979163978,0.20192410988666978,0.20179698019006
32,10,Alyson Hannigan,5.380407097878986e-06,0.005029769439472198,0.010054158471846517,0.010048778064748638
32,11,Jason Mraz,0.00039005135210828934,0.308331863604343,0.6162736758565777,0.6158836245044694
32,11,Xochitl Gomez,0.00039005135210828934,0.308331863604343,0.6162736758565777,0.6158836245044694
32,11,Charity Lawson,0.0002361851336037113,0.18701272864236787,0.373789272151132,0.3735530870175283
32,11,Ariana Madix,0.0002361851336037113,0.18701272864236787,0.373789272151132,0.3735530870175283
32,11,Alyson Hannigan,1.080995759538371e-05,0.009310815506578357,0.018610821055561333,0.018600011097965947
33,1,Chandler Kinney,0.0007241831395953247,0.5717852701753237,1.0,0.9992758168604047
33,1,Dwight Howard,0.00026578076984498655,0.21034804566216025,0.42043031055447555,0.4201645297846306
33,1,Joey Graziadei,9.714396222956778e-05,0.07738272148970055,0.15466829901717152,0.15457115505494196
33,1,Stephen Nedoroscik,9.714396222956778e-05,0.07738272148970055,0.15466829901717152,0.15457115505494196
33,1,Danny Amendola,3.510594768306799e-05,0.028467512337956396,0.05689991872822972,0.056864812780546656
33,1,Jenn Tran,1.2283437560317925e-05,0.010472612530428537,0.020932941623296758,0.020920658185736442
33,1,Phaedra Parks,1.2283437560317925e-05,0.010472612530428537,0.020932941623296758,0.020920658185736442
33,1,Ilona Maher,3.887505290230825e-06,0.003852658845299095,0.0077014301853079595,0.007697542680017729
33,1,Anna Delvey,3.887505290230825e-06,0.003852658845299095,0.0077014301853079595,0.007697542680017729
33,1,Brooks Nader,3.887505290230825e-06,0.003852658845299095,0.0077014301853079595,0.007697542680017729
33,1,Tori Spelling,7.988144185976532e-07,0.0014173139830328454,0.002833829151647093,0.0028330303372284954
33,1,Reginald VelJohnson,0.0,0.0005214006760425943,0.0010431388035383985,0.0010431388035383985
33,1,Eric Roberts,0.0,0.00019181258932896182,0.0003843806389650762,0.0003843806389650762
33,2,Reginald VelJohnson,0.44456585579792157,0.444644454444444,0.44472305309096644,0.00015719729304486396
33,2,Eric Roberts,0.44456585579792024,0.44464445444444267,0.4447230530909651,0.00015719729304486396
33,2,Chandler Kinney,0.0,0.11051099111111125,0.739310612231962,0.739310612231962
33,2,Jenn Tran,0.0,0.00020001000000050218,0.004437820522479811,0.004437820522479811
33,2,Ilona Maher,0.0,1.000000064005355e-08,0.031307048734230195,0.031307048734230195
33,2,Anna Delvey,0.0,1.0000000552558434e-08,0.0005743988554461344,0.0005743988554461344
33,2,Stephen Nedoroscik,0.0,1.000000028616996e-08,0.08509964839154811,0.08509964839154811
33,2,Brooks Nader,0.0,1.0000000039839227e-08,0.01151785723313623,0.01151785723313623
33,2,Phaedra Parks,0.0,1.000000003636978e-08,0.03130704873422959,0.03130704873422959
33,2,Danny Amendola,0.0,1.000000000167531e-08,0.031307048734229556,0.031307048734229556
33,2,Dwight Howard,0.0,9.999999999999975e-09,0.08509964839154782,0.08509964839154782
33,2,Joey Graziadei,0.0,9.999999999999975e-09,0.08509964839154782,0.08509964839154782
33,2,Tori Spelling,0.0,9.999999999999975e-09,0.004237820522479309,0.004237820522479309
33,3,Joey Graziadei,0.0007616619915594702,0.601336278472233,1.0,0.9992383380084405
33,3,Chandler Kinney,0.00046157837990629114,0.36472888969090334,0.7289962010019004,0.7285346226219942
33,3,Stephen Nedoroscik,1.2969886678856901e-05,0.011013858127192716,0.022014746367706575,0.02200177648102772
33,3,Jenn Tran,1.2969886678856901e-05,0.011013858127192716,0.022014746367706575,0.02200177648102772
33,3,Brooks Nader,7.4736636113906935e-06,0.006680242635867548,0.013353011608123706,0.013345537944512315
33,3,Danny Amendola,4.14003580835251e-06,0.0040517719729732055,0.008099403910138058,0.008095263874329706
33,3,Ilona Maher,0.0,0.0005483477075724978,0.0010969986903090095,0.0010969986903090095
33,3,Phaedra Parks,0.0,0.0005483477075724978,0.0010969986903090095,0.0010969986903090095
33,3,Dwight Howard,0.0,7.421079231647127e-05,0.00014932619654590995,0.00014932619654590995
33,3,Eric Roberts,0.0,3.6947377906935066e-06,8.383521355361985e-06,8.383521355361985e-06
33,3,Reginald VelJohnson,0.0,5.000283853885224e-07,1.9981543198950663e-06,1.9981543198950663e-06
33,4,Dwight Howard,0.42834531956559524,0.4287714385714285,0.4291975575772618,0.0008522380116665618
33,4,Joey Graziadei,0.0,0.28521425071428574,0.7514162383550725,0.7514162383550725
33,4,Danny Amendola,0.0,0.28521425071428563,0.7514162383550724,0.7514162383550724
33,4,Ilona Maher,0.0,0.00020001000000023457,0.00873977769415282,0.00873977769415282
33,4,Phaedra Parks,0.0,0.00020001000000009232,0.008739777694152677,0.008739777694152677
33,4,Jenn Tran,0.0,0.00020000999999987375,0.008739777694152458,0.008739777694152458
33,4,Chandler Kinney,0.0,0.00020000999999976967,0.008739777694152354,0.008739777694152354
33,4,Stephen Nedoroscik,0.0,1.0000000064125376e-08,0.023211789239704794,0.023211789239704794
33,4,Brooks Nader,0.0,9.999999999999995e-09,0.008539777694152585,0.008539777694152585
33,5,Chandler Kinney,0.0005430036899423119,0.42893042966246414,0.857317855634986,0.8567748519450437
33,5,Ilona Maher,0.0001991285751548888,0.15779468676565395,0.315390244956153,0.31519111638099806
33,5,Joey Graziadei,0.0001991285751548888,0.15779468676565395,0.315390244956153,0.31519111638099806
33,5,Jenn Tran,0.00012038461574399861,0.09570731546312043,0.19129424631049685,0.19117386169475287
33,5,Danny Amendola,0.00012038461574399861,0.09570731546312043,0.19129424631049685,0.19117386169475287
33,5,Dwight Howard,9.275222070300945e-05,0.021421855293329024,0.042750958365955036,0.04265820614525202
33,5,Stephen Nedoroscik,9.275222070300945e-05,0.021421855293329024,0.042750958365955036,0.04265820614525202
33,5,Phaedra Parks,0.0,0.021221855293329026,0.042550958365955044,0.042550958365955044
33,6,Chandler Kinney,0.00045641276879843096,0.3606559523220424,0.7208554918752863,0.7203990791064878
33,6,Joey Graziadei,0.00045641276879843096,0.3606559523220424,0.7208554918752863,0.7203990791064878
33,6,Dwight Howard,0.00016727355547394018,0.13267791019538733,0.2651885468353007,0.2650212732798267
33,6,Jenn Tran,0.00016727355547394018,0.13267791019538733,0.2651885468353007,0.2650212732798267
33,6,Stephen Nedoroscik,7.379052143699147e-06,0.0066056441858030595,0.01320390931946242,0.01319653026731872
33,6,Danny Amendola,7.379052143699147e-06,0.0066056441858030595,0.01320390931946242,0.01319653026731872
33,6,Ilona Maher,0.0,0.00012098659353463536,0.00024281847432868522,0.00024281847432868522
33,7,Chandler Kinney,0.001088796196179631,0.8592722900721915,1.0,0.9989112038038204
33,7,Joey Graziadei,8.845708343384329e-05,0.07053336474813023,0.14097827241282662,0.14088981532939276
33,7,Stephen Nedoroscik,5.325896285904991e-05,0.04278064825243522,0.08550803754201139,0.08545477857915235
33,7,Ilona Maher,1.8961558638834475e-05,0.015738120972057908,0.03145728038547698,0.031438318826838146
33,7,Danny Amendola,1.1107796358057406e-05,0.009545652895819516,0.019080197995280976,0.019069090198922917
33,7,Dwight Howard,1.7025998262473925e-06,0.0021299230593655317,0.004258143518904816,0.004256440919078569
33,8,Chandler Kinney,0.0004481155106543233,0.35411380037746965,0.7077794852442849,0.7073313697336305
33,8,Joey Graziadei,0.0004481155106543233,0.35411380037746965,0.7077794852442849,0.7073313697336305
33,8,Ilona Maher,0.0002714028259922785,0.21478087695629444,0.42929035108659663,0.4290189482606044
33,8,Danny Amendola,5.97822714743651e-05,0.047924091472078184,0.095788400672682,0.09572861840120764
33,8,Stephen Nedoroscik,3.5866810244134656e-05,0.02906743081668817,0.0580989948231322,0.05806312801288807
33,9,Chandler Kinney,0.0004922011081454625,0.3888740395247311,0.7772558779413168,0.7767636768331714
33,9,Joey Graziadei,0.00029814209252240764,0.23586402773805185,0.4714299133835813,0.4711317712910589
33,9,Stephen Nedoroscik,0.00029814209252240764,0.23586402773805185,0.4714299133835813,0.4711317712910589
33,9,Ilona Maher,0.00010904902753171297,0.08676952671672009,0.17343000440590844,0.17332095537837672
33,9,Danny Amendola,6.574860829749313e-05,0.0526283782824452,0.10519100795659292,0.10512525934829542
34,1,Whitney Leavitt,0.00044877336736720563,0.35463250167594246,0.7088162299845178,0.7083674566171505
34,1,Robert Irwin,0.00044877336736720563,0.35463250167594246,0.7088162299845178,0.7083674566171505
34,1,Hilaria Baldwin,0.00016446317674453925,0.1304620065377763,0.260759549898808,0.26059508672206344
34,1,Lauren Jauregui,5.987130269893837e-05,0.0479942900592222,0.09592870881574546,0.09586883751304652
34,1,Alix Earle,5.987130269893837e-05,0.0479942900592222,0.09592870881574546,0.09586883751304652
34,1,Elaine Hendrix,2.139410252396251e-05,0.01765611260640677,0.03529083111028958,0.035269437007765615
34,1,Jen Affleck,2.139410252396251e-05,0.01765611260640677,0.03529083111028958,0.035269437007765615
34,1,Danielle Fishel,2.139410252396251e-05,0.01765611260640677,0.03529083111028958,0.035269437007765615
34,1,Baron Davis,2.031808841927458e-06,0.002389495000445588,0.004776958192049249,0.004774926383207322
34,1,Dylan Efron,2.031808841927458e-06,0.002389495000445588,0.004776958192049249,0.004774926383207322
34,1,Jordan Chiles,2.031808841927458e-06,0.002389495000445588,0.004776958192049249,0.004774926383207322
34,1,Scott Hoying,2.031808841927458e-06,0.002389495000445588,0.004776958192049249,0.004774926383207322
34,1,Andy Richter,1.161418462121682e-07,0.0008790460854458783,0.0017579760290455445,0.0017578598871993323
34,1,Corey Feldman,1.161418462121682e-07,0.0008790460854458783,0.0017579760290455445,0.0017578598871993323
34,2,Andy Richter,0.28547872522438966,0.28591429571428567,0.2863498662041817,0.0008711409797920178
34,2,Jordan Chiles,0.0,0.14471736917838296,0.32003712799568507,0.32003712799568507
34,2,Jen Affleck,0.0,0.14471736917838296,0.32003712799568507,0.32003712799568507
34,2,Robert Irwin,0.0,0.14471736917838296,0.32003712799568507,0.32003712799568507
34,2,Whitney Leavitt,0.0,0.14471736917838293,0.32003712799568507,0.32003712799568507
34,2,Hilaria Baldwin,0.0,0.03375404439304563,0.09825121061192191,0.09825121061192191
34,2,Alix Earle,0.0,0.03375404439304561,0.09825121061192188,0.09825121061192188
34,2,Lauren Jauregui,0.0,0.0337540443930456,0.09825121061192188,0.09825121061192188
34,2,Elaine Hendrix,0.0,0.03375404439304558,0.09825121061192185,0.09825121061192185
34,2,Scott Hoying,0.0,0.00020001000000003684,0.003412083831871532,0.003412083831871532
34,2,Baron Davis,0.0,1.0000000133514318e-08,0.0032120838318716286,0.0032120838318716286
34,2,Dylan Efron,0.0,1.0000000001675334e-08,0.02372782278459696,0.02372782278459696
34,2,Corey Feldman,0.0,9.999999999999999e-09,0.00016087874726883051,0.00016087874726883051
34,2,Danielle Fishel,0.0,9.999999999999999e-09,0.008729615826273254,0.008729615826273254
34,3,Jordan Chiles,0.0003888762166545101,0.3074053027379976,0.6144217292593407,0.6140328530426862
34,3,Whitney Leavitt,0.0003888762166545101,0.3074053027379976,0.6144217292593407,0.6140328530426862
34,3,Dylan Efron,0.00014242824641258478,0.11308809098439261,0.22603375372237264,0.22589132547596005
34,3,Alix Earle,0.00014242824641258478,0.11308809098439261,0.22603375372237264,0.22589132547596005
34,3,Hilaria Baldwin,5.1765104842164955e-05,0.04160278371448358,0.083153802324125,0.08310203721928283
34,3,Scott Hoying,5.1765104842164955e-05,0.04160278371448358,0.083153802324125,0.08310203721928283
34,3,Robert Irwin,5.1765104842164955e-05,0.04160278371448358,0.083153802324125,0.08310203721928283
34,3,Elaine Hendrix,1.841199898639477e-05,0.0153048088240606,0.030591205649134805,0.030572793650148408
34,3,Danielle Fishel,1.841199898639477e-05,0.0153048088240606,0.030591205649134805,0.030572793650148408
34,3,Jen Affleck,1.6282250150287912e-06,0.0020712806370864504,0.004140933049157872,0.004139304824142842
34,3,Andy Richter,9.996767165350697e-05,0.0008619815632805925,0.001623995454907678,0.001524027783254171
34,3,Lauren Jauregui,0.0,0.0006619815632805925,0.0014239954549076779,0.0014239954549076779
34,4,Whitney Leavitt,0.00048736826449513604,0.38506347982710964,0.7696395913897242,0.769152223125229
34,4,Elaine Hendrix,0.00017866144593203792,0.14165693777432806,0.2831352141027241,0.28295655265679204
34,4,Jordan Chiles,0.00017866144593203792,0.14165693777432806,0.2831352141027241,0.28295655265679204
34,4,Alix Earle,0.00017866144593203792,0.14165693777432806,0.2831352141027241,0.28295655265679204
34,4,Dylan Efron,6.50945540332376e-05,0.05211267510647759,0.10416025565892194,0.1040951611048887
34,4,Hilaria Baldwin,6.50945540332376e-05,0.05211267510647759,0.10416025565892194,0.1040951611048887
34,4,Jen Affleck,6.50945540332376e-05,0.05211267510647759,0.10416025565892194,0.1040951611048887
34,4,Robert Irwin,2.331562930592626e-05,0.019171181796119905,0.03831904796293388,0.03829573233362796
34,4,Danielle Fishel,7.946021824501402e-06,0.007052683645752718,0.014097421269680936,0.014089475247856434
34,4,Scott Hoying,7.946021824501402e-06,0.007052683645752718,0.014097421269680936,0.014089475247856434
34,4,Andy Richter,0.0,0.00035113244284800657,0.0007028182843630018,0.0007028182843630018
34,5,Dylan Efron,0.0006994554071891868,0.5522881568113149,1.0,0.9993005445928108
34,5,Alix Earle,0.0002566839454659908,0.20317545849335245,0.40609423304123893,0.40583754909577296
34,5,Robert Irwin,0.0002566839454659908,0.20317545849335245,0.40609423304123893,0.40583754909577296
34,5,Whitney Leavitt,3.387482637918354e-05,0.0274968082219265,0.054959741617473815,0.05492586679109463
34,5,Jordan Chiles,1.1830533343032065e-05,0.01011551044268064,0.020219190352018246,0.020207359818675212
34,5,Elaine Hendrix,7.375204980725972e-07,0.001368985470843098,0.002737233421188124,0.0027364959006900514
34,5,Scott Hoying,7.375204980725972e-07,0.001368985470843098,0.002737233421188124,0.0027364959006900514
34,5,Jen Affleck,0.0,0.0005036216099855828,0.0010076032201976053,0.0010076032201976053
34,5,Danielle Fishel,0.0,0.0005036216099855828,0.0010076032201976053,0.0010076032201976053
34,5,Andy Richter,0.0,3.393375715676949e-06,7.781179415793014e-06,7.781179415793014e-06
34,6,Whitney Leavitt,0.0,0.44608271976556335,0.9064298473424068,0.9064298473424068
34,6,Jordan Chiles,0.0,0.4460827197655633,0.9064298473424067,0.9064298473424067
34,6,Andy Richter,0.08352951613723825,0.08353334333333332,0.08353717052942838,7.654392190137305e-06
34,6,Elaine Hendrix,0.0,0.008100392378513298,0.031020675299930207,0.031020675299930207
34,6,Robert Irwin,0.0,0.008100392378513298,0.031020675299930207,0.031020675299930207
34,6,Danielle Fishel,0.0,0.008100392378513297,0.031020675299930203,0.031020675299930203
34,6,Scott Hoying,0.0,1.0000000006440741e-08,8.697295027337875e-06,8.697295027337875e-06
34,6,Jen Affleck,0.0,1.0000000005307411e-08,0.0004207900645301184,0.0004207900645301184
34,6,Alix Earle,0.0,1.0000000003410057e-08,0.008432542191477332,0.008432542191477332
34,6,Dylan Efron,0.0,9.999999999999999e-09,0.00042079006453011307,0.00042079006453011307
34,7,Alix Earle,0.0,0.45812263112734525,1.0,1.0
34,7,Andy Richter,0.35734132102637167,0.3573428671428573,0.3573444132593429,3.092232971235731e-06
34,7,Elaine Hendrix,0.1430451596085672,0.1430571528571431,0.143069146105719,2.398649715179557e-05
34,7,Whitney Leavitt,0.0,0.041477298872654465,0.2836486469862472,0.2836486469862472
34,7,Jen Affleck,0.0,1.0000000025419361e-08,8.224783352714909e-05,8.224783352714909e-05
34,7,Dylan Efron,0.0,9.999999999999999e-09,0.004436513400560321,0.004436513400560321
34,7,Jordan Chiles,0.0,9.999999999999999e-09,0.004436513400560321,0.004436513400560321
34,7,Danielle Fishel,0.0,9.999999999999999e-09,0.00022183950591677526,0.00022183950591677526
34,7,Robert Irwin,0.0,9.999999999999999e-09,0.08909050153061844,0.08909050153061844
34,8,Andy Richter,0.5441087746930934,0.5456545554545451,0.5472003362159968,0.003091561522903463
34,8,Whitney Leavitt,0.0,0.28083542383005705,0.6588321223430584,0.6588321223430584
34,8,Jordan Chiles,0.0,0.13191683524629153,0.361183815134892,0.361183815134892
34,8,Alix Earle,0.0,0.04159314546910601,0.18065099100157425,0.18065099100157425
34,8,Danielle Fishel,0.0,1.0000000275761643e-08,0.031028785228109555,0.031028785228109555
34,8,Dylan Efron,0.0,1.0000000147392106e-08,0.08434324975933792,0.08434324975933792
34,8,Elaine Hendrix,0.0,1.0000000001675334e-08,0.0511571638238443,0.0511571638238443
34,8,Robert Irwin,0.0,9.999999999999999e-09,0.08434324975933777,0.08434324975933777
34,9,Dylan Efron,0.00039687906007346285,0.3137153170495019,0.6270337550389303,0.6266368759788569
34,9,Whitney Leavitt,0.00039687906007346285,0.3137153170495019,0.6270337550389303,0.6266368759788569
34,9,Robert Irwin,0.00039687906007346285,0.3137153170495019,0.6270337550389303,0.6266368759788569
34,9,Alix Earle,5.284817192297009e-05,0.042456751288558095,0.08486065440519322,0.08480780623327025
34,9,Jordan Chiles,1.8810437098832136e-05,0.015618965937989664,0.031219121438880497,0.031200311001781666
34,9,Elaine Hendrix,0.0,0.0007776225249900296,0.0015552575412610078,0.0015552575412610078
34,9,Andy Richter,0.0,7.09099956547374e-07,2.4160323016339283e-06,2.4160323016339283e-06
34,10,Robert Irwin,0.00041022456548162056,0.3242378683117707,0.6480655120580598,0.6476552874925783
34,10,Whitney Leavitt,0.00024842080601955585,0.19666020817095628,0.393071995535893,0.39282357472987345
34,10,Alix Earle,0.00024842080601955585,0.19666020817095628,0.393071995535893,0.39282357472987345
34,10,Elaine Hendrix,0.0001502818650490484,0.11928044580115393,0.2384106097372588,0.23826032787220974
34,10,Jordan Chiles,0.0001502818650490484,0.11928044580115393,0.2384106097372588,0.23826032787220974
34,10,Dylan Efron,5.465428967731806e-05,0.04388082374400902,0.08770699319834072,0.08765233890866339
34,11,Alix Earle,0.000381689874854485,0.3017390767191241,0.6030964635633937,0.6027147736885392
34,11,Jordan Chiles,0.0002731913571408784,0.2161910828735861,0.4321089743900313,0.43183578303289044
34,11,Robert Irwin,0.0002731913571408784,0.2161910828735861,0.4321089743900313,0.43183578303289044
34,11,Dylan Efron,0.00019545395471454174,0.15489735311134578,0.309599252267977,0.3094037983132625
34,11,Elaine Hendrix,0.00013975638516845745,0.11098140442235782,0.2218230524595472,0.22168329607437876
